aw_deep_link,product_name,aw_product_id,merchant_product_id,merchant_image_url,description,merchant_category,search_price,merchant_name,merchant_id,category_name,category_id,aw_image_url,currency,store_price,delivery_cost,merchant_deep_link,language,last_updated,display_price,data_feed_id,brand_name,in_stock,alternate_image,alternate_image_two,alternate_image_four,large_image,alternate_image_three,category,
https://www.awin1.com/pclick.php?p=45271468012&a=2771700&m=99689,Chicco Next2Me Evo & Essential Replacement Mattress,45271468012,87103100000,https://images.shopcdn.co.uk/09/60/0960cbaaa48a45abdbd17ddc5fc9a3c2/512x512/png/fit/0960cbaaa48a45abdbd17ddc5fc9a3c2.jpeg?quality=80&compression=80,"CHICCO NEXT2ME EVO ESSENTIAL REPLACEMENT MATTRESS ORIGINAL OFFICIAL CHICCO ACCESSORY The Chicco Next2Me Replacement Mattress is the original and Official mattress from Chicco. Give your child the most comfortable and best night s sleep possible. PRACTICAL AND EASY TO CLEAN The mattress cover is made of resistant fabric and is completely removable and washable. The padding can also be removed, and hand washed in cold water for easy cleaning. IMPROVED POSTURE SUPPORT The transpirable mattress allows air to easily pass through it, helping reduce sweating and provide enhanced posture support. A comfortable night s sleep guaranteed. LIVE. LOVE IT WITH CHICCO We ve been there and seen it all here at Chicco. For over 60 years we ve made the journey of parenthood smoother. Parents, parents to be and caregivers we listened! Our expertly crafted, innovative tools will help the needs of you and your children. If you feel it s time to change mattresses, then the Official Chicco Next2Me replacement mattress is just what you need. It s compatible with all Chicco Next2Me models (except for Next2Me Forever). Simply remove the wooden panel from your existing Chicco Next2Me mattress and insert into the new replacement mattress. It s a good night s sleep guaranteed. We always recommend you check your crib or cot s mattress doesn't sag and lies flat with no tears or holes. It s also important to keep it clean and dry for your baby s comfort, with frequent mattress changes for each baby to ensure overall safety. If your Next2Me bedside cot needs a new mattress, it s advised to use the Chicco original and official replacement. The official Chicco Next2Me Mattress replacement fits all Chicco Next2Me models (except for Next2Me Forever). Simply remove the wooden panel from your existing Chicco Next2Me mattress and insert into the new replacement mattress. Ensure the Velcro is sealed once changed and place the new mattress back into the crib. The mattress cover is made of resistant fabric and is completely removable and washable. The padding can also be hand washed in cold water for easy cleaning. It s a good night s sleep guaranteed.",2696,54.9,Chicco,99689,,,https://images2.productserve.com/?w=200&h=200&bg=white&trim=5&t=letterbox&url=ssl%3Aimages.shopcdn.co.uk%2F09%2F60%2F0960cbaaa48a45abdbd17ddc5fc9a3c2%2F512x512%2Fpng%2Ffit%2F0960cbaaa48a45abdbd17ddc5fc9a3c2.jpeg%3Fquality%3D80%26compression%3D80&feedId=98835&k=41e185966a5e772cf12feeae4bea1fa47d47b6ef,GBP,,,https://www.chicco.co.uk/mattresses/chicco-next2me-evo-essential-replacement-mattress-none-00087103100000,,,£54.90,98835,Chicco,1,,,,,39678786224,1,0
https://www.awin1.com/pclick.php?p=40991355950&a=2771700&m=99689,Chicco Next2Me Magic Evo Starter Bundle in Dark Grey,40991355950,CHICCOBUNDLE09,https://images.shopcdn.co.uk/e5/b4/e5b4a7168cee50ad93f696b930bc3b9f/512x512/png/fit/e5b4a7168cee50ad93f696b930bc3b9f.jpeg?quality=80&compression=80,"CHICCO NEXT2ME MAGIC EVO STARTER BUNDLE IN DARK GREY BEDSIDE CRIB STARTER BUNDLE, CO SLEEPING STARTER BUNDLE, BEDSIDE CRIB STARTER SET CHICCO NEXT2ME MAGIC EVO STARTER BUNDLE The Next2Me Magic Evo Starter Bundle has everything your little one needs to enjoy the perfect night s sleep all in one convenient, cost saving collection. MAGIC EVO BEDSIDE CRIB The Chicco Next2Me Dream Evo can be used as a standalone crib but also easily attaches to the bed, so your baby sleeps safely and comfortably by your side. It features 11 adjustable heights, complete with 4 tilt options that aid digestion and breathing. HYGIENIC TERRY MATTRESS COVER Made from a breathable, extra absorbent cotton, the Chicco mattress protector provides efficient air circulation to create a comfortably cool and dry night s sleep for your little one. It has highly resistant fabric and is completely removable so can be machine washed for easy cleaning. CRIB 2 PIECE SET (2 SHEETS) This set of fitted sheets are made with 100 woven cotton and offer the unique ability to aid temperature regulation, so your baby has a comfortably cool night s sleep. LIVE IT. LOVE IT WITH CHICCO We ve been there and seen it all here at Chicco. For over 60 years we ve made the journey of parenthood smoother. Parents, parents to be and caregivers we listened! Our expertly crafted, innovative tools will help the needs of you and your children. 3 YEAR GUARANTEE Comes with standard 1 year guarantee. Register for additional 2 years. The Next2Me Magic Evo Starter Bundle has everything your little one needs to enjoy the perfect night s sleep, all in one convenient and cost saving collection. This bundle includes the dark grey Chicco Next2Me Magic Evo, which can be used as a standalone crib but also easily attaches to the bed, so your baby sleeps safely and comfortably by your side. It features 11 adjustable heights, complete with 4 tilt options that aid digestion and breathing. You also get the white hygienic terry mattress cover, which is made from a breathable, extra absorbent cotton, to provide efficient air circulation for a comfortably cool and dry night s sleep for your little one. It has highly resistant fabric and is completely removable so can be machine washed for easy cleaning. The Grey Fox 2 piece set of fitted sheets are made with 100 cotton and offer the unique ability to aid temperature regulation, so your baby has a comfortably cool night s sleep.",6394,243.8,Chicco,99689,,,https://images2.productserve.com/?w=200&h=200&bg=white&trim=5&t=letterbox&url=ssl%3Aimages.shopcdn.co.uk%2Fe5%2Fb4%2Fe5b4a7168cee50ad93f696b930bc3b9f%2F512x512%2Fpng%2Ffit%2Fe5b4a7168cee50ad93f696b930bc3b9f.jpeg%3Fquality%3D80%26compression%3D80&feedId=98835&k=4a35fc394543c0c8b83e30b103d2fb1b364434dc,GBP,,,https://www.chicco.co.uk/sleeping/chicco-next2me-magic-evo-starter-bundle-in-dark-grey-none-chiccobundle09,,,£243.80,98835,Chicco,1,,,,,43674455216,1,0
https://www.awin1.com/pclick.php?p=43674455216&a=2771700&m=99689,Chicco Baby Hug 4-in-1 Armonia,43674455216,7087157610000,https://images.shopcdn.co.uk/54/c6/54c60e13df563f5bb4a93231787c599d/512x512/png/fit/54c60e13df563f5bb4a93231787c599d.jpeg?quality=80&compression=80,"CHICCO BABY HUG 4 IN 1 ARMONIA ALWAYS CLOSE TO YOUR LITTLE ONE IT GROWS WITH YOUR LITTLE ONE From cosy newborn crib to a recliner, practical highchair and toddler first chair, the Chicco Baby Hug 4 in 1 Armonia grows with your little one. Suitable from birth up to 3 years, it s with your family every step of the way. KEEP THEM CLOSE REASSURED A simple foot pedal lets you raise or lower the baby crib recliner highchair to the perfect height, allowing you to maintain reassuring eye contact and keep baby close to you at all times. NAP, RELAX ENJOY This newborn to toddler chair features multiple recline options, helping little ones nap, relax, or enjoy playtime in comfort. Adjusting the angle is also helpful in relieving reflux and nasal congestion. COMFORT PLAY Multiple recline options help your little ones nap, relax, and enjoy playtime comfortably with different angles to ease reflux and nasal congestion. The Montessori inspired toy bar with wooden and soft toys encourages curiosity, while keeping baby entertained. LIVE IT. LOVE IT WITH CHICCO We ve been there and seen it all here at Chicco. For over 60 years we ve made the journey of parenthood smoother. Parents, parents to be and caregivers we listened! Our expertly crafted, innovative tools will help the needs of you and your children. 3 YEAR GUARANTEE Comes with standard 1 year guarantee. Register for additional 2 years. The Chicco Baby Hug 4 in 1 Armonia is an all in one solution for your growing little one. Suitable from birth up to 3 years, it easily transforms from a newborn crib to a recliner, highchair, and toddler first chair. With multiple height adjustments, lockable wheels for added safety, a reclining backrest, and Montessori inspired toy bar with wooden and soft toys, it keeps your baby entertained, comfortable and close throughout the day. It s an essential for any family. The Chicco Baby Hug 4 in 1 Armonia is an all in one solution for your growing little one. Suitable from birth up to 3 years, it s designed to create comfort throughout the day, transforming effortlessly from a secure crib for newborn naps to a soothing recliner for early playtime. When mealtime begins, it then becomes a practical highchair, before transitioning into a first chair for toddlers. A simple foot pedal allows smooth height adjustment, helping you maintain eye contact with your baby whether you re sitting on the sofa or preparing meals. The multi position reclining backrest ensures comfort during naps, feeding, and play, while also helping relieve reflux and nasal congestion. The included Montessori inspired toy bar with wooden and soft toys keeps little ones engaged and stimulated. With four swivelling wheels and secure brakes, this newborn to toddler chair moves with you from room to room, making daily routines easier. The wood effect legs and stylish colours blend beautifully with contemporary interiors, while removable, machine washable fabrics keep things fresh.",6393,199,Chicco,99689,,,https://images2.productserve.com/?w=200&h=200&bg=white&trim=5&t=letterbox&url=ssl%3Aimages.shopcdn.co.uk%2F54%2Fc6%2F54c60e13df563f5bb4a93231787c599d%2F512x512%2Fpng%2Ffit%2F54c60e13df563f5bb4a93231787c599d.jpeg%3Fquality%3D80%26compression%3D80&feedId=98835&k=ece704c911da2d9305ec563ad18d1352069c4434,GBP,,,https://www.chicco.co.uk/cribs/chicco-baby-hug-4-in-1-armonia-none-07087157610000,,,£199.00,98835,Chicco,1,,,,,43809623952,1,1
https://www.awin1.com/pclick.php?p=42623594087&a=2771700&m=99689,Next2Me Cotton Crib Set 2 Pieces - Confetti,42623594087,9101127210990,https://images.shopcdn.co.uk/11/c0/11c0da040a0d4c6456bf41284f9f5336/512x512/png/fit/11c0da040a0d4c6456bf41284f9f5336.jpeg?quality=80&compression=80,"NEXT2ME COTTON CRIB SET 2 PIECES CONFETTI A COMFORTABLE NIGHT S SLEEP GUARANTEED ORIGINAL OFFICIAL CHICCO ACCESSORY These Chicco Next2Me fitted sheets are the only original and official ones from Chicco. Give your child the most comfortable and best night s sleep. FOR A COOLER NIGHT S SLEEP Made with 100 woven cotton, these sheets offer the unique ability to aid temperature regulation to ensure your baby has a comfortably cool night s sleep. PRACTICAL AND EASY TO CLEAN These fitted sheets are machine washable at 40 C, without worries of colours fading. They can also be ironed. ENJOY 2 DIFFERENT LOOKS The set contains two sheets, so you always have one available while the other is being washed. One is cotton and the other confetti for added variety. LIVE. LOVE IT WITH CHICCO We ve been there and seen it all here at Chicco. For over 60 years we ve made the journey of parenthood smoother. Parents, parents to be and caregivers we listened! Our expertly crafted, innovative tools will help the needs of you and your children. It is recommended to frequently wash baby bedding, even when it doesn't have visible stains, as it may contain dust and dirt that can irritate the skin, or leaks that can't be seen with the naked eye. The Chicco Next 2 Me Fitted Sheets are sold in a box of two, so you always have an available one while you wash the other. These Chicco Next2Me fitted sheets are the only original and official ones from Chicco that fit all the Next2Me models. They are machine washable at 40 C without worries of colours fading and can be ironed too. These baby cot sheets are made from 100 cotton, which offers the unique ability to aid temperature regulation, helping keep your little one s sleep surface cool and hygienic. A comfortable night s sleep guaranteed.",2314,24.9,Chicco,99689,,,https://images2.productserve.com/?w=200&h=200&bg=white&trim=5&t=letterbox&url=ssl%3Aimages.shopcdn.co.uk%2F11%2Fc0%2F11c0da040a0d4c6456bf41284f9f5336%2F512x512%2Fpng%2Ffit%2F11c0da040a0d4c6456bf41284f9f5336.jpeg%3Fquality%3D80%26compression%3D80&feedId=98835&k=c961626ab89fa6b1797e01f40800e71ae8f8905b,GBP,,,https://www.chicco.co.uk/crib-sheets/next2me-cotton-crib-set-2-pieces-confetti-none-09101127210990,,,£24.90,98835,Chicco,1,,,,,43880755195,1,0
https://www.awin1.com/pclick.php?p=40189741198&a=2771700&m=99689,Chicco Next2Me Forever Replacement Mattress,40189741198,6087039000930,https://images.shopcdn.co.uk/3c/08/3c08368d97436a35a3bf714d3ea670ad/512x512/png/fit/3c08368d97436a35a3bf714d3ea670ad.jpeg?quality=80&compression=80,"CHICCO NEXT2ME FOREVER REPLACEMENT MATTRESS ORIGINAL OFFICIAL CHICCO ACCESSORY The Chicco Next2Me Forever replacement mattress is the original and official mattress from Chicco. Give your child the most comfortable and best night s sleep possible. PRACTICAL AND EASY TO CLEAN The padding can be removed, and hand washed in cold water for easy cleaning. IMPROVED POSTURE SUPPORT The transpirable mattress allows air to easily pass through it, helping reduce sweating and provide enhanced posture support. A comfortable night s sleep guaranteed. LIVE. LOVE IT WITH CHICCO We ve been there and seen it all here at Chicco. For over 60 years we ve made the journey of parenthood smoother. Parents, parents to be and caregivers we listened! Our expertly crafted, innovative tools will help the needs of you and your children. We always recommend you check your crib or cot s mattress doesn't sag and lies flat with no tears or holes. It s also important to keep it clean and dry for your baby s comfort, with frequent mattress changes for each baby to ensure overall safety. If your Nex2Me Forever bedside cot needs a new mattress, it s advised to use the Chicco original and official replacement. This mattress is only compatible with the Chicco Next2Me Forever cot and perfectly fits the Chicco Next2Me Forever Cot sheets and mattress protectors (sold separately). It allows air to pass through to reduce sweating, so your baby enjoys a comfortably cool night s sleep. The mattress cover is made of resistant fabric and is completely removable and washable. The padding can also be hand washed in cold water for easy cleaning. It s a good night s sleep guaranteed.",2696,89,Chicco,99689,,,https://images2.productserve.com/?w=200&h=200&bg=white&trim=5&t=letterbox&url=ssl%3Aimages.shopcdn.co.uk%2F3c%2F08%2F3c08368d97436a35a3bf714d3ea670ad%2F512x512%2Fpng%2Ffit%2F3c08368d97436a35a3bf714d3ea670ad.jpeg%3Fquality%3D80%26compression%3D80&feedId=98835&k=21b5b479c76acf6945cf059f5d7c8b06a7b4d459,GBP,,,https://www.chicco.co.uk/mattresses/chicco-next2me-forever-replacement-mattress-none-06087039000930,,,£89.00,98835,Chicco,1,,,,,43845390592,1,0
https://www.awin1.com/pclick.php?p=43809623952&a=2771700&m=99689,Chicco Newborn Essentials Bath Bundle,43809623952,CHICCOSKIN001,https://images.shopcdn.co.uk/ab/37/ab37200c482b53ae0eecf38a400cffc6/512x512/png/fit/ab37200c482b53ae0eecf38a400cffc6.png?quality=80&compression=80,"CHICCO NEWBORN ESSENTIALS BATH BUNDLE Created especially for baby s earliest days, the Chicco Newborn Essentials Bath Bundle is a gentle, everyday skincare routine designed to care for your little one s delicate skin from head to toe. Exclusive to the Chicco website, our carefully curated bundle brings together three trusted favourites to make bath time calming, simple and reassuring for you and your baby. WHAT S INCLUDED IN THE BUNDLE? CHICCO SHAMPOO BODY WASH 500ML A gentle 2 in 1 formula that cleanses hair and skin without drying or irritation. Enriched with calendula extract to help soothe delicate skin and vegetable glycerine to support natural hydration, it leaves baby s skin soft and hair silky smooth. The tear free formula is dermatologically and ophthalmologically tested, so suitable for use from their very first bath. CHICCO BABY MOMENTS HEAD TO TOE MICELLAR BATH WASH 500ML This plant based micellar wash gently removes impurities using tiny cleansing micelles, helping lift away dirt, oil and impurities without rubbing or disrupting their skin s natural balance. With 94 natural origin ingredients, including cottonseed oil, Vitamin E and Pro Vitamin B5, this bath wash helps maintain hydration while being kind to even the most sensitive newborn skin. CHICCO BABY MOMENTS BODY LOTION SENSITIVE 500ML Perfect for after bath time, this lightweight lotion provides long lasting moisture while being quickly absorbed and non greasy. Free from dyes and formulated for sensitive skin, it s made using 97 natural origin ingredients keeping baby s skin soft, smooth, and comfortably nourished every day. ENVIRONMENTALLY FRIENDLY All packaging in this Chicco Newborn Essentials Bath Bundle is made from 100 recycled and recyclable plastic. It s not just care for your little one s delicate skin; it s also kind to the planet.",4678,24,Chicco,99689,,,https://images2.productserve.com/?w=200&h=200&bg=white&trim=5&t=letterbox&url=ssl%3Aimages.shopcdn.co.uk%2Fab%2F37%2Fab37200c482b53ae0eecf38a400cffc6%2F512x512%2Fpng%2Ffit%2Fab37200c482b53ae0eecf38a400cffc6.png%3Fquality%3D80%26compression%3D80&feedId=98835&k=30fb5071a84db35545faeb81921838c8241687af,GBP,,,https://www.chicco.co.uk/skincare/chicco-newborn-essentials-bath-bundle-none-chiccoskin001,,,£24.00,98835,Chicco,1,,,,,44684304278,1,1
https://www.awin1.com/pclick.php?p=43880755195&a=2771700&m=99689,Chicco Sensitive Skin Rescue Bundle,43880755195,CHICCOSKIN005,https://images.shopcdn.co.uk/5f/b4/5fb47b36d286194c4cc0a273490bbdbe/512x512/png/fit/5fb47b36d286194c4cc0a273490bbdbe.png?quality=80&compression=80,"CHICCO SENSITIVE SKIN RESCUE BUNDLE Designed for babies with extra delicate or reactive skin, the Chicco Sensitive Skin Rescue Bundle combines calming, gentle formulas to cleanse, hydrate, and comfort from head to toe. Available exclusively to the Chicco website, our essential bundle supports parents with products crafted for sensitive skin needs. WHAT S INCLUDED IN THE BUNDLE? Chicco Sensitive Baby Wipes 72 Pieces These soft and gentle wipes are delicately formulated to help clean your little one s skin without irritation perfect for quick fresh ups during nappy changes or sudden messes arise. The wipes are kind to sensitive skin and provide a soothing touch whenever it s needed. Chicco Baby Moments Body Lotion Sensitive 500ml Perfect for after bath time, this lightweight lotion provides long lasting moisture while being quickly absorbed and non greasy. Free from dyes and formulated for sensitive skin, it s made using 97 natural origin ingredients keeping baby s skin soft, smooth and comfortably nourished every day. Chicco Baby Moments Head to Toe Micellar Bath Wash 500ml A gentle plant based micellar wash that cleanses skin thoroughly while maintaining its natural balance. With up to 94 naturally derived ingredients, cottonseed oil to soothe, Vitamin E to protect and Pro Vitamin B5 to soften, this wash is ideal for sensitive skin providing calming daily care from head to toe.",4678,21,Chicco,99689,,,https://images2.productserve.com/?w=200&h=200&bg=white&trim=5&t=letterbox&url=ssl%3Aimages.shopcdn.co.uk%2F5f%2Fb4%2F5fb47b36d286194c4cc0a273490bbdbe%2F512x512%2Fpng%2Ffit%2F5fb47b36d286194c4cc0a273490bbdbe.png%3Fquality%3D80%26compression%3D80&feedId=98835&k=d3319b96b9f73b1472eb90fa4f42b21dbedde556,GBP,,,https://www.chicco.co.uk/skincare/chicco-sensitive-skin-rescue-bundle-none-chiccoskin005,,,£21.00,98835,Chicco,1,,,,,43093152888,1,1
https://www.awin1.com/pclick.php?p=39678786224&a=2771700&m=99689,Chicco Next2Me Evo & Essential Anti-Allergy Mattress Cover,39678786224,9010956330990,https://images.shopcdn.co.uk/d9/85/d985053fb6e7e2a4d1e7997a981dc748/512x512/png/fit/d985053fb6e7e2a4d1e7997a981dc748.jpeg?quality=80&compression=80,"CHICCO NEXT2ME EVO ESSENTIAL ANTI ALLERGY MATTRESS COVER ORIGINAL OFFICIAL CHICCO ACCESSORY The Chicco Next2Me hygienic terry mattress cover is the original and official mattress cover from Chicco. Give your child the most comfortable and best night s sleep possible. FOR A COOLER NIGHT OF SLEEP Made from a breathable, extra absorbent cotton, this Chicco mattress protector provides efficient air circulation. It creates a comfortably cool and dry night s sleep for your little one. PRACTICAL AND EASY TO CLEAN The mattress cover is made of a highly resistant fabric and is completely removable. It s also machine washable so can be added with your regular laundry load for easy cleaning. ANTI ALLERGY MATTRESS COVER If your child suffers from allergies, this mattress cover is anti allergy. It keeps your mattress fresh for longer and protects it against bacteria, dust mites and other allergens. Ensuring a more comfortable night s sleep. LIVE. LOVE IT WITH CHICCO We ve been there and seen it all here at Chicco. For over 60 years we ve made the journey of parenthood smoother. Parents, parents to be and caregivers we listened! Our expertly crafted, innovative tools will help the needs of you and your children. A mattress protector is a very useful accessory to prevent dirt and moisture from degrading your mattress. The Chicco hygienical terry mattress cover for Next2Me is made from a breathable, extra absorbent cotton, creating a dry and safe sleeping environment for your little one. If your child suffers from allergies, this mattress cover is anti allergy. It keeps your mattress fresh for longer and protects it against bacteria, dust mites and other allergens. Ensuring a more comfortable night s sleep. The mattress cover is made of a highly resistant fabric and is completely removable. It s also machine washable so can be added with your regular laundry load for easy cleaning. Compatible with all the Next2Me models (Next2Me Forever cot excluded). Suitable for beds with these dimensions 50 x 83cm.",4452,19.9,Chicco,99689,,,https://images2.productserve.com/?w=200&h=200&bg=white&trim=5&t=letterbox&url=ssl%3Aimages.shopcdn.co.uk%2Fd9%2F85%2Fd985053fb6e7e2a4d1e7997a981dc748%2F512x512%2Fpng%2Ffit%2Fd985053fb6e7e2a4d1e7997a981dc748.jpeg%3Fquality%3D80%26compression%3D80&feedId=98835&k=b047a736542a30164eff0b4693488e71db6f13d1,GBP,,,https://www.chicco.co.uk/mattress-covers/chicco-terry-mattress-cover-none-09010956330990,,,£19.90,98835,Chicco,1,,,,,43093152893,1,1
https://www.awin1.com/pclick.php?p=40991355953&a=2771700&m=99689,Chicco Next2Me Essential Starter Bundle in Stone,40991355953,CHICCOBUNDLE12,https://images.shopcdn.co.uk/6a/71/6a71bc00ad40ef0f2863d9e71d399945/512x512/png/fit/6a71bc00ad40ef0f2863d9e71d399945.jpeg?quality=80&compression=80,"CHICCO NEXT2ME ESSENTIAL STARTER BUNDLE IN STONE CHICCO NEXT2ME ESSENTIAL STARTER BUNDLE The Next2Me Essential bundle is a complete collection of our sleeping essentials for your little one to enjoy the best night s sleep, all in one convenient, cost saving collection. NEXT2ME ESSENTIAL BEDSIDE CRIB The Chicco Next2Me Essential bedside crib is environmentally friendly, with 62 of the mattresses soft fabric being made of softgood fabric that s recycled polyester. It s simple harness system firmly attaches the crib to your bed, providing a guaranteed safe night s sleep for your little one and peace of mind for you. NIGHT BREEZE MATTRESS TOPPER Packed with dual layer protection, this cot mattress topper features a double layer of mesh and waterproof materials. This improves ventilation to reduce sweating, while keeping the mattress dry and clean. It s also made from a breathable, honeycomb material that provides efficient air circulation. Create a comfortably cool night s sleep for your little one. CRIB 2 PIECE SET (2 SHEETS) This set of fitted sheets are made with 100 cotton and offer the unique ability to aid temperature regulation, so your baby has a comfortably cool night s sleep. LIVE IT. LOVE IT WITH CHICCO We ve been there and seen it all here at Chicco. For over 60 years we ve made the journey of parenthood smoother. Parents, parents to be and caregivers we listened! Our expertly crafted, innovative tools will help the needs of you and your children. 3 YEAR GUARANTEE Comes with standard 1 year guarantee. Register for additional 2 years. The Next2Me Essential Starter Bundle is a complete collection of our sleeping essentials for your little one to enjoy the best night s sleep. The Next2Me Essential bedside crib is environmentally friendly, with 62 of the mattresses soft fabric made of recycled polyester. It s simple harness system firmly attaches the crib to your bed, providing a guaranteed safe night s sleep for your little one and peace of mind for you. The mattress topper features a double layer of mesh and waterproof materials, with a honeycomb material that provides efficient air circulation. The Grey Fox fitted sheets are 100 cotton with temperature regulation to keep baby comfortably cool. The Next2Me Essential Starter Bundle is a complete collection of our sleeping essentials for your little one to enjoy the best night s sleep. The bundle includes the Stone Re Lux Next2Me Essential bedside crib, which is environmentally friendly, with 62 of the crib s soft fabric being made of softgood fabric that s recycled polyester. It s simple harness system firmly attaches the crib to your bed, providing a guaranteed safe night s sleep for your little one and peace of mind for you. The mattress topper has dual layer protection, featuring a double layer of mesh and waterproof materials. This improves ventilation to reduce sweating, while keeping the mattress dry and clean. It s also made from a breathable, honeycomb material that provides efficient air circulation. Create a comfortably cool night s sleep for your little one. Also included in the bundle is a set of Grey Fox Fitted Sheets made with 100 cotton, offering the unique ability to aid temperature regulation, so your baby has a comfortably cool night s sleep.",6394,188.8,Chicco,99689,,,https://images2.productserve.com/?w=200&h=200&bg=white&trim=5&t=letterbox&url=ssl%3Aimages.shopcdn.co.uk%2F6a%2F71%2F6a71bc00ad40ef0f2863d9e71d399945%2F512x512%2Fpng%2Ffit%2F6a71bc00ad40ef0f2863d9e71d399945.jpeg%3Fquality%3D80%26compression%3D80&feedId=98835&k=7935954747afda7c52572d06008a22103c20c23e,GBP,,,https://www.chicco.co.uk/sleeping/chicco-next2me-essential-starter-bundle-in-stone-re-lux-none-chiccobundle12,,,£188.80,98835,Chicco,1,,,,,42403832356,1,0
https://www.awin1.com/pclick.php?p=45321913306&a=2771700&m=99689,Chicco Zen Wave Rocker in Wooden Grey,45321913306,8087091800930,https://images.shopcdn.co.uk/80/b3/80b380d8e87f933b3a2d6d738f4abb23/512x512/png/fit/80b380d8e87f933b3a2d6d738f4abb23.jpeg?quality=80&compression=80,"CHICCO ZEN WAVE ROCKER IN WOODEN GREY NATURAL AUTOMATICALLY ROCKS YOUR BABY The Zen Wave Rocker is powered by the baby. No batteries required, it rocks when your baby waves their arms and legs. This mimics the natural movements of when you hold them, helping to calm your little one. A STYLISH DESIGN FOR ANY HOME Featuring a calming neutral wood effect frame and quilted cotton seat, this baby recliner is designed to blend perfectly within any stylish home interior. ENDLESS ENTERTAINMENT This stylish Chicco baby rocker includes a detachable toy bar with 3 enchanting toys to endlessly soothe and entertain your little one. COMPACT WHEN NOT IN USE When not in use, the Zen Wave can be folded for hassle free storage and travel. With its slim fold, the baby bouncer will easily fit under most furniture giving you more floor space. EASY TO CLEAN SEAT COVER The seat cover is removable, making cleaning it a breeze. It s machine washable but can also be quickly cleaned using warm soapy water, so it s good to go again in no time. LIVE IT. LOVE IT WITH CHICCO We ve been there and seen it all here at Chicco. For 60 years we ve made the journey of parenthood smoother. Parents, parents to be and caregivers we listened! Our expertly crafted, innovative tools will help the needs of you and your children. 3 YEAR GUARANTEE Comes with standard 1 year guarantee. Register for additional 2 years. The Chicco Zen Wave Rocker is an innovative rocker that is powered by your baby. With no batteries or charging required, when your baby waves their arms and legs, they re gently rocked from side to side and up and down. It mimics the natural movements of when you hold them, keeping your little one relaxed. The calming neutral wood effect frame and soft textured quilted fabric seat cover design is inspired by stylish home interiors, blending seamlessly into your home. When not in use this rocker has a quick, slim fold and can be stored away under the sofa or a coffee table, giving you more floor space. It s also great for hassle free travel. The detachable toy bar includes 3 soft, charming toys that will engage baby, giving them visual stimulation while their eyes track the moving toys. Whether it s time for a play or quiet time, the Chicco Baby Zen Wave Rocker is the ideal solution to keep your baby relaxed and happy. It's suitable from birth to 9kg, approx. 6 months.",555,149,Chicco,99689,,,https://images2.productserve.com/?w=200&h=200&bg=white&trim=5&t=letterbox&url=ssl%3Aimages.shopcdn.co.uk%2F80%2Fb3%2F80b380d8e87f933b3a2d6d738f4abb23%2F512x512%2Fpng%2Ffit%2F80b380d8e87f933b3a2d6d738f4abb23.jpeg%3Fquality%3D80%26compression%3D80&feedId=98835&k=5cebb9cddea8039e7a243f87e6ffb329e9cf95ca,GBP,,,https://www.chicco.co.uk/rockers-and-bouncers/zen-wave-rocker-wooden-grey-none-08087091800930,,,£149.00,98835,Chicco,1,,,,,45279659654,1,0
https://www.awin1.com/pclick.php?p=43093152888&a=2771700&m=99689,Chicco Shampoo & Body Wash 500ml,43093152888,10591000000,https://images.shopcdn.co.uk/7f/42/7f4238590979d375155c6f3f96941b60/512x512/png/fit/7f4238590979d375155c6f3f96941b60.jpeg?quality=80&compression=80,"CHICCO SHAMPOO BODY WASH 500ML ESSENTIAL DAILY CARE OF YOUR BABY S DELICATE SKIN PERFECT FOR SENSITIVE SKIN The 500ml Chicco Baby Moments Hair and Body Wash is specially formulated to support your little one s sensitive skin and delicate hair on a daily basis from their first bath and beyond. NATURAL NOURISHING PROTECTION Infused with calendula extract for its calming, soothing properties and vegetable glycerine to help maintain natural moisture, this baby body wash both softens and deeply nourishes your baby s delicate skin. PLANT BASED INGREDIENTS Our baby hair and body shampoo is made from 92 natural origin ingredients, so completely free from dyes. You can safely enjoy a worry free wash with your little one. MADE FROM 100 RECYCLED PLASTIC Not only does it care for your little one s delicate skin, it s also kind to the planet. The bottle s packaging is made from 100 recycled plastic, making it the smarter alternative for the environment. TEAR FREE FOR A CALMER BATHTIME This hair and body wash is both dermatologically and ophthalmologically tested. The tear free formula makes bathtimes calmer even if little suds finds their way into your baby s eyes. BABY MOMENTS BY CHICCO All products in the Chicco Baby Moments range have the latest formulas, which are made using up to 96 natural origin ingredients, with 100 recycled materials. LIVE IT. LOVE IT WITH CHICCO We ve been there and seen it all here at Chicco. For over 60 years we ve made the journey of parenthood smoother. Parents, parents to be and caregivers we listened! Our expertly crafted, innovative tools will help the needs of you and your children. Bathtime is an important moment for you as a parent and your little one. More than just a wash, it s a special moment of care, comfort and connection that helps you create a strong bond. The 500ml Chicco Baby Moments Hair and Body Wash is our all in one solution, right from your baby s very first bath. Specially formulated to support your little one s sensitive skin and delicate hair on a daily basis, this baby hair and body shampoo is made from 92 natural origin ingredients. It both nourishes and cleanses to leave their skin soft and hair silky smooth. Infused with calendula extract known for its calming, soothing properties and vegetable glycerine to help maintain natural moisture, this baby shampoo and baby body wash works in harmony with your baby s sensitive skin. Whether it s bath time bonding or a quick freshen up, this dual purpose formula helps keep your baby's skin protected and balanced. Chicco s shampoo for babies is also completely free from dyes, making it a worry free choice for you. The tear free formula makes bathtimes calmer, even if some little suds find their way into your baby s eyes. It s both dermatologically and ophthalmologically tested, giving you peace of mind from head to toe. With its light fragrance, Chicco Baby Moments Shampoo and Body Wash is a must have if you re looking for a safe, simple, and effective way to care for your little one s skin and hair. The bottle is made from 100 recycled plastic, so a smarter alternative for the environment.",4678,6.5,Chicco,99689,,,https://images2.productserve.com/?w=200&h=200&bg=white&trim=5&t=letterbox&url=ssl%3Aimages.shopcdn.co.uk%2F7f%2F42%2F7f4238590979d375155c6f3f96941b60%2F512x512%2Fpng%2Ffit%2F7f4238590979d375155c6f3f96941b60.jpeg%3Fquality%3D80%26compression%3D80&feedId=98835&k=2f0f7c4703ea804f8748187d03753759567c3dc1,GBP,,,https://www.chicco.co.uk/skincare/chicco-shampoo-body-wash-500ml-none-00010591000000,,,£6.50,98835,Chicco,1,,,,,41002842042,1,1
https://www.awin1.com/pclick.php?p=43093152893&a=2771700&m=99689,Chicco Baby Moments Everyday Nappy Cream 200ml,43093152893,11641000000,https://images.shopcdn.co.uk/ed/7d/ed7ded24a00c54b205236e8d8a1766b2/512x512/png/fit/ed7ded24a00c54b205236e8d8a1766b2.jpeg?quality=80&compression=80,"CHICCO BABY MOMENTS EVERYDAY NAPPY CREAM 200ML ESSENTIAL DAILY CARE OF YOUR BABY S DELICATE SKIN NATURAL, BREATHABLE PROTECTION The 200ml Chicco Baby Moments Everyday Nappy Cream features an all new formula. It uses only natural vitamins and oils to create a light, breathable barrier that protects your baby s bottom from irritation, making it a great baby nappy rash cream. A NEW ZINC OXIDE FREE FORMULA Infused with skin repairing Pro Vitamin B5 and soothing Vitamin E, this cream for baby supports the natural healing process, helping to calm redness and restore comfort to your little one s delicate skin. PERFECT FOR SENSITIVE SKIN Made with 96 natural ingredients and fragrance free, this cream is dermatologically tested for use on babies with sensitive skin. It delivers a high protection barrier while remaining gentle enough for daily application. GREASE FREE FORMULA This nappy cream absorbs quickly, with a light texture that leaves the skin grease free, feeling soft, smooth, and comfortably hydrated. Perfect for every nappy change. MADE FROM 100 RECYCLED PLASTIC Not only does it care for your little one s delicate skin, it s also kind to the planet. The bottle s packaging is made from 100 recyclable plastic, making it the smarter alternative for the environment. BABY MOMENTS BY CHICCO All products in the Chicco Baby Moments range have the latest formulas, which are made using up to 96 natural ingredients, with 100 recyclable materials. LIVE IT. LOVE IT WITH CHICCO We ve been there and seen it all here at Chicco. For over 60 years we ve made the journey of parenthood smoother. Parents, parents to be and caregivers we listened! Our expertly crafted, innovative tools will help the needs of you and your children. The Chicco Baby Moments Everyday Nappy Cream is a gentle, effective way to protect your baby s bottom after every nappy change. Featuring a new formula without zinc oxide, this cream creates a breathable protective layer, guarding against irritation caused by the nappy making it a perfect baby nappy rash cream. Using only natural vitamins and oils, it s enriched with skin repairing Pro Vitamin B5 and soothing Vitamin E to support the natural healing process. The gentle formula is made with 96 natural ingredients, providing a high protection barrier. Designed for everyday use, this cream for baby is fragrance free, which helps prevent irritation and supports your baby s natural skin barrier, so suitable for sensitive skin of newborns. This cream is also dermatologically tested and free from BHT, parabens, and dyes, giving you peace of mind with every use. Its light texture absorbs quickly without leaving a greasy residue, so your little one stays comfortable, clean, and happy throughout the day.",4678,6.5,Chicco,99689,,,https://images2.productserve.com/?w=200&h=200&bg=white&trim=5&t=letterbox&url=ssl%3Aimages.shopcdn.co.uk%2Fed%2F7d%2Fed7ded24a00c54b205236e8d8a1766b2%2F512x512%2Fpng%2Ffit%2Fed7ded24a00c54b205236e8d8a1766b2.jpeg%3Fquality%3D80%26compression%3D80&feedId=98835&k=e8e5ba31606d75eb414e258e52966d43fcbb028a,GBP,,,https://www.chicco.co.uk/skincare/chicco-baby-moments-everyday-nappy-cream-500ml-none-00011641000000,,,£6.50,98835,Chicco,1,,,,,44692771203,1,1
https://www.awin1.com/pclick.php?p=44269156721&a=2771700&m=99689,Chicco Baby Hug 4 in 1 Armonia Everything Bundle,44269156721,CHICCOBUNDLE30,https://images.shopcdn.co.uk/88/cc/88cc6137eba4c10cd7fae367102fc963/512x512/png/fit/88cc6137eba4c10cd7fae367102fc963.jpeg?quality=80&compression=80,"CHICCO BABY HUG 4 IN 1 ARMONIA EVERYTHING BUNDLE CHICCO BABY HUG PRO BUNDLE The Chicco Baby Hug Pro bundle is a complete collection of our sleeping and dining essentials for your little one all in one convenient, cost saving collection. BABY HUG PRO 5 IN 1 COT A solution to simplify your daily childcare routine. Easily turn the Baby Hug 5 in 1 pro into a cosy crib, portable bassinet, recliner, highchair or a first chair in a few simple moves. Easily manage your baby from 0 to 36 months in the space of one square meter. CRIB 2 PIECE SET (2 SHEETS) This set of fitted sheets are made with bamboo cotton and offer the unique ability to aid temperature regulation, so your baby has a comfortably cool night s sleep. MATTRESS FOR BABY HUG PRO When the Baby Hug 4 in 1 is used as a crib, the mattress helps your baby sleep more comfortably. Made from a dense fibre, the padding of this Chicco baby hug mattress provides your baby with the right support needed to help posture and ensure more comfort. Give you and your little one the best night s sleep you deserve. MEAL KIT FOR BABY HUG PRO This Chicco meal kit provides a fuss free mealtime for you and your little one. The tray can be easily attached to the Baby Hug, allowing them to comfortably enjoy their meal alongside you. It s also very easy to clean, requiring a simple wipe down with a sponge. The terry cloth cover protects your Baby Hug from food splashes and spills so cleaning up is less stressful. This cloth can then be cleaned with a simple hand wash. LIVE. LOVE IT WITH CHICCO We ve been there and seen it all here at Chicco. For over 60 years we ve made the journey of parenthood smoother. Parents, parents to be and caregivers we listened! Our expertly crafted, innovative tools will help the needs of you and your children. The Baby Hug Pro bundle is a complete collection of our sleeping and dining essentials for your little one. The Baby Hug Pro 5 in 1 simplifies your daily childcare routine. Turn it into a cosy crib, portable bassinet, recliner, highchair or a first chair in a few simple moves. Easily manage your baby from 0 to 36 months in the space of one square meter. The set of fitted sheets are made with bamboo cotton and offer the unique ability to aid temperature regulation, so your baby has a comfortably cool night s sleep. When the Baby Hug is used as a crib, the mattress provides extra comfort. Made from a dense fibre, the padding of this Chicco baby hug mattress provides your baby with the right support to help posture and ensure a better sleep. Give you and your little one the best night s sleep you deserve. This Chicco meal kit provides a fuss free mealtime for you and your little one, with the tray easily attaching to the Baby Hug, allowing them to comfortably enjoy their meal alongside you. It s also very easy to clean, requiring a simple wipe down with a sponge. The terry cloth cover protects your Baby Hug from food splashes and spills so cleaning up is less stressful. This cloth can then be cleaned with a simple hand wash.",6394,314.8,Chicco,99689,,,https://images2.productserve.com/?w=200&h=200&bg=white&trim=5&t=letterbox&url=ssl%3Aimages.shopcdn.co.uk%2F88%2Fcc%2F88cc6137eba4c10cd7fae367102fc963%2F512x512%2Fpng%2Ffit%2F88cc6137eba4c10cd7fae367102fc963.jpeg%3Fquality%3D80%26compression%3D80&feedId=98835&k=58b2cc7610951af49799fc07f8a269aab3f84845,GBP,,,https://www.chicco.co.uk/sleeping/baby-hug-4-in-1-armonia-style-bundle-none-chiccobundle30,,,£314.80,98835,Chicco,1,,,,,43093152890,1,0
https://www.awin1.com/pclick.php?p=43845390592&a=2771700&m=99689,Chicco Next2Me Evo & Essential Replacement Mattress,43845390592,87103100710,https://images.shopcdn.co.uk/30/4e/304e0209f5ac18697b5067a014fc93cc/512x512/png/fit/304e0209f5ac18697b5067a014fc93cc.jpeg?quality=80&compression=80,"CHICCO NEXT2ME EVO ESSENTIAL REPLACEMENT MATTRESS ORIGINAL OFFICIAL CHICCO ACCESSORY The Chicco Next2Me Replacement Mattress is the original and Official mattress from Chicco. Give your child the most comfortable and best night s sleep possible. PRACTICAL AND EASY TO CLEAN The mattress cover is made of resistant fabric and is completely removable and washable. The padding can also be removed, and hand washed in cold water for easy cleaning. IMPROVED POSTURE SUPPORT The transpirable mattress allows air to easily pass through it, helping reduce sweating and provide enhanced posture support. A comfortable night s sleep guaranteed. LIVE. LOVE IT WITH CHICCO We ve been there and seen it all here at Chicco. For over 60 years we ve made the journey of parenthood smoother. Parents, parents to be and caregivers we listened! Our expertly crafted, innovative tools will help the needs of you and your children. We always recommend you check your crib or cot s mattress doesn't sag and lies flat with no tears or holes. It s also important to keep it clean and dry for your baby s comfort, with frequent mattress changes for each baby to ensure overall safety. If your Next2Me bedside cot needs a new mattress, it s advised to use the Chicco original and official replacement. The official Chicco Next2Me Mattress replacement fits all Chicco Next2Me models (except for Next2Me Forever Dream). Simply remove the wooden panel from your existing Chicco Next2Me mattress and insert into the new replacement mattress. Ensure the Velcro is sealed once changed and place the new mattress back into the crib. The mattress cover is made of resistant fabric and is completely removable and washable. The padding can also be hand washed in cold water for easy cleaning. It s a good night s sleep guaranteed.",2696,44.9,Chicco,99689,,,https://images2.productserve.com/?w=200&h=200&bg=white&trim=5&t=letterbox&url=ssl%3Aimages.shopcdn.co.uk%2F30%2F4e%2F304e0209f5ac18697b5067a014fc93cc%2F512x512%2Fpng%2Ffit%2F304e0209f5ac18697b5067a014fc93cc.jpeg%3Fquality%3D80%26compression%3D80&feedId=98835&k=13b6abea23ddefca0cf49eb49c7c2435a6bf04bb,GBP,,,https://www.chicco.co.uk/mattresses/chicco-next2me-evo-essential-replacement-mattress-white-00087103100710,,,£44.90,98835,Chicco,1,,,,,43880755194,1,1
https://www.awin1.com/pclick.php?p=45360154690&a=2771700&m=99689,Chicco Next2Me Forever Bedside Crib in Almond,45360154690,4079650100000,https://images.shopcdn.co.uk/aa/40/aa404ff8debf9fa7e475bb13368d40de/512x512/png/fit/aa404ff8debf9fa7e475bb13368d40de.jpeg?quality=80&compression=80,"CHICCO NEXT2ME FOREVER BEDSIDE CRIB IN ALMOND QUICK EASY TO USE Quickly get your baby in or out of the crib thanks to the easy to use sliding barrier. It opens and closes by pressing a button, meaning it s easy to operate with one hand while holding your child. CO SLEEP WITH YOUR BABY AS LONG AS YOU WISH The Chicco Next2Me Forever bedside crib features larger dimensions compared to conventional cots. This means your baby can co sleep beyond the standard 6 months. Support them for as long as they need it. 3 IN 1 SLEEPING SOLUTION This versatile bedside cot can be turned into a co sleeping cot, traditional cot and floor bed for toddlers in a few simple moves. Use it from birth, all the way up to 4 years old for an all in one sleep solution. CHICCO PATENTED BARRIER SYSTEM Our patented barrier system ensures the side barrier doesn t stay lowered when the cot isn t fully attached to your bed, so you get maximum safety for your little one. IMPROVED POSTURE SUPPORT The transpirable mattress allows air to easily pass through it, helping reduce sweating and provide enhanced posture support. A comfortable night s sleep guaranteed. ENSURE A SAFE NIGHT S SLEEP The Chicco Next2Me Forever bedside crib has 11 adjustable height levels so fits a wide range of bed types and sizes, including ones with storage compartments, so baby is always safely by your side. IMPROVES YOUR BABY S COMFORT This crib and cot can be tilted up to 10 , with a maximum of 4 positions between one leg and the other, to improve comfort in cases of regurgitation or nasal congestion. REMOVABLE EASY TO CLEAN The crib cover is removable, making cleaning a breeze. It can be quickly cleaned using warm soapy water, so it s good to go again in no time. LIVE. LOVE IT WITH CHICCO We ve been there and seen it all here at Chicco. For over 60 years we ve made the journey of parenthood smoother. Parents, parents to be and caregivers we listened! Our expertly crafted, innovative tools will help the needs of you and your children. 3 YEAR WARRANTY Comes with standard 1 year warranty. Register for additional 2 years. Chicco Next2Me Forever is the ultimate 3 in 1 sleep time solution that keeps baby close to you, providing them with a safe and comfortable night s sleep, right by your side. Suitable from birth up to 4 years, this versatile bedside cot can be turned into a co sleeping cot, traditional cot and Montessori floor bed for toddlers from 18 months. It s a separate bed but can be easily attached to a range of adult beds thanks to 11 adjustable heights, while a tilt of up to 10 and 4 different positions provides additional support in case your baby is suffering from sickness or congestion. Next2Me Forever also features our patented barrier system, which ensures the side barrier doesn t remain lowered when the baby cot is not fully attached to your bed, giving maximum safety for your little one. The transpirable mattress structure correctly supports your child's back, preventing it from sinking, while the mesh windows provide enhanced airflow to keep them comfortably cool for a peaceful night s sleep. The crib is also a great time saver for parents thanks to the sliding barrier, which can be opened using just one hand, making it easy to operate when holding baby in your arms. Includes a removable cover that can be easily cleaned using warm soapy water. Get the best night s sleep you and your baby deserve.",6393,369,Chicco,99689,,,https://images2.productserve.com/?w=200&h=200&bg=white&trim=5&t=letterbox&url=ssl%3Aimages.shopcdn.co.uk%2Faa%2F40%2Faa404ff8debf9fa7e475bb13368d40de%2F512x512%2Fpng%2Ffit%2Faa404ff8debf9fa7e475bb13368d40de.jpeg%3Fquality%3D80%26compression%3D80&feedId=98835&k=af8a21ed486871a6bb0af5f609b61f58ddfd529d,GBP,,,https://www.chicco.co.uk/cribs/chicco-next2me-forever-bedside-crib-in-almond-almond-04079650100000,,,£369.00,98835,Chicco,1,,,,,39678786234,1,0
https://www.awin1.com/pclick.php?p=45590442805&a=2771700&m=99689,Chicco Next2Me Essential Bedside Crib in Dove,45590442805,87042100000,https://images.shopcdn.co.uk/ae/73/ae73b50f4c8ed511118aac99a97a5c5e/512x512/png/fit/ae73b50f4c8ed511118aac99a97a5c5e.jpeg?quality=80&compression=80,"CHICCO NEXT2ME ESSENTIAL BEDSIDE CRIB IN DOVE A COMFORTABLE SLEEP SPACE Includes a simple harness system that firmly attaches the crib to your bed, providing a guaranteed restful night s sleep for your little one and peace of mind for you. TAKE IT WITH YOU, WHEREVER YOU GO Make travelling even easier thanks to the included travel bag. Whether it s a holiday or visiting family, your baby can still sleep in their own space, wherever they are. COMPATIBLE WITH MOST BEDS The Next 2 Me co sleeper crib has 6 adjustable height levels and foldable feet so fits a range of bed types and sizes, including ones with storage compartments, so baby is always safely by your side. IMPROVES YOUR BABY S COMFORT Easily tilt the cot in multiple positions. This provides additional comfort and support in case your baby is suffering from reflux or nasal congestion. COOL AIRFLOW COMFORT Two mesh windows provide enhanced airflow to give extra support by keeping your baby comfortably cool for a peaceful night s sleep. EASY TO MOVE Featuring 2 wheels, this bedside crib can be easily moved around the house without causing strain. The integrated brakes provide extra safety and peace of mind when the cot is stationary. EASY TO CLEAN The mattress cover is removable, making cleaning a breeze. It s machine washable but can also be quickly cleaned using warm soapy water, so it s good to go again in no time. CHICCO With over 60 years of experience in supporting families, Chicco offers thoughtful solutions designed to support families through every stage of growth. Each product is the result of a journey built on listening and dedication: from dialogue with families and the careful observation of children, to the work of the Chicco Research Centre in collaboration with experts and the medical scientific community. Chicco continues to innovate with sensitivity and purpose, keeping the well being and happiness of little ones at the heart of everything it does. 3 YEAR GUARANTEE Comes with standard 1 year guarantee. Register for additional 2 years. Here at Chicco, we know the safest place for your baby to sleep for the first 6 months is in their own space but in the same room as you. The Chicco Next2Me Essential bedside crib is designed to ensure a restful and comfortable night s sleep. It s a separate bed but can be easily attached to a range of adult beds thanks to 6 adjustable heights, so baby is always by your side. It can be used as a co sleeper or as a traditional crib for added versatility. With 2 mesh windows, you get enhanced airflow to keep your baby comfortably cool for a peaceful night s sleep. This Chicco Next 2 Me bedside crib features multiple positions to provide additional support in case your baby is suffering from reflux or congestion. There are 2 swivel wheels that make it easy to move around the house. Includes a removable mattress cover that s machine washable or can be cleaned using warm soapy water. The included travel bag ensures your baby can keep sleeping in their own nest, wherever you go.",6393,129,Chicco,99689,,,https://images2.productserve.com/?w=200&h=200&bg=white&trim=5&t=letterbox&url=ssl%3Aimages.shopcdn.co.uk%2Fae%2F73%2Fae73b50f4c8ed511118aac99a97a5c5e%2F512x512%2Fpng%2Ffit%2Fae73b50f4c8ed511118aac99a97a5c5e.jpeg%3Fquality%3D80%26compression%3D80&feedId=98835&k=4ab6c55894818f2f05551d749c6e20f6d06ed02e,GBP,,,https://www.chicco.co.uk/cribs/chicco-next2me-essential-bedside-crib-in-dove-dove-grey-00087042100000,,,£129.00,98835,Chicco,1,,,,,,Next-to-Me Crib,
https://www.awin1.com/pclick.php?p=44684304278&a=2771700&m=99689,Chicco Next2Me Forever Bedside Crib in Ash Grey,44684304278,8079650610000,https://images.shopcdn.co.uk/4f/7a/4f7a6c10fe53b14f69518b64d37b34c6/512x512/png/fit/4f7a6c10fe53b14f69518b64d37b34c6.jpeg?quality=80&compression=80,"CHICCO NEXT2ME FOREVER BEDSIDE CRIB QUICK EASY TO USE Quickly get your baby in or out of the crib thanks to the easy to use sliding barrier. It opens and closes by pressing a button, meaning it s easy to operate with one hand while holding your child. CO SLEEP WITH YOUR BABY AS LONG AS YOU WISH The Chicco Next2Me Forever bedside crib features larger dimensions compared to conventional cots. This means your baby can co sleep beyond the standard 6 months. Support them for as long as they need it. 3 IN 1 SLEEPING SOLUTION This versatile bedside cot can be turned into a co sleeping cot, traditional cot and floor bed for toddlers in a few simple moves. Use it from birth, all the way up to 4 years old for an all in one sleep solution. CHICCO PATENTED BARRIER SYSTEM Our patented barrier system ensures the side barrier doesn t stay lowered when the cot isn t fully attached to your bed, so you get maximum safety for your little one. IMPROVED POSTURE SUPPORT The transpirable mattress allows air to easily pass through it, helping reduce sweating and provide enhanced posture support. A comfortable night s sleep guaranteed. ENSURE A SAFE NIGHT S SLEEP The Chicco Next2Me Forever bedside crib has 11 adjustable height levels so fits a wide range of bed types and sizes, including ones with storage compartments, so baby is always safely by your side. IMPROVES YOUR BABY S COMFORT This crib and cot can be tilted up to 10 , with a maximum of 4 positions between one leg and the other, to improve comfort in cases of regurgitation or nasal congestion. REMOVABLE EASY TO CLEAN The crib cover is removable, making cleaning a breeze. It can be quickly cleaned using warm soapy water, so it s good to go again in no time. LIVE. LOVE IT WITH CHICCO We ve been there and seen it all here at Chicco. For over 60 years we ve made the journey of parenthood smoother. Parents, parents to be and caregivers we listened! Our expertly crafted, innovative tools will help the needs of you and your children. 3 YEAR WARRANTY Comes with standard 1 year warranty. Register for additional 2 years. Chicco Next2Me Forever is the ultimate 3 in 1 sleep time solution that keeps baby close to you, providing them with a safe and comfortable night s sleep, right by your side. Suitable from birth up to 4 years, this versatile bedside cot can be turned into a co sleeping cot, traditional cot and Montessori floor bed for toddlers from 18 months. It s a separate bed but can be easily attached to a range of adult beds thanks to 11 adjustable heights, while a tilt of up to 10 and 4 different positions provides additional support in case your baby is suffering from sickness or congestion. Next2Me Forever also features our patented barrier system, which ensures the side barrier doesn t remain lowered when the baby cot is not fully attached to your bed, giving maximum safety for your little one. The transpirable mattress structure correctly supports your child's back, preventing it from sinking, while the mesh windows provide enhanced airflow to keep them comfortably cool for a peaceful night s sleep. The crib is also a great time saver for parents thanks to the sliding barrier, which can be opened using just one hand, making it easy to operate when holding baby in your arms. Includes a removable cover that can be easily cleaned using warm soapy water. Get the best night s sleep you and your baby deserve.",6393,369,Chicco,99689,,,https://images2.productserve.com/?w=200&h=200&bg=white&trim=5&t=letterbox&url=ssl%3Aimages.shopcdn.co.uk%2F4f%2F7a%2F4f7a6c10fe53b14f69518b64d37b34c6%2F512x512%2Fpng%2Ffit%2F4f7a6c10fe53b14f69518b64d37b34c6.jpeg%3Fquality%3D80%26compression%3D80&feedId=98835&k=a38681951ceb3fd82fce905e931481598249c0fa,GBP,,,https://www.chicco.co.uk/cribs/next2me-forever-ash-grey-crib-ash-grey-08079650610000,,,£369.00,98835,Chicco,1,,,,,43093152891,1,1
https://www.awin1.com/pclick.php?p=45528179381&a=2771700&m=99689,Chicco Next2Me Essential Basic Bundle,45528179381,CHICCOBUNDLE15,https://images.shopcdn.co.uk/a4/34/a434faebd430cd6eb3a32f090f39a552/512x512/png/fit/a434faebd430cd6eb3a32f090f39a552.jpeg?quality=80&compression=80,"CHICCO NEXT2ME ESSENTIAL BASIC BUNDLE CLICK OR TAP HERE TO ENTER TEXT. CHICCO NEXT2ME ESSENTIAL BASIC BUNDLE The Next2Me Essential Basic Bundle is a complete set of our sleeping essentials for your little one to enjoy the best night s sleep, all in one convenient, cost saving collection. NEXT2ME ESSENTIAL BEDSIDE CRIB The Chicco Next2Me Essential bedside crib is environmentally friendly, with 62 of the mattresses soft fabric being made of softgood fabric that s recycled polyester. It s simple harness system firmly attaches the crib to your bed, providing a guaranteed safe night s sleep for your little one and peace of mind for you. CRIB 2 PIECE SET (2 SHEETS) This set of fitted sheets are made with 100 cotton and offer the unique ability to aid temperature regulation, so your baby has a comfortably cool night s sleep. LIVE IT. LOVE IT WITH CHICCO We ve been there and seen it all here at Chicco. For over 60 years we ve made the journey of parenthood smoother. Parents, parents to be and caregivers we listened! Our expertly crafted, innovative tools will help the needs of you and your children. 3 YEAR GUARANTEE Comes with standard 1 year guarantee. Register for additional 2 years. The Next2Me Essential Basic Bundle is a complete collection of our sleeping essentials for your little one to enjoy the best night s sleep. The bundle includes the Dune Re Lux Next2Me Essential bedside crib, which is environmentally friendly, with 62 of the crib s soft fabric being made of softgood fabric that s recycled polyester. It s simple harness system firmly attaches the crib to your bed, providing a guaranteed safe night s sleep for your little one and peace of mind for you. Also included in the bundle is a set of Air Fitted Sheets made with 100 cotton, offering the unique ability to aid temperature regulation, so your baby has a comfortably cool night s sleep.",6393,153.9,Chicco,99689,,,https://images2.productserve.com/?w=200&h=200&bg=white&trim=5&t=letterbox&url=ssl%3Aimages.shopcdn.co.uk%2Fa4%2F34%2Fa434faebd430cd6eb3a32f090f39a552%2F512x512%2Fpng%2Ffit%2Fa434faebd430cd6eb3a32f090f39a552.jpeg%3Fquality%3D80%26compression%3D80&feedId=98835&k=8b0e886d844fbdb554ae0f6b1f6e3b7fb4a04f9b,GBP,,,https://www.chicco.co.uk/cribs/08087042670930-dune-chiccobundle15,,,£153.90,98835,Chicco,1,,,,,,Next-to-Me Crib,
https://www.awin1.com/pclick.php?p=44684304279&a=2771700&m=99689,Chicco Next2Me Magic Evo Bedside Crib in Taupe,44684304279,5087041250000,https://images.shopcdn.co.uk/13/3b/133b0da8725a8cce1b3a0c606ffd3125/512x512/png/fit/133b0da8725a8cce1b3a0c606ffd3125.webp?quality=80&compression=80,"CHICCO NEXT2ME MAGIC EVO BEDSIDE CRIB IN TAUPE QUICK EASY TO USE Quickly get your baby in or out of the crib thanks to the easy to use sliding barrier. It opens and closes by pressing a button, meaning it s easy to operate with one hand while holding your child. ROCK YOUR BABY TO SLEEP This Next2Me bedside crib can also be used as a stand alone crib. It comes with a rocking mode, where with just one button press, your baby rocks from side to side as they drift comfortably off to sleep. A COMFORTABLY COOL NIGHT S SLEEP Includes a 3D mesh mattress and 2 mesh windows, which provide enhanced airflow to give extra support by keeping your baby comfortably cool for a peaceful night s sleep. ADVANCED SLEEP SUPPORT Tilt the cot up to 10 and choose from 4 different positions. This improves comfort and support in case your baby is suffering from sickness or nasal congestion. ENSURE A SAFE NIGHT S SLEEP The Chicco Next2Me Magic Evo bedside crib has 11 adjustable height levels so fits a wide range of bed types and sizes, including ones with storage compartments, so baby is always safely by your side. TAKE IT WITH YOU, WHEREVER YOU GO Make travelling even easier thanks to the included travel bag. Whether it s a holiday or visiting family, your baby can still sleep in their own space, wherever they are. EASY TO MOVE Featuring 4 wheels, this swinging crib can be easily moved around the house without causing strain. The integrated brakes provide extra safety and peace of mind when the cot is stationary. REMOVABLE EASY TO CLEAN The crib cover is removable, making cleaning a breeze. It can be quickly cleaned using warm soapy water, so it s good to go again in no time. LIVE. LOVE IT WITH CHICCO We ve been there and seen it all here at Chicco. For over 60 years we ve made the journey of parenthood smoother. Parents, parents to be and caregivers we listened! Our expertly crafted, innovative tools will help the needs of you and your children. 3 YEAR GUARANTEE Comes with standard 1 year guarantee. Register for additional 2 years. Here at Chicco, we know the safest place for your baby to sleep for the first 6 months is in their own space but in the same room as you. The Chicco Next2Me Magic Evo is the new bedside crib designed to ensure a restful and comfortable night s sleep. It s a separate bed but can be easily attached to a range of adult beds thanks to 11 adjustable heights, so baby is always by your side. What makes this stand out from conventional cots is the unique rocking mode, which can be activated using a simple gesture. It gently rocks them from side to side, so they drift blissfully off to sleep. With a 3D mesh mattress and 2 mesh windows, you get enhanced airflow to keep your baby comfortably cool for a peaceful night s sleep. The crib is also a great time saver for parents thanks to the sliding barrier, which can be opened using just one hand, making it easy to operate when holding baby in your arms. This Chicco Next 2 Me bedside crib features a tilt of up to 10 and 4 different positions to provide additional support in case your baby is suffering from sickness or congestion. There are 4 swivel wheels that make it easy to move around the house. Includes a removable cover that s machine washable or can be cleaned using warm soapy water. The included travel bag ensures your baby can keep sleeping in their own nest, wherever you go.",6393,199,Chicco,99689,,,https://images2.productserve.com/?w=200&h=200&bg=white&trim=5&t=letterbox&url=ssl%3Aimages.shopcdn.co.uk%2F13%2F3b%2F133b0da8725a8cce1b3a0c606ffd3125%2F512x512%2Fpng%2Ffit%2F133b0da8725a8cce1b3a0c606ffd3125.webp%3Fquality%3D80%26compression%3D80&feedId=98835&k=cc93a553e790857c7ed288928224f8e51ca19253,GBP,,,https://www.chicco.co.uk/cribs/chicco-next2me-magic-evo-bedside-crib-in-taupe-taupe-05087041250000,,,£199.00,98835,Chicco,1,,,,,39678786226,1,0
https://www.awin1.com/pclick.php?p=43139690521&a=2771700&m=99689,Chicco Night Breeze Dual Layer Top Mattress Cover for Next2Me Forever,43139690521,6079878000710,https://images.shopcdn.co.uk/30/03/3003b693fec303a8cc0bb2225d747aaa/512x512/png/fit/3003b693fec303a8cc0bb2225d747aaa.jpeg?quality=80&compression=80,"CHICCO NIGHT BREEZE DUAL LAYER TOP MATTRESS COVER FOR NEXT2ME FOREVER ORIGINAL OFFICIAL CHICCO ACCESSORY The Chicco Night Breeze Dual Layer Top Mattress Cover for Next2Me Forever is the original and official mattress cover from Chicco. Give your child the most comfortable and best night s sleep possible. DRYNESS COMFORT FOR BABY Packed with dual layer protection, this cot mattress cover features a double layer of mesh and waterproof materials. This improves ventilation to reduce sweating, while keeping the mattress dry and clean. FOR A COOLER NIGHT OF SLEEP Made from a breathable, honeycomb material, this Chicco mattress protector provides efficient air circulation. It creates a comfortably cool night s sleep for your little one. EASY TO CLEAN MATERIAL The Next2Me night breeze mattress protector is fully machine washable, so can be included with your regular laundry load. It s easy to clean and keeps the mattress well maintained for long lasting use. LIVE. LOVE IT WITH CHICCO We ve been there and seen it all here at Chicco. For over 60 years we ve made the journey of parenthood smoother. Parents, parents to be and caregivers we listened! Our expertly crafted, innovative tools will help the needs of you and your children. 3 YEAR GUARANTEE Comes with standard 1 year guarantee. Register for additional 2 years. A mattress protector is a very useful accessory to prevent dirt and moisture from degrading your mattress. This Chicco Night Breeze dual layer top mattress cover for Next2Me Forever is the only original and official one from us and perfectly fits the Chicco Next2Me Forever cot mattress (Next2Me Forever cot sold separately). Packed with a dual layer of protection, this cover has been designed to give your baby the best night s sleep possible. The upper layer is made from a honeycomb structure that improves ventilation to keep them comfortably cool, while the bottom layer is made from a special water repellent membrane that retains liquids, keeping the mattress dry and clean. It s also machine washable so can be added with your regular laundry load for easy cleaning. Suitable for beds with these dimensions 58 x 110cm.",4452,39.9,Chicco,99689,,,https://images2.productserve.com/?w=200&h=200&bg=white&trim=5&t=letterbox&url=ssl%3Aimages.shopcdn.co.uk%2F30%2F03%2F3003b693fec303a8cc0bb2225d747aaa%2F512x512%2Fpng%2Ffit%2F3003b693fec303a8cc0bb2225d747aaa.jpeg%3Fquality%3D80%26compression%3D80&feedId=98835&k=b403a9daa3ba33f62e014170e66b4933d32fed5e,GBP,,,https://www.chicco.co.uk/mattress-covers/chicco-night-breeze-dual-layer-top-mattress-cover-for-next2me-forever-white-06079878000710,,,£39.90,98835,Chicco,1,,,,,40830254358,1,0
https://www.awin1.com/pclick.php?p=43093152890&a=2771700&m=99689,Chicco Baby Moments Head to Toe Micellar Bath Wash 500ml,43093152890,10241000000,https://images.shopcdn.co.uk/a9/dd/a9dd44e95d206e1fd0211a9427a85e5e/512x512/png/fit/a9dd44e95d206e1fd0211a9427a85e5e.jpeg?quality=80&compression=80,"CHICCO BABY MOMENTS HEAD TO TOE MICELLAR BATH WASH ESSENTIAL DAILY CARE OF YOUR BABY S SENSITIVE SKIN PERFECT FOR SENSITIVE SKIN The 200ml Chicco Baby Moments Head to Toe Micellar Bath Wash has been dermatologically and ophthalmologically tested for safe use on sensitive skin, making it a great baby wash for eczema prone skin. NOURISHES PROTECTS Enriched with nothing but the most natural ingredients, this baby bath wash protects your little one s skin by soothing it and locking in moisture. This helps maintain softness and prevent dryness, keeping your baby comfortable from morning to night. PLANT BASED INGREDIENTS Using 94 natural ingredients, this baby wash is free from BHT, parabens and dyes. The cottonseed oil soothes and moisturises; Vitamin E calms and protects, while Pro Vitamin B5 softens to reduce dryness or irritation. MAINTAIN THE SKIN S NATURAL BALANCE Micelles attracts and lifts away dirt, oil, and impurities from your baby s skin without harsh rubbing. This makes micellar baths perfect for sensitive or delicate skin, as they cleanse thoroughly while maintaining the skin s natural balance. MADE FROM 100 RECYCLED PLASTIC Not only does it care for your little one s delicate skin, it s also kind to the planet. The bottle s packaging is made from 100 recyclable plastic, making it the smarter alternative for the environment. BABY MOMENTS BY CHICCO All products in the Chicco Baby Moments range have the latest formulas, which are made using up to 96 natural ingredients, with 100 recyclable materials. LIVE IT. LOVE IT WITH CHICCO We ve been there and seen it all here at Chicco. For over 60 years we ve made the journey of parenthood smoother. Parents, parents to be and caregivers we listened! Our expertly crafted, innovative tools will help the needs of you and your children. The Chicco Baby Moments Head to Toe Micellar Bath Wash provides all the essential nutrients to keep your baby s skin soft, fresh, and happy from head to toe. This baby wash is made with 94 natural ingredients, which is specially formulated to lock in moisture and keep your little one s skin feeling soft, smooth, and hydrated throughout the day. Enriched with cottonseed oil, Vitamin E, and Pro Vitamin B5, it soothes, protects, and softens perfect for daily use on even the most sensitive skin. It also includes micelles, which works like little magnets attracting and lifting away dirt, oil, and impurities from your baby s skin without harsh rubbing. This makes micellar baths perfect for sensitive or delicate skin, as they cleanse thoroughly while maintaining the skin s natural balance. Our baby bath wash is dermatologically and ophthalmologically tested and free from BHT, parabens, and dyes, making it a safe baby wash for eczema prone skin. The bottle is made from 100 recycled plastic, so a smarter alternative for the environment.",4678,7.5,Chicco,99689,,,https://images2.productserve.com/?w=200&h=200&bg=white&trim=5&t=letterbox&url=ssl%3Aimages.shopcdn.co.uk%2Fa9%2Fdd%2Fa9dd44e95d206e1fd0211a9427a85e5e%2F512x512%2Fpng%2Ffit%2Fa9dd44e95d206e1fd0211a9427a85e5e.jpeg%3Fquality%3D80%26compression%3D80&feedId=98835&k=9304181801da7e3bf81d9c7422f83eafd64b6683,GBP,,,https://www.chicco.co.uk/skincare/chicco-baby-moments-head-to-toe-micellar-bath-wash-none-00010241000000,,,£7.50,98835,Chicco,1,,,,,39678786228,1,1
https://www.awin1.com/pclick.php?p=43918246720&a=2771700&m=99689,Chicco Baby Hug Crib Bamboo Sheets (Pack of Two),43918246720,9101124350990,https://images.shopcdn.co.uk/d6/da/d6da93c6b853682a36712ad206cb449a/512x512/png/fit/d6da93c6b853682a36712ad206cb449a.jpeg?quality=80&compression=80,"CHICCO BABY HUG CRIB BAMBOO SHEETS (PACK OF TWO) GENTLE COMFORT, DAY AND NIGHT HYPOALLERGENIC COMFORT These Chicco Baby Hug Crib bamboo sheets are naturally hypoallergenic, making them perfect for your little one s delicate skin and suitable for newborns prone to irritation. THERMOREGULATING BAMBOO Breathable bamboo fibres absorb the moisture to help better regulate your baby's body temperature, giving them a more comfortably cool and dry sleep. ULTRA SOFT TEXTURE Naturally silky soft bamboo fabric keeps these newborn crib sheets feeling smooth even after repeated machine washes, ensuring long lasting comfort. SNUG SECURE FIT Designed to snugly fit standard crib mattresses (132cm x 71cm x 23cm), complete with elasticated edges that stay in place without bunching for hassle free bedtimes. GENTLE ON PLANET Sustainably made crib sheets, so free from harsh chemicals and dyes providing your little one with a cleaner choice for your baby and the environment. LIVE IT. LOVE IT WITH CHICCO We ve been there and seen it all here at Chicco. For over 60 years we ve made the journey of parenthood smoother. Parents, parents to be and caregivers we listened! Our expertly crafted, innovative tools will help the needs of you and your children. Crafted from naturally breathable bamboo, the pack of 2 Chicco Baby Hug Crib Sheets deliver softness and safety for your baby s delicate skin. They are hypoallergenic and thermoregulating to help ensure your little one enjoys a comfortable night s sleep, no matter what the season. Perfect for newborns, they re machine washable, chemical free and designed to fit snugly on standard crib mattresses. Compatible with Chicco Baby Hug Crib. Give your baby the best, most comfortable night s sleep with the pack of 2 Chicco Baby Hug Crib Bamboo Crib Sheets thoughtfully designed for comfort, breathability, and safety. Made from 100 natural bamboo viscose, these crib sheets are naturally hypoallergenic, so perfect sheets for sensitive skin or if your little one is a newborn. Their breathable structure and moisture absorbing properties help regulate their body temperature, ensuring baby stays comfortably cool and dry all night long. Whether it s their first sleep or hundredth nap, these newborn crib mattress sheets offer a secure fit on all standard crib sizes (132cm x 71cm x 23cm) thanks to deep pockets and elasticated edges. They re made without harsh chemicals, so not only safe for your little one but also a responsible choice for the planet. Soft to the touch and designed to last through countless washes, these breathable crib sheets combine style, safety, and sustainability making every bedtime a moment of peace and connection. Compatible with Chicco Baby Hug Crib.",2314,26.9,Chicco,99689,,,https://images2.productserve.com/?w=200&h=200&bg=white&trim=5&t=letterbox&url=ssl%3Aimages.shopcdn.co.uk%2Fd6%2Fda%2Fd6da93c6b853682a36712ad206cb449a%2F512x512%2Fpng%2Ffit%2Fd6da93c6b853682a36712ad206cb449a.jpeg%3Fquality%3D80%26compression%3D80&feedId=98835&k=7f51c86eca504058600376be879be161014faa67,GBP,,,https://www.chicco.co.uk/crib-sheets/chicco-baby-hug-crib-bamboo-sheets-pack-of-two-none-09101124350990,,,£26.90,98835,Chicco,1,,,,,39678786235,1,0
https://www.awin1.com/pclick.php?p=43880755194&a=2771700&m=99689,Chicco Everyday Care & Nappy-Time Bundle,43880755194,CHICCOSKIN003,https://images.shopcdn.co.uk/52/a9/52a947cda5e5996dd29b086d46d70680/512x512/png/fit/52a947cda5e5996dd29b086d46d70680.png?quality=80&compression=80,"CHICCO EVERYDAY CARE NAPPY TIME BUNDLE Created for everyday moments that matter, the Chicco Everyday Care Nappy Time Bundle brings together gentle, essential products every parent needs to keep baby comfortable throughout the day. Exclusive to the Chicco website, our bundle combines cleansing, soothing and protective care in one thoughtful collection. WHAT S INCLUDED IN THE BUNDLE? Chicco Sensitive Baby Wipes 72 Pieces These soft and gentle wipes are delicately formulated to help clean your little one s skin without irritation perfect for quick fresh ups during nappy changes or sudden messes arise. The wipes are kind to sensitive skin and provide a soothing touch whenever it s needed. Chicco Baby Moments Everyday Nappy Cream 200ml A daily nappy cream that creates a light, breathable protective barrier to prevent irritation and redness. Infused with only natural vitamins and oils skin repairing Pro Vitamin B5 and soothing Vitamin E this fragrance free formula supports natural healing, while keeping the skin soft and comfortably protected through every change. Dermatologically tested and suitable for sensitive skin. Chicco Baby Moments Massage Oil 200ml A gentle, nurturing oil that helps maintain skin s natural moisture and softness. It leaves their skin feeling silky without heaviness, while also helping relax your baby, ease wind or colic, and promote better sleep. Make massage an everyday moment of calm connection.",4678,15.5,Chicco,99689,,,https://images2.productserve.com/?w=200&h=200&bg=white&trim=5&t=letterbox&url=ssl%3Aimages.shopcdn.co.uk%2F52%2Fa9%2F52a947cda5e5996dd29b086d46d70680%2F512x512%2Fpng%2Ffit%2F52a947cda5e5996dd29b086d46d70680.png%3Fquality%3D80%26compression%3D80&feedId=98835&k=0f8f64015f736d1f5ab1ea39a1dd81000d3f4332,GBP,,,https://www.chicco.co.uk/skincare/chicco-everyday-care-nappy-time-bundle-none-chiccoskin003,,,£15.50,98835,Chicco,1,,,,,43865331372,1,1
https://www.awin1.com/pclick.php?p=41002842042&a=2771700&m=99689,Chicco Next2Me Crib Bedding Bundle 2 x 2 Piece Set,41002842042,CHICCOBUNDLE21,https://images.shopcdn.co.uk/76/31/76313dc9b275a9a80a7a4ea45a6423b2/512x512/png/fit/76313dc9b275a9a80a7a4ea45a6423b2.jpeg?quality=80&compression=80,"CHICCO NEXT2ME CRIB BEDDING BUNDLE 2 X 2 PIECE SET ORIGINAL OFFICIAL CHICCO ACCESSORY These Chicco Next2Me fitted sheets are the only original and official ones from Chicco. Give your child the best and most comfortable night s sleep possible. ESSENTIAL CRIB BEDDING BUNDLE The Chicco Next2Me 4 piece crib bedding bundle includes 2 packs of crib sheets for Chicco Next2Me co sleeping cribs. FOR A COOLER NIGHT S SLEEP Made with 100 woven cotton, these sheets offer the unique ability to aid temperature regulation to ensure your baby has a comfortably cool night s sleep. PRACTICAL AND EASY TO CLEAN These fitted sheets are machine washable, without worries of colours fading. They can also be ironed. ENJOY 2 DIFFERENT LOOKS The set contains four sheets, so you always have one available while the other is being washed. You get two plain and two patterned for added variety. LIVE. LOVE IT WITH CHICCO We ve been there and seen it all here at Chicco. For over 60 years we ve made the journey of parenthood smoother. Parents, parents to be and caregivers we listened! Our expertly crafted, innovative tools will help the needs of you and your children. It is recommended to frequently wash baby bedding, even when it doesn't have visible stains, as it may contain dust and dirt that can irritate the skin, or leaks that can't be seen with the naked eye. The Chicco Next2Me crib bedding bundle includes a set of four fitted sheets for the Next2Me co sleeping cribs. The Chicco Next2Me fitted sheets are the only original and official ones from Chicco that fit all the Chicco Next2Me models (Chicco Next2Me Forever excluded). They are machine washable without worries of colours fading and can be ironed too. These baby cot sheets are made from 100 cotton, which offers the unique ability to aid temperature regulation, helping to keep the sleep surface cool and hygienic. A comfortable night s sleep guaranteed.",6394,49.8,Chicco,99689,,,https://images2.productserve.com/?w=200&h=200&bg=white&trim=5&t=letterbox&url=ssl%3Aimages.shopcdn.co.uk%2F76%2F31%2F76313dc9b275a9a80a7a4ea45a6423b2%2F512x512%2Fpng%2Ffit%2F76313dc9b275a9a80a7a4ea45a6423b2.jpeg%3Fquality%3D80%26compression%3D80&feedId=98835&k=fd310ca4452331fa419a1015e7ff73912dac5a51,GBP,,,https://www.chicco.co.uk/sleeping/next2me-crib-bedding-bundle-2-x-2-piece-set-none-chiccobundle21,,,£49.80,98835,Chicco,1,,,,,39678786233,1,1
https://www.awin1.com/pclick.php?p=44692771203&a=2771700&m=99689,Chicco Next2Me Twins Bedside Crib,44692771203,6087077680000,https://images.shopcdn.co.uk/1a/2e/1a2e59e5ea025b2586f684674377a54b/512x512/png/fit/1a2e59e5ea025b2586f684674377a54b.jpeg?quality=80&compression=80,"CHICCO NEXT2ME TWINS BEDSIDE CRIB A COMFORTABLE NIGHT S SLEEP FOR TWINS The Next2Me Twins bedside crib is the best sleeping solution for your two little ones. It s suitable from birth up to 6 months with enhanced air circulation to ensure they get the best night s sleep possible, together. IMPROVES THEIR BOND Features a transparent dividing barrier with a mesh insert so your twins can see and feel each other. This improves and develops their bond further in those early months. 2 MATTRESSES FOR 2 With this Chicco Next2ME Twins side sleeper, you get two firm mattresses in one pack for a great cost saving solution to keeping your little ones together. COMPATIBLE WITH MOST BEDS Thanks to 11 adjustable height levels and folding feet, this crib for twins is compatible with most beds, including divan and beds with storage compartments. PRACTICAL TO WASH Easy to maintain, the crib s mattress cover can be removed then hand or machine washed at 30 so it s ready to use again in no time. LIVE. LOVE IT WITH CHICCO We ve been there and seen it all here at Chicco. For over 60 years we ve made the journey of parenthood smoother. Parents, parents to be and caregivers we listened! Our expertly crafted, innovative tools will help the needs of you and your children. 3 YEAR GUARANTEE Comes with standard 1 year guarantee. Register for additional 2 years. Having twins is a great joy and when it s time to sleep, we at Chicco know the importance of a good night s sleep for both you and your little ones. We re here to support you as parents on this amazing journey. Putting twins in the same cot (co bedding) is highly recommended as it helps regulate their body temperatures and sleep cycles, as well as soothe them for a comfortable sleep. The Next2Me Twins side sleeper is the best co sleeping solution for twins from birth up to 6 months. It features a simple one handed sliding barrier that you can open and close easily with just the push of a button. The crib itself is equipped with a transparent dividing barrier and a mesh insert that helps the twins see and feel each other, improving their bonding as they develop in those early months. This Chicco Next to Me crib comes with 2 firm mattresses, complete with removable and machine washable covers. It also features 11 adjustable height levels and foldable feet to ensure compatibility with most beds, including divan and beds with drawers. Give them the night s sleep they deserve.",6393,299,Chicco,99689,,,https://images2.productserve.com/?w=200&h=200&bg=white&trim=5&t=letterbox&url=ssl%3Aimages.shopcdn.co.uk%2F1a%2F2e%2F1a2e59e5ea025b2586f684674377a54b%2F512x512%2Fpng%2Ffit%2F1a2e59e5ea025b2586f684674377a54b.jpeg%3Fquality%3D80%26compression%3D80&feedId=98835&k=c173edb0382b8c1861a0fb862c53ba42d54f055f,GBP,,,https://www.chicco.co.uk/cribs/chicco-next2me-twins-bedside-crib-none-06087077680000,,,£299.00,98835,Chicco,1,,,,,39678786236,1,1
https://www.awin1.com/pclick.php?p=45122816722&a=2771700&m=99689,Chicco Baby Hug Replacement Mattress,45122816722,79606100710,https://images.shopcdn.co.uk/fd/ea/fdeaf41f8c708ab5eabbd48775bb4d0a/512x512/png/fit/fdeaf41f8c708ab5eabbd48775bb4d0a.jpeg?quality=80&compression=80,"CHICCO BABY HUG REPLACEMENT MATTRESS ORIGINAL OFFICIAL CHICCO ACCESSORY This Chicco mattress for Baby Hug 4 in 1 is the only original and official one from Chicco. Give your child the most comfortable and best night s sleep possible. A BETTER SLEEP FOR YOUR LITTLE ONE When the Baby Hug 4 in 1 is used as a crib, this mattress helps your baby sleep more comfortably. Give you and your little one the best night s sleep you deserve. COMFORTABLE SLEEP SUPPORT Made from a dense fibre, the padding of this Chicco baby hug mattress provides your baby with right support needed to help posture and ensuring a comfortable night s sleep. REMOVABLE EASY TO CLEAN Keeping on top of mattress maintenance has never been easier. This accessory for Baby Hug can be quickly washed using cold water, so it s good to go again in no time. LIVE. LOVE IT WITH CHICCO We ve been there and seen it all here at Chicco. For over 60 years we ve made the journey of parenthood smoother. Parents, parents to be and caregivers we listened! Our expertly crafted, innovative tools will help the needs of you and your children. This Chicco breathable mattress is compatible with all Baby Hug 4 in 1 models when used as a crib. It is padded with a dense fibre so once positioned on the crib, it provides the right support for your child and a guarantees comfortable night s sleep. This Chicco breathable mattress is compatible with all Baby Hug 4 in 1 models when used as a crib. It is padded with a dense fibre that provides the right support for your child and guaranteed comfort. The mattress has efficient airflow, which helps reduce sweating to ensure a cool and peaceful night s sleep. This Baby Hug accessory is hand washable in cold water with soap for easy cleaning and maximum hygiene. Give you and your little one the best night s sleep you deserve.",2696,29.9,Chicco,99689,,,https://images2.productserve.com/?w=200&h=200&bg=white&trim=5&t=letterbox&url=ssl%3Aimages.shopcdn.co.uk%2Ffd%2Fea%2Ffdeaf41f8c708ab5eabbd48775bb4d0a%2F512x512%2Fpng%2Ffit%2Ffdeaf41f8c708ab5eabbd48775bb4d0a.jpeg%3Fquality%3D80%26compression%3D80&feedId=98835&k=fdf75311631085bdd73793d8b34913eaabcda801,GBP,,,https://www.chicco.co.uk/mattresses/baby-hug-crib-replacement-mattress-white-00079606100710,,,£29.90,98835,Chicco,1,,,,,39678786238,1,0
https://www.awin1.com/pclick.php?p=45321913307&a=2771700&m=99689,Chicco Mia Rocker in Fossil,45321913307,5087220190000,https://images.shopcdn.co.uk/a3/2b/a32b02527e8b39e771c57a65bf12a189/512x512/png/fit/a32b02527e8b39e771c57a65bf12a189.jpeg?quality=80&compression=80,"CHICCO MIA ROCKER IN FOSSIL SOFT. SUPPORTIVE. DESIGNED TO GROW NEWBORN COMFORT The Chicco Mia Rocker creates a soothing space for your little one. The soft mini organic cotton baby reducer offers extra support and a snug environment from birth up to 12 months. SOOTHING FUNCTIONS Features 8 calming melodies and a relaxing vibration function, making the Chicco Mia Rocker a wonderful way to help soothe your little one during their unsettled moments. ADAPTS FOR REST OR PLAY With two recline positions and the choice between steady support or soothing rocking, this Baby Rocker adjusts to your little one s needs from calm relaxation to engaging playtime. DOUBLE FACED TOYS Not just a newborn vibration chair, it s also a helpful development tool. Featuring double sided toys to stimulate vision, while encouraging reaching and hand eye coordination. EVOLVES WITH YOUR CHILD This Rocker is versatile and is designed to be used at various stages of development. Use as a Rocker from birth to 12 months, then transform it to a toddler chair that s suitable up to 18kg. It also features a foldable design for easy storage. LIVE IT. LOVE IT WITH CHICCO We ve been there and seen it all here at Chicco. For over 60 years we ve made the journey of parenthood smoother. Parents, parents to be and caregivers we listened! Our expertly crafted, innovative tools will help the needs of you and your children. 3 YEAR GUARANTEE Comes with standard 1 year guarantee. Register for additional 2 years. The Chicco Mia Rocker provides comfort and stimulation from birth up to 12 months. This baby Rocker features a soft organic cotton baby reducer that gently cradles newborns, offering ergonomic support and helping your child feel secure during rest and early play. With 8 calming melodies and a relaxing vibration function, the newborn vibration chair helps soothe your little one during unsettled moments. Two reclining backrest positions make it easy to switch from naptime relaxation to playful engagement. You can also choose between a fixed seat for stable support or a rocking base for gentle movement that comforts and entertains. The modern double faced toys features two double sided toys one colourful for playtime discovery and one with newborn friendly high contrast patterns to stimulate visual development. Designed to evolve with your child, it then transforms to a toddler chair that s suitable up to 18kg. Non slip feet keep the Rocker stable on any surface, and the removable machine washable cover makes cleaning simple. It s also foldable for easy storage.",555,89,Chicco,99689,,,https://images2.productserve.com/?w=200&h=200&bg=white&trim=5&t=letterbox&url=ssl%3Aimages.shopcdn.co.uk%2Fa3%2F2b%2Fa32b02527e8b39e771c57a65bf12a189%2F512x512%2Fpng%2Ffit%2Fa32b02527e8b39e771c57a65bf12a189.jpeg%3Fquality%3D80%26compression%3D80&feedId=98835&k=3e392c9881cd5ae2ce5578e56ff7762547216b72,GBP,,,https://www.chicco.co.uk/rockers-and-bouncers/chicco-mia-rocker-in-fossil-fossil-grey-05087220190000,,,£89.00,98835,Chicco,1,,,,,40991355951,1,0
https://www.awin1.com/pclick.php?p=42403832356&a=2771700&m=99689,Next2Me Bamboo Forever Cot Set 2 Pieces - Greenery,42403832356,9101122350990,https://images.shopcdn.co.uk/47/87/4787098d88bc8981798cc3bb86830057/512x512/png/fit/4787098d88bc8981798cc3bb86830057.jpeg?quality=80&compression=80,"NEXT2ME BAMBOO FOREVER COT SET 2 PIECES GREENERY GENTLE COMFORT, DAY AND NIGHT HYPOALLERGENIC COMFORT These Chicco bamboo crib sheets are naturally hypoallergenic, making them perfect for your little one s delicate skin and suitable for newborns prone to irritation. THERMOREGULATING BAMBOO Breathable bamboo fibres absorb the moisture to help better regulate your baby's body temperature, giving them a more comfortably cool and dry sleep. ULTRA SOFT TEXTURE Naturally silky soft bamboo fabric keeps these newborn crib sheets feeling smooth even after repeated machine washes, ensuring long lasting comfort. SNUG SECURE FIT Designed to snugly fit standard crib mattresses (132cm x 71cm x 23cm), complete with elasticated edges that stay in place without bunching for hassle free bedtimes. GENTLE ON PLANET Sustainably made crib sheets, so free from harsh chemicals and dyes providing your little one with a cleaner choice for your baby and the environment. LIVE IT. LOVE IT WITH CHICCO We ve been there and seen it all here at Chicco. For over 60 years we ve made the journey of parenthood smoother. Parents, parents to be and caregivers we listened! Our expertly crafted, innovative tools will help the needs of you and your children. Crafted from naturally breathable bamboo, the pack of 2 Chicco Forever Crib Sheets deliver softness and safety for your baby s delicate skin. They are hypoallergenic and thermoregulating to help ensure your little one enjoys a comfortable night s sleep, no matter what the season. Perfect for newborns, they re machine washable, chemical free and designed to fit snugly on standard crib mattresses. Compatible with Chicco Next2Me Forever Crib. Give your baby the best, most comfortable night s sleep with the pack of 2 Chicco Forever Bamboo Crib Sheets thoughtfully designed for comfort, breathability, and safety. Made from 100 natural bamboo viscose, these crib sheets are naturally hypoallergenic, so perfect sheets for sensitive skin or if your little one is a newborn. Their breathable structure and moisture absorbing properties help regulate their body temperature, ensuring baby stays comfortably cool and dry all night long. Whether it s their first sleep or hundredth nap, these newborn crib mattress sheets offer a secure fit on all standard crib sizes (132cm x 71cm x 23cm) thanks to deep pockets and elasticated edges. They re made without harsh chemicals, so not only safe for your little one but also a responsible choice for the planet. Soft to the touch and designed to last through countless washes, these breathable crib sheets combine style, safety, and sustainability making every bedtime a moment of peace and connection. Compatible with Chicco Next2Me Forever Crib.",2314,32.9,Chicco,99689,,,https://images2.productserve.com/?w=200&h=200&bg=white&trim=5&t=letterbox&url=ssl%3Aimages.shopcdn.co.uk%2F47%2F87%2F4787098d88bc8981798cc3bb86830057%2F512x512%2Fpng%2Ffit%2F4787098d88bc8981798cc3bb86830057.jpeg%3Fquality%3D80%26compression%3D80&feedId=98835&k=c3c77facac19808c87aa9aa0d03c9ce7c77b259b,GBP,,,https://www.chicco.co.uk/crib-sheets/next2me-bamboo-forever-cot-set-2-pieces-greenery-white-09101122350990,,,£32.90,98835,Chicco,1,,,,,40991355952,1,1
https://www.awin1.com/pclick.php?p=39678786234&a=2771700&m=99689,Chicco Next2Me Forever Bundle in Ash Grey,39678786234,CHICCOBUNDLE04,https://images.shopcdn.co.uk/61/14/61148a4b6600a3d177ac40c18637fdbe/512x512/png/fit/61148a4b6600a3d177ac40c18637fdbe.jpeg?quality=80&compression=80,"CHICCO NEXT2ME FOREVER BUNDLE IN ASH GREY CHICCO NEXT2ME FOREVER BUNDLE The Next2Me Forever bundle is a complete collection of our best sleeping essentials your little one needs to enjoy the perfect night s sleep, all in one convenient, cost saving collection. NEXT2ME FOREVER BEDSIDE COT The Chicco Next2Me Forever bedside crib features larger dimensions compared to conventional cots, so your baby can co sleep beyond the standard 6 months. Support them for as long as they need it from birth up to 4 years old. You can turn it into a co sleeping cot, traditional cot and floor bed for toddlers in a few simple moves. NIGHT BREEZE MATTRESS PROTECTOR Packed with dual layer protection, this cot mattress cover features a double layer of mesh and waterproof materials. This improves ventilation to reduce sweating, while keeping the mattress dry and clean. It s also made from a breathable, honeycomb material that provides efficient air circulation. Create a comfortably cool night s sleep for your little one. CRIB 2 PIECE SET (2 SHEETS) This set of greenery designed fitted sheets are made with bamboo cotton and offer the unique ability to aid temperature regulation, so your baby has a comfortably cool night s sleep. FIRST DREAMS NEXT2STARS PROJECTOR Create a magical atmosphere for your baby as they drift off to sleep with soothing melodies and calming projection of coloured star lights. It features a smart sensor that detects when they start crying, then reactivates the lights and music. Your baby can also enjoy extra relaxation with the detachable cuddly soft plush bear toy. You also get 30 minutes of relaxing music, complete with a wide range of different music genres. LIVE. LOVE IT WITH CHICCO We ve been there and seen it all here at Chicco. For over 60 years we ve made the journey of parenthood smoother. Parents, parents to be and caregivers we listened! Our expertly crafted, innovative tools will help the needs of you and your children. The Chicco Next2Me Forever bundle is a complete collection of our best sleeping essentials your little one needs to enjoy the perfect night s sleep. The bundle includes the Chicco Next2Me Forever Bedside Crib, with larger dimensions compared to conventional cots, so your baby can co sleep from birth up to 4 years old. Turn it into a co sleeping cot, traditional cot and floor bed for toddlers in a few simple moves. The Cot Mattress Cover has dual layer protection, featuring a double layer of mesh and waterproof materials. This improves ventilation to reduce sweating, while keeping the mattress dry and clean. It s also made from a breathable, honeycomb material that provides efficient air circulation. Create a comfortably cool night s sleep for your little one. Also included in the bundle is a set of greenery designed Fitted Sheets made with bamboo cotton, offering the unique ability to aid temperature regulation, so your baby has a comfortably cool night s sleep. Topping off the bundle, create a magical atmosphere for your baby as they drift off to sleep with soothing melodies and calming projection of coloured star lights with the First Dreams Next2Stars Projector. It features a smart sensor that detects when they start crying, then reactivates the lights and music. Your baby can also enjoy extra relaxation with the detachable cuddly soft plush bear toy. You also get 30 minutes of relaxing music, complete with a wide range of different music genres. Enjoy the best night s sleep you and your little one deserve.",6394,476.7,Chicco,99689,,,https://images2.productserve.com/?w=200&h=200&bg=white&trim=5&t=letterbox&url=ssl%3Aimages.shopcdn.co.uk%2F61%2F14%2F61148a4b6600a3d177ac40c18637fdbe%2F512x512%2Fpng%2Ffit%2F61148a4b6600a3d177ac40c18637fdbe.jpeg%3Fquality%3D80%26compression%3D80&feedId=98835&k=9159092c31a55985d4034286d161ffcd4d52cf3c,GBP,,,https://www.chicco.co.uk/sleeping/chicco-next2me-forever-bundle-none-chiccobundle04,,,£476.70,98835,Chicco,1,,,,,43093152892,1,1
https://www.awin1.com/pclick.php?p=45321913308&a=2771700&m=99689,Chicco Magia Bouncer in Vanilla,45321913308,4087224240000,https://images.shopcdn.co.uk/c2/a8/c2a8746e2ca5c46adaa1323ad0ddc1d8/512x512/png/fit/c2a8746e2ca5c46adaa1323ad0ddc1d8.jpeg?quality=80&compression=80,"CHICCO MAGIA BOUNCER IN VANILLA FROM NEWBORN RELAXATION TO TODDLER SEATING NEWBORN COMFORT The Chicco Magia Bouncer creates a soothing space for your little one. The soft mini organic cotton baby reducer offers extra support and a snug environment from birth up to 12 months. ADAPTS FOR REST OR PLAY With two recline positions and the choice between steady support or soothing rocking, this Baby Bouncer Chair adjusts to your little one s needs from calm relaxation to engaging playtime. DEVELOPMENT TOY BAR This Chicco Magia Bouncer is also a helpful development tool. Featuring a modern toy bar with wooden elements to encourage curiosity, hand eye coordination and tactile exploration. EVOLVES WITH YOUR CHILD This chair is versatile and is designed to be used at various stages of development. Use as a Bouncer from birth to 12 months, then transform it to a toddler chair that s suitable up to 18kg. LIVE IT. LOVE IT WITH CHICCO We ve been there and seen it all here at Chicco. For over 60 years we ve made the journey of parenthood smoother. Parents, parents to be and caregivers we listened! Our expertly crafted, innovative tools will help the needs of you and your children. 3 YEAR GUARANTEE Comes with standard 1 year guarantee. Register for additional 2 years. The Chicco Magia Bouncer provides comfort and stimulation from birth up to 12 months. This Baby Bouncer Chair features a soft organic cotton baby reducer that gently cradles newborns, offering ergonomic support and helping your child feel secure during rest and early play. Two reclining backrest positions make it easy to switch from naptime relaxation to playful engagement. You can also choose between a fixed seat for stable support or a rocking base for gentle movement that comforts and entertains. The modern toy bar features wooden elements, encouraging curiosity, hand eye coordination and tactile exploration. Designed to evolve with your child, it then transforms to a toddler chair that s suitable up to 18kg. Non slip feet keep the Bouncer stable on any surface, and the removable machine washable cover makes cleaning simple.",555,69.9,Chicco,99689,,,https://images2.productserve.com/?w=200&h=200&bg=white&trim=5&t=letterbox&url=ssl%3Aimages.shopcdn.co.uk%2Fc2%2Fa8%2Fc2a8746e2ca5c46adaa1323ad0ddc1d8%2F512x512%2Fpng%2Ffit%2Fc2a8746e2ca5c46adaa1323ad0ddc1d8.jpeg%3Fquality%3D80%26compression%3D80&feedId=98835&k=aafc3cf9e57f49ec40213670e27913ed8b6e0a42,GBP,,,https://www.chicco.co.uk/rockers-and-bouncers/chicco-magia-bouncer-in-fossil-fossil-grey-04087224240000,,,£69.90,98835,Chicco,1,,,,,43093152894,1,0
https://www.awin1.com/pclick.php?p=43093152891&a=2771700&m=99689,Chicco Baby Moments Body Lotion Sensitive 500ml,43093152891,10243000000,https://images.shopcdn.co.uk/f6/9b/f69b53fc81dea65b537492acc20d095a/512x512/png/fit/f69b53fc81dea65b537492acc20d095a.jpeg?quality=80&compression=80,"CHICCO BABY MOMENTS LIGHTS BODY LOTION 500ML ESSENTIAL DAILY CARE OF YOUR BABY S DELICATE AND SENSITIVE SKIN PERFECT FOR SENSITIVE SKIN The 500ml Chicco Baby Moments Lights Body Lotion has been dermatologically and paediatrically tested for safe use on sensitive skin. It both moisturises and nourishes your baby s skin, so it s smooth and soft. It is also paediatrically tested. NOURISHES PROTECTS Enriched with nothing but the most delicate ingredients, this gentle lotion protects your little one s skin by soothing it and locking in moisture. This helps maintain softness and prevent dryness, keeping your baby comfortable from morning to night. PLANT BASED INGREDIENTS Using 97 natural ingredients, this baby lotion is free from dyes. The cottonseed oil soothes and moisturises; Vitamin E calms and protects, while Pro Vitamin B5 softens to reduce dryness or irritation. GREASE FREE SKINCARE This baby moisturiser absorbs quickly, with a light texture that leaves the skin grease free, feeling soft, smooth, and comfortably hydrated. Perfect for everyday use, it won t leave behind any sticky residue, so you can dress baby straight after application. MADE FROM 100 RECYCLED PLASTIC Not only does it care for your little one s delicate skin, it s also kind to the planet. The bottle s packaging is made from 100 recycled and recyclable plastic, making it the smarter alternative for the environment. BABY MOMENTS BY CHICCO All products in the Chicco Baby Moments range have the latest formulas, which are made using up to 96 natural origin ingredients, with 100 recycled and recyclable materials. LIVE IT. LOVE IT WITH CHICCO We ve been there and seen it all here at Chicco. For over 60 years we ve made the journey of parenthood smoother. Parents, parents to be and caregivers we listened! Our expertly crafted, innovative tools will help the needs of you and your children. The Chicco Baby Moments Light Body Lotion provides all the essential nourishment your baby s delicate skin needs. This moisturiser is made with 97 natural origin ingredients, which is specially formulated to lock in moisture and keep your little one s skin feeling soft, smooth, and hydrated throughout the day. Enriched with cottonseed oil, Vitamin E, and Pro Vitamin B5, it soothes, protects, and softens perfect for daily use on even the most sensitive skin. This baby moisturiser is dermatologically and paediatrically tested and free from dyes, giving you complete peace of mind. The light formula absorbs quickly, leaving their skin comfortably moisturised and completely grease free. Whether after bath time or during your bedtime routine, this gentle cream for baby prevents dryness and maintains your little one s natural softness. The baby lotion s bottle is made from 100 recycled plastic, so a smarter alternative for the environment.",4678,10,Chicco,99689,,,https://images2.productserve.com/?w=200&h=200&bg=white&trim=5&t=letterbox&url=ssl%3Aimages.shopcdn.co.uk%2Ff6%2F9b%2Ff69b53fc81dea65b537492acc20d095a%2F512x512%2Fpng%2Ffit%2Ff69b53fc81dea65b537492acc20d095a.jpeg%3Fquality%3D80%26compression%3D80&feedId=98835&k=895b36cf2990b208c26bc50e0c227ea338467138,GBP,,,https://www.chicco.co.uk/skincare/chicco-baby-moments-lights-body-lotion-500ml-none-00010243000000,,,£10.00,98835,Chicco,1,,,,,45271468013,0,1
https://www.awin1.com/pclick.php?p=45279659654&a=2771700&m=99689,Chicco Next2Me Magic Evo Mattress & Board,45279659654,12795840100,https://images.shopcdn.co.uk/66/40/66409103a57e66c61eae6cd4ba147b9b/512x512/png/fit/66409103a57e66c61eae6cd4ba147b9b.jpeg?quality=80&compression=80,"CHICCO NEXT2ME MAGIC EVO MATTRESS BOARD Replace the mattress for your Chicco Next2Me with an original and official Chicco accessory, complete with 3D mesh topper for enhanced breathability. Complete with the support board, this product is recommended if your mattress has become worn or damaged, if you need a spare for travel or cleaning rotations, or if you are preparing for your next baby. This official Chicco spare part is designed to provide the same comfort, support, and breathability as the original mattress that comes with your crib. It is compatible with the following Chicco Nex2Me models: Chicco Next2Me Armonia Chicco Next2Me Magic Evo Chicco Next2Me Essential This is not compatible with the Chicco Nex2Me Twin Crib or the Chicco Next2Me Forever. Please refer to your instruction manual for further instructions.",2696,44.9,Chicco,99689,,,https://images2.productserve.com/?w=200&h=200&bg=white&trim=5&t=letterbox&url=ssl%3Aimages.shopcdn.co.uk%2F66%2F40%2F66409103a57e66c61eae6cd4ba147b9b%2F512x512%2Fpng%2Ffit%2F66409103a57e66c61eae6cd4ba147b9b.jpeg%3Fquality%3D80%26compression%3D80&feedId=98835&k=37da55e905252a682918673799c12356c442e856,GBP,,,https://www.chicco.co.uk/mattresses/chicco-next2me-magic-evo-mattress-board-white-12795840100,,,£44.90,98835,Chicco,1,,,,,,0,1
https://www.awin1.com/pclick.php?p=45670591472&a=2771700&m=99689,Chicco Next2Me Magic Evo Sleeptime Solution Bundle,45670591472,CHICCOBUNDLE27,https://images.shopcdn.co.uk/a3/4e/a34e0b6ea88c41ae41e5afe444b81862/512x512/png/fit/a34e0b6ea88c41ae41e5afe444b81862.jpeg?quality=80&compression=80,"CHICCO NEXT2ME MAGIC EVO SLEEPTIME SOLUTION BUNDLE CHICCO NEXT2ME MAGIC EVO SLEEPTIME SOLUTION BUNDLE The Next2Me Magic Evo Sleeptime Essentials bundle has what your little one needs to enjoy the perfect night s sleep. It includes the Chicco Next2me Magic Evo Bedside Crib and pack of two 100 cotton Crib Sheets. MAGIC EVO BEDSIDE CRIB The Chicco Next2Me Magic Evo Bedside Crib can be used as a standalone crib but also easily attaches to the bed, so baby sleeps safely and comfortably by your side. It features 11 adjustable heights, complete with 4 tilt options that aid digestion and breathing. COTTON CRIB SHEETS (2 PACK) This set of fitted sheets are made with 100 cotton and offer the unique ability to aid temperature regulation, so your baby has a comfortably cool night s sleep. CHICCO With over 60 years of experience in supporting families, Chicco offers thoughtful solutions designed to support families through every stage of growth. Each product is the result of a journey built on listening and dedication: from dialogue with families and the careful observation of children, to the work of the Chicco Research Centre in collaboration with experts and the medical scientific community. Chicco continues to innovate with sensitivity and purpose, keeping the well being and happiness of little ones at the heart of everything it does. 3 YEAR GUARANTEE Comes with standard 1 year guarantee. Register for additional 2 years. The Next2Me Magic Evo Sleep Essentials Bundle has what your little one needs to enjoy the perfect night s sleep. It includes the taupe Chicco Next2Me Magic Evo Bedside Crib, which can be used as a standalone crib but also easily attaches to the bed, so baby sleeps safely and comfortably by your side. It features 11 adjustable heights, complete with 4 tilt options that aid digestion and breathing. You also get the pack of two fitted sheets, which are made with 100 cotton and offer the unique ability to aid temperature regulation, so they have a comfortably cool night s sleep.",6393,223.9,Chicco,99689,,,https://images2.productserve.com/?w=200&h=200&bg=white&trim=5&t=letterbox&url=ssl%3Aimages.shopcdn.co.uk%2Fa3%2F4e%2Fa34e0b6ea88c41ae41e5afe444b81862%2F512x512%2Fpng%2Ffit%2Fa34e0b6ea88c41ae41e5afe444b81862.jpeg%3Fquality%3D80%26compression%3D80&feedId=98835&k=39139f912bf41646a2d0bb9b7ec97a0bf70bf10c,GBP,,,https://www.chicco.co.uk/cribs/chicco-next2me-magic-evo-sleeptime-solution-bundle-taupe-chiccobundle27,,,£223.90,98835,Chicco,1,,,,,,Next-to-Me Crib,
https://www.awin1.com/pclick.php?p=40991355954&a=2771700&m=99689,Chicco Next2Me Essential Starter Bundle in Dune,40991355954,CHICCOBUNDLE13,https://images.shopcdn.co.uk/dd/90/dd90cacf4674eb308a784b6ee35c1631/512x512/png/fit/dd90cacf4674eb308a784b6ee35c1631.jpeg?quality=80&compression=80,"CHICCO NEXT2ME ESSENTIAL STARTER BUNDLE IN DUNE CHICCO NEXT2ME ESSENTIAL STARTER BUNDLE The Next2Me Essential bundle is a complete collection of our sleeping essentials for your little one to enjoy the best night s sleep, all in one convenient, cost saving collection. NEXT2ME ESSENTIAL BEDSIDE CRIB The Chicco Next2Me Essential bedside crib is environmentally friendly, with 62 of the mattresses soft fabric being made of softgood fabric that s recycled polyester. It s simple harness system firmly attaches the crib to your bed, providing a guaranteed safe night s sleep for your little one and peace of mind for you. NIGHT BREEZE MATTRESS TOPPER Packed with dual layer protection, this cot mattress topper features a double layer of mesh and waterproof materials. This improves ventilation to reduce sweating, while keeping the mattress dry and clean. It s also made from a breathable, honeycomb material that provides efficient air circulation. Create a comfortably cool night s sleep for your little one. CRIB 2 PIECE SET (2 SHEETS) This set of fitted sheets are made with 100 cotton and offer the unique ability to aid temperature regulation, so your baby has a comfortably cool night s sleep. LIVE IT. LOVE IT WITH CHICCO We ve been there and seen it all here at Chicco. For over 60 years we ve made the journey of parenthood smoother. Parents, parents to be and caregivers we listened! Our expertly crafted, innovative tools will help the needs of you and your children. 3 YEAR GUARANTEE Comes with standard 1 year guarantee. Register for additional 2 years. The Next2Me Essential Starter Bundle is a complete collection of our sleeping essentials for your little one to enjoy the best night s sleep. The Next2Me Essential bedside crib is environmentally friendly, with 62 of the mattresses soft fabric made of recycled polyester. It s simple harness system firmly attaches the crib to your bed, providing a guaranteed safe night s sleep for your little one and peace of mind for you. The mattress topper features a double layer of mesh and waterproof materials, with a honeycomb material that provides efficient air circulation. The Air fitted sheets are 100 cotton with temperature regulation to keep baby comfortably cool. The Next2Me Essential Starter Bundle is a complete collection of our sleeping essentials for your little one to enjoy the best night s sleep. The bundle includes the Dune Re Lux Next2Me Essential bedside crib, which is environmentally friendly, with 62 of the crib s soft fabric being made of softgood fabric that s recycled polyester. It s simple harness system firmly attaches the crib to your bed, providing a guaranteed safe night s sleep for your little one and peace of mind for you. The mattress topper has dual layer protection, featuring a double layer of mesh and waterproof materials. This improves ventilation to reduce sweating, while keeping the mattress dry and clean. It s also made from a breathable, honeycomb material that provides efficient air circulation. Create a comfortably cool night s sleep for your little one. Also included in the bundle is a set of Air Fitted Sheets made with 100 cotton, offering the unique ability to aid temperature regulation, so your baby has a comfortably cool night s sleep.",6394,188.8,Chicco,99689,,,https://images2.productserve.com/?w=200&h=200&bg=white&trim=5&t=letterbox&url=ssl%3Aimages.shopcdn.co.uk%2Fdd%2F90%2Fdd90cacf4674eb308a784b6ee35c1631%2F512x512%2Fpng%2Ffit%2Fdd90cacf4674eb308a784b6ee35c1631.jpeg%3Fquality%3D80%26compression%3D80&feedId=98835&k=2489484976422ed8be36d3fdf2858d4c8148d9df,GBP,,,https://www.chicco.co.uk/sleeping/next2me-essential-starter-bundle-in-dune-re-lux-none-chiccobundle13,,,£188.80,98835,Chicco,1,,,,,,0,0
https://www.awin1.com/pclick.php?p=39678786226&a=2771700&m=99689,Chicco Echo Stroller,39678786226,79431850930,https://images.shopcdn.co.uk/69/31/6931150a22d79d74c0e5c6e164d8375d/512x512/png/fit/6931150a22d79d74c0e5c6e164d8375d.jpeg?quality=80&compression=80,"CHICCO ECHO STROLLER A STROLLER FOR THEIR EARLY YEARS The Chicco Echo stroller is with your child through the early years. It's suitable from birth up to 4 years old, with a maximum weight capacity of 22kg. IDEAL AS A HOLIDAY STROLLER Lightweight in design, this compact stroller weighs just 7.6kg, making it the ideal travel companion for everyday city life, when out visiting family or going on holiday. PERFECT FROM BIRTH This pushchair s backrest is fully reclinable and can be adjusted in 4 different positions, so it s suitable from birth, great for taking outdoor naps and so much more. DESIGNED FOR ALL SEASONS Designed to take on all weathers, the Chicco buggy has a removable hood at the back for better air circulation during the hot summer months, while the rain cover provides added protection for other weather conditions. EASY TO CLOSE AND CARRY Practical umbrella closure folds the stroller easily and compactly for easy storage in your home or car. It includes a comfortable carry handle to make moving it around that much easier. SAFETY GUARANTEED This stroller includes a 5 point safety harness to secure your child firmly and comfortably in the stroller. LIVE. LOVE IT WITH CHICCO We ve been there and seen it all here at Chicco. For over 60 years we ve made the journey of parenthood smoother. Parents, parents to be and caregivers we listened! Our expertly crafted, innovative tools will help the needs of you and your children. 3 YEAR GUARANTEE Comes with standard 1 year guarantee. Register for additional 2 years. The Chicco Echo is a stylish stroller that s with you for your child s early years. Suitable from birth up to 4 years old, with a max weight capacity of 22kg, this pushchair has everything needed for a fuss free outing with your little one. It comes with a padded adjustable backrest, which is also fully reclinable, while the adjustable leg rest ensures maximum comfort for your child. Its lightweight frame folds down to a compact size for travelling, with the included foldable hood and raincover protecting against all weathers. It s the perfect all season stroller. The Chicco Echo is a stylish stroller that s with you for your child s early years. Suitable from birth up to 4 years old, with a max weight capacity of 22kg, this pushchair has everything needed for a fuss free outing with your little one. We ve taken extra care in the smallest of details. From the coloured frame and back wheels coordinating perfectly with the embroidered seat to the wheels customised with the Echo logo. The seat is spacious, complete with an adjustable backrest that can fully recline and features 4 adjustable positions, making it suitable from birth, great for outdoor naps and more. It also has an adjustable leg rest to ensure maximum comfort for your baby. This stroller includes a 5 point safety harness to secure your child firmly and comfortably in the stroller, while lockable front wheels keep it from rolling for additional safety and peace of mind for you. Intuitively designed, it is simple to open and close, while the lightweight frame easily folds down to a compactable size thanks to the umbrella closure system, making it the perfect travel stroller. The Echo has a removable hood at the back for better air circulation during the hot summer months, while the raincover provides added protection for other weather conditions. It s the perfect all season stroller.",568,99.9,Chicco,99689,,,https://images2.productserve.com/?w=200&h=200&bg=white&trim=5&t=letterbox&url=ssl%3Aimages.shopcdn.co.uk%2F69%2F31%2F6931150a22d79d74c0e5c6e164d8375d%2F512x512%2Fpng%2Ffit%2F6931150a22d79d74c0e5c6e164d8375d.jpeg%3Fquality%3D80%26compression%3D80&feedId=98835&k=4e9f561b1cbb6470ace339071b78ed51e30665df,GBP,,,https://www.chicco.co.uk/prams-and-strollers/echo-complete-stroller-none-00079431850930,,,£99.90,98835,Chicco,1,,,,,,0,1
https://www.awin1.com/pclick.php?p=43093152889&a=2771700&m=99689,Chicco Sensitive Baby Wipes 72 Pieces,43093152889,12050100000,https://images.shopcdn.co.uk/18/9e/189e70f503bc092e1c386118317ccb20/512x512/png/fit/189e70f503bc092e1c386118317ccb20.jpeg?quality=80&compression=80,"CHICCO SENSITIVE BABY WIPES 72 PIECES ESSENTIAL DAILY CARE OF YOUR BABY S DELICATE SKIN PERFECT FOR SENSITIVE SKIN This single pack of 72 Sensitive Baby Wipes from Chicco are specially formulated to support your little one on a daily basis. They are dermatologically tested for use on sensitive skin, making them great newborn baby wipes to have in your bag of essentials. SOFT NOURISHING MATERIAL Made from a soft fabric, the wet wipes gently cleanse, sooth and moisturise your baby s body. You can comfortably and safely use them from head to toe, perfect for nappy changes and messy fingers. PLANT BASED INGREDIENTS The Chicco baby wipes formula contains 97 water and is enriched with lotus water. It is also free from alcohol and soap. SUITABLE FOR EVERYDAY USE Whether it s messy mealtimes, on the go cleaning or a simple skin refresh, this pack of wipes has you covered for everyday moments. Gentle yet effective, they re perfect for quick clean ups at home or out and about, helping you stay prepared for whatever the day brings. BABY MOMENTS BY CHICCO All products in the Chicco Baby Moments range have the latest formulas, which are made using up to 96 natural ingredients. All bottles are made from 100 recycled and recyclable plastic (tubes are made of 50 recycled and recyclable plastic). Chicco Wipes packaging is not recyclable. The wipes tissue is made of cellulose and plastic. LIVE IT. LOVE IT WITH CHICCO We ve been there and seen it all here at Chicco. For over 60 years we ve made the journey of parenthood smoother. Parents, parents to be and caregivers we listened! Our expertly crafted, innovative tools will help the needs of you and your children. As a parent, it s important your changing bag is equipped for all those little moments in your baby s life, whether at home or on the go. This single pack of 72 Chicco Perfumed Baby Wipes are specially formulated to support your little one s skin on a daily basis. The wet wipes formula contains 97 water enriched with lotus water and dermatologically tested for use on sensitive skin, so are great newborn baby wipes to have in your bag of essentials. Made from a soft fabric, the wipes gently cleanse, sooth and moisturise your baby s body with every use. Whether it s messy mealtimes, on the go cleaning or just a simple skin refresh, this pack of wipes has you covered for those everyday moments. Gentle yet effective, they re perfect for quick clean ups at home or out and about, helping you stay prepared for whatever the day brings. Free from alcohol and soap.",4678,3.5,Chicco,99689,,,https://images2.productserve.com/?w=200&h=200&bg=white&trim=5&t=letterbox&url=ssl%3Aimages.shopcdn.co.uk%2F18%2F9e%2F189e70f503bc092e1c386118317ccb20%2F512x512%2Fpng%2Ffit%2F189e70f503bc092e1c386118317ccb20.jpeg%3Fquality%3D80%26compression%3D80&feedId=98835&k=fbd2b377517b29a269206de4c39e3d8a7f3be258,GBP,,,https://www.chicco.co.uk/skincare/chicco-sensitive-baby-wipes-none-00012050100000,,,£3.50,98835,Chicco,1,,,,,,0,0
https://www.awin1.com/pclick.php?p=44692771205&a=2771700&m=99689,Chicco Next2Me Magic Evo Bedside Crib in Dark Grey,44692771205,5087041400000,https://images.shopcdn.co.uk/76/c4/76c4989a0984b25fd88fa247ff5246e8/512x512/png/fit/76c4989a0984b25fd88fa247ff5246e8.webp?quality=80&compression=80,"CHICCO NEXT2ME MAGIC EVO BEDSIDE CRIB IN DARK GREY QUICK EASY TO USE Quickly get your baby in or out of the crib thanks to the easy to use sliding barrier. It opens and closes by pressing a button, meaning it s easy to operate with one hand while holding your child. ROCK YOUR BABY TO SLEEP This Next2Me bedside crib can also be used as a stand alone crib. It comes with a rocking mode, where with just one button press, your baby rocks from side to side as they drift comfortably off to sleep. A COMFORTABLY COOL NIGHT S SLEEP Includes a 3D mesh mattress and 2 mesh windows, which provide enhanced airflow to give extra support by keeping your baby comfortably cool for a peaceful night s sleep. ADVANCED SLEEP SUPPORT Tilt the cot up to 10 and choose from 4 different positions. This improves comfort and support in case your baby is suffering from sickness or nasal congestion. ENSURE A RESTFUL NIGHT S SLEEP The Chicco Next2Me Magic Evo bedside crib has 11 adjustable height levels so fits a wide range of bed types and sizes, including ones with storage compartments, so baby is always safely by your side. TAKE IT WITH YOU, WHEREVER YOU GO Make travelling even easier thanks to the included travel bag. Whether it s a holiday or visiting family, your baby can still sleep in their own space, wherever they are. EASY TO MOVE Featuring 4 wheels, this swinging crib can be easily moved around the house without causing strain. The integrated brakes provide extra safety and peace of mind when the cot is stationary. REMOVABLE EASY TO CLEAN The crib cover is removable, making cleaning a breeze. It can be quickly cleaned using warm soapy water, so it s good to go again in no time. LIVE. LOVE IT WITH CHICCO We ve been there and seen it all here at Chicco. For over 60 years we ve made the journey of parenthood smoother. Parents, parents to be and caregivers we listened! Our expertly crafted, innovative tools will help the needs of you and your children. 3 YEAR GUARANTEE Comes with standard 1 year guarantee. Register for additional 2 years. Here at Chicco, we know the safest place for your baby to sleep for the first 6 months is in their own space but in the same room as you. The Chicco Next2Me Magic Evo is the new bedside crib designed to ensure a restful and comfortable night s sleep. It s a separate bed but can be easily attached to a range of adult beds thanks to 11 adjustable heights, so baby is always by your side. What makes this stand out from conventional cots is the unique rocking mode, which can be activated using a simple gesture. It gently rocks them from side to side, so they drift blissfully off to sleep. With a 3D mesh mattress and 2 mesh windows, you get enhanced airflow to keep your baby comfortably cool for a peaceful night s sleep. The crib is also a great time saver for parents thanks to the sliding barrier, which can be opened using just one hand, making it easy to operate when holding baby in your arms. This Chicco Next 2 Me bedside crib features a tilt of up to 10 and 4 different positions to provide additional support in case your baby is suffering from sickness or congestion. There are 4 swivel wheels that make it easy to move around the house. Includes a removable cover that s machine washable or can be cleaned using warm soapy water. The included travel bag ensures your baby can keep sleeping in their own nest, wherever you go.",6393,199,Chicco,99689,,,https://images2.productserve.com/?w=200&h=200&bg=white&trim=5&t=letterbox&url=ssl%3Aimages.shopcdn.co.uk%2F76%2Fc4%2F76c4989a0984b25fd88fa247ff5246e8%2F512x512%2Fpng%2Ffit%2F76c4989a0984b25fd88fa247ff5246e8.webp%3Fquality%3D80%26compression%3D80&feedId=98835&k=d59bfa9a3e02dcd8327113149dcca2af8008f439,GBP,,,https://www.chicco.co.uk/cribs/chicco-next2me-magic-evo-bedside-crib-in-dark-grey-grey-05087041400930,,,£199.00,98835,Chicco,1,,,,,,0,0
https://www.awin1.com/pclick.php?p=39678786228&a=2771700&m=99689,Chicco Next2Me Crib Sheet Set (2 Pieces) in Grey Fox,39678786228,10796350000,https://images.shopcdn.co.uk/89/1e/891e4ad59d678d822269f2788ca32358/512x512/png/fit/891e4ad59d678d822269f2788ca32358.jpeg?quality=80&compression=80,"CHICCO NEXT2ME CRIB SHEET SET (2 PIECES) IN GREY FOX ORIGINAL OFFICIAL CHICCO ACCESSORY These Chicco Next2Me fitted sheets are the only original and official ones from Chicco. Give your child the most comfortable and best night s sleep possible. FOR A COOLER NIGHT S SLEEP Made with 100 woven cotton, these sheets offer the unique ability to aid temperature regulation to ensure your baby has a comfortably cool night s sleep. PRACTICAL AND EASY TO CLEAN These fitted sheets are machine washable, without worries of colours fading. They can also be ironed. ENJOY 2 DIFFERENT LOOKS The set contains two sheets, so you always have one available while the other is being washed. One is plain and the other patterned for added variety. LIVE. LOVE IT WITH CHICCO We ve been there and seen it all here at Chicco. For over 60 years we ve made the journey of parenthood smoother. Parents, parents to be and caregivers we listened! Our expertly crafted, innovative tools will help the needs of you and your children. It is recommended to frequently wash baby bedding, even when it doesn't have visible stains, as it may contain dust and dirt that can irritate the skin, or leaks that can't be seen with the naked eye. The Chicco Next 2 Me Fitted Sheets are sold in a box of two, so you always have an available one while you wash the other. The Chicco Next2Me fitted sheets are the only original and official ones from Chicco that fit all the Chicco Next2Me models (Chicco Next2Me Forever excluded). They are machine washable without worries of colours fading and can be ironed too. These baby cot sheets are made from 100 cotton, which offers the unique ability to aid temperature regulation, helping to keep the sleep surface cool and hygienic. A comfortable night s sleep guaranteed.",2314,24.9,Chicco,99689,,,https://images2.productserve.com/?w=200&h=200&bg=white&trim=5&t=letterbox&url=ssl%3Aimages.shopcdn.co.uk%2F89%2F1e%2F891e4ad59d678d822269f2788ca32358%2F512x512%2Fpng%2Ffit%2F891e4ad59d678d822269f2788ca32358.jpeg%3Fquality%3D80%26compression%3D80&feedId=98835&k=3ad794404b35fa925a629b7542f4ef9bd4601959,GBP,,,https://www.chicco.co.uk/crib-sheets/chicco-next2me-crib-sheet-set-2-pieces-in-grey-fox-grey-fox-00010796350000,,,£24.90,98835,Chicco,1,,,,,,0,1
https://www.awin1.com/pclick.php?p=40991355956&a=2771700&m=99689,Chicco Next2Me Twins Starter Set Bundle,40991355956,CHICCOBUNDLE20,https://images.shopcdn.co.uk/f7/dc/f7dc08f81a26af0352fe1ae94499232d/512x512/png/fit/f7dc08f81a26af0352fe1ae94499232d.jpeg?quality=80&compression=80,"CHICCO NEXT2ME TWINS STARTER SET BUNDLE ORIGINAL OFFICIAL CHICCO ACCESSORIES The Chicco Next2Me Refresh Bundle contains the original and official mattress and crib set sheets from Chicco. Giving your child the best, most comfortable night s sleep possible. CHICCO NEXT2ME TWINS STARTER BUNDLE The Next2Me Twins Bedside Crib is the best sleeping solution for your two little ones. It s suitable from birth up to 6 months, with enhanced air circulation to ensure they get the best night s sleep possible, together. Its transparent dividing barrier has a mesh insert so your twins can see and feel each other. This improves and develops their bond further in those early months. You get two firm mattresses in one pack for a great cost saving solution to keeping your little ones together. CRIB 2 PIECE SETS (2 SHEETS PER PACK) These two packs of Air coloured fitted sheets are made with 100 woven cotton and offer the unique ability to aid temperature regulation, so your babies have a comfortably cool night s sleep. LIVE. LOVE IT WITH CHICCO We ve been there and seen it all here at Chicco. For over 60 years we ve made the journey of parenthood smoother. Parents, parents to be and caregivers we listened! Our expertly crafted, innovative tools will help the needs of you and your children. The Next2Me Twins Starter Bundle is all the essentials for your little ones to enjoy the perfect night s sleep. The bundle includes the Next2Me Twins Bedside Crib, the best sleeping solution for your two little ones. It s suitable from birth up to 6 months with enhanced air circulation to ensure they get the best night s sleep possible, together. Its transparent dividing barrier has a mesh insert so your twins can see and feel each other. This improves and develops their bond further in those early months. You also get two firm mattresses in one pack for a great cost saving solution to keeping your little ones together. Create a comfortably cool night s sleep for your little ones. Also included in the bundle is two packs Air coloured fitted Sheets made with 100 woven cotton, offering the unique ability to aid temperature regulation, so your babies have a comfortably cool night s sleep. Enjoy the best night s sleep you and your little ones deserve.",6394,348.8,Chicco,99689,,,https://images2.productserve.com/?w=200&h=200&bg=white&trim=5&t=letterbox&url=ssl%3Aimages.shopcdn.co.uk%2Ff7%2Fdc%2Ff7dc08f81a26af0352fe1ae94499232d%2F512x512%2Fpng%2Ffit%2Ff7dc08f81a26af0352fe1ae94499232d.jpeg%3Fquality%3D80%26compression%3D80&feedId=98835&k=043084680b0ab479e19b2f7e450087e7cfefca53,GBP,,,https://www.chicco.co.uk/sleeping/chicco-next2me-twins-starter-set-bundle-none-chiccobundle20,,,£348.80,98835,Chicco,1,,,,,,0,0
https://www.awin1.com/pclick.php?p=39678786232&a=2771700&m=99689,Chicco Next2Me Magic Evo Sleeptime Solution Bundle in Dark Grey,39678786232,CHICCOBUNDLE02,https://images.shopcdn.co.uk/cd/33/cd337a5ec5bbcf3eaa924bb15862685f/512x512/png/fit/cd337a5ec5bbcf3eaa924bb15862685f.jpeg?quality=80&compression=80,"CHICCO NEXT2ME MAGIC EVO SLEEPTIME SOLUTION BUNDLE IN DARK GREY The Next2Me Magic Evo Sleeptime solution bundle has everything your little one needs to enjoy the perfect night s sleep all in one convenient, cost saving collection. MAGIC EVO BEDSIDE CRIB The Chicco Next2Me Dream Evo can be used as a standalone crib but also easily attaches to the bed, so your baby sleeps safely and comfortably by your side. It features 11 adjustable heights, complete with 4 tilt options that aid digestion and breathing. HYGIENICAL TERRY MATTRESS COVER Made from a breathable, extra absorbent cotton, the Chicco mattress protector provides efficient air circulation to create a comfortably cool and dry night s sleep for your little one. It has highly resistant fabric and is completely removable so can be machine washed for easy cleaning. CRIB 2 PIECE SET (2 SHEETS) This set of fitted sheets are made with 100 cotton and offer the unique ability to aid temperature regulation, so your baby has a comfortably cool night s sleep. FIRST DREAMS BABY BEAR PLUS PROJECTOR Our soft and friendly Chicco teddy bear plushie gives your little one a cuddly bedtime companion. It features both a magical night light with 3 calming effects and 30 minutes of relaxing melodies to help them drift off to sleep and become the best of friends. LIVE. LOVE IT WITH CHICCO We ve been there and seen it all here at Chicco. For over 60 years we ve made the journey of parenthood smoother. Parents, parents to be and caregivers we listened! Our expertly crafted, innovative tools will help the needs of you and your children. The Next2Me Magic Evo Sleeptime solution bundle has everything your little one needs to enjoy the perfect night s sleep, all in one convenient and cost saving collection. This bundle includes the dark grey Chicco Next2Me Dream Evo, which can be used as a standalone crib but also easily attaches to the bed, so your baby sleeps safely and comfortably by your side. It features 11 adjustable heights, complete with 4 tilt options that aid digestion and breathing. You also get the white hygienical terry mattress cover, which is made from a breathable, extra absorbent cotton, to provide efficient air circulation for a comfortably cool and dry night s sleep for your little one. It has highly resistant fabric and is completely removable so can be machine washed for easy cleaning. The grey fox 2 piece set of fitted sheets are made with 100 cotton and offer the unique ability to aid temperature regulation, so your baby has a comfortably cool night s sleep. The bundle is topped off with our soft and friendly Chicco teddy bear plushie that gives your little one a cuddly bedtime companion. It features both a magical night light with 3 calming effects and 30 minutes of relaxing melodies to help them drift off to sleep and become the best of friends.",6394,278.7,Chicco,99689,,,https://images2.productserve.com/?w=200&h=200&bg=white&trim=5&t=letterbox&url=ssl%3Aimages.shopcdn.co.uk%2Fcd%2F33%2Fcd337a5ec5bbcf3eaa924bb15862685f%2F512x512%2Fpng%2Ffit%2Fcd337a5ec5bbcf3eaa924bb15862685f.jpeg%3Fquality%3D80%26compression%3D80&feedId=98835&k=4acf05a44c44a024df431324a78c2acfca35c77e,GBP,,,https://www.chicco.co.uk/sleeping/chicco-next2me-magic-evo-sleeptime-solution-bundle-none-chiccobundle02,,,£278.70,98835,Chicco,1,,,,,,Next-to-Me Crib,
https://www.awin1.com/pclick.php?p=39678786235&a=2771700&m=99689,Chicco Next2Me Essential Bundle in Stone,39678786235,CHICCOBUNDLE05,https://images.shopcdn.co.uk/04/5e/045e8f4bca757883e8491f75b83a5958/512x512/png/fit/045e8f4bca757883e8491f75b83a5958.jpeg?quality=80&compression=80,"CHICCO NEXT2ME ESSENTIAL BUNDLE IN STONE CHICCO NEXT2ME FOREVER BUNDLE The Next2Me Essential bundle is a complete collection of our sleeping essentials for your little one to enjoy the best night s sleep, all in one convenient, cost saving collection. NEXT2ME ESSENTIAL BEDSIDE CRIB The Chicco Next2Me Essential bedside crib is environmentally friendly, with 62 of the mattresses soft fabric being made of softgood fabric that s recycled polyester. It s simple harness system firmly attaches the crib to your bed, providing a guaranteed safe night s sleep for your little one and peace of mind for you. NIGHT BREEZE MATTRESS TOPPER Packed with dual layer protection, this cot mattress topper features a double layer of mesh and waterproof materials. This improves ventilation to reduce sweating, while keeping the mattress dry and clean. It s also made from a breathable, honeycomb material that provides efficient air circulation. Create a comfortably cool night s sleep for your little one. CRIB 2 PIECE SET (2 SHEETS) This set of fitted sheets are made with 100 cotton and offer the unique ability to aid temperature regulation, so your baby has a comfortably cool night s sleep. FIRST DREAMS NEXT2STARS PROJECTOR Create a magical atmosphere for your baby as they drift off to sleep with soothing melodies and calming projection of coloured star lights. It features a smart sensor that detects when they start crying, then reactivates the lights and music. Your baby can also enjoy extra relaxation with the detachable cuddly soft plush bear toy. You also get 30 minutes of relaxing music, complete with a wide range of different music genres. LIVE. LOVE IT WITH CHICCO We ve been there and seen it all here at Chicco. For over 60 years we ve made the journey of parenthood smoother. Parents, parents to be and caregivers we listened! Our expertly crafted, innovative tools will help the needs of you and your children. 3 YEAR GUARANTEE Comes with standard 1 year guarantee. Register for additional 2 years. The Next2Me Essential crib bundle is a complete collection of our sleeping essentials for your little one to enjoy the best night s sleep. The bundle includes the stone Re Lux Next2Me Essential bedside crib, which is environmentally friendly, with 62 of the crib s soft fabric being made of softgood fabric that s recycled polyester. It s simple harness system firmly attaches the crib to your bed, providing a guaranteed safe night s sleep for your little one and peace of mind for you. The mattress topper has dual layer protection, featuring a double layer of mesh and waterproof materials. This improves ventilation to reduce sweating, while keeping the mattress dry and clean. It s also made from a breathable, honeycomb material that provides efficient air circulation. Create a comfortably cool night s sleep for your little one. Also included in the bundle is a set of grey fox Fitted Sheets made with 100 cotton, offering the unique ability to aid temperature regulation, so your baby has a comfortably cool night s sleep. Topping off the bundle, create a magical atmosphere for your baby as they drift off to sleep with soothing melodies and calming projection of coloured star lights with the neutral First Dreams Next2Stars Projector. It features a smart sensor that detects when they start crying, then reactivates the lights and music. Your baby can also enjoy extra relaxation with the detachable cuddly soft plush bear toy. You also get 30 minutes of relaxing music, complete with a wide range of different music genres. Enjoy the best night s sleep you and your little one deserve.",6394,223.7,Chicco,99689,,,https://images2.productserve.com/?w=200&h=200&bg=white&trim=5&t=letterbox&url=ssl%3Aimages.shopcdn.co.uk%2F04%2F5e%2F045e8f4bca757883e8491f75b83a5958%2F512x512%2Fpng%2Ffit%2F045e8f4bca757883e8491f75b83a5958.jpeg%3Fquality%3D80%26compression%3D80&feedId=98835&k=78ac58c3b851d74a0b1cedd5583e9c3cbc697222,GBP,,,https://www.chicco.co.uk/sleeping/chicco-next2me-essential-bundle-in-stone-none-chiccobundle05,,,£223.70,98835,Chicco,1,,,,,,0,1
https://www.awin1.com/pclick.php?p=39678786233&a=2771700&m=99689,Chicco Next2Me Magic Evo Sleeptime Solution Bundle in Desert Taupe,39678786233,CHICCOBUNDLE03,https://images.shopcdn.co.uk/32/42/324231b504447b0d6b6fa9c124b46d7f/512x512/png/fit/324231b504447b0d6b6fa9c124b46d7f.jpeg?quality=80&compression=80,"CHICCO NEXT2ME MAGIC EVO SLEEPTIME SOLUTION BUNDLE IN DESERT TAUPE The Next2Me Magic Evo Sleeptime solution bundle has everything your little one needs to enjoy the perfect night s sleep all in one convenient, cost saving collection. MAGIC EVO BEDSIDE CRIB The Chicco Next2Me Dream Evo can be used as a standalone crib but also easily attaches to the bed, so your baby sleeps safely and comfortably by your side. It features 11 adjustable heights, complete with 4 tilt options that aid digestion and breathing. HYGIENICAL TERRY MATTRESS COVER Made from a breathable, extra absorbent cotton, the Chicco mattress protector provides efficient air circulation to create a comfortably cool and dry night s sleep for your little one. It has highly resistant fabric and is completely removable so can be machine washed for easy cleaning. CRIB 2 PIECE SET (2 SHEETS) This set of fitted sheets are made with 100 cotton and offer the unique ability to aid temperature regulation, so your baby has a comfortably cool night s sleep. FIRST DREAMS BABY BEAR PLUS PROJECTOR Our soft and friendly Chicco teddy bear plushie gives your little one a cuddly bedtime companion. It features both a magical night light with 3 calming effects and 30 minutes of relaxing melodies to help them drift off to sleep and become the best of friends. LIVE. LOVE IT WITH CHICCO We ve been there and seen it all here at Chicco. For over 60 years we ve made the journey of parenthood smoother. Parents, parents to be and caregivers we listened! Our expertly crafted, innovative tools will help the needs of you and your children. The Next2Me Magic Evo Sleeptime solution bundle has everything your little one needs to enjoy the perfect night s sleep, all in one convenient and cost saving collection. This bundle includes the desert taupe Chicco Next2Me Dream Evo, which can be used as a standalone crib but also easily attaches to the bed, so your baby sleeps safely and comfortably by your side. It features 11 adjustable heights, complete with 4 tilt options that aid digestion and breathing. You also get the white hygienical terry mattress cover, which is made from a breathable, extra absorbent cotton, to provide efficient air circulation for a comfortably cool and dry night s sleep for your little one. It has highly resistant fabric and is completely removable so can be machine washed for easy cleaning. The 2 piece set of fitted sheets are made with 100 cotton and offer the unique ability to aid temperature regulation, so your baby has a comfortably cool night s sleep. The bundle is topped off with our soft and friendly Chicco teddy bear plushie that gives your little one a cuddly bedtime companion. It features both a magical night light with 3 calming effects and 30 minutes of relaxing melodies to help them drift off to sleep and become the best of friends.",6394,278.7,Chicco,99689,,,https://images2.productserve.com/?w=200&h=200&bg=white&trim=5&t=letterbox&url=ssl%3Aimages.shopcdn.co.uk%2F32%2F42%2F324231b504447b0d6b6fa9c124b46d7f%2F512x512%2Fpng%2Ffit%2F324231b504447b0d6b6fa9c124b46d7f.jpeg%3Fquality%3D80%26compression%3D80&feedId=98835&k=767fb114442bd43219452570bf3b9d7b313d3262,GBP,,,https://www.chicco.co.uk/sleeping/chicco-next2me-magic-evo-sleeptime-solution-bundle-none-chiccobundle03,,,£278.70,98835,Chicco,1,,,,,,0,1
https://www.awin1.com/pclick.php?p=39678786236&a=2771700&m=99689,Chicco Next2Me Essential Bundle in Dune,39678786236,CHICCOBUNDLE06,https://images.shopcdn.co.uk/6d/71/6d7165cc193f9b9bd2712f47ece3b455/512x512/png/fit/6d7165cc193f9b9bd2712f47ece3b455.jpeg?quality=80&compression=80,"CHICCO NEXT2ME ESSENTIAL BUNDLE IN DUNE CHICCO NEXT2ME FOREVER BUNDLE The Next2Me Essential bundle is a complete collection of our sleeping essentials for your little one to enjoy the best night s sleep, all in one convenient, cost saving collection. NEXT2ME ESSENTIAL BEDSIDE CRIB The Chicco Next2Me Essential bedside crib is environmentally friendly, with 62 of the mattresses soft fabric being made of softgood fabric that s recycled polyester. It s simple harness system firmly attaches the crib to your bed, providing a guaranteed safe night s sleep for your little one and peace of mind for you. NIGHT BREEZE MATTRESS TOPPER Packed with dual layer protection, this cot mattress topper features a double layer of mesh and waterproof materials. This improves ventilation to reduce sweating, while keeping the mattress dry and clean. It s also made from a breathable, honeycomb material that provides efficient air circulation. Create a comfortably cool night s sleep for your little one. CRIB 2 PIECE SET (2 SHEETS) This set of fitted sheets are made with 100 cotton and offer the unique ability to aid temperature regulation, so your baby has a comfortably cool night s sleep. FIRST DREAMS NEXT2STARS PROJECTOR Create a magical atmosphere for your baby as they drift off to sleep with soothing melodies and calming projection of coloured star lights. It features a smart sensor that detects when they start crying, then reactivates the lights and music. Your baby can also enjoy extra relaxation with the detachable cuddly soft plush bear toy. You also get 30 minutes of relaxing music, complete with a wide range of different music genres. LIVE. LOVE IT WITH CHICCO We ve been there and seen it all here at Chicco. For over 60 years we ve made the journey of parenthood smoother. Parents, parents to be and caregivers we listened! Our expertly crafted, innovative tools will help the needs of you and your children. 3 YEAR GUARANTEE Comes with standard 1 year guarantee. Register for additional 2 years. The Next2Me Essential crib bundle is a complete collection of our sleeping essentials for your little one to enjoy the best night s sleep. The Next2Me Essential bedside crib is environmentally friendly, with 62 of the mattresses soft fabric made of recycled polyester. It s simple harness system firmly attaches the crib to your bed, providing a guaranteed safe night s sleep for your little one and peace of mind for you. The mattress topper features a double layer of mesh and waterproof materials, with a honeycomb material that provides efficient air circulation. The air fitted sheets are 100 cotton with temperature regulation to keep baby comfortably cool. Topping off the bundle, create a magical atmosphere for your baby as they drift off to sleep with soothing melodies and calming projection with the neutral First Dreams Next2Stars Projector. It features a smart sensor, detachable cuddly soft plush bear toy and 30 minutes of relaxing music. Enjoy the best night s sleep you and your little one deserve. The Next2Me Essential crib bundle is a complete collection of our sleeping essentials for your little one to enjoy the best night s sleep. The bundle includes the dune Re Lux Next2Me Essential bedside crib, which is environmentally friendly, with 62 of the crib s soft fabric being made of softgood fabric that s recycled polyester. It s simple harness system firmly attaches the crib to your bed, providing a guaranteed safe night s sleep for your little one and peace of mind for you. The mattress topper has dual layer protection, featuring a double layer of mesh and waterproof materials. This improves ventilation to reduce sweating, while keeping the mattress dry and clean. It s also made from a breathable, honeycomb material that provides efficient air circulation. Create a comfortably cool night s sleep for your little one. Also included in the bundle is a set of air Fitted Sheets made with 100 cotton, offering the unique ability to aid temperature regulation, so your baby has a comfortably cool night s sleep. Topping off the bundle, create a magical atmosphere for your baby as they drift off to sleep with soothing melodies and calming projection of coloured star lights with the neutral First Dreams Next2Stars Projector. It features a smart sensor that detects when they start crying, then reactivates the lights and music. Your baby can also enjoy extra relaxation with the detachable cuddly soft plush bear toy. You also get 30 minutes of relaxing music, complete with a wide range of different music genres. Enjoy the best night s sleep you and your little one deserve.",6394,223.7,Chicco,99689,,,https://images2.productserve.com/?w=200&h=200&bg=white&trim=5&t=letterbox&url=ssl%3Aimages.shopcdn.co.uk%2F6d%2F71%2F6d7165cc193f9b9bd2712f47ece3b455%2F512x512%2Fpng%2Ffit%2F6d7165cc193f9b9bd2712f47ece3b455.jpeg%3Fquality%3D80%26compression%3D80&feedId=98835&k=52d89f1745a802b33a41c81bc466a540e3511959,GBP,,,https://www.chicco.co.uk/sleeping/chicco-next2me-forever-bundle-none-chiccobundle06,,,£223.70,98835,Chicco,1,,,,,,0,1
https://www.awin1.com/pclick.php?p=39678786238&a=2771700&m=99689,Chicco Next2Me Twin Bundle in Grey,39678786238,CHICCOBUNDLE07,https://images.shopcdn.co.uk/ac/f3/acf31d9a231aa93f5e7faab60694aeca/512x512/png/fit/acf31d9a231aa93f5e7faab60694aeca.jpeg?quality=80&compression=80,"CHICCO NEXT2ME TWIN BUNDLE IN GREY CHICCO NEXT2ME TWINS BUNDLE The Next2Me Twins bundle is a complete collection of our sleeping essentials for your little ones to enjoy the perfect night s sleep together all in one convenient, cost saving collection. NEXT2ME TWINS BEDSIDE CRIB The Next2Me Twins Bedside Crib is the best sleeping solution for your two little ones. It s suitable from birth up to 6 months, with enhanced air circulation to ensure they get the best night s sleep possible, together. Its transparent dividing barrier has a mesh insert so your twins can see and feel each other. This improves and develops their bond further in those early months. You get two firm mattresses in one pack for a great cost saving solution to keeping your little ones together. NIGHT BREEZE MATTRESS TOPPERS Packed with dual layer protection, these cot mattress topper feature a double layer of mesh and waterproof materials. This improves ventilation to reduce sweating, while keeping the mattress dry and clean. They re also made from a breathable, honeycomb material that provides efficient air circulation. Create a comfortably cool night s sleep for your little ones. CRIB 2 PIECE SETS (2 SHEETS PER PACK) These set of fitted sheets are made with 100 woven cotton and offer the unique ability to aid temperature regulation, so your babies has a comfortably cool night s sleep. FIRST DREAMS NEXT2STARS PROJECTOR Create a magical atmosphere for your babies as they drift off to sleep with soothing melodies and calming projection of coloured star lights. It features a smart sensor that detects when they start crying, then reactivates the lights and music. Your babies can also enjoy extra relaxation with the detachable cuddly soft plush bear toy. You also get 30 minutes of relaxing music, complete with a wide range of different music genres. LIVE. LOVE IT WITH CHICCO We ve been there and seen it all here at Chicco. For over 60 years we ve made the journey of parenthood smoother. Parents, parents to be and caregivers we listened! Our expertly crafted, innovative tools will help the needs of you and your children. 3 YEAR GUARANTEE Comes with standard 1 year guarantee. Register for additional 2 years. The Next2Me Twins bundle is a complete collection of our sleeping essentials for your little ones to enjoy the perfect night s sleep. The bundle includes the Next2Me Twins Bedside Crib, the best sleeping solution for your two little ones. It s suitable from birth up to 6 months with enhanced air circulation to ensure they get the best night s sleep possible, together. Its transparent dividing barrier has a mesh insert so your twins can see and feel each other. This improves and develops their bond further in those early months. You also get two firm mattresses in one pack for a great cost saving solution to keeping your little ones together. The crib mattress toppers have dual layer protection, featuring a double layer of mesh and waterproof materials. This improves ventilation to reduce sweating, while keeping the mattress dry and clean. They re also made from a breathable, honeycomb material that provides efficient air circulation. Create a comfortably cool night s sleep for your little ones. Also included in the bundle is a set of air colourway fitted Sheets made with 100 woven cotton, offering the unique ability to aid temperature regulation, so your babies have a comfortably cool night s sleep. Topping off the bundle, create a magical atmosphere as they drift off to sleep with soothing melodies and calming projection of coloured star lights with the First Dreams Next2Stars Projector. It features a smart sensor that detects when they start crying, then reactivates the lights and music. Your babies can also enjoy extra relaxation with the detachable cuddly soft plush bear toy. You also get 30 minutes of relaxing music, complete with a wide range of different music genres. Enjoy the best night s sleep you and your little ones deserve.",6394,457.5,Chicco,99689,,,https://images2.productserve.com/?w=200&h=200&bg=white&trim=5&t=letterbox&url=ssl%3Aimages.shopcdn.co.uk%2Fac%2Ff3%2Facf31d9a231aa93f5e7faab60694aeca%2F512x512%2Fpng%2Ffit%2Facf31d9a231aa93f5e7faab60694aeca.jpeg%3Fquality%3D80%26compression%3D80&feedId=98835&k=77d6c48e94106e63cf703c002c7598f1ea12b830,GBP,,,https://www.chicco.co.uk/sleeping/chicco-next2me-twin-bundle-in-grey-none-chiccobundle07,,,£457.50,98835,Chicco,1,,,,,,0,1
https://www.awin1.com/pclick.php?p=40991355951&a=2771700&m=99689,Chicco Next2Me Magic Evo Starter Bundle in Desert Taupe,40991355951,CHICCOBUNDLE10,https://images.shopcdn.co.uk/03/e0/03e07f8901a7e15a96622ccf8f5ffb54/512x512/png/fit/03e07f8901a7e15a96622ccf8f5ffb54.jpeg?quality=80&compression=80,"CHICCO NEXT2ME MAGIC EVO STARTER BUNDLE IN DESERT TAUPE CHICCO NEXT2ME MAGIC EVO STARTER BUNDLE The Next2Me Magic Evo Starter Bundle has everything your little one needs to enjoy the perfect night s sleep all in one convenient, cost saving collection. MAGIC EVO BEDSIDE CRIB The Chicco Next2Me Dream Evo can be used as a standalone crib but also easily attaches to the bed, so your baby sleeps safely and comfortably by your side. It features 11 adjustable heights, complete with 4 tilt options that aid digestion and breathing. HYGIENIC TERRY MATTRESS COVER Made from a breathable, extra absorbent cotton, the Chicco mattress protector provides efficient air circulation to create a comfortably cool and dry night s sleep for your little one. It has highly resistant fabric and is completely removable so can be machine washed for easy cleaning. CRIB 2 PIECE SET (2 SHEETS) This set of fitted sheets are made with 100 woven cotton and offer the unique ability to aid temperature regulation, so your baby has a comfortably cool night s sleep. LIVE IT. LOVE IT WITH CHICCO We ve been there and seen it all here at Chicco. For over 60 years we ve made the journey of parenthood smoother. Parents, parents to be and caregivers we listened! Our expertly crafted, innovative tools will help the needs of you and your children. 3 YEAR GUARANTEE Comes with standard 1 year guarantee. Register for additional 2 years. The Next2Me Magic Evo Starter Bundle has everything your little one needs to enjoy the perfect night s sleep, all in one convenient and cost saving collection. This bundle includes the desert taupe Chicco Next2Me Magic Evo, which can be used as a standalone crib but also easily attaches to the bed, so your baby sleeps safely and comfortably by your side. It features 11 adjustable heights, complete with 4 tilt options that aid digestion and breathing. You also get the white hygienic terry mattress cover, which is made from a breathable, extra absorbent cotton, to provide efficient air circulation for a comfortably cool and dry night s sleep for your little one. It has highly resistant fabric and is completely removable so can be machine washed for easy cleaning. The Air 2 piece set of fitted sheets are made with 100 cotton and offer the unique ability to aid temperature regulation, so your baby has a comfortably cool night s sleep.",6394,243.8,Chicco,99689,,,https://images2.productserve.com/?w=200&h=200&bg=white&trim=5&t=letterbox&url=ssl%3Aimages.shopcdn.co.uk%2F03%2Fe0%2F03e07f8901a7e15a96622ccf8f5ffb54%2F512x512%2Fpng%2Ffit%2F03e07f8901a7e15a96622ccf8f5ffb54.jpeg%3Fquality%3D80%26compression%3D80&feedId=98835&k=267bdee8ad3b4ac4ffeaf7c29f94d27d293c501f,GBP,,,https://www.chicco.co.uk/sleeping/chicco-next2me-magic-evo-starter-bundle-in-desert-taupe-none-chiccobundle10,,,£243.80,98835,Chicco,1,,,,,,0,1
https://www.awin1.com/pclick.php?p=40991355952&a=2771700&m=99689,Chicco Next2Me Forever Starter Bundle in Ash Grey,40991355952,CHICCOBUNDLE11,https://images.shopcdn.co.uk/61/35/61359f209baee79895656a5b6d61fb88/512x512/png/fit/61359f209baee79895656a5b6d61fb88.jpeg?quality=80&compression=80,"CHICCO NEXT2ME FOREVER STARTER BUNDLE IN ASH GREY CHICCO NEXT2ME FOREVER STARTER BUNDLE The Next2Me Forever Starter bundle is everything you need for your new baby, including the bedding essentials your little one needs to enjoy the perfect night s sleep, all in one convenient, cost saving collection. NEXT2ME FOREVER BEDSIDE COT The Chicco Next2Me Forever bedside cot features larger dimensions compared to conventional cots, so your baby can co sleep beyond the standard 6 months. Support them for as long as they need it from birth up to 4 years old. You can turn it into a co sleeping cot, traditional cot and floor bed for toddlers in a few simple moves. NIGHT BREEZE MATTRESS PROTECTOR Packed with dual layer protection, this cot mattress cover features a double layer of mesh and waterproof materials. This improves ventilation to reduce sweating, while keeping the mattress dry and clean. It s also made from a breathable, honeycomb material that provides efficient air circulation. Create a comfortably cool night s sleep for your little one. CRIB 2 PIECE SET (2 SHEETS) This set of 2 fitted sheets are made with 100 woven cotton and offer the unique ability to aid temperature regulation, so your baby has a comfortably cool night s sleep. One sheet is Confetti print and the other white. LIVE IT. LOVE IT WITH CHICCO We ve been there and seen it all here at Chicco. For over 60 years we ve made the journey of parenthood smoother. Parents, parents to be and caregivers we listened! Our expertly crafted, innovative tools will help the needs of you and your children. 3 YEAR GUARANTEE Comes with standard 1 year guarantee. Register for additional 2 years. The Chicco Next2Me Forever Starter bundle is a complete collection of our bedding essentials your little one needs to enjoy the perfect night s sleep. The bundle includes the Ash Grey Chicco Next2Me Forever Bedside Cot, with larger dimensions compared to conventional cribs, so your baby can co sleep from birth up to 4 years old. Turn it into a co sleeping cot, traditional cot and floor bed for toddlers in a few simple moves. The Cot Mattress Cover has dual layer protection, featuring a double layer of mesh and waterproof materials. This improves ventilation to reduce sweating, while keeping the mattress dry and clean. It s also made from a breathable, honeycomb material that provides efficient air circulation. Create a comfortably cool night s sleep for your little one. Also included in the bundle is a set of fitted sheets made with 100 woven cotton, offering the unique ability to aid temperature regulation, so your baby has a comfortably cool night s sleep. Enjoy the best night s sleep you and your little one deserve.",6394,441.8,Chicco,99689,,,https://images2.productserve.com/?w=200&h=200&bg=white&trim=5&t=letterbox&url=ssl%3Aimages.shopcdn.co.uk%2F61%2F35%2F61359f209baee79895656a5b6d61fb88%2F512x512%2Fpng%2Ffit%2F61359f209baee79895656a5b6d61fb88.jpeg%3Fquality%3D80%26compression%3D80&feedId=98835&k=fc25b2af3ff2a42319763559c4cb18f5ac79277f,GBP,,,https://www.chicco.co.uk/sleeping/chicco-next2me-forever-starter-bundle-in-ash-grey-none-chiccobundle11,,,£441.80,98835,Chicco,1,,,,,,0,1
https://www.awin1.com/pclick.php?p=43093152894&a=2771700&m=99689,Chicco Baby Moments Shampoo 500ml,43093152894,10585000000,https://images.shopcdn.co.uk/15/eb/15eb14e3b02e03f99b19d5bbd1f89305/512x512/png/fit/15eb14e3b02e03f99b19d5bbd1f89305.jpeg?quality=80&compression=80,"CHICCO BABY MOMENTS SHAMPOO 500ML ESSENTIAL DAILY CARE OF YOUR BABY S DELICATE SKIN AND THIN HAIR PERFECT FOR SENSITIVE SKIN The 500ml Chicco Baby Moments Shampoo is specially formulated to support your little one s sensitive skin on a daily basis from their first bath and beyond. NATURAL NOURISHING PROTECTION Infused with calendula extract for its calming, soothing properties and vegetable glycerine to help maintain natural moisture, this baby shampoo both softens and deeply nourishes your baby s delicate scald and thin hair. PLANT BASED INGREDIENTS Our baby shampoo is made from 92 natural origin ingredients, so completely free from dyes. You can safely enjoy a worry free wash with your little one. MADE FROM 100 RECYCLED PLASTIC Not only is it a great baby shampoo for sensitive skin, it s also kind to the planet. The bottle s packaging is made from 100 recycled and recyclable plastic, making it the smarter alternative for the environment. BABY MOMENTS BY CHICCO All products in the Chicco Baby Moments range have the latest formulas, which are made using up to 96 natural origin ingredients, with 100 recycled materials. LIVE IT. LOVE IT WITH CHICCO We ve been there and seen it all here at Chicco. For over 60 years we ve made the journey of parenthood smoother. Parents, parents to be and caregivers we listened! Our expertly crafted, innovative tools will help the needs of you and your children. Bathtime is an important moment for you as a parent and your little one. More than just a wash, it s a special moment of care, comfort and connection that helps you create a strong bond. The 500ml Chicco Baby Moments Shampoo is our essential solution, right from your baby s very first bath. Specially formulated to support your little one s sensitive skin on a daily basis, this shampoo is made from 92 natural origin ingredients. It both nourishes and cleanses to leave their fine hair soft. Infused with calendula extract known for its calming, soothing properties and vegetable glycerine to help maintain natural moisture, this is the perfect baby shampoo for sensitive skin. Whether it s bath time bonding or a quick freshen up, this dual purpose formula helps keep your baby's skin protected and balanced. Chicco s natural baby shampoo is also completely free from dyes, making it a worry free choice for you. It s both dermatologically and ophthalmologically tested, giving you peace of mind from head to toe. With its light fragrance, Chicco Baby Moments Shampoo is a must have if you re looking for a safe, simple, and effective way to care for your little one s skin. The bottle is made from 100 recycled plastic, so a smarter alternative for the environment.",4678,6,Chicco,99689,,,https://images2.productserve.com/?w=200&h=200&bg=white&trim=5&t=letterbox&url=ssl%3Aimages.shopcdn.co.uk%2F15%2Feb%2F15eb14e3b02e03f99b19d5bbd1f89305%2F512x512%2Fpng%2Ffit%2F15eb14e3b02e03f99b19d5bbd1f89305.jpeg%3Fquality%3D80%26compression%3D80&feedId=98835&k=47572cb3f589e9d1cc40be57a4ac6a7fab0e4570,GBP,,,https://www.chicco.co.uk/skincare/chicco-baby-moments-shampoo-none-00010585000000,,,£6.00,98835,Chicco,1,,,,,,0,1
https://www.awin1.com/pclick.php?p=40830254358&a=2771700&m=99689,Chicco Next2Me Armonia Bedside Crib with Motion Sensor Night Light,40830254358,7087142610930,https://images.shopcdn.co.uk/c4/cf/c4cf010fe5fe37c79d7a90d9bc79f249/512x512/png/fit/c4cf010fe5fe37c79d7a90d9bc79f249.jpeg?quality=80&compression=80,"CHICCO NEXT2ME ARMONIA BEDSIDE CRIB WITH MOTION SENSOR NIGHT LIGHT A COOL, COMFORTABLE NIGHT S SLEEP GUARANTEED CONTEMPORARY PRACTICAL DESIGN The Next2Me Armonia Bedside Crib comes in soft contemporary colours to fit within any home interior. The crib also includes pockets to store useful baby care items, giving you easy access to the essentials when you need them most. HELPS WITH NIGHT TIME FEEDING A built in motion sensor light turns on as you approach the crib or press the button. This then goes on standby after 5 minutes. The lights can be easily attached to either end of the crib and feature 3 levels brightness levels. A SAFE NIGHT OF SLEEP With its simple harness and innovative lateral glide system, securely attach the crib to your bed. This gives your little one a guaranteed safe night s sleep and peace of mind for you. COMPATIBLE WITH MOST BEDS The Chicco next to me bedside crib has 11 adjustable height levels. It fits perfectly on a range of bed types and sizes, including ones with storage compartments. Always keep baby safely by your side. INCREASED AIRFLOW MATTRESS Includes a mattress with all round mesh sides, which provides enhanced airflow and extra support by keeping your baby comfortably cool for a peaceful night s sleep. EASY TO MOVE Featuring 4 wheels, this bedside crib can be easily moved around the house without causing strain. The integrated brakes also provide extra safety and peace of mind when the cot is stationary. For daytrips and holidays, use the included travel bag to make portability much easier. EASY TO CLEAN The crib and mattress covers are removable, making cleaning a breeze. It s machine washable but can also be quickly cleaned using warm soapy water, so it s good to go again in no time. LIVE IT. LOVE IT WITH CHICCO We ve been there and seen it all here at Chicco. For 60 years we ve made the journey of parenthood smoother. Parents, parents to be and caregivers we listened! Our expertly crafted, innovative tools will help the needs of you and your children. 3 YEAR GUARANTEE Comes with standard 1 year guarantee. Register for additional 2 years. Here at Chicco, we know the safest place for your baby to sleep for the first 6 months is in their own space, but in the same room as you. The new Chicco Next2Me Armonia bedside crib is designed to ensure a safe and comfortable night s sleep for your little one. It s a separate bed but can also be easily attached to your bed thanks to its innovative slide system, ensuring a secure fit. With the 11 adjustable heights, the crib fits on a range of bed types and sizes, including ones with storage compartments, so baby is always by your side. It can be used as a co sleeper or as a standalone traditional crib for added versatility. The mattress has all round mesh sides, so you get enhanced airflow to keep your baby comfortably cool for a peaceful night s sleep. There is also a smart motion sensor night light included, which can attach to either end of the crib. It then automatically dims after 5 minutes and goes on standby mode. This is great for nighttime feeds and comforting baby. There are also 4 easy glide lockable wheels that make it a breeze to move around the home without straining, while the integrated brakes also provide extra safety and peace of mind when the cot is stationary. This co sleeper also comes with a removable mattress cover that s machine washable or can be quickly cleaned using warm soapy water. There are also storage pockets to store all your nighttime baby care essentials such as wipes, muslins, and soothers. For day trips and holidays, use the included travel bag to make portability much easier. Get the best night s sleep you and your little one deserve.",6393,179,Chicco,99689,,,https://images2.productserve.com/?w=200&h=200&bg=white&trim=5&t=letterbox&url=ssl%3Aimages.shopcdn.co.uk%2Fc4%2Fcf%2Fc4cf010fe5fe37c79d7a90d9bc79f249%2F512x512%2Fpng%2Ffit%2Fc4cf010fe5fe37c79d7a90d9bc79f249.jpeg%3Fquality%3D80%26compression%3D80&feedId=98835&k=a690f251dbcb4266ddc114bb40859e4cf4728339,GBP,,,https://www.chicco.co.uk/cribs/chicco-next2me-armonia-bedside-crib-none-07087142610930,,,£179.00,98835,Chicco,1,,,,,,0,1
https://www.awin1.com/pclick.php?p=43865331372&a=2771700&m=99689,Chicco Next2Me Essential Bedside Crib in Dune,43865331372,8087042650000,https://images.shopcdn.co.uk/90/1b/901b5fa2c9a7359a1b1bb2de05d748c0/512x512/png/fit/901b5fa2c9a7359a1b1bb2de05d748c0.jpeg?quality=80&compression=80,"CHICCO NEXT2ME ESSENTIAL BEDSIDE CRIB IN DUNE A SUSTAINABLE CHOICE The Chicco Next2Me Essential bedside crib is more environmentally friendly, with 62 of the fabric softgoods being made from recycled polyester. A RESTFUL NIGHT OF SLEEP Includes a simple harness system that firmly attaches the crib to your bed, providing a guaranteed restful night s sleep for your little one and peace of mind for you. TAKE IT WITH YOU, WHEREVER YOU GO Make travelling even easier thanks to the included travel bag. Whether it s a holiday or visiting family, your baby can still sleep in their own space, wherever they are. COMPATIBLE WITH MOST BEDS The Next 2 Me co sleeper crib has 6 adjustable height levels and foldable feet so fits a range of bed types and sizes, including ones with storage compartments, so baby is always safely by your side. IMPROVES YOUR BABY S COMFORT Easily tilt the cot in multiple positions. This provides additional comfort and support in case your baby is suffering from reflux or nasal congestion. A COMFORTABLY COOL NIGHT S SLEEP Two mesh windows provide enhanced airflow to give extra support by keeping your baby comfortably cool for a peaceful night s sleep. EASY TO MOVE Featuring 2 wheels, this bedside crib can be easily moved around the house without causing strain. The integrated brakes provide extra safety and peace of mind when the cot is stationary. EASY TO CLEAN The mattress cover is removable, making cleaning a breeze. It s machine washable but can also be quickly cleaned using warm soapy water, so it s good to go again in no time. LIVE. LOVE IT WITH CHICCO We ve been there and seen it all here at Chicco. For over 60 years we ve made the journey of parenthood smoother. Parents, parents to be and caregivers we listened! Our expertly crafted, innovative tools will help the needs of you and your children. 3 YEAR GUARANTEE Comes with standard 1 year guarantee. Register for additional 2 years. Here at Chicco, we know the safest place for your baby to sleep for the first 6 months is in their own space but in the same room as you. The Chicco Next2Me Essential bedside crib is the new bedside crib designed to ensure a restful and comfortable night s sleep. It s a separate bed but can be easily attached to a range of adult beds thanks to 6 adjustable heights, so baby is always by your side. It is also an eco friendlier and more sustainable choice, with 62 of its fabric softgoods made from recycled polyester. It can be used as a co sleeper or as a traditional crib for added versatility. With a 3D mesh mattress and 2 mesh windows, you get enhanced airflow to keep your baby comfortably cool for a peaceful night s sleep. This Chicco Next 2 Me bedside crib features multiple positions to provide additional support in case your baby is suffering from reflux or congestion. There are 2 swivel wheels that make it easy to move around the house. Includes a removable mattress cover that s machine washable or can be cleaned using warm soapy water. The included travel bag ensures your baby can keep sleeping in their own nest, wherever you go.",6393,129,Chicco,99689,,,https://images2.productserve.com/?w=200&h=200&bg=white&trim=5&t=letterbox&url=ssl%3Aimages.shopcdn.co.uk%2F90%2F1b%2F901b5fa2c9a7359a1b1bb2de05d748c0%2F512x512%2Fpng%2Ffit%2F901b5fa2c9a7359a1b1bb2de05d748c0.jpeg%3Fquality%3D80%26compression%3D80&feedId=98835&k=687bb0e294fa3a2afa35cfbee3c643050496e011,GBP,,,https://www.chicco.co.uk/cribs/chicco-next2me-essential-bedside-crib-in-dune-dune-08087042650000,,,£129.00,98835,Chicco,1,,,,,,0,1
https://www.awin1.com/pclick.php?p=43093152892&a=2771700&m=99689,Chicco Baby Moments Massage Oil 200ml,43093152892,10242000000,https://images.shopcdn.co.uk/d5/05/d505e3642d07a3a35dd959d3b3f36c9d/512x512/png/fit/d505e3642d07a3a35dd959d3b3f36c9d.jpeg?quality=80&compression=80,"BABY MOMENTS MASSAGE OIL 200ML ESSENTIAL DAILY CARE OF YOUR BABY S DELICATE SKIN PERFECT FOR SENSITIVE SKIN The 200ml Chicco Baby Moments Massage Oil has been dermatologically tested for safe use on sensitive skin. It both moisturises and nourishes your baby s skin, so it s smooth and velvety soft. Keep your little one comfortable throughout the day or night. KEEPS BABY CALM COMFORTABLE Enriched with nothing but the most natural ingredients, this gentle oil protects your little one s skin by soothing it and locking in moisture. This maintains softness and prevent dryness, while helping relax your baby, ease wind or colic, and promote better sleep. PLANT BASED INGREDIENTS Using 93 natural ingredients, this baby massage oil is free from BHT, parabens and dyes. The cottonseed oil soothes and moisturises; Vitamin E calms and protects, while Pro Vitamin B5 softens to reduce dryness or irritation. GREASE FREE SKINCARE This oil for baby massage absorbs quickly, leaving the skin grease free, feeling soft, smooth, and comfortably hydrated. Perfect for everyday use, it won t leave behind any sticky residue, so you can dress baby straight after application. MADE FROM 100 RECYCLED PLASTIC Not only does it care for your little one s delicate skin, it s also kind to the planet. The bottle s packaging is made from 100 recyclable plastic, making it the smarter alternative for the environment. BABY MOMENTS BY CHICCO All products in the Chicco Baby Moments range have the latest formulas, which are made using up to 96 natural ingredients, with 100 recyclable materials. LIVE IT. LOVE IT WITH CHICCO We ve been there and seen it all here at Chicco. For over 60 years we ve made the journey of parenthood smoother. Parents, parents to be and caregivers we listened! Our expertly crafted, innovative tools will help the needs of you and your children. The 200ml Chicco Baby Moments Massage Oil is made with 93 natural ingredients. It is enriched with cottonseed oil, Vitamin E, and Pro Vitamin B5 that soothes and protects perfect for daily use on even the most sensitive skin. This baby massage oil is dermatologically tested and free from BHT, parabens, and dyes. The light formula absorbs quickly, leaving your little one s skin smooth, velvety soft and completely grease free. It also removes cradle cap without causing irritation. Bottle is made from 100 recycled plastic. The 200ml Chicco Baby Moments Massage oil is an extra gentle, soothing, and effective way to reduce friction, allowing your hands to glide smoothly over their sensitive skin, helping relax your baby, ease wind or colic, and promote better sleep. Plus, regular massage with oil supports bonding and emotional connection between you and your little one through calming touch. This oil for baby massage is made with 93 natural ingredients, which is specially formulated to lock in moisture and keep your little one s skin feeling soft, smooth, and hydrated throughout the day. It s also enriched with cottonseed oil, Vitamin E, and Pro Vitamin B5 that sooths and protects, so perfect for daily use on even the most sensitive skin. This baby massage oil is dermatologically tested and free from BHT, parabens, and dyes, giving you complete peace of mind. The light formula absorbs quickly, leaving their skin nothing but smooth, velvety soft and completely grease free. It also removes cradle cap without causing irritation. The bottle is made from 100 recycled plastic, so a smarter alternative for the environment.",4678,5.5,Chicco,99689,,,https://images2.productserve.com/?w=200&h=200&bg=white&trim=5&t=letterbox&url=ssl%3Aimages.shopcdn.co.uk%2Fd5%2F05%2Fd505e3642d07a3a35dd959d3b3f36c9d%2F512x512%2Fpng%2Ffit%2Fd505e3642d07a3a35dd959d3b3f36c9d.jpeg%3Fquality%3D80%26compression%3D80&feedId=98835&k=36f9000677ebe2ed071a6a35c874ff3baa794b15,GBP,,,https://www.chicco.co.uk/skincare/chicco-baby-moments-massage-oil-200ml-none-00010242000000,,,£5.50,98835,Chicco,1,,,,,,0,1