aw_deep_link,product_name,aw_product_id,merchant_product_id,merchant_image_url,description,merchant_category,search_price,merchant_name,merchant_id,category_name,category_id,aw_image_url,currency,store_price,delivery_cost,merchant_deep_link,language,last_updated,display_price,data_feed_id,brand_name,in_stock,alternate_image,alternate_image_two,alternate_image_four,large_image,alternate_image_three,category
https://www.awin1.com/pclick.php?p=41045823431&a=2771700&m=64830,Done By Deer Stacking Cubes 5 pcs - Deer Friends Colour Mix,41045823431,50587-50612,https://cdn.shopify.com/s/files/1/0690/1977/files/done-by-deer-number-blocks-flat-2.jpg?v=1744948094,"This set of Done By Deer Stacking Cubes come in a range of sizes and feature a delightful mix of soft colours. Perfect for your little one, these cubes offer endless ways to play - stack them high, tip them over, or hide tiny treasures inside for an extra bit of fun. Ideal for early learning, these cubes help introduce numbers and counting while your child becomes familiar with the lovable Deer friends. Playtime has never been so fun and educational!",Sorting & Stacking Toys,9.95,Natural Baby Shower Ltd,64830,Baby Toys,412,https://images2.productserve.com/?w=200&h=200&bg=white&trim=5&t=letterbox&url=ssl%3Acdn.shopify.com%2Fs%2Ffiles%2F1%2F0690%2F1977%2Ffiles%2Fdone-by-deer-number-blocks-flat-2.jpg%3Fv%3D1744948094&feedId=89138&k=39c8ea6bc1b740f03d8df84c1a6630120a8873ac,GBP,,,https://natural-baby-2.myshopify.com/products/done-by-deer-stacking-cubex-5-pcs-deer-friends-colour-mix?variant=55286446457211,,,£9.95,89138,Done by Deer,1,https://cdn.shopify.com/s/files/1/0690/1977/files/done-by-deer-number-blocks-lifestyle-2.jpg?v=1744948096,https://cdn.shopify.com/s/files/1/0690/1977/files/done-by-deer-number-blocks-lifestyle-3.jpg?v=1744948097,,,https://cdn.shopify.com/s/files/1/0690/1977/files/done-by-deer-number-blocks-lifestyle.jpg?v=1744948098,First Toys
https://www.awin1.com/pclick.php?p=41805859222&a=2771700&m=64830,Carriwell Disposable 50x Bamboo Breast Pads  - White,41805859222,50911-14078,https://cdn.shopify.com/s/files/1/0690/1977/files/carriwell-disposable-10x-maternity-post-birth-care-pads-white-flat.jpg?v=1750822078,"Carriwell’s Disposable Bamboo Breast Pads are here to help you stay dry, comfortable, and confident throughout your day. Ultra-thin and contoured for a natural feel, each pad has a super-absorbent bamboo core that can hold up to 50 times its weight in liquid. Thoughtfully designed for maximum comfort and discretion, these breathable pads sit softly against your skin and stay securely in place thanks to a double adhesive backing. Whether you’re nursing at home or on the go, these are a gentle, reliable choice to support you through your feeding journey.",Nursing Bras,12.95,Natural Baby Shower Ltd,64830,,,https://images2.productserve.com/?w=200&h=200&bg=white&trim=5&t=letterbox&url=ssl%3Acdn.shopify.com%2Fs%2Ffiles%2F1%2F0690%2F1977%2Ffiles%2Fcarriwell-disposable-10x-maternity-post-birth-care-pads-white-flat.jpg%3Fv%3D1750822078&feedId=89138&k=dcb27c78a4f9c96082c1f8c44b34279c776c9ff3,GBP,,,https://natural-baby-2.myshopify.com/products/carriwell-disposable-50x-bamboo-breast-pads-white?variant=55532322718075,,,£12.95,89138,carriwell,1,https://cdn.shopify.com/s/files/1/0690/1977/files/carriwell-disposable-10x-maternity-post-birth-care-pads-white-flat-2.jpg?v=1750753913,https://cdn.shopify.com/s/files/1/0690/1977/files/carriwell-disposable-10x-maternity-post-birth-care-pads-white-flat-3.jpg?v=1750753914,,,https://cdn.shopify.com/s/files/1/0690/1977/files/carriwell-disposable-10x-maternity-post-birth-care-pads-white-flat-4.jpg?v=1750822080,Breast Pads
https://www.awin1.com/pclick.php?p=36904756767&a=2771700&m=64830,Tutti Bambini Cot/Cot Bed Breathable Mattress Topper Protector,36904756767,48220-58685,https://cdn.shopify.com/s/files/1/0690/1977/files/tutti-bamabini-cot-cot-bed-breathable-mattress-topper-protector-flat.jpg?v=1700012530,"The Tutti Bambini Cot/Cot Bed Breathable Mattress Topper Protector offers 3D breathable honeycomb structure of the mattress protector provides air and moisture permeability. Soft and lightly padded the product has an absorbent backing to protect the mattress from liquids and build-up of bacteria. The cot/cot bed breathable mattress protector is universally sized to fit most cot beds, 100% waterproof and machine washable, rendering spillages obsolete.",Mattress Encasements,38,Natural Baby Shower Ltd,64830,Baby Products,599,https://images2.productserve.com/?w=200&h=200&bg=white&trim=5&t=letterbox&url=ssl%3Acdn.shopify.com%2Fs%2Ffiles%2F1%2F0690%2F1977%2Ffiles%2Ftutti-bamabini-cot-cot-bed-breathable-mattress-topper-protector-flat.jpg%3Fv%3D1700012530&feedId=89138&k=f017c6141f69b5d3fb23e7c84470ac632644d086,GBP,,,https://natural-baby-2.myshopify.com/products/tutti-bambini-cot-cot-bed-breathable-mattress-topper-protector?variant=40397855490126,,,£38.00,89138,Tutti Bambini,1,,,,,,Bedding & Sheets
https://www.awin1.com/pclick.php?p=36496681829&a=2771700&m=64830,Gaia Stretchy Baby Wrap Carrier - Organic Cotton - Graphite,36496681829,44983-GPH,https://cdn.shopify.com/s/files/1/0690/1977/products/gaia-stretchy-baby-wrap-carrier-organic-cotton-graphite.jpg?v=1699439144,"The Gaia Stretchy Baby Wrap Carrier Organic Cotton in Graphite is one of the easiest ways to promote bonding while your baby is safe in their happy place and close to your heart. From the moment you bring them home, you can enjoy hands-free carrying with your baby for as long as you need to. Made using certified organic cotton with easy to use 1-way stretch fabric. Newborn Carry: For newborns and babies with less hip flexibility, it is recommended to use the 'M' position. Baby Carry: The 'Frog-Leg' position is the recommended position for babies up to 15kg. Toddler Carry: From approx. 6 months, or when your little one has sufficient head and neck control you can choose between baby and toddler carry positions.",Baby Carriers,35.99,Natural Baby Shower Ltd,64830,Children's Accessories,539,https://images2.productserve.com/?w=200&h=200&bg=white&trim=5&t=letterbox&url=ssl%3Acdn.shopify.com%2Fs%2Ffiles%2F1%2F0690%2F1977%2Fproducts%2Fgaia-stretchy-baby-wrap-carrier-organic-cotton-graphite.jpg%3Fv%3D1699439144&feedId=89138&k=cf19e1d60d66454ed31e609506a88e375a2b5f76,GBP,,,https://natural-baby-2.myshopify.com/products/gaia-stretchy-baby-wrap-carrier-organic-cotton-graphite?variant=39744313589838,,,£35.99,89138,Gaia Baby,1,https://cdn.shopify.com/s/files/1/0690/1977/products/gaia-stretchy-baby-wrap-carrier-organic-cotton-graphite-lifestyle-2.jpg?v=1699439145,https://cdn.shopify.com/s/files/1/0690/1977/products/gaia-stretchy-baby-wrap-carrier-organic-cotton-graphite-lifestyle-3.jpg?v=1699439147,,,https://cdn.shopify.com/s/files/1/0690/1977/products/gaia-stretchy-baby-wrap-carrier-organic-cotton-graphite-lifestyle.jpg?v=1699439148,Baby Carrier & Sling
https://www.awin1.com/pclick.php?p=45578389086&a=2771700&m=64830,Jabadabado Stacking Toy - Teddy - Teddy,45578389086,52725-72698,https://cdn.shopify.com/s/files/1/0690/1977/files/jabadabado-stacking-toy-teddy-flat-2.jpg?v=1786489815,"Introduce little ones to the joy of stacking with the Jabadabado Stacking Toy – Teddy. This classic wooden stacking toy features colourful rings and a sweet teddy design, encouraging little hands to stack the pieces in different combinations and discover how they fit together. A lovely way to support early coordination, concentration and problem-solving through simple, open-ended play. Made from FSC™-certified wood and thoughtfully designed for little learners, it’s a timeless addition to any playroom.",Sorting & Stacking Toys,18.48,Natural Baby Shower Ltd,64830,Baby Toys,412,https://images2.productserve.com/?w=200&h=200&bg=white&trim=5&t=letterbox&url=ssl%3Acdn.shopify.com%2Fs%2Ffiles%2F1%2F0690%2F1977%2Ffiles%2Fjabadabado-stacking-toy-teddy-flat-2.jpg%3Fv%3D1786489815&feedId=89138&k=7e117d98c2d109fa9c0ebd20f1b8f0b7f2b80de7,GBP,,,https://natural-baby-2.myshopify.com/products/jabadabado-stacking-toy-teddy?variant=56364668322171,,,£18.48,89138,Jabadabado,1,https://cdn.shopify.com/s/files/1/0690/1977/files/jabadabado-stacking-toy-teddy-flat-3.jpg?v=1786489816,https://cdn.shopify.com/s/files/1/0690/1977/files/jabadabado-stacking-toy-teddy-flat-5.jpg?v=1786489817,,,https://cdn.shopify.com/s/files/1/0690/1977/files/jabadabado-stacking-toy-teddy-flat-4.jpg?v=1786489817,First Toys
https://www.awin1.com/pclick.php?p=45578389088&a=2771700&m=64830,Jabadabado Pull Abacus - Teddy - Teddy,45578389088,52720-25328,https://cdn.shopify.com/s/files/1/0690/1977/files/jabadabado-pull-abacus-teddy-flat.jpg?v=1786575630,"Keep little hands busy with the Jabadabado Pull Abacus – Teddy, a charming wooden rolling toy designed especially for curious toddlers. The sweet teddy bear is easy for little hands to grip and rolls smoothly across carpets and floors, encouraging little ones to crawl, walk and explore. Five colourful balls sit within the teddy’s frame, giving them plenty to move, push and discover while supporting early motor skills and coordination. Made from FSC™-certified wood and thoughtfully designed for little explorers, it makes a lovely first birthday or christening gift.",Sorting & Stacking Toys,13.95,Natural Baby Shower Ltd,64830,Baby Toys,412,https://images2.productserve.com/?w=200&h=200&bg=white&trim=5&t=letterbox&url=ssl%3Acdn.shopify.com%2Fs%2Ffiles%2F1%2F0690%2F1977%2Ffiles%2Fjabadabado-pull-abacus-teddy-flat.jpg%3Fv%3D1786575630&feedId=89138&k=6894b3fe6ec315732b00370463dfca105952afe6,GBP,,,https://natural-baby-2.myshopify.com/products/jabadabado-pull-abacus-teddy?variant=56364668387707,,,£13.95,89138,Jabadabado,1,https://cdn.shopify.com/s/files/1/0690/1977/files/jabadabado-pull-abacus-teddy-lifestyle.jpg?v=1786575633,https://cdn.shopify.com/s/files/1/0690/1977/files/jabadabado-pull-abacus-teddy-flat-2.jpg?v=1786575632,,,https://cdn.shopify.com/s/files/1/0690/1977/files/jabadabado-pull-abacus-teddy-flat-3.jpg?v=1786575634,First Toys
https://www.awin1.com/pclick.php?p=45578389090&a=2771700&m=64830,Jabadabado Play And Learn Box - 12-18 Months,45578389090,52718-01964,https://cdn.shopify.com/s/files/1/0690/1977/files/jabadabado-play-learn-12-18-months-flat.jpg?v=1786575638,"Support little learners as they grow with the Jabadabado Play And Learn Box – 12-18 Months. This thoughtfully curated set includes four engaging toys, each designed to encourage key developmental skills through hands-on play. From matching shapes and colours with the Shape Puzzle to hammering pegs, sorting shapes and stacking cubes, there’s plenty to explore as toddlers build confidence, coordination and problem-solving skills. A lovely way to make everyday learning playful and fun.",Sorting & Stacking Toys,61.95,Natural Baby Shower Ltd,64830,Baby Toys,412,https://images2.productserve.com/?w=200&h=200&bg=white&trim=5&t=letterbox&url=ssl%3Acdn.shopify.com%2Fs%2Ffiles%2F1%2F0690%2F1977%2Ffiles%2Fjabadabado-play-learn-12-18-months-flat.jpg%3Fv%3D1786575638&feedId=89138&k=bbf61d2e4b6a6678ef501dc54efb4a1a43d08cc5,GBP,,,https://natural-baby-2.myshopify.com/products/jabadabado-play-and-learn-box-12-18-months?variant=56364668518779,,,£61.95,89138,Jabadabado,1,https://cdn.shopify.com/s/files/1/0690/1977/files/jabadabado-play-learn-12-18-months-lifestyle-4.jpg?v=1786575640,https://cdn.shopify.com/s/files/1/0690/1977/files/jabadabado-play-learn-12-18-months-flat-3.jpg?v=1786575640,,,https://cdn.shopify.com/s/files/1/0690/1977/files/jabadabado-play-learn-12-18-months-lifestyle-3.jpg?v=1786575641,First Toys
https://www.awin1.com/pclick.php?p=45578389094&a=2771700&m=64830,Jabadabado Stacking Burger,45578389094,52723-72728,https://cdn.shopify.com/s/files/1/0690/1977/files/jabadabado-stacking-burger-flat.jpg?v=1786489850,"Get ready for imaginative mealtimes with the Jabadabado Stacking Burger. This playful wooden burger set lets little ones build their very own burger, choosing which ingredients to stack between the bun. With four menu cards to inspire different combinations, plus fries and a takeaway box, there are plenty of ways to create pretend meals and restaurant adventures. Made from FSC™-certified wood, it’s a fun addition to any play kitchen and a lovely way to encourage creativity, storytelling and role play.",Sorting & Stacking Toys,24,Natural Baby Shower Ltd,64830,Baby Toys,412,https://images2.productserve.com/?w=200&h=200&bg=white&trim=5&t=letterbox&url=ssl%3Acdn.shopify.com%2Fs%2Ffiles%2F1%2F0690%2F1977%2Ffiles%2Fjabadabado-stacking-burger-flat.jpg%3Fv%3D1786489850&feedId=89138&k=b14edf2193f2b7007b05c5d44092ba5c5f2b6008,GBP,,,https://natural-baby-2.myshopify.com/products/jabadabado-stacking-burger?variant=56364668617083,,,£24.00,89138,Jabadabado,1,https://cdn.shopify.com/s/files/1/0690/1977/files/jabadabado-stacking-burger-lifestyle-5.jpg?v=1786489851,https://cdn.shopify.com/s/files/1/0690/1977/files/jabadabado-stacking-burger-lifestyle.jpg?v=1786489852,,,https://cdn.shopify.com/s/files/1/0690/1977/files/jabadabado-stacking-burger-lifestyle-7.jpg?v=1786489853,First Toys
https://www.awin1.com/pclick.php?p=45600552707&a=2771700&m=64830,Maxi-Cosi Lara2 Pushchair - Essential Black,45600552707,44567-EBLK,https://cdn.shopify.com/s/files/1/0690/1977/files/maxi-cosi-lara-2-essential-black-flat.jpg?v=1786722072,"Designed for family adventures big and small, the Maxi-Cosi Lara2 Pushchair is a lightweight, ultra-compact stroller that makes everyday outings and travel wonderfully simple. Suitable from birth up to around 4 years (22kg), it combines exceptional comfort with clever, space-saving design. Weighing just 6.4kg, the Lara2 folds effortlessly with one hand into a compact size that's ideal for car boots, cupboards and even suitable for some airline cabin overhead lockers (check cabin baggage requirements with your airline before travelling). The integrated shoulder strap makes it easy to carry when you're on the move, while two handy storage baskets provide plenty of room for everyday essentials. Your little one will travel in comfort thanks to the soft padded seat with breathable fabrics, three recline positions including a lie-flat option for newborns, and an adjustable leg rest. An extendable UPF 50+ sun canopy with a peek-a-boo ventilation window helps keep them cool, protected and within sight wherever your adventures take you. Compatible with selected Maxi-Cosi infant car seats using adapters (sold separately), the Lara2 easily transforms into a practical travel system. Complete with four-wheel suspension, puncture-proof wheels, a bumper bar and raincover, it's thoughtfully designed to make every journey a little easier for growing families.",Baby Strollers,199.99,Natural Baby Shower Ltd,64830,Baby Products,599,https://images2.productserve.com/?w=200&h=200&bg=white&trim=5&t=letterbox&url=ssl%3Acdn.shopify.com%2Fs%2Ffiles%2F1%2F0690%2F1977%2Ffiles%2Fmaxi-cosi-lara-2-essential-black-flat.jpg%3Fv%3D1786722072&feedId=89138&k=33ab0f14f3d99d83e70e1652185a1dcceb90ec40,GBP,,,https://natural-baby-2.myshopify.com/products/maxi-cosi-lara2-pushchair-essential-black?variant=56342406594939,,,£199.99,89138,Maxi-Cosi,1,https://cdn.shopify.com/s/files/1/0690/1977/files/maxi-cosi-lara2-pushchair-essential-graphite-lifestyle-3_92d1b985-f77d-45ea-9887-82f05438b6b5.jpg?v=1699492710,https://cdn.shopify.com/s/files/1/0690/1977/files/maxi-cosi-lara2-pushchair-essential-graphite-lifestyle_b4531326-502a-4188-845a-154427b5da89.jpg?v=1699492708,,,https://cdn.shopify.com/s/files/1/0690/1977/files/maxi-cosi-lara2-pushchair-essential-graphite-lifestyle-2_9bcb5941-39b0-486d-89ab-dcd75f87ae6e.jpg?v=1699492707,Pram & Pushchair
https://www.awin1.com/pclick.php?p=45576166984&a=2771700&m=64830,Tonies Pokémon - Pikachu - Pikachu,45576166984,52647-74307,https://cdn.shopify.com/s/files/1/0690/1977/files/tonies-pokemon-pikachu-flat.jpg?v=1785889112,"Power up story time with the Tonies Pokémon Pikachu Tonie. Young Trainers simply pop this electrifying Tonie on top of their Toniebox to jump into the Pokémon universe, where action-packed adventures, playful storytelling and fun Trainer Academy facts await. From berry hunts to stormy surprises, every story celebrates friendship, teamwork and discovery, helping little listeners build confidence through imaginative, screen-free play. There's even a thrilling Pokémon battle that puts them right at the heart of the action. Featuring the original cast, this exciting Classic Tonie is perfect for Pokémon fans aged 5+ and works with all Tonieboxes. Catch Pikachu and discover even more Pokémon Tonies to grow your collection. Tracklist: 01. Meet Pikachu 02. Introduction to the World and Characters 03. Story 1: Pikachu and the Very Loud Something 04. Trainer Academy: Berries 05. Pokémon Power Moves 06. Story 2: Pikachu and the Berry Hunt 07. Trainer Academy: Eevee’s Evolutions 08. Story 3: The Storm and the Picnic 09. Concluding Segment ⚠ WARNING. All Tonies contain magnets. Please keep them away from medical components such as defibrillators, shunts, or pacemakers as well as from products sensitive to magnets such as magnetic data carriers, credit cards, or computers.",Baby Toys & Activity Equipment,14.95,Natural Baby Shower Ltd,64830,Baby Toys,412,https://images2.productserve.com/?w=200&h=200&bg=white&trim=5&t=letterbox&url=ssl%3Acdn.shopify.com%2Fs%2Ffiles%2F1%2F0690%2F1977%2Ffiles%2Ftonies-pokemon-pikachu-flat.jpg%3Fv%3D1785889112&feedId=89138&k=de7c4ee84d9ba495fba3dce83b28f91719800991,GBP,,,https://natural-baby-2.myshopify.com/products/tonies-pokemon-pikachu?variant=56346996834683,,,£14.95,89138,tonies,1,https://cdn.shopify.com/s/files/1/0690/1977/files/tonies-pokemon-pikachu-flat-4.jpg?v=1785889114,https://cdn.shopify.com/s/files/1/0690/1977/files/tonies-pokemon-pikachu-flat-3.jpg?v=1785889114,,,https://cdn.shopify.com/s/files/1/0690/1977/files/tonies-pokemon-pikachu-flat-2.jpg?v=1785889115,First Toys
https://www.awin1.com/pclick.php?p=42759226048&a=2771700&m=64830,MORI Monkey Faux Fur Pramsuit - Sesame - 0-3m,42759226048,51017-57365,https://cdn.shopify.com/s/files/1/0690/1977/files/mori-faux-fur-pramsuit-monkey-brown-flat.jpg?v=1755223313,"Bring some playful warmth to chilly days with the MORI Monkey Faux Fur Pramsuit in Sesame. Made from the softest faux fur, this adorable pram suit keeps your little one snug and cosy with a fur-lined hood and covered feet for ultimate comfort. The zip fastening and poppers make dressing super easy, while the elasticated cuffs ensure a secure fit. Whether you're heading out for a winter stroll or lounging at home, this pram suit is a must-have for little adventurers.",Baby & Children's Outerwear,30,Natural Baby Shower Ltd,64830,,,https://images2.productserve.com/?w=200&h=200&bg=white&trim=5&t=letterbox&url=ssl%3Acdn.shopify.com%2Fs%2Ffiles%2F1%2F0690%2F1977%2Ffiles%2Fmori-faux-fur-pramsuit-monkey-brown-flat.jpg%3Fv%3D1755223313&feedId=89138&k=93b4e72581f1387f863bdbaccfbdec0b718d2d54,GBP,,,https://natural-baby-2.myshopify.com/products/mori-monkey-faux-fur-pramsuit-sesame?variant=55613469622651,,,£30.00,89138,MORI,1,https://cdn.shopify.com/s/files/1/0690/1977/files/mori-faux-fur-pramsuit-monkey-brown-flat-2.jpg?v=1755223315,https://cdn.shopify.com/s/files/1/0690/1977/files/mori-faux-fur-pramsuit-monkey-brown-flat-3.jpg?v=1755223316,,,,Baby Outfits
https://www.awin1.com/pclick.php?p=42759226049&a=2771700&m=64830,MORI Monkey Faux Fur Pramsuit - Sesame - 3-6m,42759226049,51017-57372,https://cdn.shopify.com/s/files/1/0690/1977/files/mori-faux-fur-pramsuit-monkey-brown-flat.jpg?v=1755223313,"Bring some playful warmth to chilly days with the MORI Monkey Faux Fur Pramsuit in Sesame. Made from the softest faux fur, this adorable pram suit keeps your little one snug and cosy with a fur-lined hood and covered feet for ultimate comfort. The zip fastening and poppers make dressing super easy, while the elasticated cuffs ensure a secure fit. Whether you're heading out for a winter stroll or lounging at home, this pram suit is a must-have for little adventurers.",Baby & Children's Outerwear,30,Natural Baby Shower Ltd,64830,,,https://images2.productserve.com/?w=200&h=200&bg=white&trim=5&t=letterbox&url=ssl%3Acdn.shopify.com%2Fs%2Ffiles%2F1%2F0690%2F1977%2Ffiles%2Fmori-faux-fur-pramsuit-monkey-brown-flat.jpg%3Fv%3D1755223313&feedId=89138&k=93b4e72581f1387f863bdbaccfbdec0b718d2d54,GBP,,,https://natural-baby-2.myshopify.com/products/mori-monkey-faux-fur-pramsuit-sesame?variant=55613469720955,,,£30.00,89138,MORI,1,https://cdn.shopify.com/s/files/1/0690/1977/files/mori-faux-fur-pramsuit-monkey-brown-flat-2.jpg?v=1755223315,https://cdn.shopify.com/s/files/1/0690/1977/files/mori-faux-fur-pramsuit-monkey-brown-flat-3.jpg?v=1755223316,,,,Baby Outfits
https://www.awin1.com/pclick.php?p=36496689356&a=2771700&m=64830,Yoto Card - 5-Minute Sleepy Stories,36496689356,47897-39817,https://cdn.shopify.com/s/files/1/0690/1977/files/yoto-card-5-minute-sleepy-stories-flat.jpg?v=1699497073,"The Yoto Card: 5-Minute Sleepy Stories will help your little one drift off to dreamland with these five sleepy stories. Gather nuts for the winter with Stanley the Squirrel, meet some new nocturnal friends with Olive the Owl, test out a bunch of fun beds with Bosco the Badger, perfect for bedtime.",Baby Toys & Activity Equipment,7.95,Natural Baby Shower Ltd,64830,Baby Toys,412,https://images2.productserve.com/?w=200&h=200&bg=white&trim=5&t=letterbox&url=ssl%3Acdn.shopify.com%2Fs%2Ffiles%2F1%2F0690%2F1977%2Ffiles%2Fyoto-card-5-minute-sleepy-stories-flat.jpg%3Fv%3D1699497073&feedId=89138&k=60e6c9ff7a91bead92f893e2d18b971236dd4f12,GBP,,,https://natural-baby-2.myshopify.com/products/yoto-5-minute-sleepy-stories?variant=40283716780110,,,£7.95,89138,Yoto,1,,,,,,First Toys
https://www.awin1.com/pclick.php?p=36496686752&a=2771700&m=64830,Yoto Card - The Tale Of Peter Rabbit And Other Stories,36496686752,47919-32542,https://cdn.shopify.com/s/files/1/0690/1977/files/yoto-card-the-tale-peter-rabbit-other-stories-flat.jpg?v=1699497110,The Yoto Card: The Tale Of Peter Rabbit And Other Stories explores the world of Peter Rabbit and more in this collection narrated by Olivia Colman and others. This card includes: The Tale of Peter Rabbit The Tailor of Gloucester The Tale of the Flopsy Bunnies The Tale of Mrs Tiggy-Winkle The Tale of Tom Kitten,Baby Toys & Activity Equipment,9.95,Natural Baby Shower Ltd,64830,Baby Toys,412,https://images2.productserve.com/?w=200&h=200&bg=white&trim=5&t=letterbox&url=ssl%3Acdn.shopify.com%2Fs%2Ffiles%2F1%2F0690%2F1977%2Ffiles%2Fyoto-card-the-tale-peter-rabbit-other-stories-flat.jpg%3Fv%3D1699497110&feedId=89138&k=b4c158f74769864af0dbf272b39908da150c0df2,GBP,,,https://natural-baby-2.myshopify.com/products/yoto-the-tale-of-peter-rabbit-and-other-stories?variant=40283717566542,,,£9.95,89138,Yoto,1,,,,,,First Toys
https://www.awin1.com/pclick.php?p=41045823440&a=2771700&m=64830,Done By Deer Tummy Time Activity Pillow - Tiny Farm Green,41045823440,50590-56720,https://cdn.shopify.com/s/files/1/0690/1977/files/done-by-deer-tummy-time-activity-pillow-tiny-farm-green-flat.jpg?v=1744948120,"Make tummy time both fun and developmental with the Done By Deer Tummy Time Activity Pillow. Specially designed to support your baby’s upper body strength while keeping them entertained, this soft and supportive pillow turns daily practice into a playful experience. Sensory elements like a bell, crinkle sounds, textured fabrics, and colourful tags engage your baby's sense of touch and hearing, while the included silicone clover teether helps soothe sore gums. Crafted from durable canvas with a gentle, soft-touch top, it’s comfy and safe for even the littlest explorers.",Baby Activity Toys,34.95,Natural Baby Shower Ltd,64830,Toys,187,https://images2.productserve.com/?w=200&h=200&bg=white&trim=5&t=letterbox&url=ssl%3Acdn.shopify.com%2Fs%2Ffiles%2F1%2F0690%2F1977%2Ffiles%2Fdone-by-deer-tummy-time-activity-pillow-tiny-farm-green-flat.jpg%3Fv%3D1744948120&feedId=89138&k=1cbcc656d2d0fd605a851959b36d5b858af785cd,GBP,,,https://natural-baby-2.myshopify.com/products/done-by-deer-tummy-time-activity-pillow-tiny-farm-green?variant=55286446850427,,,£34.95,89138,Done by Deer,1,https://cdn.shopify.com/s/files/1/0690/1977/files/done-by-deer-tummy-time-activity-pillow-tiny-farm-green-flat-2.jpg?v=1744948121,https://cdn.shopify.com/s/files/1/0690/1977/files/done-by-deer-tummy-time-activity-pillow-tiny-farm-green-flat-3.jpg?v=1744948121,,,,First Toys
https://www.awin1.com/pclick.php?p=42815446318&a=2771700&m=64830,Purebaby Bear Hooded Towel - Wheat Melange,42815446318,51231-54667,https://cdn.shopify.com/s/files/1/0690/1977/files/purebaby-bear-hooded-towel-wheat-melange-flat.jpg?v=1759531722,"Make bath time extra cosy with the Purebaby Bear Hooded Towel – Wheat Melange. Crafted from 100% certified organic cotton, this soft, absorbent double terry towelling keeps little ones warm and dry from newborn to toddler age. The hood features a sweet bear embroidery and playful ears, adding a touch of charm to every bath. Generously sized at 80cm x 80cm, this towel is gentle on delicate skin and perfect for snuggling straight from the bath.",Bath Towels & Washcloths,25,Natural Baby Shower Ltd,64830,Baby Products,599,https://images2.productserve.com/?w=200&h=200&bg=white&trim=5&t=letterbox&url=ssl%3Acdn.shopify.com%2Fs%2Ffiles%2F1%2F0690%2F1977%2Ffiles%2Fpurebaby-bear-hooded-towel-wheat-melange-flat.jpg%3Fv%3D1759531722&feedId=89138&k=c807002fe01000fad2c067d3c5e4884269380b7c,GBP,,,https://natural-baby-2.myshopify.com/products/purebaby-essential-bear-towel-wheat-melange?variant=55716763402619,,,£25.00,89138,Purebaby,1,https://cdn.shopify.com/s/files/1/0690/1977/files/purebaby-bear-hooded-towel-wheat-melange-lifestyle-3.jpg?v=1759531725,https://cdn.shopify.com/s/files/1/0690/1977/files/purebaby-bear-hooded-towel-wheat-melange-lifestyle.jpg?v=1759531727,,,https://cdn.shopify.com/s/files/1/0690/1977/files/purebaby-bear-hooded-towel-wheat-melange-lifestyle-2.jpg?v=1759531731,Baby Towels
https://www.awin1.com/pclick.php?p=42815446374&a=2771700&m=64830,Purebaby Zip Sleepsuit & Headband Set - Pale Pink Blossom - 0-3m,42815446374,51239-83622,https://cdn.shopify.com/s/files/1/0690/1977/files/purebaby-zip-sleepsuit-headband-set-pale-pink-blossom-flat.jpg?v=1759531929,"The Purebaby Zip Sleepsuit & Headband Set in Pale Pink Blossom is a newborn wardrobe essential designed for both comfort and practicality. Crafted from the softest 100% organic cotton, this gentle set is perfect for day and night wear. The growsuit features a full-length double zip with a protective safety fold, making nappy changes quick and easy while keeping delicate skin safe. Long sleeves, built-in feet, and optional turn-over mittens (sizes up to 12m) ensure your little one stays warm and snug. The matching knot headband with adjustable Velcro adds a sweet finishing touch. Ideal for everyday wear or as part of your hospital checklist, this set is eczema-friendly, breathable, and beautifully soft against baby’s skin.",Baby & Children's Outfits,19.8,Natural Baby Shower Ltd,64830,,,https://images2.productserve.com/?w=200&h=200&bg=white&trim=5&t=letterbox&url=ssl%3Acdn.shopify.com%2Fs%2Ffiles%2F1%2F0690%2F1977%2Ffiles%2Fpurebaby-zip-sleepsuit-headband-set-pale-pink-blossom-flat.jpg%3Fv%3D1759531929&feedId=89138&k=47e6c6c38d5d7fb0015c28767fc50f6af615b833,GBP,,,https://natural-baby-2.myshopify.com/products/purebaby-zip-growsuit-headband-set-pale-pink-blossom?variant=55716765729147,,,£19.80,89138,Purebaby,1,https://cdn.shopify.com/s/files/1/0690/1977/files/purebaby-zip-sleepsuit-headband-set-pale-pink-blossom-lifestyle-3.jpg?v=1759531932,https://cdn.shopify.com/s/files/1/0690/1977/files/purebaby-zip-sleepsuit-headband-set-pale-pink-blossom-lifestyle.jpg?v=1759531934,,,https://cdn.shopify.com/s/files/1/0690/1977/files/purebaby-zip-sleepsuit-headband-set-pale-pink-blossom-lifestyle-2.jpg?v=1759531938,Sleepsuits
https://www.awin1.com/pclick.php?p=42818923057&a=2771700&m=64830,Purebaby Knit Baby Hat  - Wheat Melange - 0-6m,42818923057,51308-41301,https://cdn.shopify.com/s/files/1/0690/1977/files/purebaby-knitted-hat-white-melange-flat-2.jpg?v=1759531942,"Keep your newborn cosy with the Purebaby Knit Baby Hat, made from 100% organic cotton. Soft, breathable, and gentle on delicate skin, this textured beanie features a snug ribbed band to stay secure. Perfect for winter babies or everyday wear, it pairs beautifully with Purebaby’s Knit Cardigan.",Baby & Children's Hats,16,Natural Baby Shower Ltd,64830,,,https://images2.productserve.com/?w=200&h=200&bg=white&trim=5&t=letterbox&url=ssl%3Acdn.shopify.com%2Fs%2Ffiles%2F1%2F0690%2F1977%2Ffiles%2Fpurebaby-knitted-hat-white-melange-flat-2.jpg%3Fv%3D1759531942&feedId=89138&k=ebe4685456fa460fff1989789c8d133464dc8c0f,GBP,,,https://natural-baby-2.myshopify.com/products/purebaby-knit-baby-hat-wheat-melange?variant=55812439998843,,,£16.00,89138,Purebaby,1,https://cdn.shopify.com/s/files/1/0690/1977/files/purebaby-knit-cardigan-white-lifestyle.jpg?v=1759747117,https://cdn.shopify.com/s/files/1/0690/1977/files/purebaby-knitted-hat-white-melange-flat.jpg?v=1759747098,,,,Hats
https://www.awin1.com/pclick.php?p=36496692613&a=2771700&m=64830,ergoPouch Organic Winter Cocoon Swaddle Sleeping Bag - 2.5 TOG - Blue Dragonflies - 3-6m,36496692613,47779-22474,https://cdn.shopify.com/s/files/1/0690/1977/files/ergopouch-organic-coccon-swaddle-bag-2.5-tog-dragonfly-flat.jpg?v=1699494750,"Give your little one the softest, snuggliest start to life with the Cocoon Swaddle Bag 2.5 TOG. Designed to support safe, settled newborn sleep, this clever 2-in-1 swaddle gently cocoons your baby with a firm-yet-stretchy fit that mimics the calming comfort of the womb. The Cocoon’s zip-up design makes bedtime beautifully simple for tired parents - no tricky wrapping, just an easy two-way zip for fuss-free dressing and quick night-time nappy changes. As your baby grows, the arm hole poppers allow you to transition from arms-in swaddling to an arms-out sleeping bag, supporting every stage of their sleep journey. Made from GOTS-certified organic cotton, with a silky-smooth bamboo lining, this swaddle is gentle on sensitive skin and approved by the Eczema Association of Australasia. Soft, breathable and TOG-rated, it helps keep your baby cosy and comfortable through cooler nights. Thoughtfully crafted, sustainably made, and wonderfully soothing, the Cocoon Swaddle Bag helps your newborn feel safe, secure and ready for sweet dreams.",Baby & Children's Sleepwear,44.95,Natural Baby Shower Ltd,64830,,,https://images2.productserve.com/?w=200&h=200&bg=white&trim=5&t=letterbox&url=ssl%3Acdn.shopify.com%2Fs%2Ffiles%2F1%2F0690%2F1977%2Ffiles%2Fergopouch-organic-coccon-swaddle-bag-2.5-tog-dragonfly-flat.jpg%3Fv%3D1699494750&feedId=89138&k=5669fefd3b3c4c14de99bdcb9a8738cf0abb021f,GBP,,,https://natural-baby-2.myshopify.com/products/ergopouch-organic-cocoon-swaddle-bag-2-5-tog-dragonfly?variant=40274810142798,,,£44.95,89138,ergoPouch,1,https://cdn.shopify.com/s/files/1/0690/1977/files/ergopouch-ergococoon-2-5-tog-sage-lifestyle-2.jpg?v=1778165280,https://cdn.shopify.com/s/files/1/0690/1977/files/ergopouch-ergococoon-2-5-tog-sage-lifestyle.jpg?v=1778165281,,,https://cdn.shopify.com/s/files/1/0690/1977/files/ergopouch-ergococoon-2-5-tog-sage-lifestyle-3.jpg?v=1778165282,Baby Sleeping Bags
https://www.awin1.com/pclick.php?p=39173453724&a=2771700&m=64830,TIBA + MARL Alto Changing Backpack - Black,39173453724,49806-11501,https://cdn.shopify.com/s/files/1/0690/1977/files/tiba-marl-alto-changing-backpack-black-flat.jpg?v=1730104722,"The Tiba + Marl Alto Changing Backpack in Black is their lightest and most functional yet. It's padded and crafted from 100% recycled materials. It has 5 external pockets, an insulated bottle holder, a laptop sleeve, bespoke hardware, and a padded changing mat. Whether you wear it as a backpack or attach it to your stroller with the included clips, this drawstring knapsack will help you stay organized. Plus, it's environmentally friendly, made from post-consumer plastic waste and recycled yarn.",Diaper Bags,158,Natural Baby Shower Ltd,64830,Baby Products,599,https://images2.productserve.com/?w=200&h=200&bg=white&trim=5&t=letterbox&url=ssl%3Acdn.shopify.com%2Fs%2Ffiles%2F1%2F0690%2F1977%2Ffiles%2Ftiba-marl-alto-changing-backpack-black-flat.jpg%3Fv%3D1730104722&feedId=89138&k=a884e3a75d1e81f6599e2b2d760d3f57da97060f,GBP,,,https://natural-baby-2.myshopify.com/products/tiba-marl-alto-changing-backpack-black?variant=41885542383694,,,£158.00,89138,TIBA + MARL,1,https://cdn.shopify.com/s/files/1/0690/1977/files/tiba-marl-alto-changing-bag-black-lifestyle-2.jpg?v=1774480510,https://cdn.shopify.com/s/files/1/0690/1977/files/tiba-marl-alto-changing-bag-black-lifestyle.jpg?v=1774480510,,,https://cdn.shopify.com/s/files/1/0690/1977/files/tiba-marl-alto-changing-backpack-black-lifestyle.jpg?v=1774437274,Changing Bag
https://www.awin1.com/pclick.php?p=44254846999&a=2771700&m=64830,Love to Dream Swaddle Up Newborn Sleeping Bag 1.0 Tog - Bows Cream,44254846999,52199-14322,https://cdn.shopify.com/s/files/1/0690/1977/files/love-to-dream-swaddle-up-sleeping-bag-1-tog-bows-cream-flat.jpg?v=1773879938,"The Love to Dream Swaddle Up Sleeping Bag 1.0 Tog is an award-winning swaddle that helps your baby sleep soundly and safely. Designed with patented wings, it encourages the natural ARMS UP position, allowing babies to self-soothe and enjoy longer, uninterrupted sleep. Made from soft, stretchy jersey fabric, it’s gentle on delicate skin while retaining its shape wash after wash. The single-layer 1.0 TOG design keeps your baby comfortably warm in room temperatures of 20–24°C, reducing the risk of overheating. With a twin zipper for effortless nappy changes and a hip-healthy design recognised by the International Hip Dysplasia Institute, this swaddle combines comfort, convenience, and safety in one clever sleep solution.",Baby & Children's Sleepwear,25.49,Natural Baby Shower Ltd,64830,,,https://images2.productserve.com/?w=200&h=200&bg=white&trim=5&t=letterbox&url=ssl%3Acdn.shopify.com%2Fs%2Ffiles%2F1%2F0690%2F1977%2Ffiles%2Flove-to-dream-swaddle-up-sleeping-bag-1-tog-bows-cream-flat.jpg%3Fv%3D1773879938&feedId=89138&k=cb9932b11596113f14df5aabc4220ba26eb90e80,GBP,,,https://natural-baby-2.myshopify.com/products/love-to-dream-swaddle-up-sleeping-bag-1-0-tog-bows-cream?variant=56149577335163,,,£25.49,89138,Love to Dream,1,https://cdn.shopify.com/s/files/1/0690/1977/files/love-to-dream-olive-lifestyle-6_abe1cb5a-3adc-4eec-8e4a-0ab2f8d677e9.jpg?v=1773846094,https://cdn.shopify.com/s/files/1/0690/1977/files/love-to-dream-swaddle-up-sleeping-bag-1-tog-bows-cream-lifestyle.jpg?v=1773879940,,,https://cdn.shopify.com/s/files/1/0690/1977/files/love-to-dream-olive-lifestyle-4_c9cce353-6909-4dfc-a3c5-f7c12f7b6337.jpg?v=1773846094,Baby Sleeping Bags
https://www.awin1.com/pclick.php?p=44254847000&a=2771700&m=64830,Love to Dream Swaddle Up Baby Sleeping Bag 1.0 Tog - Bows Cream,44254847000,52199-14339,https://cdn.shopify.com/s/files/1/0690/1977/files/love-to-dream-swaddle-up-sleeping-bag-1-tog-bows-cream-flat.jpg?v=1773879938,"The Love to Dream Swaddle Up Sleeping Bag 1.0 Tog is an award-winning swaddle that helps your baby sleep soundly and safely. Designed with patented wings, it encourages the natural ARMS UP position, allowing babies to self-soothe and enjoy longer, uninterrupted sleep. Made from soft, stretchy jersey fabric, it’s gentle on delicate skin while retaining its shape wash after wash. The single-layer 1.0 TOG design keeps your baby comfortably warm in room temperatures of 20–24°C, reducing the risk of overheating. With a twin zipper for effortless nappy changes and a hip-healthy design recognised by the International Hip Dysplasia Institute, this swaddle combines comfort, convenience, and safety in one clever sleep solution.",Baby & Children's Sleepwear,25.49,Natural Baby Shower Ltd,64830,,,https://images2.productserve.com/?w=200&h=200&bg=white&trim=5&t=letterbox&url=ssl%3Acdn.shopify.com%2Fs%2Ffiles%2F1%2F0690%2F1977%2Ffiles%2Flove-to-dream-swaddle-up-sleeping-bag-1-tog-bows-cream-flat.jpg%3Fv%3D1773879938&feedId=89138&k=cb9932b11596113f14df5aabc4220ba26eb90e80,GBP,,,https://natural-baby-2.myshopify.com/products/love-to-dream-swaddle-up-sleeping-bag-1-0-tog-bows-cream?variant=56149577367931,,,£25.49,89138,Love to Dream,1,https://cdn.shopify.com/s/files/1/0690/1977/files/love-to-dream-olive-lifestyle-6_abe1cb5a-3adc-4eec-8e4a-0ab2f8d677e9.jpg?v=1773846094,https://cdn.shopify.com/s/files/1/0690/1977/files/love-to-dream-swaddle-up-sleeping-bag-1-tog-bows-cream-lifestyle.jpg?v=1773879940,,,https://cdn.shopify.com/s/files/1/0690/1977/files/love-to-dream-olive-lifestyle-4_c9cce353-6909-4dfc-a3c5-f7c12f7b6337.jpg?v=1773846094,Baby Sleeping Bags
https://www.awin1.com/pclick.php?p=36618597094&a=2771700&m=64830,Yoto Mini Player Adventure Jacket - Frog Soup,36618597094,44796-FS,https://cdn.shopify.com/s/files/1/0690/1977/products/yoto-mini-player-adventure-jacket-frog-soup.jpg?v=1699435792,"The Yoto Mini Adventure Jacket in Frog Soup is the perfect way to personalise and protect your Yoto Mini on all your audio adventures. The Mini Adventure Jacket is a colourful silicone carry case that fits snugly over the Yoto Mini. Protecting it from any small bumps that might occur, it has a wrist strap so little ones can carry it around safely and they are a perfect way to distinguish between little siblings' audio players.",Baby Toys & Activity Equipment,19.95,Natural Baby Shower Ltd,64830,Baby Toys,412,https://images2.productserve.com/?w=200&h=200&bg=white&trim=5&t=letterbox&url=ssl%3Acdn.shopify.com%2Fs%2Ffiles%2F1%2F0690%2F1977%2Fproducts%2Fyoto-mini-player-adventure-jacket-frog-soup.jpg%3Fv%3D1699435792&feedId=89138&k=f4a82d40ecd4c4de2ea752f843c4adef4cd340ea,GBP,,,https://natural-baby-2.myshopify.com/products/yoto-mini-player-adventure-jacket-frog-soup?variant=39701043970126,,,£19.95,89138,Yoto,1,,,,,,First Toys
https://www.awin1.com/pclick.php?p=40477872527&a=2771700&m=64830,Ergobaby Omni Deluxe Carrier - Cotton  - Midnight Blue,40477872527,50350-IDBLU,https://cdn.shopify.com/s/files/1/0690/1977/files/ergobaby-omni-deluxe-midnight-blue-flat-2.jpg?v=1762438958,"Awarded ""Best Overall Carrier"" by Parents Best for Baby 2025. A four-position all-in-one carrier with patented, industry-leading ergonomic support for everyday comfort and versatility plus included convenience features like built-in phone storage, sun/nursing hood and pockets to support everyday parenting.",Baby Carriers,199.9,Natural Baby Shower Ltd,64830,Children's Accessories,539,https://images2.productserve.com/?w=200&h=200&bg=white&trim=5&t=letterbox&url=ssl%3Acdn.shopify.com%2Fs%2Ffiles%2F1%2F0690%2F1977%2Ffiles%2Fergobaby-omni-deluxe-midnight-blue-flat-2.jpg%3Fv%3D1762438958&feedId=89138&k=a7e238d5c98872b4edaeb8e7f96d6c2b626feb76,GBP,,,https://natural-baby-2.myshopify.com/products/ergobaby-omni-deluxe-cotton-midnight-blue?variant=54970715668859,,,£199.90,89138,Ergobaby,1,https://cdn.shopify.com/s/files/1/0690/1977/files/ergobaby-omni-deluxe-midnight-blue-flat-3.jpg?v=1762438958,https://cdn.shopify.com/s/files/1/0690/1977/files/ergobaby-omni-deluxe-cotton-navy-blue-lifestyle-3.jpg?v=1778628437,,,https://cdn.shopify.com/s/files/1/0690/1977/files/ergobaby-omni-deluxe-cotton-navy-blue-flat-2.jpg?v=1778628438,Baby Carrier & Sling
https://www.awin1.com/pclick.php?p=36496685087&a=2771700&m=64830,Elodie Details Baby Overall Pramsuit - Meadow Blossom - 6-12m,36496685087,43877-MBL-6-12m,https://cdn.shopify.com/s/files/1/0690/1977/products/elodie-details-baby-overall-pramsuit-meadow-blossom.jpg?v=1699415557,"Perfect for your little one’s first year of adventures, this versatile Elodie Details Baby Overall Pramsuit easily converts from an overall to a footmuff. With double chest zips for quick access and temperature regulation, it keeps baby cosy and comfortable on every outing - now available at a special clearance price.",Baby & Children's Outerwear,59.97,Natural Baby Shower Ltd,64830,,,https://images2.productserve.com/?w=200&h=200&bg=white&trim=5&t=letterbox&url=ssl%3Acdn.shopify.com%2Fs%2Ffiles%2F1%2F0690%2F1977%2Fproducts%2Felodie-details-baby-overall-pramsuit-meadow-blossom.jpg%3Fv%3D1699415557&feedId=89138&k=1fb5e5cb9406680da70b3c2f316b465356f39bed,GBP,,,https://natural-baby-2.myshopify.com/products/elodie-details-baby-overall-pramsuit-meadow-blossom?variant=39405203587150,,,£59.97,89138,Elodie Details,1,https://cdn.shopify.com/s/files/1/0690/1977/products/elodie-details-baby-overall-pramsuit-meadow-blossom-lifestyle.jpg?v=1699415559,https://cdn.shopify.com/s/files/1/0690/1977/products/elodie-details-baby-overall-pramsuit-meadow-blossom-2.jpg?v=1699415560,,,https://cdn.shopify.com/s/files/1/0690/1977/products/elodie-details-baby-overall-pramsuit-meadow-blossom-3.jpg?v=1699415562,Baby Outfits
https://www.awin1.com/pclick.php?p=36496679576&a=2771700&m=64830,Joolz Changing Backpack - Sandy Taupe,36496679576,47933-81273,https://cdn.shopify.com/s/files/1/0690/1977/files/joolz-changing-backpack-sandy-taupe-flat.jpg?v=1699497249,"The Joolz Changing Backpack in Sandy Taupe has loads of space to fit all of your essentials. Joolz also added an insulated compartment to keep your bottles cold or warm and it comes with a handy changing mat and last but not least, the outside fabric is made from recycled plastic bottles.",Diaper Bags,99.95,Natural Baby Shower Ltd,64830,Baby Products,599,https://images2.productserve.com/?w=200&h=200&bg=white&trim=5&t=letterbox&url=ssl%3Acdn.shopify.com%2Fs%2Ffiles%2F1%2F0690%2F1977%2Ffiles%2Fjoolz-changing-backpack-sandy-taupe-flat.jpg%3Fv%3D1699497249&feedId=89138&k=d1cb0145206e50b62f0b7b021acc412ee9278e91,GBP,,,https://natural-baby-2.myshopify.com/products/joolz-changing-backpack-sandy-taupe?variant=40286808244302,,,£99.95,89138,Joolz,1,https://cdn.shopify.com/s/files/1/0690/1977/files/joolz-changing-backpack-sandy-taupe-flat-2.jpg?v=1699497250,https://cdn.shopify.com/s/files/1/0690/1977/files/joolz-changing-backpack-sandy-taupe-flat-4.jpg?v=1699497252,,,https://cdn.shopify.com/s/files/1/0690/1977/files/joolz-changing-backpack-sandy-taupe-flat-3.jpg?v=1699497253,Changing Bag
https://www.awin1.com/pclick.php?p=44254846997&a=2771700&m=64830,Love to Dream Swaddle Up Newborn Sleeping Bag 1.0 Tog - Moon Olive,44254846997,52199-10492,https://cdn.shopify.com/s/files/1/0690/1977/files/love-to-dream-swaddle-up-sleeping-bag-1-tog-moon-olive-flat.jpg?v=1773879932,"The Love to Dream Swaddle Up Sleeping Bag 1.0 Tog is an award-winning swaddle that helps your baby sleep soundly and safely. Designed with patented wings, it encourages the natural ARMS UP position, allowing babies to self-soothe and enjoy longer, uninterrupted sleep. Made from soft, stretchy jersey fabric, it’s gentle on delicate skin while retaining its shape wash after wash. The single-layer 1.0 TOG design keeps your baby comfortably warm in room temperatures of 20–24°C, reducing the risk of overheating. With a twin zipper for effortless nappy changes and a hip-healthy design recognised by the International Hip Dysplasia Institute, this swaddle combines comfort, convenience, and safety in one clever sleep solution.",Baby & Children's Sleepwear,23.79,Natural Baby Shower Ltd,64830,,,https://images2.productserve.com/?w=200&h=200&bg=white&trim=5&t=letterbox&url=ssl%3Acdn.shopify.com%2Fs%2Ffiles%2F1%2F0690%2F1977%2Ffiles%2Flove-to-dream-swaddle-up-sleeping-bag-1-tog-moon-olive-flat.jpg%3Fv%3D1773879932&feedId=89138&k=78766c4f09acbfb534b855e520eb18eab80cfadc,GBP,,,https://natural-baby-2.myshopify.com/products/love-to-dream-swaddle-up-sleeping-bag-1-0-tog-moon-olive?variant=56149577400699,,,£23.79,89138,Love to Dream,1,https://cdn.shopify.com/s/files/1/0690/1977/files/love-to-dream-olive-lifestyle-6_abe1cb5a-3adc-4eec-8e4a-0ab2f8d677e9.jpg?v=1773846094,https://cdn.shopify.com/s/files/1/0690/1977/files/love-to-dream-swaddle-up-sleeping-bag-1-tog-moon-olive-lifestyle.jpg?v=1773879933,,,https://cdn.shopify.com/s/files/1/0690/1977/files/love-to-dream-olive-lifestyle-4_c9cce353-6909-4dfc-a3c5-f7c12f7b6337.jpg?v=1773846094,Baby Sleeping Bags
https://www.awin1.com/pclick.php?p=44254846998&a=2771700&m=64830,Love to Dream Swaddle Up Baby Sleeping Bag 1.0 Tog - Moon Olive,44254846998,52199-10508,https://cdn.shopify.com/s/files/1/0690/1977/files/love-to-dream-swaddle-up-sleeping-bag-1-tog-moon-olive-flat.jpg?v=1773879932,"The Love to Dream Swaddle Up Sleeping Bag 1.0 Tog is an award-winning swaddle that helps your baby sleep soundly and safely. Designed with patented wings, it encourages the natural ARMS UP position, allowing babies to self-soothe and enjoy longer, uninterrupted sleep. Made from soft, stretchy jersey fabric, it’s gentle on delicate skin while retaining its shape wash after wash. The single-layer 1.0 TOG design keeps your baby comfortably warm in room temperatures of 20–24°C, reducing the risk of overheating. With a twin zipper for effortless nappy changes and a hip-healthy design recognised by the International Hip Dysplasia Institute, this swaddle combines comfort, convenience, and safety in one clever sleep solution.",Baby & Children's Sleepwear,23.79,Natural Baby Shower Ltd,64830,,,https://images2.productserve.com/?w=200&h=200&bg=white&trim=5&t=letterbox&url=ssl%3Acdn.shopify.com%2Fs%2Ffiles%2F1%2F0690%2F1977%2Ffiles%2Flove-to-dream-swaddle-up-sleeping-bag-1-tog-moon-olive-flat.jpg%3Fv%3D1773879932&feedId=89138&k=78766c4f09acbfb534b855e520eb18eab80cfadc,GBP,,,https://natural-baby-2.myshopify.com/products/love-to-dream-swaddle-up-sleeping-bag-1-0-tog-moon-olive?variant=56149577433467,,,£23.79,89138,Love to Dream,1,https://cdn.shopify.com/s/files/1/0690/1977/files/love-to-dream-olive-lifestyle-6_abe1cb5a-3adc-4eec-8e4a-0ab2f8d677e9.jpg?v=1773846094,https://cdn.shopify.com/s/files/1/0690/1977/files/love-to-dream-swaddle-up-sleeping-bag-1-tog-moon-olive-lifestyle.jpg?v=1773879933,,,https://cdn.shopify.com/s/files/1/0690/1977/files/love-to-dream-olive-lifestyle-4_c9cce353-6909-4dfc-a3c5-f7c12f7b6337.jpg?v=1773846094,Baby Sleeping Bags
https://www.awin1.com/pclick.php?p=44323814808&a=2771700&m=64830,CYBEX Mios Style Single Pushchair - Sage Green / Matt Black / With Carrycot,44323814808,52136-51101-SG-MB-CC-MIOS,https://cdn.shopify.com/s/files/1/0690/1977/files/cybex-mios-sepia-black-chrome-brown-flat-7.jpg?v=1774345921,"Designed for modern family life in the city, the CYBEX Mios Style Single Pushchair brings together lightweight design, luxurious comfort, and effortless manoeuvrability. Perfect for busy streets, cafés, and everyday errands, it’s a beautifully compact pushchair that makes getting out and about feel simple. Part of the Platinum Style collection, the Mios features refined details like faux leather trims and elegant stitching, giving it a premium look to match its practical design. Its slim frame glides easily through tight spaces, while all-wheel suspension ensures a smooth, comfortable ride for your little one. From those first newborn days through to toddler adventures, the Mios adapts with your family. Travel system ready, it allows you to switch seamlessly between carrycot, car seat, and seat unit - making every journey, near or far, feel effortless and enjoyable.",Baby Strollers,1029.85,Natural Baby Shower Ltd,64830,Baby Products,599,https://images2.productserve.com/?w=200&h=200&bg=white&trim=5&t=letterbox&url=ssl%3Acdn.shopify.com%2Fs%2Ffiles%2F1%2F0690%2F1977%2Ffiles%2Fcybex-mios-sepia-black-chrome-brown-flat-7.jpg%3Fv%3D1774345921&feedId=89138&k=5d97e624a1adebadbd6b552062421ff95055a616,GBP,,,https://natural-baby-2.myshopify.com/products/cybex-mios-single-pushchair?variant=56166546735483,,,"£1,029.85",89138,Cybex,1,https://cdn.shopify.com/s/files/1/0690/1977/files/cybex-priam-lifestyle-2.jpg?v=1775575206,https://cdn.shopify.com/s/files/1/0690/1977/files/cybex-mios-carrycot-fold-flat.jpg?v=1782442062,,,https://cdn.shopify.com/s/files/1/0690/1977/files/cybex-mios-cozy-beige-chrome-brown-flat-7.jpg?v=1775575206,Pram & Pushchair
https://www.awin1.com/pclick.php?p=44323814810&a=2771700&m=64830,CYBEX Mios Style Single Pushchair - Sage Green / Rose Gold / With Carrycot,44323814810,52136-51101-SG-RG-CC-MIOS,https://cdn.shopify.com/s/files/1/0690/1977/files/cybex-mios-sepia-black-chrome-brown-flat-7.jpg?v=1774345921,"Designed for modern family life in the city, the CYBEX Mios Style Single Pushchair brings together lightweight design, luxurious comfort, and effortless manoeuvrability. Perfect for busy streets, cafés, and everyday errands, it’s a beautifully compact pushchair that makes getting out and about feel simple. Part of the Platinum Style collection, the Mios features refined details like faux leather trims and elegant stitching, giving it a premium look to match its practical design. Its slim frame glides easily through tight spaces, while all-wheel suspension ensures a smooth, comfortable ride for your little one. From those first newborn days through to toddler adventures, the Mios adapts with your family. Travel system ready, it allows you to switch seamlessly between carrycot, car seat, and seat unit - making every journey, near or far, feel effortless and enjoyable.",Baby Strollers,1079.85,Natural Baby Shower Ltd,64830,Baby Products,599,https://images2.productserve.com/?w=200&h=200&bg=white&trim=5&t=letterbox&url=ssl%3Acdn.shopify.com%2Fs%2Ffiles%2F1%2F0690%2F1977%2Ffiles%2Fcybex-mios-sepia-black-chrome-brown-flat-7.jpg%3Fv%3D1774345921&feedId=89138&k=5d97e624a1adebadbd6b552062421ff95055a616,GBP,,,https://natural-baby-2.myshopify.com/products/cybex-mios-single-pushchair?variant=56166546801019,,,"£1,079.85",89138,Cybex,1,https://cdn.shopify.com/s/files/1/0690/1977/files/cybex-priam-lifestyle-2.jpg?v=1775575206,https://cdn.shopify.com/s/files/1/0690/1977/files/cybex-mios-carrycot-fold-flat.jpg?v=1782442062,,,https://cdn.shopify.com/s/files/1/0690/1977/files/cybex-mios-cozy-beige-chrome-brown-flat-7.jpg?v=1775575206,Pram & Pushchair
https://www.awin1.com/pclick.php?p=44323814728&a=2771700&m=64830,CYBEX Mios Ultimate Bundle - Style Collection - Sage Green / Matt Black,44323814728,52132-51873-SG-MB-WB-UB-S-MIOS,https://cdn.shopify.com/s/files/1/0690/1977/files/cybex-mios-ultimate-bundle-style-collection-flat-11.jpg?v=1775575147,"The CYBEX Mios Style Bundle is the ultimate city-ready travel solution for families. At its heart is the sleek, lightweight Mios Style Pushchair, designed for busy urban life - navigating narrow streets, cafés, and public transport with ease. Its compact, agile frame ensures smooth handling while keeping your little one comfortable from birth to toddlerhood. Included is the Fold Carrycot, offering a spacious, plush interior with a breathable mattress. The carrycot folds in half on the frame for convenient storage at home, in the car, or even as hand luggage, making city travel effortless. The bundle also features the award-winning Cloud T i-Size Car Seat PLUS with the Base T ISOFIX, designed for ergonomic recline, safety, and on-the-go comfort from birth to 24 months. Raincovers, car seat adapters, and carrycot adapters are included, ensuring seamless travel from stroller to car and back. With practical features like travel system readiness, one-hand fold, adjustable handlebar, and XXL extendable UPF50+ canopy, this bundle delivers comfort, safety, and convenience in one complete package.",Travel Systems,1449.75,Natural Baby Shower Ltd,64830,Baby Products,599,https://images2.productserve.com/?w=200&h=200&bg=white&trim=5&t=letterbox&url=ssl%3Acdn.shopify.com%2Fs%2Ffiles%2F1%2F0690%2F1977%2Ffiles%2Fcybex-mios-ultimate-bundle-style-collection-flat-11.jpg%3Fv%3D1775575147&feedId=89138&k=8f29227ae18a146c34a89e4acea400a127e7602a,GBP,,,https://natural-baby-2.myshopify.com/products/cybex-mios-ultimate-bundle-style-collection?variant=56170851697019,,,"£1,449.75",89138,Cybex,1,https://cdn.shopify.com/s/files/1/0690/1977/files/cybex-priam-lifestyle-2.jpg?v=1775575206,https://cdn.shopify.com/s/files/1/0690/1977/files/cybex-mios-carrycot-fold-flat.jpg?v=1782442062,,,https://cdn.shopify.com/s/files/1/0690/1977/files/cybex-mios-ultimate-bundle-style-collection-flat-9.jpg?v=1775575147,Travel Bundle
https://www.awin1.com/pclick.php?p=44323814730&a=2771700&m=64830,CYBEX Mios Ultimate Bundle - Style Collection - Sage Green / Rose Gold,44323814730,52132-51873-SG-RG-WB-UB-S-MIOS,https://cdn.shopify.com/s/files/1/0690/1977/files/cybex-mios-ultimate-bundle-style-collection-flat-11.jpg?v=1775575147,"The CYBEX Mios Style Bundle is the ultimate city-ready travel solution for families. At its heart is the sleek, lightweight Mios Style Pushchair, designed for busy urban life - navigating narrow streets, cafés, and public transport with ease. Its compact, agile frame ensures smooth handling while keeping your little one comfortable from birth to toddlerhood. Included is the Fold Carrycot, offering a spacious, plush interior with a breathable mattress. The carrycot folds in half on the frame for convenient storage at home, in the car, or even as hand luggage, making city travel effortless. The bundle also features the award-winning Cloud T i-Size Car Seat PLUS with the Base T ISOFIX, designed for ergonomic recline, safety, and on-the-go comfort from birth to 24 months. Raincovers, car seat adapters, and carrycot adapters are included, ensuring seamless travel from stroller to car and back. With practical features like travel system readiness, one-hand fold, adjustable handlebar, and XXL extendable UPF50+ canopy, this bundle delivers comfort, safety, and convenience in one complete package.",Travel Systems,1499.75,Natural Baby Shower Ltd,64830,Baby Products,599,https://images2.productserve.com/?w=200&h=200&bg=white&trim=5&t=letterbox&url=ssl%3Acdn.shopify.com%2Fs%2Ffiles%2F1%2F0690%2F1977%2Ffiles%2Fcybex-mios-ultimate-bundle-style-collection-flat-11.jpg%3Fv%3D1775575147&feedId=89138&k=8f29227ae18a146c34a89e4acea400a127e7602a,GBP,,,https://natural-baby-2.myshopify.com/products/cybex-mios-ultimate-bundle-style-collection?variant=56170851762555,,,"£1,499.75",89138,Cybex,1,https://cdn.shopify.com/s/files/1/0690/1977/files/cybex-priam-lifestyle-2.jpg?v=1775575206,https://cdn.shopify.com/s/files/1/0690/1977/files/cybex-mios-carrycot-fold-flat.jpg?v=1782442062,,,https://cdn.shopify.com/s/files/1/0690/1977/files/cybex-mios-ultimate-bundle-style-collection-flat-9.jpg?v=1775575147,Travel Bundle
https://www.awin1.com/pclick.php?p=44932514902&a=2771700&m=64830,Play & Go Outdoor Playmat & Toy Bag - Parc - 3+,44932514902,52451-00737,https://cdn.shopify.com/s/files/1/0690/1977/files/play-go-outdoor-playmat-toy-bag-parc-flat-2.jpg?v=1780012582,"Adventure-ready and designed for life outdoors, the Play & Go Outdoor Playmat & Toy Bag makes it easy to enjoy playful moments wherever the day takes you. From beach days and park picnics to garden adventures, this clever 2-in-1 design creates a spacious play space while keeping toys and essentials neatly together. Made from waterproof materials, the Outdoor Playmat provides a practical space for little ones to play, explore, and imagine. Once playtime comes to an end, simply pull the drawstrings to transform it into a compact storage bag, making tidying away quick and effortless. A handy sand escape hole helps shake away mess, while the adjustable carry strap makes it easy to take along on family adventures. Thoughtfully designed for active families, it's a practical companion that helps make outdoor play feel a little simpler.",Outdoor Play Equipment,42.95,Natural Baby Shower Ltd,64830,Outdoor Toys,418,https://images2.productserve.com/?w=200&h=200&bg=white&trim=5&t=letterbox&url=ssl%3Acdn.shopify.com%2Fs%2Ffiles%2F1%2F0690%2F1977%2Ffiles%2Fplay-go-outdoor-playmat-toy-bag-parc-flat-2.jpg%3Fv%3D1780012582&feedId=89138&k=3fb7734cec98620229ff81bdb79b58946baab8e0,GBP,,,https://natural-baby-2.myshopify.com/products/play-go-outdoor-playmat-toy-bag-parc?variant=56267181162875,,,£42.95,89138,Play & Go,1,https://cdn.shopify.com/s/files/1/0690/1977/files/play-go-outdoor-playmat-toy-bag-parc-lifestyle-8.jpg?v=1780012582,https://cdn.shopify.com/s/files/1/0690/1977/files/play-go-outdoor-playmat-toy-bag-parc-lifestyle.jpg?v=1780012585,,,https://cdn.shopify.com/s/files/1/0690/1977/files/play-go-outdoor-playmat-toy-bag-parc-lifestyle-7.jpg?v=1780012584,Play Mat
https://www.awin1.com/pclick.php?p=45075405182&a=2771700&m=64830,Avionaut Pixel 3 Infant Carrier Car Seat - Mint - No Base,45075405182,52510-52262,https://cdn.shopify.com/s/files/1/0690/1977/files/avionaut-pixel-3-car-seat-mint-flat.jpg?v=1780702742,"Meet the Avionaut Pixel 3 Infant Carrier Car Seat - thoughtfully created to keep your little one safe, comfortable and beautifully supported from their very first journeys. Suitable from birth to approximately 13kg (40–86cm), this ultra-lightweight infant carrier weighs under 2.5kg, helping make everyday adventures feel that little bit easier for parents. Designed with your baby's wellbeing at its heart, Pixel 3 combines advanced protection with exceptional comfort. Its innovative EPP shell helps absorb impact energy, creating a protective cocoon around your little one while keeping the seat wonderfully lightweight. The modular insert, developed alongside physiotherapists, supports a naturally healthy position for newborns - including premature babies - helping to encourage comfortable breathing and reduce pressure on delicate little bodies. Finished with breathable AirFlow upholstery and designed with simple, parent-friendly features, the Pixel 3 creates a calm, cosy space for every journey, from first trips home to everyday family moments.",Baby & Toddler Car Seats,239,Natural Baby Shower Ltd,64830,Baby Products,599,https://images2.productserve.com/?w=200&h=200&bg=white&trim=5&t=letterbox&url=ssl%3Acdn.shopify.com%2Fs%2Ffiles%2F1%2F0690%2F1977%2Ffiles%2Favionaut-pixel-3-car-seat-mint-flat.jpg%3Fv%3D1780702742&feedId=89138&k=1e0676c501508a7f1cfc7eb9cd552e186f64bb64,GBP,,,https://natural-baby-2.myshopify.com/products/avionaut-pixel-3-0-infant-carrier-car-seat-mint?variant=56281377309051,,,£239.00,89138,Avionaut,1,https://cdn.shopify.com/s/files/1/0690/1977/files/avionaut-pixel-3-car-seat-mint-flat-9.jpg?v=1780702743,https://cdn.shopify.com/s/files/1/0690/1977/files/avionaut-pixel-3-car-seat-mint-flat-7.jpg?v=1780702743,,,https://cdn.shopify.com/s/files/1/0690/1977/files/avionaut-pixel-3-car-seat-mint-flat-3.jpg?v=1780702745,Car Seats
https://www.awin1.com/pclick.php?p=45075405165&a=2771700&m=64830,Avionaut Pixel 3 Infant Carrier Car Seat - Pink - No Base,45075405165,52510-52255,https://cdn.shopify.com/s/files/1/0690/1977/files/avionaut-pixel-3-car-seat-pink-flat.jpg?v=1780702770,"Meet the Avionaut Pixel 3 Infant Carrier Car Seat - thoughtfully created to keep your little one safe, comfortable and beautifully supported from their very first journeys. Suitable from birth to approximately 13kg (40–86cm), this ultra-lightweight infant carrier weighs under 2.5kg, helping make everyday adventures feel that little bit easier for parents. Designed with your baby's wellbeing at its heart, Pixel 3 combines advanced protection with exceptional comfort. Its innovative EPP shell helps absorb impact energy, creating a protective cocoon around your little one while keeping the seat wonderfully lightweight. The modular insert, developed alongside physiotherapists, supports a naturally healthy position for newborns - including premature babies - helping to encourage comfortable breathing and reduce pressure on delicate little bodies. Finished with breathable AirFlow upholstery and designed with simple, parent-friendly features, the Pixel 3 creates a calm, cosy space for every journey, from first trips home to everyday family moments.",Baby & Toddler Car Seats,239,Natural Baby Shower Ltd,64830,Baby Products,599,https://images2.productserve.com/?w=200&h=200&bg=white&trim=5&t=letterbox&url=ssl%3Acdn.shopify.com%2Fs%2Ffiles%2F1%2F0690%2F1977%2Ffiles%2Favionaut-pixel-3-car-seat-pink-flat.jpg%3Fv%3D1780702770&feedId=89138&k=62a1e5e73426816b20afe404c523c6f866528bd2,GBP,,,https://natural-baby-2.myshopify.com/products/avionaut-pixel-3-0-infant-carrier-car-seat-pink?variant=56281377898875,,,£239.00,89138,Avionaut,1,https://cdn.shopify.com/s/files/1/0690/1977/files/avionaut-pixel-3-car-seat-pink-flat-9.jpg?v=1780702770,https://cdn.shopify.com/s/files/1/0690/1977/files/avionaut-pixel-3-car-seat-pink-flat-7.jpg?v=1780702771,,,https://cdn.shopify.com/s/files/1/0690/1977/files/avionaut-pixel-3-car-seat-pink-flat-3.jpg?v=1780702772,Car Seats
https://www.awin1.com/pclick.php?p=42446024014&a=2771700&m=64830,Avery Row Changing Backpack  - Olive Green,42446024014,51187-57784,https://cdn.shopify.com/s/files/1/0690/1977/files/avery-row-changing-backpack-olive-flat.jpg?v=1755700423,"The Avery Row Changing Backpack in Olive Green is the perfect blend of style, sustainability, and practicality for modern parenting. Crafted from recycled, water-resistant materials with a soft quilted finish, it’s designed to last through newborn days, toddler adventures, and beyond. Spacious and thoughtfully organised, the backpack features multiple compartments including a laptop sleeve, thermal bottle pocket, outer bottle holders, and a zipped valuables section. For extra convenience, it comes with a travel changing mat, insulated pouch, and handy pram clips, making it easy to stay organised wherever family life takes you.",Diaper Bags,160,Natural Baby Shower Ltd,64830,Baby Products,599,https://images2.productserve.com/?w=200&h=200&bg=white&trim=5&t=letterbox&url=ssl%3Acdn.shopify.com%2Fs%2Ffiles%2F1%2F0690%2F1977%2Ffiles%2Favery-row-changing-backpack-olive-flat.jpg%3Fv%3D1755700423&feedId=89138&k=ae1c919d0e6b61606dc7d9500d01bd07b71b40fe,GBP,,,https://natural-baby-2.myshopify.com/products/avery-row-changing-backpack-olive-green?variant=55688104214907,,,£160.00,89138,Avery Row,1,https://cdn.shopify.com/s/files/1/0690/1977/files/avery-row-changing-backpack-olive-lifestyle.jpg?v=1755748351,https://cdn.shopify.com/s/files/1/0690/1977/files/avery-row-changing-backpack-olive-lifestyle-2.jpg?v=1755748352,,,https://cdn.shopify.com/s/files/1/0690/1977/files/avery-row-changing-backpack-olive-lifestyle-3.jpg?v=1755748353,Changing Bag
https://www.awin1.com/pclick.php?p=36496689862&a=2771700&m=64830,Stokke® Sleepi™ V3 Mini Protection Sheet,36496689862,45660,https://cdn.shopify.com/s/files/1/0690/1977/files/stokke-sleepi-mini-protection-sheet-v3-flat.jpg?v=1776381055,"The Stokke® Sleepi™ V3 Mini Protection Sheet is the perfect way to keep your little one's mattress clean and dry. Made from waterproof material, it prevents liquids from being absorbed by the mattress and also features 3D mesh for optimal airflow.",Mattress Encasements,37,Natural Baby Shower Ltd,64830,Baby Products,599,https://images2.productserve.com/?w=200&h=200&bg=white&trim=5&t=letterbox&url=ssl%3Acdn.shopify.com%2Fs%2Ffiles%2F1%2F0690%2F1977%2Ffiles%2Fstokke-sleepi-mini-protection-sheet-v3-flat.jpg%3Fv%3D1776381055&feedId=89138&k=3f08a05715c9d7413001312090518f24e87d1ec9,GBP,,,https://natural-baby-2.myshopify.com/products/stokke-sleepi-mini-protection-sheet-v3?variant=39945505210446,,,£37.00,89138,Stokke,1,,,,,,Bedding & Sheets
https://www.awin1.com/pclick.php?p=38475805890&a=2771700&m=64830,RyRy Scallop Car Seat - All Black,38475805890,45272-AB,https://cdn.shopify.com/s/files/1/0690/1977/files/ryry-scallop-car-seat-all-black-flat.jpg?v=1721259831,"The RyRy Scallop Car Seat in All Black is the perfect car seat for those who are looking for a compact and safe car seat for their little ones. The seat is certified to the highest EU safety standards, meaning that it has been tested for front and rear impact as well as side impact. The Scallop also features a foam pad on either side of the seat, which absorbs kinetic energy in the event of a side impact. In addition to being safe, the Scallop is also environmentally friendly, as it uses less of the planet's resources. The covers are made with sustainable anti-bacterial Merino wool which achieved 16,000 on the Martindale Scale which means it will survive 16,000 abrasions before it wears out. RyRy Scallop is perfect for busy families on the go as it can be moved between your car, taxis or used on vacations. Plus, its sleek and stylish design is sure to complement any car interior.",Baby & Toddler Car Seats,129.95,Natural Baby Shower Ltd,64830,Baby Products,599,https://images2.productserve.com/?w=200&h=200&bg=white&trim=5&t=letterbox&url=ssl%3Acdn.shopify.com%2Fs%2Ffiles%2F1%2F0690%2F1977%2Ffiles%2Fryry-scallop-car-seat-all-black-flat.jpg%3Fv%3D1721259831&feedId=89138&k=e23c3f86a8b4160a0b3f2b2673b95f47c5baa333,GBP,,,https://natural-baby-2.myshopify.com/products/ryry-scallop-car-seat-all-black?variant=41644362137678,,,£129.95,89138,RyRy Compact,1,https://cdn.shopify.com/s/files/1/0690/1977/files/ryry-scallop-car-seat-grey-lifestyle-4_a92c45cd-890b-439c-b235-358817beef4c.jpg?v=1776464008,https://cdn.shopify.com/s/files/1/0690/1977/files/ryry-scallop-car-seat-grey-lifestyle-5_a048fddc-fe6f-404d-a822-6e270af9205e.jpg?v=1776464008,,,,Car Seats
https://www.awin1.com/pclick.php?p=42446024002&a=2771700&m=64830,Avery Row Logo Pram Bag Clips - Soft Black,42446024002,51190-57883,https://cdn.shopify.com/s/files/1/0690/1977/files/avery-row-logo-pram-bag-clips-soft-black-flat.jpg?v=1755698507,"The Avery Row Logo Pram Bag Clips in Soft Black make getting out and about with your little one that much easier. With durable branded webbing straps and sleek matte hardware, these clips are as stylish as they are practical. Designed to attach most changing bags securely to your pram, they free up your hands for what matters most. Perfectly pairing with Avery Row’s Puffy Recycled Nylon Changing Bags, these strong and secure buggy clips are an everyday essential for walks, errands, and adventures with your baby.",Baby Stroller Accessories,15.2,Natural Baby Shower Ltd,64830,Baby Products,599,https://images2.productserve.com/?w=200&h=200&bg=white&trim=5&t=letterbox&url=ssl%3Acdn.shopify.com%2Fs%2Ffiles%2F1%2F0690%2F1977%2Ffiles%2Favery-row-logo-pram-bag-clips-soft-black-flat.jpg%3Fv%3D1755698507&feedId=89138&k=e9caacd8726180035f332f3add5c445698ab3669,GBP,,,https://natural-baby-2.myshopify.com/products/avery-row-logo-pram-bag-clips-soft-black?variant=55688103887227,,,£15.20,89138,Avery Row,1,https://cdn.shopify.com/s/files/1/0690/1977/files/avery-row-logo-pram-bag-clips-soft-black-lifesty_e.jpg?v=1755748276,https://cdn.shopify.com/s/files/1/0690/1977/files/avery-row-logo-pram-bag-clips-soft-black-lifesty_e-2.jpg?v=1755748278,,,,Pram Clips
https://www.awin1.com/pclick.php?p=36496679198&a=2771700&m=64830,The Little Green Sheep - Organic Mattress Protector - Single 90x190cm,36496679198,8897,https://cdn.shopify.com/s/files/1/0690/1977/files/lgs-organic-mattress-protector-cot-90x190-flat.jpg?v=1784128636,"The Little Green Sheep Single 90x190cm Organic Mattress Protector is made from a breathable and extra absorbent luxury cotton, creating a dry and safe sleep environment for your baby.",Mattress Encasements,49,Natural Baby Shower Ltd,64830,Baby Products,599,https://images2.productserve.com/?w=200&h=200&bg=white&trim=5&t=letterbox&url=ssl%3Acdn.shopify.com%2Fs%2Ffiles%2F1%2F0690%2F1977%2Ffiles%2Flgs-organic-mattress-protector-cot-90x190-flat.jpg%3Fv%3D1784128636&feedId=89138&k=b0f6b3ca40d2f9b3637a74a49b4822efc15858e7,GBP,,,https://natural-baby-2.myshopify.com/products/the-little-green-sheep-organic-mattress-protector-single-90x190cm?variant=1098672131,,,£49.00,89138,The Little Green Sheep,1,https://cdn.shopify.com/s/files/1/0690/1977/files/lgs-organic-mattress-protector-cot-90x190-lifestyle.jpg?v=1784128638,https://cdn.shopify.com/s/files/1/0690/1977/files/lgs-organic-mattress-protector-cot-90x190-lifestyle-2.jpg?v=1784128638,,,https://cdn.shopify.com/s/files/1/0690/1977/files/lgs-organic-mattress-protector-cot-90x190-flat-2.jpg?v=1784128639,Bedding & Sheets
https://www.awin1.com/pclick.php?p=45289470168&a=2771700&m=64830,aden + anais Essentials Cotton Muslin Washcloths Set - 3 Pack - Dino Jungle - Dino Jungle,45289470168,52591-56730,https://cdn.shopify.com/s/files/1/0690/1977/files/aden-anais-essentials-cotton-muslin-washcloths-3-pack-dino-jungle-flat.jpg?v=1784155834,"Make bath time that little bit softer with the aden + anais Essentials Cotton Muslin Washcloths Set. Crafted from 100% cotton muslin, these beautifully gentle washcloths are kind to delicate skin while being durable enough for everyday family life. Made with a classic tighter weave for lasting softness, each washcloth becomes a trusted bath time essential for babies, children and the whole family. Their generous size makes washing little hands, faces and bodies easy, while the practical hanging loop allows them to dry neatly between uses. Designed for everyday convenience, these muslin washcloths are machine washable, easy to care for and stay wonderfully soft wash after wash.",Bath Towels & Washcloths,9.95,Natural Baby Shower Ltd,64830,Baby Products,599,https://images2.productserve.com/?w=200&h=200&bg=white&trim=5&t=letterbox&url=ssl%3Acdn.shopify.com%2Fs%2Ffiles%2F1%2F0690%2F1977%2Ffiles%2Faden-anais-essentials-cotton-muslin-washcloths-3-pack-dino-jungle-flat.jpg%3Fv%3D1784155834&feedId=89138&k=af57dca7d744373df5d460d0d4b352efe17fd0f4,GBP,,,https://natural-baby-2.myshopify.com/products/aden-anais-essentials-3-pack-cotton-muslin-washcloths-set-dino-jungle?variant=56313826378107,,,£9.95,89138,aden + anais,1,https://cdn.shopify.com/s/files/1/0690/1977/files/aden-anais-essentials-cotton-muslin-washcloths-3-pack-dino-jungle-lifestyle.jpg?v=1784155835,https://cdn.shopify.com/s/files/1/0690/1977/files/aden-anais-essentials-cotton-muslin-washcloths-3-pack-dino-jungle-lifestyle-2.jpg?v=1784155835,,,,Baby Washcloths
https://www.awin1.com/pclick.php?p=45289470169&a=2771700&m=64830,aden + anais Essentials Cotton Muslin Washcloths Set - 3 Pack - Tanzania - Tanzania,45289470169,52591-56204,https://cdn.shopify.com/s/files/1/0690/1977/files/aden-anais-essentials-cotton-muslin-washcloths-3-pack-tanzania-flat.jpg?v=1784155839,"Make bath time that little bit softer with the aden + anais Essentials Cotton Muslin Washcloths Set. Crafted from 100% cotton muslin, these beautifully gentle washcloths are kind to delicate skin while being durable enough for everyday family life. Made with a classic tighter weave for lasting softness, each washcloth becomes a trusted bath time essential for babies, children and the whole family. Their generous size makes washing little hands, faces and bodies easy, while the practical hanging loop allows them to dry neatly between uses. Designed for everyday convenience, these muslin washcloths are machine washable, easy to care for and stay wonderfully soft wash after wash.",Bath Towels & Washcloths,9.95,Natural Baby Shower Ltd,64830,Baby Products,599,https://images2.productserve.com/?w=200&h=200&bg=white&trim=5&t=letterbox&url=ssl%3Acdn.shopify.com%2Fs%2Ffiles%2F1%2F0690%2F1977%2Ffiles%2Faden-anais-essentials-cotton-muslin-washcloths-3-pack-tanzania-flat.jpg%3Fv%3D1784155839&feedId=89138&k=6a2165ea1147d3400cbca7f18df14a33132d7e12,GBP,,,https://natural-baby-2.myshopify.com/products/aden-anais-essentials-3-pack-cotton-muslin-washcloths-set-tanzania?variant=56313826509179,,,£9.95,89138,aden + anais,1,https://cdn.shopify.com/s/files/1/0690/1977/files/aden-anais-essentials-cotton-muslin-washcloths-3-pack-tanzania-flat-3.jpg?v=1784155839,https://cdn.shopify.com/s/files/1/0690/1977/files/aden-anais-essentials-cotton-muslin-washcloths-3-pack-tanzania-flat-2.jpg?v=1784155840,,,,Baby Washcloths
https://www.awin1.com/pclick.php?p=39928495492&a=2771700&m=64830,Love to Dream Swaddle Up (1.0 Tog) - Cloud Bunny - NB,39928495492,50051-06082-NB,https://cdn.shopify.com/s/files/1/0690/1977/files/love-to-dream-swaddle-u-1tog-cloud-bunny-flat.jpg?v=1740805707,"Love to Dream's multi-award-winning Swaddle Up™ is thoughtfully designed to support your little one’s natural arms-up™ sleep position, allowing them to access their hands for safe self-soothing. With its hip-healthy design and unique wing shape, Swaddle Up™ has been shown to help babies enjoy longer, more restful sleep—giving you precious peace of mind.* Self-soothing is a natural way for babies to settle back to sleep without needing extra help from a caregiver. Many little ones instinctively bring their hands to their mouth or gently rub their cheeks for comfort. The Swaddle Up™'s unique wing design nurtures this instinct, helping your baby feel secure and settled for a better night’s sleep. As your baby grows and begins showing signs of rolling, it’s time to transition to arms-free sleep. The Swaddle Up™ Transition Bag makes this change gentle and easy, helping your little one adjust smoothly while still feeling comforted and secure. Based on a 2017 survey of 1,242 Australian Love To Dream™ customers.",Baby & Children's Sleepwear,25.49,Natural Baby Shower Ltd,64830,,,https://images2.productserve.com/?w=200&h=200&bg=white&trim=5&t=letterbox&url=ssl%3Acdn.shopify.com%2Fs%2Ffiles%2F1%2F0690%2F1977%2Ffiles%2Flove-to-dream-swaddle-u-1tog-cloud-bunny-flat.jpg%3Fv%3D1740805707&feedId=89138&k=bc13b80517bb68565b8fee329925b43422f227b1,GBP,,,https://natural-baby-2.myshopify.com/products/love-to-dream-swaddle-up-1-0-tog-cloud-bunny?variant=54903020388731,,,£25.49,89138,Love to Dream,1,https://cdn.shopify.com/s/files/1/0690/1977/files/love-to-dream-swaddle-u-1tog-cloud-bunny-lifestyle-2.jpg?v=1740805710,https://cdn.shopify.com/s/files/1/0690/1977/files/love-to-dream-swaddle-u-1tog-cloud-bunny-lifestyle.jpg?v=1740805709,,,https://cdn.shopify.com/s/files/1/0690/1977/files/love-to-dream-swaddle-up-2.5-tog-white-dreamer-flat-6.jpg?v=1740725114,Swaddles
https://www.awin1.com/pclick.php?p=39928495493&a=2771700&m=64830,Love to Dream Swaddle Up (1.0 Tog) - Cloud Bunny - S,39928495493,50051-06082,https://cdn.shopify.com/s/files/1/0690/1977/files/love-to-dream-swaddle-u-1tog-cloud-bunny-flat.jpg?v=1740805707,"Love to Dream's multi-award-winning Swaddle Up™ is thoughtfully designed to support your little one’s natural arms-up™ sleep position, allowing them to access their hands for safe self-soothing. With its hip-healthy design and unique wing shape, Swaddle Up™ has been shown to help babies enjoy longer, more restful sleep—giving you precious peace of mind.* Self-soothing is a natural way for babies to settle back to sleep without needing extra help from a caregiver. Many little ones instinctively bring their hands to their mouth or gently rub their cheeks for comfort. The Swaddle Up™'s unique wing design nurtures this instinct, helping your baby feel secure and settled for a better night’s sleep. As your baby grows and begins showing signs of rolling, it’s time to transition to arms-free sleep. The Swaddle Up™ Transition Bag makes this change gentle and easy, helping your little one adjust smoothly while still feeling comforted and secure. Based on a 2017 survey of 1,242 Australian Love To Dream™ customers.",Baby & Children's Sleepwear,25.49,Natural Baby Shower Ltd,64830,,,https://images2.productserve.com/?w=200&h=200&bg=white&trim=5&t=letterbox&url=ssl%3Acdn.shopify.com%2Fs%2Ffiles%2F1%2F0690%2F1977%2Ffiles%2Flove-to-dream-swaddle-u-1tog-cloud-bunny-flat.jpg%3Fv%3D1740805707&feedId=89138&k=bc13b80517bb68565b8fee329925b43422f227b1,GBP,,,https://natural-baby-2.myshopify.com/products/love-to-dream-swaddle-up-1-0-tog-cloud-bunny?variant=54864202170747,,,£25.49,89138,Love to Dream,1,https://cdn.shopify.com/s/files/1/0690/1977/files/love-to-dream-swaddle-u-1tog-cloud-bunny-lifestyle-2.jpg?v=1740805710,https://cdn.shopify.com/s/files/1/0690/1977/files/love-to-dream-swaddle-u-1tog-cloud-bunny-lifestyle.jpg?v=1740805709,,,https://cdn.shopify.com/s/files/1/0690/1977/files/love-to-dream-swaddle-up-2.5-tog-white-dreamer-flat-6.jpg?v=1740725114,Swaddles
https://www.awin1.com/pclick.php?p=40634289211&a=2771700&m=64830,Snuz Twin Pack Crib Sheets - Cashmere - Crib,40634289211,50421-10858,https://cdn.shopify.com/s/files/1/0690/1977/files/snuz-twin-pack-crib-sheets-cashmere-flat-2.jpg?v=1740480897,"Give your little one the softest start with the Snüz Twin Pack Crib Sheets. Made from luxurious jersey cotton, these fitted sheets are beautifully soft, breathable, and designed to help regulate your baby’s temperature for a restful sleep. Perfectly sized to fit SnüzPod Bedside Cribs, they provide a snug and secure fit while maintaining their long-lasting quality wash after wash. Crafted from 100% cotton, they’re gentle on delicate skin and easy to care for - simply machine wash and tumble dry for added convenience.",Bed Sheets,22,Natural Baby Shower Ltd,64830,Baby Products,599,https://images2.productserve.com/?w=200&h=200&bg=white&trim=5&t=letterbox&url=ssl%3Acdn.shopify.com%2Fs%2Ffiles%2F1%2F0690%2F1977%2Ffiles%2Fsnuz-twin-pack-crib-sheets-cashmere-flat-2.jpg%3Fv%3D1740480897&feedId=89138&k=fc61ee63e05d5894186977acf3bdd4e7da7c8eb9,GBP,,,https://natural-baby-2.myshopify.com/products/snuz-twin-pack-crib-sheets-cashmere?variant=55030525854075,,,£22.00,89138,Snuz,1,https://cdn.shopify.com/s/files/1/0690/1977/files/snuz-twin-pack-crib-sheets-cashmere-flat.jpg?v=1740555287,,,,,Bedding & Sheets
https://www.awin1.com/pclick.php?p=40828755144&a=2771700&m=64830,Bugaboo Changing Backpack - Moon Grey,40828755144,44738-48924,https://cdn.shopify.com/s/files/1/0690/1977/files/bugaboo-moon-grey-backpack-flat.jpg?v=1742291348,"A stylish, sustainable, and oh-so-practical backpack for parenting on the go. The Bugaboo Changing Backpack is thoughtfully designed to keep all your baby’s essentials organised, accessible, and stylishly stored. Made from 100% recycled, water-repellent fabrics (the equivalent of 45 repurposed PET bottles), it’s a bag that’s as kind to the planet as it is practical. With multiple pockets, handy clutches, and a padded laptop compartment, it’s perfect for parents who want to stay prepared. Plus, it comes with an insulated bottle holder, a foldable changing mat, and a wipe-clean finish, making life that little bit easier, wherever the day takes you.",Diaper Bags,149.95,Natural Baby Shower Ltd,64830,Baby Products,599,https://images2.productserve.com/?w=200&h=200&bg=white&trim=5&t=letterbox&url=ssl%3Acdn.shopify.com%2Fs%2Ffiles%2F1%2F0690%2F1977%2Ffiles%2Fbugaboo-moon-grey-backpack-flat.jpg%3Fv%3D1742291348&feedId=89138&k=be56de3c3c57cc42d399336dd0a80d5bc3753127,GBP,,,https://natural-baby-2.myshopify.com/products/bugaboo-changing-backpack-moon-grey?variant=55151835906427,,,£149.95,89138,Bugaboo,1,https://cdn.shopify.com/s/files/1/0690/1977/files/bugaboo-moon-grey-backpack-lifestyle-2.jpg?v=1742419972,https://cdn.shopify.com/s/files/1/0690/1977/files/bugaboo-moon-grey-backpack-flat-3.jpg?v=1742291353,,,https://cdn.shopify.com/s/files/1/0690/1977/files/bugaboo-moon-grey-backpack-lifestyle.jpg?v=1742419973,Changing Bag
https://www.awin1.com/pclick.php?p=41547025252&a=2771700&m=64830,Mushie Coin & Tube Sorting Set - Cream Multi,41547025252,50723-02573,https://cdn.shopify.com/s/files/1/0690/1977/files/mushie-coin-tube-sorting-set-flat-10.jpg?v=1748908522,"The Mushie Coin & Tube Sorting Set is a beautifully designed first learning toy that introduces your little one to sorting, matching, and problem-solving through play. With soft, modern colours and a clever scalloped box design, this tactile set includes 20 coins and tubes, plus two interchangeable lids to mix up the fun. Perfect for encouraging fine motor skills and hand-eye coordination from around 10 months, it's a versatile toy that grows with your child, making early learning feel like playtime.",Sorting & Stacking Toys,17.99,Natural Baby Shower Ltd,64830,Baby Toys,412,https://images2.productserve.com/?w=200&h=200&bg=white&trim=5&t=letterbox&url=ssl%3Acdn.shopify.com%2Fs%2Ffiles%2F1%2F0690%2F1977%2Ffiles%2Fmushie-coin-tube-sorting-set-flat-10.jpg%3Fv%3D1748908522&feedId=89138&k=58175c590510731378ea70d95784fdd821c982b0,GBP,,,https://natural-baby-2.myshopify.com/products/mushie-coin-tube-sorting-set-cream-multi?variant=55443285016955,,,£17.99,89138,Mushie,1,https://cdn.shopify.com/s/files/1/0690/1977/files/mushie-coin-tube-sorting-set-flat-6.jpg?v=1748908523,https://cdn.shopify.com/s/files/1/0690/1977/files/mushie-coin-tube-sorting-set-flat.jpg?v=1748908524,,,https://cdn.shopify.com/s/files/1/0690/1977/files/mushie-coin-tube-sorting-set-flat-2.jpg?v=1748908525,First Toys
https://www.awin1.com/pclick.php?p=42215956061&a=2771700&m=64830,Love to Dream Swaddle Up (1.5 Tog) - Twigs Oatmeal - S,42215956061,51188-11314,https://cdn.shopify.com/s/files/1/0690/1977/files/loce-to-dream-swaddle-up-twigs-oatmeal-flat.jpg?v=1756259559,"The Love to Dream Swaddle Up™ (1.5 TOG) is a clever all-season sleep solution, designed to help your little one enjoy longer, more restful slumbers. With its unique Arms Up™ design, babies can safely self-soothe while staying snug and secure. Made with double-layered brushed cotton for extra softness and gentle warmth, it’s perfect for room temperatures between 18–22°C. No tricky wrapping, no loose blankets - just zip, snuggle, and sleep.",Baby & Children's Sleepwear,26.39,Natural Baby Shower Ltd,64830,,,https://images2.productserve.com/?w=200&h=200&bg=white&trim=5&t=letterbox&url=ssl%3Acdn.shopify.com%2Fs%2Ffiles%2F1%2F0690%2F1977%2Ffiles%2Floce-to-dream-swaddle-up-twigs-oatmeal-flat.jpg%3Fv%3D1756259559&feedId=89138&k=1506aacff1e41ae788a485f841f16532768d7930,GBP,,,https://natural-baby-2.myshopify.com/products/love-to-dream-swaddle-up-1-5-tog-twigs-oatmeal?variant=55688485077371,,,£26.39,89138,Love to Dream,1,https://cdn.shopify.com/s/files/1/0690/1977/files/love-to-dream-olive-lifestyle-6_e395acfd-6d24-47c6-bc63-1117ec36f034.jpg?v=1756203929,https://cdn.shopify.com/s/files/1/0690/1977/files/loce-to-dream-swaddle-up-twigs-oatmeal-lifestyle.jpg?v=1756259561,,,https://cdn.shopify.com/s/files/1/0690/1977/files/love-to-dream-olive-lifestyle-4_5d0b8b5f-2755-47d0-badf-ce1a09244522.jpg?v=1756203929,Swaddles
https://www.awin1.com/pclick.php?p=42815446338&a=2771700&m=64830,Purebaby 4 Pack Zip Sleepsuit - Vanilla Nautical Pack - 3-6m,42815446338,51228-37892,https://cdn.shopify.com/s/files/1/0690/1977/files/purebaby-4-pack-zip-sleepsuit-vanilla-nautical-flat.jpg?v=1759531807,"The Purebaby 4 Pack Zip Sleepsuit is a newborn wardrobe essential. Made from 100% soft organic cotton, each sleepsuit features a full-length two-way zip, built-in feet, and fold-over mittens (in sized up to 12m) to keep your baby cosy and protected. Perfect for sleep, play, and everyday wear, this bundle combines comfort, practicality, and timeless style.",Baby & Children's Sleepwear,41.6,Natural Baby Shower Ltd,64830,,,https://images2.productserve.com/?w=200&h=200&bg=white&trim=5&t=letterbox&url=ssl%3Acdn.shopify.com%2Fs%2Ffiles%2F1%2F0690%2F1977%2Ffiles%2Fpurebaby-4-pack-zip-sleepsuit-vanilla-nautical-flat.jpg%3Fv%3D1759531807&feedId=89138&k=fd35f43b08a70c6a00422e9019257cdde20a746d,GBP,,,https://natural-baby-2.myshopify.com/products/purebaby-4-pack-zip-growsuit-vanilla-nautical-pack?variant=55716764385659,,,£41.60,89138,Purebaby,1,https://cdn.shopify.com/s/files/1/0690/1977/files/purebaby-2-pack-sleepsuit-vanilla-nautical-lifestyle-3.jpg?v=1759531809,https://cdn.shopify.com/s/files/1/0690/1977/files/purebaby-2-pack-sleepsuit-vanilla-nautical-lifestyle-2.jpg?v=1759531812,,,https://cdn.shopify.com/s/files/1/0690/1977/files/purebaby-4-pack-zip-sleepsuit-vanilla-nautical-flat-2.jpg?v=1759531814,Sleepsuits
https://www.awin1.com/pclick.php?p=44345681557&a=2771700&m=64830,BabyBjorn Bouncer Bliss Woven Melange - Light Beige - No Bouncer Toy,44345681557,50278-69320,https://cdn.shopify.com/s/files/1/0690/1977/files/BabyBjorn-Bliss-Woven-Melange---Light-Beige---1.jpg?v=1743659839,"The BabyBjorn Bouncer Bliss Woven Melange in Light Beige offers a safe and cosy haven for your little one. The ergonomic bouncer provides gentle rocking which is powered by your baby’s movements, so you can enjoy a little time hands-free. The gentle rocking is comforting for little ones, then as your baby grows and learns how to control the rocking, the rocking becomes fun and challenging, stimulating your baby's balance and motor skills. The bouncer has 3 recline positions, so you can adjust as baby grows - it'll take you all the way from newborn up until 2 years. The Woven Mélange fabric is super soft and comfortable, quick-drying and stylish. The bouncer is lightweight and easy to move around, so great for at home or to take to a friends house. The fabric is removeable and washable, and the fabric seats are interchangeable, so you could keep a spare, or refresh the bouncer for a new baby. Extra fabrics seats and a travel bag are available separately.",Baby Bouncers,169.92,Natural Baby Shower Ltd,64830,,,https://images2.productserve.com/?w=200&h=200&bg=white&trim=5&t=letterbox&url=ssl%3Acdn.shopify.com%2Fs%2Ffiles%2F1%2F0690%2F1977%2Ffiles%2FBabyBjorn-Bliss-Woven-Melange---Light-Beige---1.jpg%3Fv%3D1743659839&feedId=89138&k=e61639bb70ff8ba72dfb84838e400d12fd4eeb4b,GBP,,,https://natural-baby-2.myshopify.com/products/babybjorn-bliss-woven-melange-light-beige?variant=54922762748283,,,£169.92,89138,BabyBjörn,1,https://cdn.shopify.com/s/files/1/0690/1977/files/BabyBjorn-Bliss-Woven-Melange---Light-Beige---4.jpg?v=1743601582,https://cdn.shopify.com/s/files/1/0690/1977/files/BabyBjorn-Bliss-Woven-Melange---Light-Beige---3.jpg?v=1743659841,,,https://cdn.shopify.com/s/files/1/0690/1977/files/babybjorn-bliss-woven-melange-light-beige-lifestyle.jpg?v=1743601582,Baby Rocker & Bouncer
https://www.awin1.com/pclick.php?p=44345681559&a=2771700&m=64830,BabyBjorn Bouncer Bliss Woven Melange - Light Beige - Googly Eyes B+W,44345681559,50278-69320-GBW,https://cdn.shopify.com/s/files/1/0690/1977/files/babybjorn-baby-bouncer-woven-beige-toy-bars-flat-4.jpg?v=1759225082,"The BabyBjorn Bouncer Bliss Woven Melange in Light Beige offers a safe and cosy haven for your little one. The ergonomic bouncer provides gentle rocking which is powered by your baby’s movements, so you can enjoy a little time hands-free. The gentle rocking is comforting for little ones, then as your baby grows and learns how to control the rocking, the rocking becomes fun and challenging, stimulating your baby's balance and motor skills. The bouncer has 3 recline positions, so you can adjust as baby grows - it'll take you all the way from newborn up until 2 years. The Woven Mélange fabric is super soft and comfortable, quick-drying and stylish. The bouncer is lightweight and easy to move around, so great for at home or to take to a friends house. The fabric is removeable and washable, and the fabric seats are interchangeable, so you could keep a spare, or refresh the bouncer for a new baby. Extra fabrics seats and a travel bag are available separately.",Baby Bouncers,194.48,Natural Baby Shower Ltd,64830,,,https://images2.productserve.com/?w=200&h=200&bg=white&trim=5&t=letterbox&url=ssl%3Acdn.shopify.com%2Fs%2Ffiles%2F1%2F0690%2F1977%2Ffiles%2Fbabybjorn-baby-bouncer-woven-beige-toy-bars-flat-4.jpg%3Fv%3D1759225082&feedId=89138&k=d1d134ba6dfb338408cbda911365ed382ad9cd0b,GBP,,,https://natural-baby-2.myshopify.com/products/babybjorn-bliss-woven-melange-light-beige?variant=55750176309627,,,£194.48,89138,BabyBjörn,1,https://cdn.shopify.com/s/files/1/0690/1977/files/BabyBjorn-Bliss-Woven-Melange---Light-Beige---4.jpg?v=1743601582,https://cdn.shopify.com/s/files/1/0690/1977/files/BabyBjorn-Bliss-Woven-Melange---Light-Beige---3.jpg?v=1743659841,,,https://cdn.shopify.com/s/files/1/0690/1977/files/babybjorn-bliss-woven-melange-light-beige-lifestyle.jpg?v=1743601582,Baby Rocker & Bouncer
https://www.awin1.com/pclick.php?p=44345681561&a=2771700&m=64830,BabyBjorn Bouncer Bliss Woven Melange - Light Beige - Googly Eyes Pastel,44345681561,50278-69320-GP,https://cdn.shopify.com/s/files/1/0690/1977/files/babybjorn-baby-bouncer-woven-beige-toy-bars-flat-3.jpg?v=1759225081,"The BabyBjorn Bouncer Bliss Woven Melange in Light Beige offers a safe and cosy haven for your little one. The ergonomic bouncer provides gentle rocking which is powered by your baby’s movements, so you can enjoy a little time hands-free. The gentle rocking is comforting for little ones, then as your baby grows and learns how to control the rocking, the rocking becomes fun and challenging, stimulating your baby's balance and motor skills. The bouncer has 3 recline positions, so you can adjust as baby grows - it'll take you all the way from newborn up until 2 years. The Woven Mélange fabric is super soft and comfortable, quick-drying and stylish. The bouncer is lightweight and easy to move around, so great for at home or to take to a friends house. The fabric is removeable and washable, and the fabric seats are interchangeable, so you could keep a spare, or refresh the bouncer for a new baby. Extra fabrics seats and a travel bag are available separately.",Baby Bouncers,194.48,Natural Baby Shower Ltd,64830,,,https://images2.productserve.com/?w=200&h=200&bg=white&trim=5&t=letterbox&url=ssl%3Acdn.shopify.com%2Fs%2Ffiles%2F1%2F0690%2F1977%2Ffiles%2Fbabybjorn-baby-bouncer-woven-beige-toy-bars-flat-3.jpg%3Fv%3D1759225081&feedId=89138&k=8b47973855ca2645f809554cb1948414a4a3c838,GBP,,,https://natural-baby-2.myshopify.com/products/babybjorn-bliss-woven-melange-light-beige?variant=55750176375163,,,£194.48,89138,BabyBjörn,1,https://cdn.shopify.com/s/files/1/0690/1977/files/BabyBjorn-Bliss-Woven-Melange---Light-Beige---4.jpg?v=1743601582,https://cdn.shopify.com/s/files/1/0690/1977/files/BabyBjorn-Bliss-Woven-Melange---Light-Beige---3.jpg?v=1743659841,,,https://cdn.shopify.com/s/files/1/0690/1977/files/babybjorn-bliss-woven-melange-light-beige-lifestyle.jpg?v=1743601582,Baby Rocker & Bouncer
https://www.awin1.com/pclick.php?p=44345681563&a=2771700&m=64830,BabyBjorn Bouncer Bliss Woven Melange - Light Beige - Soft Friends Sand,44345681563,50278-69320-SFS,https://cdn.shopify.com/s/files/1/0690/1977/files/babybjorn-baby-bouncer-woven-beige-toy-bars-flat-6.jpg?v=1759225086,"The BabyBjorn Bouncer Bliss Woven Melange in Light Beige offers a safe and cosy haven for your little one. The ergonomic bouncer provides gentle rocking which is powered by your baby’s movements, so you can enjoy a little time hands-free. The gentle rocking is comforting for little ones, then as your baby grows and learns how to control the rocking, the rocking becomes fun and challenging, stimulating your baby's balance and motor skills. The bouncer has 3 recline positions, so you can adjust as baby grows - it'll take you all the way from newborn up until 2 years. The Woven Mélange fabric is super soft and comfortable, quick-drying and stylish. The bouncer is lightweight and easy to move around, so great for at home or to take to a friends house. The fabric is removeable and washable, and the fabric seats are interchangeable, so you could keep a spare, or refresh the bouncer for a new baby. Extra fabrics seats and a travel bag are available separately.",Baby Bouncers,199.58,Natural Baby Shower Ltd,64830,,,https://images2.productserve.com/?w=200&h=200&bg=white&trim=5&t=letterbox&url=ssl%3Acdn.shopify.com%2Fs%2Ffiles%2F1%2F0690%2F1977%2Ffiles%2Fbabybjorn-baby-bouncer-woven-beige-toy-bars-flat-6.jpg%3Fv%3D1759225086&feedId=89138&k=52020cc56ae8542c80bbb96472fca7358f7f3292,GBP,,,https://natural-baby-2.myshopify.com/products/babybjorn-bliss-woven-melange-light-beige?variant=55750176440699,,,£199.58,89138,BabyBjörn,1,https://cdn.shopify.com/s/files/1/0690/1977/files/BabyBjorn-Bliss-Woven-Melange---Light-Beige---4.jpg?v=1743601582,https://cdn.shopify.com/s/files/1/0690/1977/files/BabyBjorn-Bliss-Woven-Melange---Light-Beige---3.jpg?v=1743659841,,,https://cdn.shopify.com/s/files/1/0690/1977/files/babybjorn-bliss-woven-melange-light-beige-lifestyle.jpg?v=1743601582,Baby Rocker & Bouncer
https://www.awin1.com/pclick.php?p=43640791676&a=2771700&m=64830,CuddleCo Wedge Changing Mat - Cashmere Waffle,43640791676,51716-54862,https://cdn.shopify.com/s/files/1/0690/1977/files/cuddleco-wedge-changing-mat-cashmere-waffle-flat.jpg?v=1766534208,"Keep nappy changes cosy and simple with the CuddleCo Wedge Changing Mat cover in Cashmere Waffle. Crafted from soft, breathable cotton, the gentle waffle texture adds warmth and a touch of style, while the discreet water-repellent lining protects against little accidents. Fully removable and machine washable, it makes everyday care effortless for parents and comfy for babies.",Changing Mats & Trays,29.95,Natural Baby Shower Ltd,64830,Baby Products,599,https://images2.productserve.com/?w=200&h=200&bg=white&trim=5&t=letterbox&url=ssl%3Acdn.shopify.com%2Fs%2Ffiles%2F1%2F0690%2F1977%2Ffiles%2Fcuddleco-wedge-changing-mat-cashmere-waffle-flat.jpg%3Fv%3D1766534208&feedId=89138&k=900b35aa368c8a965b134820842d1268d74b64b7,GBP,,,https://natural-baby-2.myshopify.com/products/cuddleco-wedge-changing-mat-cashmere-waffle?variant=55975920697723,,,£29.95,89138,CuddleCo,1,https://cdn.shopify.com/s/files/1/0690/1977/files/cuddleco-wedge-changing-mat-cashmere-waffle-lifestyle-2.jpg?v=1766534208,https://cdn.shopify.com/s/files/1/0690/1977/files/cuddleco-wedge-changing-mat-cashmere-waffle-lifestyle.jpg?v=1766534209,,,https://cdn.shopify.com/s/files/1/0690/1977/files/cuddleco-wedge-changing-mat-cashmere-waffle-lifestyle-3.jpg?v=1766534210,Changing Mat
https://www.awin1.com/pclick.php?p=44746647017&a=2771700&m=64830,iCandy Peach 7 Complete Travel System with Pebble 360 Pro 2 - Cookie,44746647017,B3-5010334052793,https://cdn.shopify.com/s/files/1/0690/1977/files/icandy-peach-7-complete-travel-system-pebble-pro-360-cookie-flat_cb7e613e-dda2-4055-9580-9d65bc233d5e.jpg?v=1758632171,"The iCandy Peach 7 Complete Travel System with Pebble 360 Pro 2 includes the iCandy Peach 7, Changing Bag, Footmuff, Parasol, Maxi-Cosi Pebble 360 Pro2 & Base and many more accessories. The iCandy Peach 7 is the ultimate luxury single-to-double pushchair for first-time parents, designed for comfort and style. Suitable from birth with a spacious carrycot for overnight sleeping, it features premium knitted jersey fabrics. Now in its seventh generation, the iCandy Peach excels in functionality, quality, and safety, appealing to parents who value cutting-edge design. It boasts a one-handed fold, carry strap, and can convert to a twin or double pushchair with adaptors. With a high-quality aluminium frame, puncture-proof PU tyres, and an integrated Ride-on Board, it offers an ultra-smooth ride and easy manoeuvrability on all terrains. The Peach 7 includes an ergonomic leatherette handlebar, swivel bumper bar for easy child access, and adjustable handlebar heights from 95 to 105 cm for different partner heights.",Travel Systems,1149.95,Natural Baby Shower Ltd,64830,Baby Products,599,https://images2.productserve.com/?w=200&h=200&bg=white&trim=5&t=letterbox&url=ssl%3Acdn.shopify.com%2Fs%2Ffiles%2F1%2F0690%2F1977%2Ffiles%2Ficandy-peach-7-complete-travel-system-pebble-pro-360-cookie-flat_cb7e613e-dda2-4055-9580-9d65bc233d5e.jpg%3Fv%3D1758632171&feedId=89138&k=d6e7cd775839a91bf93e2d0ea26a3694a539f8b0,GBP,,,https://natural-baby-2.myshopify.com/products/icandy-peach-7-complete-travel-system-with-pebble-360-pro-2?variant=41859884089422,,,"£1,149.95",89138,iCandy,1,https://cdn.shopify.com/s/files/1/0690/1977/files/icandy-peach-7-complete-travel-system-pebble-pro-360--black-flat_8f5f7928-7195-4a03-9558-036f06ae9fca.jpg?v=1758632164,https://cdn.shopify.com/s/files/1/0690/1977/files/icandy-peach-7-complete-travel-system-with-pebble-360-pro-2-porcini-flat.jpg?v=1761695493,,,https://cdn.shopify.com/s/files/1/0690/1977/files/icandy-peach-7-complete-travel-system-pebble-pro-360-truffle-flat_01f09e02-1f31-412c-a01a-8b1508a2d3a8.jpg?v=1761648307,Travel Bundle
https://www.awin1.com/pclick.php?p=36496680154&a=2771700&m=64830,The Little Green Sheep - Organic Mattress Protector - Boori 70x132cm,36496680154,8900,https://cdn.shopify.com/s/files/1/0690/1977/products/mattress-protectors-the-little-green-sheep-organic-mattress-protector-boori-70x132cm-1.jpg?v=1699314927,"Natural coloured mattress protector made to fit the Boori Cot (70x132cm.) This super soft cotton flat mattress protector is 100% waterproof, extra absorbent and breathable. Longer-Lasting Mattress – Our mattress protector helps keep your mattress clean and dry for longer, meaning that it will last for many years to come. Breathable Anti-Dust Mite - Each protector is flat not fitted, allowing the mattress to breathe from the sides and underneath, whilst also providing flexibility when positioning the protector where your baby is lying. It also creates a barrier against dust mites. Super Soft - No more crinkly, plastic mattress protectors. We use super soft 100% organically grown cotton that is free of pesticides and herbicides, and creates a comfy soft support for your baby. 100% Waterproof - We use a safe food grade polyurethane (the same that is used in babies bottles and dummies) sandwiched in between two layers of luxury cotton to create a completely waterproof protector. Extra Absorbent - Unlike plastic coated protectors, the layers of cotton absorb moisture and wetness, preventing any liquid from pooling or running on the surface to help keep your baby clean and dry. Machine washable (up to 60 degrees) and tumble dryer safe (low heat.)",Mattress Encasements,29.95,Natural Baby Shower Ltd,64830,Baby Products,599,https://images2.productserve.com/?w=200&h=200&bg=white&trim=5&t=letterbox&url=ssl%3Acdn.shopify.com%2Fs%2Ffiles%2F1%2F0690%2F1977%2Fproducts%2Fmattress-protectors-the-little-green-sheep-organic-mattress-protector-boori-70x132cm-1.jpg%3Fv%3D1699314927&feedId=89138&k=f178aa0250ffb06eff9336024649fd2c1df5f210,GBP,,,https://natural-baby-2.myshopify.com/products/the-little-green-sheep-organic-mattress-protector-boori?variant=1098672167,,,£29.95,89138,The Little Green Sheep,1,https://cdn.shopify.com/s/files/1/0690/1977/products/mattress-protectors-the-little-green-sheep-organic-mattress-protector-boori-70x132cm-2.jpg?v=1699314928,https://cdn.shopify.com/s/files/1/0690/1977/products/mattress-protectors-the-little-green-sheep-organic-mattress-protector-boori-70x132cm-3.jpg?v=1699314930,,,,Bedding & Sheets
https://www.awin1.com/pclick.php?p=40423633972&a=2771700&m=64830,BIBS Fast Flow Bottle Nipple 2 Pack Latex - Clear - Fast,40423633972,50405-65268,https://cdn.shopify.com/s/files/1/0690/1977/files/bibs-bottle-nipple-2-pack-latex-fast-flow-flat-2.jpg?v=1739854792,"Make the transition from breast to bottle feel as natural as possible with these soft and flexible Natural Rubber Latex Bottle Nipples from BIBS. Designed to closely mimic the feel, shape, and movement of breastfeeding, they offer a familiar and comforting experience for your little one. The gentle, skin-like texture provides a soothing latch, while the anti-colic valve helps to reduce air intake, supporting a smooth milk flow and happier tummies. Crafted from natural rubber latex, derived from the Hevea tree, these nipples are ultra-flexible and designed for comfort. They match the shape of BIBS’ round pacifiers, helping to prevent nipple confusion, and are available in slow, medium, and fast flow rates to suit your baby’s changing feeding pace. Made from 100% food-grade, BPA-free materials and compliant with the European Standard EN14350, they provide a safe and high-quality choice for feeding. Each pack includes two nipples, suitable from birth.",Baby Bottles,5.95,Natural Baby Shower Ltd,64830,Baby Products,599,https://images2.productserve.com/?w=200&h=200&bg=white&trim=5&t=letterbox&url=ssl%3Acdn.shopify.com%2Fs%2Ffiles%2F1%2F0690%2F1977%2Ffiles%2Fbibs-bottle-nipple-2-pack-latex-fast-flow-flat-2.jpg%3Fv%3D1739854792&feedId=89138&k=8611f8239f59899ac02686e4d306a7af5b745a08,GBP,,,https://natural-baby-2.myshopify.com/products/bibs-bottle-nipple-2-pack-latex-fast-flow-clear?variant=55027090260347,,,£5.95,89138,BIBS World,1,https://cdn.shopify.com/s/files/1/0690/1977/files/bibs-bottle-nipple-2-pack-latex-fast-flow-flat.jpg?v=1739854792,,,,,Teats
https://www.awin1.com/pclick.php?p=42468560461&a=2771700&m=64830,BabyBjorn Balance Woven Baby Bouncer - Black Frame - Dark Grey/Grey - Soft Friends Sand,42468560461,38162-GRY-SFS,https://cdn.shopify.com/s/files/1/0690/1977/files/babybjorn-baby-bouncer-grey-toy-bars-flat-6.jpg?v=1773233166,"The BabyBjorn Balance Woven Baby Bouncer in Dark Grey/Grey is an ergonomic baby bouncer with natural rocking where your baby can play or rest. Your baby’s own movements set the baby bouncer gently rocking, which provides great fun for them. The fitted fabric seat is comfortable and gives good support to your baby’s back, neck and head. Bouncer (max 9 kg): Always use the restraint system. Make sure that both buttons are locked. You can adjust between two positions. Stop using the product as a bouncer once your child can sit up without help. Chair (max 13 kg): Use as chair when your child can walk and sit on his or her own. In order to convert the product into a chair, all you have to do is turn the fabric around.",Baby Bouncers,199.58,Natural Baby Shower Ltd,64830,,,https://images2.productserve.com/?w=200&h=200&bg=white&trim=5&t=letterbox&url=ssl%3Acdn.shopify.com%2Fs%2Ffiles%2F1%2F0690%2F1977%2Ffiles%2Fbabybjorn-baby-bouncer-grey-toy-bars-flat-6.jpg%3Fv%3D1773233166&feedId=89138&k=5f591a381698d731462f77f55e7108668545401c,GBP,,,https://natural-baby-2.myshopify.com/products/babybjorn-balance-soft-cotton-baby-bouncer-black-frame-dark-grey-grey?variant=55749642420603,,,£199.58,89138,BabyBjörn,1,https://cdn.shopify.com/s/files/1/0690/1977/files/BabyBjorn-Balance-Woven-Baby-Bouncer---Black-Frame---Dark-Grey-Grey---Lifestyle-1.jpg?v=1773233166,https://cdn.shopify.com/s/files/1/0690/1977/files/BabyBjorn-Balance-Woven-Baby-Bouncer---Black-Frame---Dark-Grey-Grey---Lifestyle-2.jpg?v=1773233166,,,https://cdn.shopify.com/s/files/1/0690/1977/files/BabyBjorn-Balance-Woven-Baby-Bouncer---Black-Frame---Dark-Grey-Grey---Lifestyle-3.jpg?v=1773270974,Baby Rocker & Bouncer
https://www.awin1.com/pclick.php?p=45578389077&a=2771700&m=64830,Jabadabado Train With Blocks - Ice Cream - Ice Cream,45578389077,52728-25670,https://cdn.shopify.com/s/files/1/0690/1977/files/jabadabado-train-blocks-ice-cream-flat-2.jpg?v=1786575596,"Let little imaginations take the lead with the Jabadabado Train With Blocks. This adorable wooden pull-along ice cream truck is ready for all kinds of sweet adventures, from serving up scoops at an imaginary ice cream stand to bringing treats along to a playroom picnic. Little ones can stack the four pastel ice cream cones, build their own creations and pull the truck along, helping to develop motor skills, coordination and creativity through play. Made from tea wood and pine wood, with a charming Scandinavian-inspired design, it’s a lovely first wooden toy for little hands.",Sorting & Stacking Toys,33,Natural Baby Shower Ltd,64830,Baby Toys,412,https://images2.productserve.com/?w=200&h=200&bg=white&trim=5&t=letterbox&url=ssl%3Acdn.shopify.com%2Fs%2Ffiles%2F1%2F0690%2F1977%2Ffiles%2Fjabadabado-train-blocks-ice-cream-flat-2.jpg%3Fv%3D1786575596&feedId=89138&k=a74dd09aee81227e4242da71f880500d41f48f5e,GBP,,,https://natural-baby-2.myshopify.com/products/jabadabado-train-with-blocks-ice-cream?variant=56364668027259,,,£33.00,89138,Jabadabado,1,https://cdn.shopify.com/s/files/1/0690/1977/files/jabadabado-train-blocks-ice-cream-lifestyle-5.jpg?v=1786575599,https://cdn.shopify.com/s/files/1/0690/1977/files/jabadabado-train-blocks-ice-cream-lifestyle-6.jpg?v=1786575599,,,https://cdn.shopify.com/s/files/1/0690/1977/files/jabadabado-train-blocks-ice-cream-lifestyle-2.jpg?v=1786575599,First Toys
https://www.awin1.com/pclick.php?p=45576166977&a=2771700&m=64830,Tonies Pokémon - Squirtle - Squirtle,45576166977,52647-74383,https://cdn.shopify.com/s/files/1/0690/1977/files/tonies-pokemon-squirtle-flat.jpg?v=1785889078,"Join Squirtle for a splash-filled Pokémon adventure with this exciting Tonies Classic Tonie. From sunny seaside discoveries and fun Trainer Academy facts to an action-packed Pokémon battle, this story is full of bravery, curiosity and confidence-building moments that young Trainers will love. Featuring the original cast, this engaging audio story is perfect for playtime, inspiring imaginative adventures and screen-free listening. Simply pop Squirtle on top of a Toniebox and let the Pokémon fun begin. Tracklist: 01. Meet Squirtle 02. Introduction to the World and Characters 03. Story 1: Splash into Summer! 04. Trainer Academy: Poke Balls 05. Pokémon Power Moves 06. Story 2: Squirtle's Beachside Mystery 07. Trainer Academy: First Partner Pokémon 08. Story 3: Camping Trip Troubles 09. Concluding Segment ⚠ WARNING. All Tonies contain magnets. Please keep them away from medical components such as defibrillators, shunts, or pacemakers as well as from products sensitive to magnets such as magnetic data carriers, credit cards, or computers.",Baby Toys & Activity Equipment,14.95,Natural Baby Shower Ltd,64830,Baby Toys,412,https://images2.productserve.com/?w=200&h=200&bg=white&trim=5&t=letterbox&url=ssl%3Acdn.shopify.com%2Fs%2Ffiles%2F1%2F0690%2F1977%2Ffiles%2Ftonies-pokemon-squirtle-flat.jpg%3Fv%3D1785889078&feedId=89138&k=433d3a972f427eaa48c23da8e113c6d67aad845a,GBP,,,https://natural-baby-2.myshopify.com/products/tonies-pokemon-squirtle?variant=56346996605307,,,£14.95,89138,tonies,1,https://cdn.shopify.com/s/files/1/0690/1977/files/tonies-pokemon-squirtle-flat-4.jpg?v=1785889080,https://cdn.shopify.com/s/files/1/0690/1977/files/tonies-pokemon-squirtle-flat-3.jpg?v=1785889081,,,https://cdn.shopify.com/s/files/1/0690/1977/files/tonies-pokemon-squirtle-flat-2.jpg?v=1785889081,First Toys
https://www.awin1.com/pclick.php?p=45576166978&a=2771700&m=64830,Tonies Toniebox 2 Starter Set with Pikachu Tonie - Yellow - Yellow,45576166978,52648-88700,https://cdn.shopify.com/s/files/1/0690/1977/files/tonies-toniebox-starter-set-with-pikachu-tonie-yellow-flat.jpg?v=1785889084,"Power up story time with the Tonies Pikachu Toniebox 2 Starter Set. Perfect for young Pokémon Trainers aged 5+, this screen-free audio player makes it easy to jump into electrifying adventures with the included Pikachu Tonie, packed with exciting stories, fun Trainer Academy facts and action-filled Pokémon moments. Designed especially for growing kids, the Toniebox 2 is robust, intuitive and ready for independent play. Simply pop a Tonie or Tonieplay Game on top to unlock stories, songs, games and more. With interactive Tonieplay, new bedtime features and compatibility with the entire Tonies collection, there's always another adventure waiting. Whether they're discovering Pokémon for the first time or growing their Tonies collection, this Starter Set includes everything they need to get listening straight away. Tracklist: 01. Meet Pikachu 02. Introduction to the World and Characters 03. Story 1: Pikachu and the Very Loud Something 04. Trainer Academy: Berries 05. Pokémon Power Moves 06. Story 2: Pikachu and the Berry Hunt 07. Trainer Academy: Eevee’s Evolutions 08. Story 3: The Storm and the Picnic 09. Concluding Segment ⚠ WARNING. All Tonies contain magnets. Please keep them away from medical components such as defibrillators, shunts, or pacemakers as well as from products sensitive to magnets such as magnetic data carriers, credit cards, or computers.",Baby Toys & Activity Equipment,109.95,Natural Baby Shower Ltd,64830,Baby Toys,412,https://images2.productserve.com/?w=200&h=200&bg=white&trim=5&t=letterbox&url=ssl%3Acdn.shopify.com%2Fs%2Ffiles%2F1%2F0690%2F1977%2Ffiles%2Ftonies-toniebox-starter-set-with-pikachu-tonie-yellow-flat.jpg%3Fv%3D1785889084&feedId=89138&k=9b4f471c358d106c0a4b01b41bbb7da4eacd0c97,GBP,,,https://natural-baby-2.myshopify.com/products/tonies-toniebox-2-starter-set-with-pikachu-tonie-yellow?variant=56346996670843,,,£109.95,89138,tonies,1,https://cdn.shopify.com/s/files/1/0690/1977/files/tonies-toniebox-starter-set-with-pikachu-tonie-yellow-lifestyle.jpg?v=1785889086,https://cdn.shopify.com/s/files/1/0690/1977/files/tonies-toniebox-starter-set-with-pikachu-tonie-yellow-flat-4.jpg?v=1785889086,,,https://cdn.shopify.com/s/files/1/0690/1977/files/tonies-toniebox-starter-set-with-pikachu-tonie-yellow-flat-3.jpg?v=1785889087,First Toys
https://www.awin1.com/pclick.php?p=45576166979&a=2771700&m=64830,Tonies Numberblocks - Learning Adventures Tonieplay Game - Learning Adventures Tonieplay Game,45576166979,52646-83842,https://cdn.shopify.com/s/files/1/0690/1977/files/tonies-numberblocks-leanring-adventures-tonieplay-game-flat.jpg?v=1785889089,"Make learning maths an adventure with the Tonies Numberblocks – Learning Adventures Tonieplay Game. Inspired by the much-loved Numberblocks series, this interactive Tonieplay Game transforms early maths into exciting, hands-on play with fun challenges, stories and games featuring Numberblocks One to Ten. Designed for children aged 3+, little learners can count, compare numbers, solve simple addition puzzles and build confidence through episode-inspired activities, authentic character voices and rewarding musical moments. With 20 interactive audio adventures and increasing levels of difficulty, it's a brilliant way to support early numeracy while keeping playtime engaging and screen-free. Please note, Tonieplay Games are designed exclusively for use with the Toniebox 2 and Tonieplay Controller (both sold separately). ⚠ WARNING. This toy produces flashes that may trigger epilepsy in sensitised individuals. ⚠ WARNING. All Tonies contain magnets. Please keep them away from medical components such as defibrillators, shunts, or pacemakers as well as from products sensitive to magnets such as magnetic data carriers, credit cards, or computers.",Baby Toys & Activity Equipment,19.95,Natural Baby Shower Ltd,64830,Baby Toys,412,https://images2.productserve.com/?w=200&h=200&bg=white&trim=5&t=letterbox&url=ssl%3Acdn.shopify.com%2Fs%2Ffiles%2F1%2F0690%2F1977%2Ffiles%2Ftonies-numberblocks-leanring-adventures-tonieplay-game-flat.jpg%3Fv%3D1785889089&feedId=89138&k=6240570b52803dcaccf1877e9b527a566c7438ea,GBP,,,https://natural-baby-2.myshopify.com/products/tonies-numberblocks-learning-adventures-tonieplay-game?variant=56346996638075,,,£19.95,89138,tonies,1,https://cdn.shopify.com/s/files/1/0690/1977/files/tonies-numberblocks-leanring-adventures-tonieplay-game-lifestyle.jpg?v=1785889091,https://cdn.shopify.com/s/files/1/0690/1977/files/tonies-numberblocks-leanring-adventures-tonieplay-game-flat-6.jpg?v=1785889091,,,https://cdn.shopify.com/s/files/1/0690/1977/files/tonies-numberblocks-leanring-adventures-tonieplay-game-flat-5.jpg?v=1785889092,First Toys
https://www.awin1.com/pclick.php?p=36496681963&a=2771700&m=64830,Bugaboo Changing Backpack - Midnight Black,36496681963,44738-MB,https://cdn.shopify.com/s/files/1/0690/1977/products/bugaboo-backpack-midnight-black.jpg?v=1699433773,"A stylish, sustainable, and oh-so-practical backpack for parenting on the go. The Bugaboo Changing Backpack is thoughtfully designed to keep all your baby’s essentials organised, accessible, and stylishly stored. Made from 100% recycled, water-repellent fabrics (the equivalent of 45 repurposed PET bottles), it’s a bag that’s as kind to the planet as it is practical. With multiple pockets, handy clutches, and a padded laptop compartment, it’s perfect for parents who want to stay prepared. Plus, it comes with an insulated bottle holder, a foldable changing mat, and a wipe-clean finish, making life that little bit easier, wherever the day takes you.",Diaper Bags,112.46,Natural Baby Shower Ltd,64830,Baby Products,599,https://images2.productserve.com/?w=200&h=200&bg=white&trim=5&t=letterbox&url=ssl%3Acdn.shopify.com%2Fs%2Ffiles%2F1%2F0690%2F1977%2Fproducts%2Fbugaboo-backpack-midnight-black.jpg%3Fv%3D1699433773&feedId=89138&k=1695d53c7a8b69523add82877b252924fb1c3b4c,GBP,,,https://natural-baby-2.myshopify.com/products/bugaboo-backpack-midnight-black?variant=39664313237582,,,£112.46,89138,Bugaboo,1,https://cdn.shopify.com/s/files/1/0690/1977/products/bugaboo-backpack-midnight-black-3.jpg?v=1699433774,https://cdn.shopify.com/s/files/1/0690/1977/products/bugaboo-backpack-midnight-black-2.jpg?v=1699433776,,,,Changing Bag
https://www.awin1.com/pclick.php?p=36496689870&a=2771700&m=64830,Stokke® Sleepi™ V3 Protection Sheet,36496689870,45661,https://cdn.shopify.com/s/files/1/0690/1977/files/stokke-sleepi-protection-sheet-v3-fkat.jpg?v=1776381055,"The Stokke® Sleepi™ V3 Protection Sheet is the perfect way to keep your little one's mattress clean and dry. Made from waterproof material, it prevents liquids from being absorbed by the mattress and also features 3D mesh for optimal airflow.",Mattress Encasements,43,Natural Baby Shower Ltd,64830,Baby Products,599,https://images2.productserve.com/?w=200&h=200&bg=white&trim=5&t=letterbox&url=ssl%3Acdn.shopify.com%2Fs%2Ffiles%2F1%2F0690%2F1977%2Ffiles%2Fstokke-sleepi-protection-sheet-v3-fkat.jpg%3Fv%3D1776381055&feedId=89138&k=e8fc8587a3d291510b0ad1b3c5c8305aa10651d0,GBP,,,https://natural-baby-2.myshopify.com/products/stokke-sleepi-protection-sheet-v3?variant=39945505308750,,,£43.00,89138,Stokke,1,,,,,,Bedding & Sheets
https://www.awin1.com/pclick.php?p=45570792735&a=2771700&m=64830,Lassig Swaddle & Burp Blankets - Happy Rascals - Lavender - Heart - Medium,45570792735,48062-31751,https://cdn.shopify.com/s/files/1/0690/1977/files/lassig-swaddle-burp-blanket-happy-rascals-smily-heart-lavendar-flat.jpg?v=1700802913,"The Lassig Swaddle + Burp Blanket 3 Pack in Happy Rascals Lavender Heart is made of 100% breathable, easy-care, pre-washed cotton and can be used as a burp or swaddle cloth. The cloths stay beautifully soft after multiple washes, thanks to the softness guarantee, and are machine washable at 60c.",Swaddling Blankets,16.95,Natural Baby Shower Ltd,64830,Baby Products,599,https://images2.productserve.com/?w=200&h=200&bg=white&trim=5&t=letterbox&url=ssl%3Acdn.shopify.com%2Fs%2Ffiles%2F1%2F0690%2F1977%2Ffiles%2Flassig-swaddle-burp-blanket-happy-rascals-smily-heart-lavendar-flat.jpg%3Fv%3D1700802913&feedId=89138&k=bf569494b8684a6721e0efb8659bfb724b2234f7,GBP,,,https://natural-baby-2.myshopify.com/products/lassig-swaddle-burp-blanket-happy-rascals-lavender-heart?variant=40339984416846,,,£16.95,89138,Lassig,1,,,,,,Baby Blankets
https://www.awin1.com/pclick.php?p=45198159646&a=2771700&m=64830,Tutti Bambini Luxury Wood & Muslin Playgym - Love Cats,45198159646,52043-90951,https://cdn.shopify.com/s/files/1/0690/1977/files/tutti-bambini-luxury-wood-muslin-playgym-love-cats-flat.jpg?v=1772757631,"Encourage curiosity, sensory play, and tummy time with the Luxury Wood & Muslin Playgym – Love Cats from Tutti Bambini. Featuring a beautifully crafted wooden arch and a soft muslin playmat shaped like a playful leopard face, this play gym is designed to delight little adventurers while supporting early development. Hanging plush muslin toys with friendly faces and spotted tails spark grasping and exploration, making every play session engaging and fun. Made from natural materials, the Love Cats play gym combines style, durability, and imaginative play, becoming a standout favourite for nursery or playroom alike.",Play Gyms,89,Natural Baby Shower Ltd,64830,Baby Toys,412,https://images2.productserve.com/?w=200&h=200&bg=white&trim=5&t=letterbox&url=ssl%3Acdn.shopify.com%2Fs%2Ffiles%2F1%2F0690%2F1977%2Ffiles%2Ftutti-bambini-luxury-wood-muslin-playgym-love-cats-flat.jpg%3Fv%3D1772757631&feedId=89138&k=c161a489277cd008f1a8003b2f1400f3764f0f15,GBP,,,https://natural-baby-2.myshopify.com/products/tutti-bambini-luxury-wood-muslin-playgym-love-cats?variant=56057659064699,,,£89.00,89138,Tutti Bambini,1,https://cdn.shopify.com/s/files/1/0690/1977/files/tutti-bambini-luxury-wood-muslin-playgym-love-cats-lifestyle-6.jpg?v=1772709992,https://cdn.shopify.com/s/files/1/0690/1977/files/tutti-bambini-luxury-wood-muslin-playgym-love-cats-lifestyle-4.jpg?v=1772709992,,,https://cdn.shopify.com/s/files/1/0690/1977/files/tutti-bambini-luxury-wood-muslin-playgym-love-cats-flat-2.jpg?v=1772757632,Play Mat
https://www.awin1.com/pclick.php?p=36904756763&a=2771700&m=64830,Tutti Bambini Cot Bed Fitted Sheets - 2 Pack - Cocoon,36904756763,48217-58500,https://cdn.shopify.com/s/files/1/0690/1977/files/tutti-bambini-cot-bed-fitted-sheets-2-pack-cocoon-flat-6.jpg?v=1700005332,"Keep your little one cosy and comfortable with the Tutti Bambini Cot Bed Fitted Sheets. Made from soft, breathable bamboo jersey, these fully tailored sheets stay snug all night while providing a gentle, soothing touch for baby. Double-stitched seams ensure long-lasting durability, and the easy-care fabric washes beautifully. With simple, stylish designs, they’re perfect for any nursery.",Bed Sheets,32,Natural Baby Shower Ltd,64830,Baby Products,599,https://images2.productserve.com/?w=200&h=200&bg=white&trim=5&t=letterbox&url=ssl%3Acdn.shopify.com%2Fs%2Ffiles%2F1%2F0690%2F1977%2Ffiles%2Ftutti-bambini-cot-bed-fitted-sheets-2-pack-cocoon-flat-6.jpg%3Fv%3D1700005332&feedId=89138&k=015fd79801988b3f77f2f195cc038b093c1254c9,GBP,,,https://natural-baby-2.myshopify.com/products/tutti-bambini-cot-bed-fitted-sheets-2-pack-cocoon?variant=40397855391822,,,£32.00,89138,Tutti Bambini,1,https://cdn.shopify.com/s/files/1/0690/1977/files/tutti-bambini-cot-bed-fitted-sheets-2-pack-cocoon-flat-8.jpg?v=1700005335,https://cdn.shopify.com/s/files/1/0690/1977/files/tutti-bambini-cot-bed-fitted-sheets-2-pack-cocoon-flat-7.jpg?v=1700005339,,,https://cdn.shopify.com/s/files/1/0690/1977/files/tutti-bambini-cot-bed-fitted-sheets-2-pack-cocoon-flat-5.jpg?v=1700005343,Bedding & Sheets
https://www.awin1.com/pclick.php?p=38046935774&a=2771700&m=64830,Maxi-Cosi Pebble S Car Seat - Tonal Black - No Base,38046935774,48792-05599,https://cdn.shopify.com/s/files/1/0690/1977/files/maxi-cosi-pebble-stonal-black-flat.jpg?v=1716363872,"The Maxi-Cosi Pebble S is designed to make every journey easier, safer and more comfortable from day one. Weighing just 3.2kg, it’s one of the lightest infant car seats available - perfect for everyday lifting, carrying and quick trips in and out of the car. Despite its lightweight design, Pebble S delivers outstanding safety, meeting the latest i-Size (R129/03) standards and featuring integrated G-CELL Side Impact Protection for superior defence in the event of a collision. Suitable from 40–83cm (birth to approx. 15 months), Pebble S is thoughtfully engineered to support even the tiniest travellers, including premature babies. The soft baby-hugg inlay with removable bottom cushion and integrated head pillow ensures a snug, ergonomic fit and cosy comfort as your little one grows. Daily use is effortless thanks to the intuitive Click & Go installation (when used with the FamilyFix S ISOFIX base, sold separately), making it quick and secure to get on the move. The ergonomic release button helps you lift the seat smoothly from either side of the car, reducing strain during busy days. Made with 100% recycled Eco Care fabrics, Pebble S offers gentle, breathable comfort without harmful chemicals, and the cover can be easily removed and machine-washed for everyday freshness. Combined with the protective sun canopy, your baby can enjoy a safer, cooler, and more peaceful ride, wherever your adventures take you.",Baby & Toddler Car Seats,149.95,Natural Baby Shower Ltd,64830,Baby Products,599,https://images2.productserve.com/?w=200&h=200&bg=white&trim=5&t=letterbox&url=ssl%3Acdn.shopify.com%2Fs%2Ffiles%2F1%2F0690%2F1977%2Ffiles%2Fmaxi-cosi-pebble-stonal-black-flat.jpg%3Fv%3D1716363872&feedId=89138&k=369f8c2d4d5e5dd76ff4d039984fb2b999da876c,GBP,,,https://natural-baby-2.myshopify.com/products/maxi-cosi-pebble-s-car-seat-tonal-black?variant=40691020398670,,,£149.95,89138,Maxi-Cosi,1,https://cdn.shopify.com/s/files/1/0690/1977/files/maxi-cosi-pebble-s-lifestyle-5_9cc43a9d-e2db-4420-9727-68667ded82d8.jpg?v=1721435043,https://cdn.shopify.com/s/files/1/0690/1977/files/maxi-cosi-pebble-s-lifestyle-2_fd32d8f7-2e0d-4e29-8c0f-172a8cade540.jpg?v=1721435046,,,https://cdn.shopify.com/s/files/1/0690/1977/files/maxi-cosi-pebble-s-lifestyle_8b748981-90dd-4c20-a46f-9e2166c1aac4.jpg?v=1721435050,Car Seats
https://www.awin1.com/pclick.php?p=36496685561&a=2771700&m=64830,SnuzBaskit Waterproof Mattress Protector,36496685561,46028,https://cdn.shopify.com/s/files/1/0690/1977/files/snuz-snuzbaskit-waterproof-mattress-protector-flat.jpg?v=1782434158,"This SnuzBaskit Waterproof Mattress Protector is made from luxurious cotton, it offers your baby the best comfort and protection. In-between the two layers of 100% brushed cotton is a waterproof layer, making the surface 100% waterproof – great for any spillages or dribbles.",Mattress Encasements,18,Natural Baby Shower Ltd,64830,Baby Products,599,https://images2.productserve.com/?w=200&h=200&bg=white&trim=5&t=letterbox&url=ssl%3Acdn.shopify.com%2Fs%2Ffiles%2F1%2F0690%2F1977%2Ffiles%2Fsnuz-snuzbaskit-waterproof-mattress-protector-flat.jpg%3Fv%3D1782434158&feedId=89138&k=778edea25606b7c5fa322b75bbcc4376e0fe1800,GBP,,,https://natural-baby-2.myshopify.com/products/snuzbaskit-waterproof-mattress-protector?variant=40084715110478,,,£18.00,89138,Snuz,1,,,,,,Bedding & Sheets
https://www.awin1.com/pclick.php?p=40979529746&a=2771700&m=64830,Stokke® Sleepi™ V3 Mini Crib - Warm Brown - No Mattress,40979529746,50375-13047,https://cdn.shopify.com/s/files/1/0690/1977/files/stokke-sleepi-warm-brown-mini-flat_e71c1563-896f-475d-a516-cef3477563fa.jpg?v=1776294527,"The Stokke® Sleepi™ V3 Mini Crib in Warm Brown is the perfect first bed for your newborn, offering a snug and secure environment that mirrors the comforting feel of the womb. Its soft, oval shape and gentle curves create a sense of security, ensuring your little one enjoys restful sleep from the very start. As your child grows, the Stokke® Sleepi™ Mini adapts to their needs, offering extended use from newborn through to approximately 5 years when paired with the optional extension kit (sold separately). Designed with space in mind, the Stokke® Sleepi™ Mini is ideal for smaller nurseries. At just 67 cm wide, it fits through doorways with ease and can be effortlessly moved from room to room. The crib’s lockable swivel wheels allow you to keep your baby close, and provide a gentle rocking motion to soothe them to sleep. With a height-adjustable base, lifting your little one in and out of the crib becomes a breeze. The timeless Scandinavian design seamlessly integrates into any nursery, providing a stylish and secure sleeping space for your child. Safety is a top priority with the Stokke® Sleepi™ Mini. It features curved edges with no sharp corners and a perforated mattress bottom that ensures maximum air circulation, helping maintain a breathable environment. Crafted from sturdy beech wood with a non-toxic finish, this crib is built for longevity. The 4 adjustable mattress levels provide flexibility, allowing the crib to grow with your child. The Stokke® Sleepi™ Mini is designed to last for years, especially when paired with the optional extension kit (sold separately). It’s not only durable but also made from FSC®-certified wood sourced from responsibly managed forests, making it both environmentally friendly and built to stand the test of time.",Cribs & Toddler Beds,335,Natural Baby Shower Ltd,64830,Beds,451,https://images2.productserve.com/?w=200&h=200&bg=white&trim=5&t=letterbox&url=ssl%3Acdn.shopify.com%2Fs%2Ffiles%2F1%2F0690%2F1977%2Ffiles%2Fstokke-sleepi-warm-brown-mini-flat_e71c1563-896f-475d-a516-cef3477563fa.jpg%3Fv%3D1776294527&feedId=89138&k=dc6bdd6ca4980f1b3c39c35212aa44bd0ba683c9,GBP,,,https://natural-baby-2.myshopify.com/products/stokke-sleepi-v3-mini-crib-warm-brown?variant=54982241190267,,,£335.00,89138,Stokke,1,https://cdn.shopify.com/s/files/1/0690/1977/files/stokke-sleepi-warm-brown-mini-lifestyle-3.jpg?v=1776264708,https://cdn.shopify.com/s/files/1/0690/1977/files/stokke-sleepi-mini-lifestyle-4.jpg?v=1776264708,,,https://cdn.shopify.com/s/files/1/0690/1977/files/stokke-sleepi-warm-brown-mini-lifestyle-4.jpg?v=1776264708,Next-to-Me Crib
https://www.awin1.com/pclick.php?p=41357140976&a=2771700&m=64830,Stokke® Sleepi™ V3 Mini Crib - Warm Brown - With Mattress,41357140976,50375-13047-WM,https://cdn.shopify.com/s/files/1/0690/1977/files/stokke-sleepi-warm-brown-mini-flat-2.jpg?v=1776294530,"The Stokke® Sleepi™ V3 Mini Crib in Warm Brown is the perfect first bed for your newborn, offering a snug and secure environment that mirrors the comforting feel of the womb. Its soft, oval shape and gentle curves create a sense of security, ensuring your little one enjoys restful sleep from the very start. As your child grows, the Stokke® Sleepi™ Mini adapts to their needs, offering extended use from newborn through to approximately 5 years when paired with the optional extension kit (sold separately). Designed with space in mind, the Stokke® Sleepi™ Mini is ideal for smaller nurseries. At just 67 cm wide, it fits through doorways with ease and can be effortlessly moved from room to room. The crib’s lockable swivel wheels allow you to keep your baby close, and provide a gentle rocking motion to soothe them to sleep. With a height-adjustable base, lifting your little one in and out of the crib becomes a breeze. The timeless Scandinavian design seamlessly integrates into any nursery, providing a stylish and secure sleeping space for your child. Safety is a top priority with the Stokke® Sleepi™ Mini. It features curved edges with no sharp corners and a perforated mattress bottom that ensures maximum air circulation, helping maintain a breathable environment. Crafted from sturdy beech wood with a non-toxic finish, this crib is built for longevity. The 4 adjustable mattress levels provide flexibility, allowing the crib to grow with your child. The Stokke® Sleepi™ Mini is designed to last for years, especially when paired with the optional extension kit (sold separately). It’s not only durable but also made from FSC®-certified wood sourced from responsibly managed forests, making it both environmentally friendly and built to stand the test of time.",Cribs & Toddler Beds,454,Natural Baby Shower Ltd,64830,Beds,451,https://images2.productserve.com/?w=200&h=200&bg=white&trim=5&t=letterbox&url=ssl%3Acdn.shopify.com%2Fs%2Ffiles%2F1%2F0690%2F1977%2Ffiles%2Fstokke-sleepi-warm-brown-mini-flat-2.jpg%3Fv%3D1776294530&feedId=89138&k=f692715842b9a68a38b1cf21d4e783efdc1e8ef9,GBP,,,https://natural-baby-2.myshopify.com/products/stokke-sleepi-v3-mini-crib-warm-brown?variant=55441922556283,,,£454.00,89138,Stokke,1,https://cdn.shopify.com/s/files/1/0690/1977/files/stokke-sleepi-warm-brown-mini-lifestyle-3.jpg?v=1776264708,https://cdn.shopify.com/s/files/1/0690/1977/files/stokke-sleepi-mini-lifestyle-4.jpg?v=1776264708,,,https://cdn.shopify.com/s/files/1/0690/1977/files/stokke-sleepi-warm-brown-mini-lifestyle-4.jpg?v=1776264708,Next-to-Me Crib
https://www.awin1.com/pclick.php?p=44425504631&a=2771700&m=64830,Maxi-Cosi Zelia Luxe 2-in-1 Pushchair Travel System - Twillic Grey / No Base,44425504631,45043-TG-NO,https://cdn.shopify.com/s/files/1/0690/1977/files/maxi-cosi-zelia-luxe-travel-system-twillic-grey.jpg?v=1699486588,"Experience the ultimate in comfort and convenience with this luxury 2-in-1 Pushchair Travel System, the Maxi-Cosi Zelia Luxe 2-in-1 Pushchair Travel System is designed to grow alongside your little one. Featuring a versatile carrycot that easily transforms into a comfy seat, this travel system ensures you won't need to make any adjustments as your child develops. This special edition stroller is part of a premium Luxe collection, showcasing stylish finishes and high-quality fabrics. For added convenience, compatible Maxi-Cosi baby car seats can be attached (available separately), providing a seamless travel experience from car to stroller. Effortlessly maneuverable around the city, this travel system is perfect for busy parents on the go. Its one-hand folding mechanism allows for quick storage, while the easy one-hand reclining seat lets you adjust to a comfortable sleeping position for your child. The spacious shopping basket makes it easy to carry essentials during your city adventures. Designed for use from birth up to four years, the integrated carrycot keeps your baby cozy and secure. When your little one is ready to explore the world, simply convert the carrycot into a fashionable seat. The travel system also accommodates any Maxi-Cosi baby car seat, ensuring a smooth transition from road to street. Your baby will enjoy sumptuous comfort in this luxurious stroller. The spacious carrycot includes a real mattress for extra support, while the reversible seat can recline to a lie-flat position for those cozy afternoon naps. On sunny days, simply extend the protective sun canopy to shield your little one from harsh rays. This travel system is compatible with the Maxi-Cosi CabrioFix i-Size Car Seat, ensuring safe rearward-facing travel that provides enhanced protection for your baby’s head and neck. The newborn inlay guarantees a snug fit, while the Side Impact Protection features advanced impact-absorbing materials for added safety in case of an accident. With this travel system, you’re not just investing in a stroller; you’re ensuring a stylish, comfortable, and safe journey for your child.",Travel Systems,379.99,Natural Baby Shower Ltd,64830,Baby Products,599,https://images2.productserve.com/?w=200&h=200&bg=white&trim=5&t=letterbox&url=ssl%3Acdn.shopify.com%2Fs%2Ffiles%2F1%2F0690%2F1977%2Ffiles%2Fmaxi-cosi-zelia-luxe-travel-system-twillic-grey.jpg%3Fv%3D1699486588&feedId=89138&k=60d65c84672e8f63cbc1723cae9a870258832e60,GBP,,,https://natural-baby-2.myshopify.com/products/maxi-cosi-zelia-luxe-2-in-1-pushchair-travel-system?variant=41960155447374,,,£379.99,89138,Maxi-Cosi,1,https://cdn.shopify.com/s/files/1/0690/1977/files/maxi-cosi-cabriofix-i-size-car-seat-base-essential-black-lifestyle_cd97c9da-2194-4fc6-b25e-8d66da74ab08.jpg?v=1699486578,https://cdn.shopify.com/s/files/1/0690/1977/files/maxi-cosi-zelia-luxe-travel-system-twillic-black-3_291e6f7c-26d7-41ff-bc50-8161e803a24a.jpg?v=1699486579,,,https://cdn.shopify.com/s/files/1/0690/1977/files/maxi-cosi-zelia-luxe-travel-system-twillic-black-2_94143381-a093-4c05-a94d-2014b93f0d02.jpg?v=1699486581,Travel Bundle
https://www.awin1.com/pclick.php?p=44425504632&a=2771700&m=64830,Maxi-Cosi Zelia Luxe 2-in-1 Pushchair Travel System - Twillic Grey / With Base,44425504632,45043-TG,https://cdn.shopify.com/s/files/1/0690/1977/files/maxi-cosi-zelia-luxe-travel-system-twillic-grey_445e0a31-8106-40e9-b11d-675554df6756.jpg?v=1729853281,"Experience the ultimate in comfort and convenience with this luxury 2-in-1 Pushchair Travel System, the Maxi-Cosi Zelia Luxe 2-in-1 Pushchair Travel System is designed to grow alongside your little one. Featuring a versatile carrycot that easily transforms into a comfy seat, this travel system ensures you won't need to make any adjustments as your child develops. This special edition stroller is part of a premium Luxe collection, showcasing stylish finishes and high-quality fabrics. For added convenience, compatible Maxi-Cosi baby car seats can be attached (available separately), providing a seamless travel experience from car to stroller. Effortlessly maneuverable around the city, this travel system is perfect for busy parents on the go. Its one-hand folding mechanism allows for quick storage, while the easy one-hand reclining seat lets you adjust to a comfortable sleeping position for your child. The spacious shopping basket makes it easy to carry essentials during your city adventures. Designed for use from birth up to four years, the integrated carrycot keeps your baby cozy and secure. When your little one is ready to explore the world, simply convert the carrycot into a fashionable seat. The travel system also accommodates any Maxi-Cosi baby car seat, ensuring a smooth transition from road to street. Your baby will enjoy sumptuous comfort in this luxurious stroller. The spacious carrycot includes a real mattress for extra support, while the reversible seat can recline to a lie-flat position for those cozy afternoon naps. On sunny days, simply extend the protective sun canopy to shield your little one from harsh rays. This travel system is compatible with the Maxi-Cosi CabrioFix i-Size Car Seat, ensuring safe rearward-facing travel that provides enhanced protection for your baby’s head and neck. The newborn inlay guarantees a snug fit, while the Side Impact Protection features advanced impact-absorbing materials for added safety in case of an accident. With this travel system, you’re not just investing in a stroller; you’re ensuring a stylish, comfortable, and safe journey for your child.",Travel Systems,449.99,Natural Baby Shower Ltd,64830,Baby Products,599,https://images2.productserve.com/?w=200&h=200&bg=white&trim=5&t=letterbox&url=ssl%3Acdn.shopify.com%2Fs%2Ffiles%2F1%2F0690%2F1977%2Ffiles%2Fmaxi-cosi-zelia-luxe-travel-system-twillic-grey_445e0a31-8106-40e9-b11d-675554df6756.jpg%3Fv%3D1729853281&feedId=89138&k=a716b383d3030d0aa70c79179192eb3b9e7e01c5,GBP,,,https://natural-baby-2.myshopify.com/products/maxi-cosi-zelia-luxe-2-in-1-pushchair-travel-system?variant=41960173011022,,,£449.99,89138,Maxi-Cosi,1,https://cdn.shopify.com/s/files/1/0690/1977/files/maxi-cosi-cabriofix-i-size-car-seat-base-essential-black-lifestyle_cd97c9da-2194-4fc6-b25e-8d66da74ab08.jpg?v=1699486578,https://cdn.shopify.com/s/files/1/0690/1977/files/maxi-cosi-zelia-luxe-travel-system-twillic-black-3_291e6f7c-26d7-41ff-bc50-8161e803a24a.jpg?v=1699486579,,,https://cdn.shopify.com/s/files/1/0690/1977/files/maxi-cosi-zelia-luxe-travel-system-twillic-black-2_94143381-a093-4c05-a94d-2014b93f0d02.jpg?v=1699486581,Travel Bundle
https://www.awin1.com/pclick.php?p=36496679790&a=2771700&m=64830,Yoto Card Multipack - Disney Pixar Audio Collection,36496679790,44828-V1,https://cdn.shopify.com/s/files/1/0690/1977/products/yoto-card-multipack-disney-pixar-audio-collection.jpg?v=1699436493,"The Yoto Card Multipack Disney Pixar Audio Collection allows little listeners to fall in love with this collection of Pixar's most beloved films. Over 13 hours of listening to re-live the movie magic with some of your favourite Pixar characters, from Merida to Mike Wazowski, 22 to Carl Fredricksen, and Nemo to Woody.",Baby Toys & Activity Equipment,34.95,Natural Baby Shower Ltd,64830,Baby Toys,412,https://images2.productserve.com/?w=200&h=200&bg=white&trim=5&t=letterbox&url=ssl%3Acdn.shopify.com%2Fs%2Ffiles%2F1%2F0690%2F1977%2Fproducts%2Fyoto-card-multipack-disney-pixar-audio-collection.jpg%3Fv%3D1699436493&feedId=89138&k=38b15dcd28267bdc2a0fab38a0e0300172e34327,GBP,,,https://natural-baby-2.myshopify.com/products/yoto-card-multipack-disney-pixar-audio-collection?variant=39707709505614,,,£34.95,89138,Yoto,1,https://cdn.shopify.com/s/files/1/0690/1977/products/yoto-card-multipack-disney-pixar-audio-collection-lifestyle.jpg?v=1699436494,,,,,First Toys
https://www.awin1.com/pclick.php?p=36496690462&a=2771700&m=64830,Axkid Seat Sunshade,36496690462,47187-82749,https://cdn.shopify.com/s/files/1/0690/1977/files/axkid-seat-sunshade-flat.jpg?v=1699482889,"The Axkid Seat Sunshade is designed to fit most car seats, this shade is perfect for protecting your little one from both the sun's harmful UV rays and the heat of long car journeys. It will ensure your little one stays cooler for longer even when parked in direct sunlight, so that you know your child will always be comfortable and safe.",Car Seat Covers,25,Natural Baby Shower Ltd,64830,,,https://images2.productserve.com/?w=200&h=200&bg=white&trim=5&t=letterbox&url=ssl%3Acdn.shopify.com%2Fs%2Ffiles%2F1%2F0690%2F1977%2Ffiles%2Faxkid-seat-sunshade-flat.jpg%3Fv%3D1699482889&feedId=89138&k=5f34bab7862d0296c2b1bb98ff276fb80076aa4f,GBP,,,https://natural-baby-2.myshopify.com/products/axkid-seat-sunshade?variant=40229504450638,,,£25.00,89138,Axkid,1,,,,,,Sun Shades
https://www.awin1.com/pclick.php?p=40477872533&a=2771700&m=64830,Ergobaby Omni Deluxe Carrier - Mesh - Soft Olive,40477872533,50351-FTOLV,https://cdn.shopify.com/s/files/1/0690/1977/files/ergobaby-omni-deluxe-mesh-soft-olive-flat-2.jpg?v=1762438519,"Awarded ""Best Overall Carrier"" by Parents Best for Baby 2025. A four-position all-in-one carrier with patented, industry-leading ergonomic support for everyday comfort and versatility plus included convenience features like built-in phone storage, sun/nursing hood and pockets to support everyday parenting.",Baby Carriers,199.9,Natural Baby Shower Ltd,64830,Children's Accessories,539,https://images2.productserve.com/?w=200&h=200&bg=white&trim=5&t=letterbox&url=ssl%3Acdn.shopify.com%2Fs%2Ffiles%2F1%2F0690%2F1977%2Ffiles%2Fergobaby-omni-deluxe-mesh-soft-olive-flat-2.jpg%3Fv%3D1762438519&feedId=89138&k=61eb0093cf303759d2b4609d4a1ae402630c2584,GBP,,,https://natural-baby-2.myshopify.com/products/ergobaby-omni-deluxe-mesh-soft-olive?variant=54970716160379,,,£199.90,89138,Ergobaby,1,https://cdn.shopify.com/s/files/1/0690/1977/files/ergobaby-omni-deluxe-mesh-soft-olive-flat-3.jpg?v=1762438519,https://cdn.shopify.com/s/files/1/0690/1977/files/ergobaby-omni-deluxe-mesh-baby-carrier-soft-olive-lifestyle-3.jpg?v=1778628480,,,https://cdn.shopify.com/s/files/1/0690/1977/files/ergobaby-omni-deluxe-mesh-baby-carrier-soft-olive-flat-2.jpg?v=1778628481,Baby Carrier & Sling
https://www.awin1.com/pclick.php?p=43614982715&a=2771700&m=64830,Jollein Mouth Cloth Muslin 3 Pack - Animal Friends,43614982715,51734-00610,https://cdn.shopify.com/s/files/1/0690/1977/files/jollein-mouth-cloth-muslin-animal-friends-flat.jpg?v=1766447123,"Make little messes easier to handle with these cheerful muslin mouth cloths from Jollein. Crafted from 100% cotton, they are wonderfully soft, highly absorbent, and quick-drying - perfect for everyday feeding moments and gentle clean-ups. The playful Animal Friends print featuring sweet animals adds a cosy, charming touch. Supplied in a practical set of three, so you’ll always have one close at hand.",Burp Cloths,4.95,Natural Baby Shower Ltd,64830,Baby Products,599,https://images2.productserve.com/?w=200&h=200&bg=white&trim=5&t=letterbox&url=ssl%3Acdn.shopify.com%2Fs%2Ffiles%2F1%2F0690%2F1977%2Ffiles%2Fjollein-mouth-cloth-muslin-animal-friends-flat.jpg%3Fv%3D1766447123&feedId=89138&k=1afe53c9922c17e3e13c4bec7b3c72f9375ca012,GBP,,,https://natural-baby-2.myshopify.com/products/jollein-mouth-cloth-muslin-3-pack-animal-friends?variant=55991596712315,,,£4.95,89138,Jollein,1,https://cdn.shopify.com/s/files/1/0690/1977/files/jollein-mouth-cloth-muslin-animal-friends-lifestyle-4.jpg?v=1766447124,https://cdn.shopify.com/s/files/1/0690/1977/files/jollein-mouth-cloth-muslin-animal-friends-lifestyle-2.jpg?v=1766447125,,,https://cdn.shopify.com/s/files/1/0690/1977/files/jollein-mouth-cloth-muslin-animal-friends-lifestyle-3.jpg?v=1766447126,Muslins
https://www.awin1.com/pclick.php?p=36496679200&a=2771700&m=64830,The Little Green Sheep - Organic Mattress Protector - Cot Bed 70x140cm,36496679200,8894,https://cdn.shopify.com/s/files/1/0690/1977/files/lgs-organic-mattress-protector-cot-60x120-flat_c3a69045-746a-4bf2-8fe0-3482fae11a3b.jpg?v=1784128637,"The Little Green Sheep Cot Bed 70x140cm Organic Mattress Protector is made from a breathable and extra absorbent luxury cotton, creating a dry and safe sleep environment for your baby.",Mattress Encasements,35,Natural Baby Shower Ltd,64830,Baby Products,599,https://images2.productserve.com/?w=200&h=200&bg=white&trim=5&t=letterbox&url=ssl%3Acdn.shopify.com%2Fs%2Ffiles%2F1%2F0690%2F1977%2Ffiles%2Flgs-organic-mattress-protector-cot-60x120-flat_c3a69045-746a-4bf2-8fe0-3482fae11a3b.jpg%3Fv%3D1784128637&feedId=89138&k=875dcb4fb2af00e689044ad491ce62a940c7bb60,GBP,,,https://natural-baby-2.myshopify.com/products/the-little-green-sheep-organic-mattress-protector-cot-bed-70x140cm?variant=1098672155,,,£35.00,89138,The Little Green Sheep,1,https://cdn.shopify.com/s/files/1/0690/1977/files/lgs-organic-mattress-protector-cot-60x120-lifestyle_77428c7b-dec0-4ebd-80f8-5e91ee7d7336.jpg?v=1784128641,https://cdn.shopify.com/s/files/1/0690/1977/files/lgs-organic-mattress-protector-cot-60x120-lifestyle-2_b1827459-eb93-4568-a38b-5ea91bbfc6c7.jpg?v=1784128641,,,https://cdn.shopify.com/s/files/1/0690/1977/files/lgs-organic-mattress-protector-cot-60x120-flat-2_f794b1f7-0b76-4923-a39e-293dc5741445.jpg?v=1784128642,Bedding & Sheets
https://www.awin1.com/pclick.php?p=36496680313&a=2771700&m=64830,aden + anais Essentials Cotton Muslin Blanket - Disney + Friends - Bambi Forest,36496680313,47295-56303,https://cdn.shopify.com/s/files/1/0690/1977/files/aden-anais-essentials-cotton-mulsin-blanket-disney-friends-bambi-forest-flat_925d785d-2dde-463e-8702-4b4783291730.jpg?v=1699487214,"The aden + anais Essentials Cotton Muslin Blanket in Disney + Friends Bambi Forest is the perfect starter blanket for your little one. The soft muslin fabric keeps them comfy and cosy all day long, making it an essential part of their bedtime routine. Perfect for soothing, cuddling, and wrapping up your baby for a peaceful sleep. Crafted from breathable cotton that helps reduce the risk of overheating, this lightweight blanket is stylishly designed yet full of classic features—the perfect combination for modern-day mums and bubs.",Receiving Blankets,34.99,Natural Baby Shower Ltd,64830,Baby Products,599,https://images2.productserve.com/?w=200&h=200&bg=white&trim=5&t=letterbox&url=ssl%3Acdn.shopify.com%2Fs%2Ffiles%2F1%2F0690%2F1977%2Ffiles%2Faden-anais-essentials-cotton-mulsin-blanket-disney-friends-bambi-forest-flat_925d785d-2dde-463e-8702-4b4783291730.jpg%3Fv%3D1699487214&feedId=89138&k=2cbd027975fc0a205b411bc8e541107ddbe71b27,GBP,,,https://natural-baby-2.myshopify.com/products/aden-anais-essentials-cotton-muslin-blanket-disney-friends-bambi-forest?variant=40243978993742,,,£34.99,89138,aden + anais,1,https://cdn.shopify.com/s/files/1/0690/1977/files/aden-anais-essentials-cotton-mulsin-blanket-disney-friends-bambi-forest-flat-2.jpg?v=1699487215,https://cdn.shopify.com/s/files/1/0690/1977/files/aden-anais-essentials-cotton-mulsin-blanket-disney-friends-bambi-forest-flat-3.jpg?v=1699487217,,,https://cdn.shopify.com/s/files/1/0690/1977/files/aden-anais-essentials-cotton-mulsin-blanket-disney-friends-bambi-forest-flat-4.jpg?v=1699487218,Baby Blankets
https://www.awin1.com/pclick.php?p=45570792734&a=2771700&m=64830,Little Dutch Stacking Train - Little Farm - Tractor,45570792734,47713-71543,https://cdn.shopify.com/s/files/1/0690/1977/files/little-dutch-stacking-train-little-farm-tractor-flat-4.jpg?v=1699494267,"The Little Dutch Wooden Stacking Train in Little Farm Tractor lets your little one use their imagination to build the train using the stacking blocks in different shapes and colours. This toy challenges children to make different train combinations, which is great for their hand-eye coordination and fine motor skills.",Sorting & Stacking Toys,22.91,Natural Baby Shower Ltd,64830,Baby Toys,412,https://images2.productserve.com/?w=200&h=200&bg=white&trim=5&t=letterbox&url=ssl%3Acdn.shopify.com%2Fs%2Ffiles%2F1%2F0690%2F1977%2Ffiles%2Flittle-dutch-stacking-train-little-farm-tractor-flat-4.jpg%3Fv%3D1699494267&feedId=89138&k=3d99d7fdefa5da9b7f32b3446b91a9750910e040,GBP,,,https://natural-baby-2.myshopify.com/products/little-dutch-stacking-train-little-farm-tractor?variant=40271547170894,,,£22.91,89138,Little Dutch,1,https://cdn.shopify.com/s/files/1/0690/1977/files/little-dutch-stacking-train-little-farm-tractor-lifestyle-4.jpg?v=1699494268,https://cdn.shopify.com/s/files/1/0690/1977/files/little-dutch-stacking-train-little-farm-tractor-lifestyle-3.jpg?v=1699494269,,,https://cdn.shopify.com/s/files/1/0690/1977/files/little-dutch-stacking-train-little-farm-tractor-lifestyle.jpg?v=1699494271,First Toys
https://www.awin1.com/pclick.php?p=36496686828&a=2771700&m=64830,Yoto Player Adventure Jacket - Think Pink | 3rd Gen,36496686828,47914-37325,https://cdn.shopify.com/s/files/1/0690/1977/files/yoto-player-adventure-jacket-think-pink-flat.jpg?v=1699497102,"The Yoto Player Adventure Jacket (3rd Generation) in Think Pink fits snugly over your Yoto Player, protecting it from smalls bumps and making it easier to carry from place to place. With your Adventure Jacket fitted, you'll still have access to all of Yoto Player's features including the nightlight, buttons, charger and headphone port. Adventure Jacket also has a small lip on the front which lifts your Player's display off the ground when in nightlight mode.",Baby Toys & Activity Equipment,24.95,Natural Baby Shower Ltd,64830,Baby Toys,412,https://images2.productserve.com/?w=200&h=200&bg=white&trim=5&t=letterbox&url=ssl%3Acdn.shopify.com%2Fs%2Ffiles%2F1%2F0690%2F1977%2Ffiles%2Fyoto-player-adventure-jacket-think-pink-flat.jpg%3Fv%3D1699497102&feedId=89138&k=c1aa3567bbd80630ce1185eb33c221b0a9861f07,GBP,,,https://natural-baby-2.myshopify.com/products/yoto-player-adventure-jacket-3rd-generation-think-pink?variant=40283717402702,,,£24.95,89138,Yoto,1,,,,,,First Toys
https://www.awin1.com/pclick.php?p=45598293265&a=2771700&m=64830,Maxi-Cosi Nomad Plus2 Car Seat - Authentic Black,45598293265,47803-06933,https://cdn.shopify.com/s/files/1/0690/1977/files/maxi-cosi-nomad-plus2-car-seat-authentic-black-flat-8.jpg?v=1785230291,"Whether you're hopping in a taxi, hiring a car on holiday or travelling to visit family, the Maxi-Cosi Nomad Plus² Car Seat makes every journey feel effortless. Thoughtfully designed for modern families on the move, this ultra-compact, foldable toddler car seat weighs just 4.26kg, making it easy to carry, store and transport wherever your adventures take you. Suitable from approximately 15 months to 4 years (76–105cm), the Nomad Plus² installs securely in almost any car using the vehicle's seat belt in less than 30 seconds. With its compact fold, integrated carry handle and included water-repellent travel bag, it's the perfect companion for holidays, taxis, rental cars and everyday life. Comfort hasn't been forgotten either. Soft, padded Eco Care fabrics made from 100% recycled materials create a cosy place to sit, while the adjustable 5-point harness and nine-position headrest ensure a secure, supportive fit as your child grows. Reinforced Side Impact Protection and compliance with the latest i-Size (R129/03) safety standards offer added reassurance on every journey. Lightweight, practical and designed with travel in mind, the Maxi-Cosi Nomad Plus² gives families the freedom to explore with confidence, wherever the road leads.",Baby & Toddler Car Seats,159.95,Natural Baby Shower Ltd,64830,Baby Products,599,https://images2.productserve.com/?w=200&h=200&bg=white&trim=5&t=letterbox&url=ssl%3Acdn.shopify.com%2Fs%2Ffiles%2F1%2F0690%2F1977%2Ffiles%2Fmaxi-cosi-nomad-plus2-car-seat-authentic-black-flat-8.jpg%3Fv%3D1785230291&feedId=89138&k=845e64b564638a1a69e187eb246539361f10aca7,GBP,,,https://natural-baby-2.myshopify.com/products/maxi-cosi-nomad-plus2-car-seat-authentic-black?variant=56342413771131,,,£159.95,89138,Maxi-Cosi,1,https://cdn.shopify.com/s/files/1/0690/1977/files/maxi-cosi-nomad-plus2-car-seat-authentic-black-lifestyle-3.jpg?v=1785280351,https://cdn.shopify.com/s/files/1/0690/1977/files/maxi-cosi-nomad-plus2-car-seat-authentic-black-lifestyle.jpg?v=1785280350,,,https://cdn.shopify.com/s/files/1/0690/1977/files/maxi-cosi-nomad-plus2-car-seat-authentic-black-lifestyle-2.jpg?v=1785280352,Car Seats
https://www.awin1.com/pclick.php?p=37012736195&a=2771700&m=64830,Carriwell Seamless Organic Maternity + Nursing Bra - Black - Extra Large,37012736195,48436-32133,https://cdn.shopify.com/s/files/1/0690/1977/files/carriwell-organic-maternity-nursing-bra-black-flat-11.jpg?v=1701921952,"The Carriwell Seamless Organic Maternity + Nursing Bra in Black is a soft and comfortable bra that moulds to your changing body shape. The easy one-handed nursing clasps exposes the entire breast whilst nursing; maximizing skin-to-skin contact between you and your baby. There's no irritating seams or stiff under-wire and the complimentary bra extender adds to its adjustability. Strongly supported by lactation consultants, the original maternity + nursing bra features a wide under band that substitutes underwire i.e. extra support and “lifting” of the breasts.",Nursing Bras,32.5,Natural Baby Shower Ltd,64830,,,https://images2.productserve.com/?w=200&h=200&bg=white&trim=5&t=letterbox&url=ssl%3Acdn.shopify.com%2Fs%2Ffiles%2F1%2F0690%2F1977%2Ffiles%2Fcarriwell-organic-maternity-nursing-bra-black-flat-11.jpg%3Fv%3D1701921952&feedId=89138&k=796b11e6204aca042184f19ff549c09ec27b7b99,GBP,,,https://natural-baby-2.myshopify.com/products/carriwell-organic-maternity-nursing-bra-black?variant=40440221040718,,,£32.50,89138,carriwell,1,https://cdn.shopify.com/s/files/1/0690/1977/files/carriwell-organic-maternity-nursing-bra-black-flat-2.jpg?v=1701921954,https://cdn.shopify.com/s/files/1/0690/1977/files/carriwell-organic-maternity-nursing-bra-black-flat-3.jpg?v=1701921955,,,https://cdn.shopify.com/s/files/1/0690/1977/files/carriwell-organic-maternity-nursing-bra-black-flat.jpg?v=1701921956,Nursing Bras
https://www.awin1.com/pclick.php?p=37012736197&a=2771700&m=64830,Carriwell Seamless Organic Maternity + Nursing Bra - Black - Medium,37012736197,48436-32119,https://cdn.shopify.com/s/files/1/0690/1977/files/carriwell-organic-maternity-nursing-bra-black-flat-11.jpg?v=1701921952,"The Carriwell Seamless Organic Maternity + Nursing Bra in Black is a soft and comfortable bra that moulds to your changing body shape. The easy one-handed nursing clasps exposes the entire breast whilst nursing; maximizing skin-to-skin contact between you and your baby. There's no irritating seams or stiff under-wire and the complimentary bra extender adds to its adjustability. Strongly supported by lactation consultants, the original maternity + nursing bra features a wide under band that substitutes underwire i.e. extra support and “lifting” of the breasts.",Nursing Bras,32.5,Natural Baby Shower Ltd,64830,,,https://images2.productserve.com/?w=200&h=200&bg=white&trim=5&t=letterbox&url=ssl%3Acdn.shopify.com%2Fs%2Ffiles%2F1%2F0690%2F1977%2Ffiles%2Fcarriwell-organic-maternity-nursing-bra-black-flat-11.jpg%3Fv%3D1701921952&feedId=89138&k=796b11e6204aca042184f19ff549c09ec27b7b99,GBP,,,https://natural-baby-2.myshopify.com/products/carriwell-organic-maternity-nursing-bra-black?variant=40440221171790,,,£32.50,89138,carriwell,1,https://cdn.shopify.com/s/files/1/0690/1977/files/carriwell-organic-maternity-nursing-bra-black-flat-2.jpg?v=1701921954,https://cdn.shopify.com/s/files/1/0690/1977/files/carriwell-organic-maternity-nursing-bra-black-flat-3.jpg?v=1701921955,,,https://cdn.shopify.com/s/files/1/0690/1977/files/carriwell-organic-maternity-nursing-bra-black-flat.jpg?v=1701921956,Nursing Bras
https://www.awin1.com/pclick.php?p=36496681833&a=2771700&m=64830,Gaia Hera Complete Sleep Cot Bed Sheets - White - 2 Pack,36496681833,44977-WHT,https://cdn.shopify.com/s/files/1/0690/1977/products/gaia-hera-complete-sleep-cot-bed-sheets-white-2-pack.jpg?v=1699439316,"The Gaia Hera Complete Sleep Cot Bed Sheets in White are made from the softest, natural fabric. These cotton sheets are certified organic by the 'Global Organic Textile Standard' and are suitable for babies with sensitive skin and allergies.",Bed Sheets,39.95,Natural Baby Shower Ltd,64830,Baby Products,599,https://images2.productserve.com/?w=200&h=200&bg=white&trim=5&t=letterbox&url=ssl%3Acdn.shopify.com%2Fs%2Ffiles%2F1%2F0690%2F1977%2Fproducts%2Fgaia-hera-complete-sleep-cot-bed-sheets-white-2-pack.jpg%3Fv%3D1699439316&feedId=89138&k=3bfd20d89130651dae86b3e2c4a77efed85d68b4,GBP,,,https://natural-baby-2.myshopify.com/products/gaia-hera-complete-sleep-cot-bed-sheet-white-2-pack?variant=39744314081358,,,£39.95,89138,Gaia Baby,1,https://cdn.shopify.com/s/files/1/0690/1977/products/gaia-hera-complete-sleep-cot-bed-sheets-white-2-pack-2.jpg?v=1699439317,https://cdn.shopify.com/s/files/1/0690/1977/products/gaia-hera-complete-sleep-cot-bed-sheets-white-2-pack-lifestyle.jpg?v=1699439319,,,,Bedding & Sheets
https://www.awin1.com/pclick.php?p=36496687946&a=2771700&m=64830,CYBEX Cot S Lux Rain Cover,36496687946,45141,https://cdn.shopify.com/s/files/1/0690/1977/products/cybex-cot-s-rain-cover.jpg?v=1699442993,The CYBEX Cot S Rain Cover is perfect for keeping your little one dry and comfortable in any weather. The rain cover attaches easily to the Cot S and provides effective wind and wet weather protection for your little one.,Stroller Rain Covers,38.21,Natural Baby Shower Ltd,64830,,,https://images2.productserve.com/?w=200&h=200&bg=white&trim=5&t=letterbox&url=ssl%3Acdn.shopify.com%2Fs%2Ffiles%2F1%2F0690%2F1977%2Fproducts%2Fcybex-cot-s-rain-cover.jpg%3Fv%3D1699442993&feedId=89138&k=d42245294ea8e82a7fd4311858d7fc27d01cfce0,GBP,,,https://natural-baby-2.myshopify.com/products/cybex-cot-s-rain-cover?variant=39809416626254,,,£38.21,89138,Cybex,1,https://cdn.shopify.com/s/files/1/0690/1977/products/cybex-cot-s-rain-cover-2.jpg?v=1699442994,,,,,Pram Rain Cover
https://www.awin1.com/pclick.php?p=44188002087&a=2771700&m=64830,Joolz Changing Backpack - Forest Green,44188002087,47933-81242,https://cdn.shopify.com/s/files/1/0690/1977/files/joolz-changing-backpack-forest-green-flat.jpg?v=1699497263,"The Joolz Changing Backpack in Forest Green has loads of space to fit all of your essentials. Joolz also added an insulated compartment to keep your bottles cold or warm and it comes with a handy changing mat and last but not least, the outside fabric is made from recycled plastic bottles.",Diaper Bags,99.95,Natural Baby Shower Ltd,64830,Baby Products,599,https://images2.productserve.com/?w=200&h=200&bg=white&trim=5&t=letterbox&url=ssl%3Acdn.shopify.com%2Fs%2Ffiles%2F1%2F0690%2F1977%2Ffiles%2Fjoolz-changing-backpack-forest-green-flat.jpg%3Fv%3D1699497263&feedId=89138&k=87046b3c412ca2055fde3d8e2e6e43e0606a0bb5,GBP,,,https://natural-baby-2.myshopify.com/products/joolz-changing-backpack-forest-green?variant=40286808342606,,,£99.95,89138,Joolz,1,https://cdn.shopify.com/s/files/1/0690/1977/files/joolz-changing-backpack-forest-green-flat-3.jpg?v=1699497264,https://cdn.shopify.com/s/files/1/0690/1977/files/joolz-changing-backpack-forest-green-flat-2.jpg?v=1699497266,,,https://cdn.shopify.com/s/files/1/0690/1977/files/joolz-changing-backpack-forest-green-flat-4.jpg?v=1699497267,Changing Bag
https://www.awin1.com/pclick.php?p=45578389069&a=2771700&m=64830,Jabadabado Play And Learn Box - 6-12 Months,45578389069,52719-61017,https://cdn.shopify.com/s/files/1/0690/1977/files/jabadabado-play-learn-6-12months-flat.jpg?v=1786575579,"Make those first discoveries extra special with the Jabadabado Play And Learn Box – 6-12 Months. Thoughtfully curated with five engaging toys, this lovely set is designed to support little ones as they explore movement, cause and effect, problem-solving and coordination through play. From a pull-along whale and first wooden book to a simple puzzle, ball drop box and stacking teddy, there’s something new to discover at every playtime. A wonderful introduction to learning through play and a thoughtful gift for curious little learners.",Baby Activity Toys,61.95,Natural Baby Shower Ltd,64830,Toys,187,https://images2.productserve.com/?w=200&h=200&bg=white&trim=5&t=letterbox&url=ssl%3Acdn.shopify.com%2Fs%2Ffiles%2F1%2F0690%2F1977%2Ffiles%2Fjabadabado-play-learn-6-12months-flat.jpg%3Fv%3D1786575579&feedId=89138&k=e538eb4adbaf9f1fbc463bdbfff315685999777e,GBP,,,https://natural-baby-2.myshopify.com/products/jabadabado-play-and-learn-box-6-12-months?variant=56364667699579,,,£61.95,89138,Jabadabado,1,https://cdn.shopify.com/s/files/1/0690/1977/files/jabadabado-play-learn-6-12months-lifestyle.jpg?v=1786575580,https://cdn.shopify.com/s/files/1/0690/1977/files/jabadabado-play-learn-6-12months-flat-3.jpg?v=1786575581,,,https://cdn.shopify.com/s/files/1/0690/1977/files/jabadabado-play-learn-6-12months-lifestyle-2.jpg?v=1786575582,First Toys
https://www.awin1.com/pclick.php?p=45578389070&a=2771700&m=64830,Jabadabado Stack & Cut Flowers,45578389070,52722-25748,https://cdn.shopify.com/s/files/1/0690/1977/files/jabadabado-stack-cut-flowers-flat.jpg?v=1786489740,"Bring a little garden magic to playtime with the Jabadabado Stack & Cut Flowers set. Little ones can stack, arrange and “harvest” their own colourful flowers using the garden scissors, creating endless stories as budding florists and gardeners. The three flowers are made from FSC™-certified wood in soft, nature-inspired colours, with Velcro pieces that are easy for little hands to connect and separate. A lovely way to encourage fine motor skills, coordination and imaginative play, all neatly stored in a charming wooden box.",Sorting & Stacking Toys,22.95,Natural Baby Shower Ltd,64830,Baby Toys,412,https://images2.productserve.com/?w=200&h=200&bg=white&trim=5&t=letterbox&url=ssl%3Acdn.shopify.com%2Fs%2Ffiles%2F1%2F0690%2F1977%2Ffiles%2Fjabadabado-stack-cut-flowers-flat.jpg%3Fv%3D1786489740&feedId=89138&k=0df91095dc9ecd8a2e7a459523f894658501bb27,GBP,,,https://natural-baby-2.myshopify.com/products/jabadabado-stack-cut-flowers?variant=56364667732347,,,£22.95,89138,Jabadabado,1,https://cdn.shopify.com/s/files/1/0690/1977/files/jabadabado-stack-cut-flowers-lifestyle.jpg?v=1786489741,https://cdn.shopify.com/s/files/1/0690/1977/files/jabadabado-stack-cut-flowers-lifestyle-7.jpg?v=1786489741,,,https://cdn.shopify.com/s/files/1/0690/1977/files/jabadabado-stack-cut-flowers-lifestyle-2.jpg?v=1786489743,First Toys
https://www.awin1.com/pclick.php?p=40314153254&a=2771700&m=64830,Carriwell Intimate Care Wash Bottle Beige - Beige,40314153254,50329-90515,https://cdn.shopify.com/s/files/1/0690/1977/files/carriwell-intimate-care-wash-bottle-beige-flat-10.jpg?v=1737657690,"The Carriwell Wash Bottle is designed with new mums in mind, providing comfort and care during the post-birth period. Carriwell’s Intimate Care Wash Bottle offers gentle cleansing with an angled spout, allowing you to access your perineal area effortlessly and soothe where you need it most. With its 350ml capacity, there’s no need to refill during use, providing uninterrupted relief. The transparent bottle clearly shows the amount of water left, and the unique Carriwell shape ensures a perfect hand fit and feel. Whether you’re at the hospital or back at home, our wash bottle is a post-birth essential. It is perfect for those first trips to the toilet, helping you wash hygienically and prevent irritation. Simply fill the bottle with warm water, close the lid securely, and gently squeeze while seated on the toilet to release a soothing, gentle stream of water. Cleanse for as long as you need, then carefully dry yourself with a tissue. Cleaning and maintaining the wash bottle is also simple. After each use, disassemble the bottle, rinse thoroughly, and leave it to dry. Crafted from high-quality materials, our Peri bottle offers peace of mind, ensuring safety and care with every use. Embrace the comfort of Carriwell’s Intimate Care Wash Bottle and experience the gentle stream of relief when you need it most.",Electrical Muscle Stimulators,12.99,Natural Baby Shower Ltd,64830,Health,121,https://images2.productserve.com/?w=200&h=200&bg=white&trim=5&t=letterbox&url=ssl%3Acdn.shopify.com%2Fs%2Ffiles%2F1%2F0690%2F1977%2Ffiles%2Fcarriwell-intimate-care-wash-bottle-beige-flat-10.jpg%3Fv%3D1737657690&feedId=89138&k=4473ea0be0a41d94423f11a919b6c4eb8a7c1131,GBP,,,https://natural-baby-2.myshopify.com/products/carriwell-intimate-care-wash-bottle-beige-beige?variant=54956393398651,,,£12.99,89138,carriwell,1,https://cdn.shopify.com/s/files/1/0690/1977/files/carriwell-intimate-care-wash-bottle-beige-flat.jpg?v=1737657694,https://cdn.shopify.com/s/files/1/0690/1977/files/carriwell-intimate-care-wash-bottle-beige-flat-6.jpg?v=1737657698,,,https://cdn.shopify.com/s/files/1/0690/1977/files/carriwell-intimate-care-wash-bottle-beige-flat-7.jpg?v=1737657703,Peri Bottle
https://www.awin1.com/pclick.php?p=36496688065&a=2771700&m=64830,Elodie Details Baby Overall Pramsuit - Autumn Rose - 6-12m,36496688065,43877-AR-6-12m,https://cdn.shopify.com/s/files/1/0690/1977/products/elodie-details-baby-overall-pramsuit-autumn-rose.jpg?v=1699443196,"The Elodie Details Baby Overall Pramsuit in Autumn Rose is perfect for your little one’s first year of adventures. Easily converting from an overall to a footmuff, it keeps baby cosy and comfortable while transitioning between indoor and outdoor conditions. Double chest zips allow quick access and easy temperature regulation. A practical and stylish winter essential, now part of our clearance collection.",Baby & Children's Outerwear,84.96,Natural Baby Shower Ltd,64830,,,https://images2.productserve.com/?w=200&h=200&bg=white&trim=5&t=letterbox&url=ssl%3Acdn.shopify.com%2Fs%2Ffiles%2F1%2F0690%2F1977%2Fproducts%2Felodie-details-baby-overall-pramsuit-autumn-rose.jpg%3Fv%3D1699443196&feedId=89138&k=b0186c8d820e812b6fa6c50b5f4d77b65af94e0e,GBP,,,https://natural-baby-2.myshopify.com/products/elodie-details-baby-overall-pramsuit-autumn-rose?variant=39811492184142,,,£84.96,89138,Elodie Details,1,https://cdn.shopify.com/s/files/1/0690/1977/products/elodie-details-baby-overall-pramsuit-lifestyle_e71f8252-5567-4adf-a61c-a6aac9331f77.jpg?v=1699443198,https://cdn.shopify.com/s/files/1/0690/1977/products/elodie-details-baby-overall-pramsuit-autumn-rose-2.jpg?v=1699443199,,,https://cdn.shopify.com/s/files/1/0690/1977/products/elodie-details-baby-overall-pramsuit-autumn-rose-3.jpg?v=1699443201,Baby Outfits
https://www.awin1.com/pclick.php?p=36496688067&a=2771700&m=64830,Elodie Details Baby Overall Pramsuit - Blushing Pink - 0-6m,36496688067,43877-BP-0-6m,https://cdn.shopify.com/s/files/1/0690/1977/products/elodie-details-baby-overall-pramsuit-blushing-pink.jpg?v=1699443205,"Perfect for your little one’s first year of adventures, the Elodie Details Baby Overall Pramsuit in Blushing Pink easily converts from an overall to a footmuff. Double chest zips make for quick access and simple temperature regulation, keeping baby cosy and comfortable on every outing - now part of our clearance collection.",Baby & Children's Outerwear,84.96,Natural Baby Shower Ltd,64830,,,https://images2.productserve.com/?w=200&h=200&bg=white&trim=5&t=letterbox&url=ssl%3Acdn.shopify.com%2Fs%2Ffiles%2F1%2F0690%2F1977%2Fproducts%2Felodie-details-baby-overall-pramsuit-blushing-pink.jpg%3Fv%3D1699443205&feedId=89138&k=adb1e71bffe641414b70eb52a669f401e63bede1,GBP,,,https://natural-baby-2.myshopify.com/products/elodie-details-baby-overall-pramsuit-blushing-pink?variant=39811492249678,,,£84.96,89138,Elodie Details,1,https://cdn.shopify.com/s/files/1/0690/1977/products/elodie-details-baby-overall-pramsuit-lifestyle_ceec4280-c447-47ec-b535-412c64fc3e2a.jpg?v=1699443207,https://cdn.shopify.com/s/files/1/0690/1977/products/elodie-details-baby-overall-pramsuit-blushing-pink-2.jpg?v=1699443208,,,https://cdn.shopify.com/s/files/1/0690/1977/products/elodie-details-baby-overall-pramsuit-blushing-pink-3.jpg?v=1699443210,Baby Outfits
https://www.awin1.com/pclick.php?p=36496688068&a=2771700&m=64830,Elodie Details Baby Overall Pramsuit - Blushing Pink - 6-12m,36496688068,43877-BP-6-12m,https://cdn.shopify.com/s/files/1/0690/1977/products/elodie-details-baby-overall-pramsuit-blushing-pink.jpg?v=1699443205,"Perfect for your little one’s first year of adventures, the Elodie Details Baby Overall Pramsuit in Blushing Pink easily converts from an overall to a footmuff. Double chest zips make for quick access and simple temperature regulation, keeping baby cosy and comfortable on every outing - now part of our clearance collection.",Baby & Children's Outerwear,84.96,Natural Baby Shower Ltd,64830,,,https://images2.productserve.com/?w=200&h=200&bg=white&trim=5&t=letterbox&url=ssl%3Acdn.shopify.com%2Fs%2Ffiles%2F1%2F0690%2F1977%2Fproducts%2Felodie-details-baby-overall-pramsuit-blushing-pink.jpg%3Fv%3D1699443205&feedId=89138&k=adb1e71bffe641414b70eb52a669f401e63bede1,GBP,,,https://natural-baby-2.myshopify.com/products/elodie-details-baby-overall-pramsuit-blushing-pink?variant=39811492282446,,,£84.96,89138,Elodie Details,1,https://cdn.shopify.com/s/files/1/0690/1977/products/elodie-details-baby-overall-pramsuit-lifestyle_ceec4280-c447-47ec-b535-412c64fc3e2a.jpg?v=1699443207,https://cdn.shopify.com/s/files/1/0690/1977/products/elodie-details-baby-overall-pramsuit-blushing-pink-2.jpg?v=1699443208,,,https://cdn.shopify.com/s/files/1/0690/1977/products/elodie-details-baby-overall-pramsuit-blushing-pink-3.jpg?v=1699443210,Baby Outfits
https://www.awin1.com/pclick.php?p=36496688072&a=2771700&m=64830,Elodie Details Baby Overall Pramsuit - Pebble Green - 6-12m,36496688072,43877-PG-6-12m,https://cdn.shopify.com/s/files/1/0690/1977/products/elodie-details-baby-overall-pramsuit-pebble-green.jpg?v=1699443217,"Perfect for your little one’s first year of adventures, the Elodie Details Baby Overall Pramsuit in Pebble Green easily converts from an overall to a footmuff for smooth indoor-to-outdoor transitions. Double chest zips allow quick access and easy temperature regulation, keeping baby cosy and comfortable on every outing. A practical and cosy essential, now included in our clearance collection.",Baby & Children's Outerwear,59.97,Natural Baby Shower Ltd,64830,,,https://images2.productserve.com/?w=200&h=200&bg=white&trim=5&t=letterbox&url=ssl%3Acdn.shopify.com%2Fs%2Ffiles%2F1%2F0690%2F1977%2Fproducts%2Felodie-details-baby-overall-pramsuit-pebble-green.jpg%3Fv%3D1699443217&feedId=89138&k=ec2b72c5a6d75ee007dda24aaa039e20e8cbb26b,GBP,,,https://natural-baby-2.myshopify.com/products/elodie-details-baby-overall-pramsuit-pebble-green?variant=39811492413518,,,£59.97,89138,Elodie Details,1,https://cdn.shopify.com/s/files/1/0690/1977/products/elodie-details-baby-overall-pramsuit-lifestyle_2c06cffa-c1e6-4df3-8e30-3cd4219fb0dc.jpg?v=1699443219,https://cdn.shopify.com/s/files/1/0690/1977/products/elodie-details-baby-overall-pramsuit-pebble-green-2.jpg?v=1699443220,,,https://cdn.shopify.com/s/files/1/0690/1977/products/elodie-details-baby-overall-pramsuit-pebble-green-3.jpg?v=1699443221,Baby Outfits
https://www.awin1.com/pclick.php?p=43177895219&a=2771700&m=64830,The Little Green Sheep Twin Pack Cot Bed Sheets - Truffle - Cot Bed,43177895219,51475-14795,https://cdn.shopify.com/s/files/1/0690/1977/files/little-green-sheep-twin-pack-cot-bed-truffle-flat.jpg?v=1761868421,"Wrap your little one in natural comfort with The Little Green Sheep Twin Pack Cot Bed Sheets. Made from 100% organic cotton jersey, these sheets are ultra-soft, breathable, and gentle on delicate skin. The breathable fibres help regulate your baby’s temperature, keeping them cosy through the night, while the durable, wash-tested fabric ensures long-lasting softness. Free from harmful chemicals, these fitted sheets are designed to fit larger cot beds, giving your nursery a touch of natural luxury.",Bed Sheets,35,Natural Baby Shower Ltd,64830,Baby Products,599,https://images2.productserve.com/?w=200&h=200&bg=white&trim=5&t=letterbox&url=ssl%3Acdn.shopify.com%2Fs%2Ffiles%2F1%2F0690%2F1977%2Ffiles%2Flittle-green-sheep-twin-pack-cot-bed-truffle-flat.jpg%3Fv%3D1761868421&feedId=89138&k=1403cbd4ace595819dea2ea5fecad277873fd67f,GBP,,,https://natural-baby-2.myshopify.com/products/the-little-green-sheep-twin-pack-cot-bed-sheets-truffle?variant=55871838912891,,,£35.00,89138,The Little Green Sheep,1,,,,,,Bedding & Sheets
https://www.awin1.com/pclick.php?p=40314153264&a=2771700&m=64830,Carriwell Crossover Sleeping & Nursing Bra - Honey - M,40314153264,50328-25517,https://cdn.shopify.com/s/files/1/0690/1977/files/carriwell-crossover-sleeping-nursing-bra-honey-flat.jpg?v=1737657785,"The Carriwell Crossover Sleeping & Nursing Bra in Honey is the perfect blend of simplicity and convenience for nursing mums. Thoughtfully designed for mothers who appreciate an easy-to-open crossover style, this bra makes it a breeze for little ones to snuggle up for a feed. The crossover design means no more fiddling with complicated clasps or hooks, allowing for a smooth nursing experience. Enjoy the easiest and most convenient way to nurse your baby, creating those precious bonding moments without interruption. Plus, the incredibly soft and flexible fabric makes it perfect for night-time use - you can comfortably lie down and nurse your baby without any hassle. Made with the softest quality lace and fabric, this bra ensures that your breastfeeding journey is as enjoyable as it can be. With comfort as a top priority, the Carriwell Crossover Sleeping & Nursing Bra guarantees no stiff underwire or annoying seams to take away from the joy of motherhood. In keeping with Carriwell's commitment to sustainability, the Crossover Sleeping & Nursing Bra is crafted from fully certified organic cotton. Embrace this natural and eco-friendly choice, knowing that you’re supporting a healthier environment for both you and your little one.",Nursing Bras,19.95,Natural Baby Shower Ltd,64830,,,https://images2.productserve.com/?w=200&h=200&bg=white&trim=5&t=letterbox&url=ssl%3Acdn.shopify.com%2Fs%2Ffiles%2F1%2F0690%2F1977%2Ffiles%2Fcarriwell-crossover-sleeping-nursing-bra-honey-flat.jpg%3Fv%3D1737657785&feedId=89138&k=916ab8c7e60fbeca84fe372bc01bad4f9acacb5a,GBP,,,https://natural-baby-2.myshopify.com/products/carriwell-crossover-sleeping-nursing-bra-honey?variant=54956393726331,,,£19.95,89138,carriwell,1,https://cdn.shopify.com/s/files/1/0690/1977/files/carriwell-crossover-sleeping-nursing-bra-honey-flat-2.jpg?v=1737657790,https://cdn.shopify.com/s/files/1/0690/1977/files/carriwell-crossover-sleeping-nursing-bra-honey-flat-3.jpg?v=1737657795,,,https://cdn.shopify.com/s/files/1/0690/1977/files/carriwell-crossover-sleeping-nursing-bra-honey-flat-4.jpg?v=1737657799,Nursing Bras
https://www.awin1.com/pclick.php?p=40949783421&a=2771700&m=64830,Gaia Baby Gaia Stretchy Baby Wrap Carrier - Organic Cotton - Ebony,40949783421,50005-43690,https://cdn.shopify.com/s/files/1/0690/1977/files/gaia-baby-stretchy-baby-wrap-carrier-ebony-flat.jpg?v=1731926673,"The Gaia Baby Gaia Stretchy Baby Wrap Carrier in Organic Cotton Ebony is crafted from 100% certified organic cotton and features an easy-to-use, one-way stretch fabric. It's ergonomic, lightweight, durable, breathable, and machine washable too! From the very first moment you bring your baby home, you can enjoy the convenience of hands-free carrying. It's a wonderful way to strengthen the bond with your little one, while keeping them safe and snug. The wrap is suitable from 8-33 lbs or 3.6 - 15kg, with multiple carry positions: Newborn, Baby & Toddler. The Gaia Stretchy Baby Wrap Carriers are designed to be size-inclusive and gender-neutral, with about 5 meters of machine-washable fabric.",Baby Carriers,39.99,Natural Baby Shower Ltd,64830,Children's Accessories,539,https://images2.productserve.com/?w=200&h=200&bg=white&trim=5&t=letterbox&url=ssl%3Acdn.shopify.com%2Fs%2Ffiles%2F1%2F0690%2F1977%2Ffiles%2Fgaia-baby-stretchy-baby-wrap-carrier-ebony-flat.jpg%3Fv%3D1731926673&feedId=89138&k=05cef9836251f8d25756161d928f6422203a004d,GBP,,,https://natural-baby-2.myshopify.com/products/gaia-baby-gaia-stretchy-baby-wrap-carrier-organic-cotton-ebony?variant=54537869427067,,,£39.99,89138,Gaia Baby,1,https://cdn.shopify.com/s/files/1/0690/1977/files/gaia-baby-stretchy-baby-wrap-carrier-ebony-lifestyle.jpg?v=1731942701,https://cdn.shopify.com/s/files/1/0690/1977/files/gaia-baby-stretchy-baby-wrap-carrier-ebony-lifestyle-5.jpg?v=1731942707,,,https://cdn.shopify.com/s/files/1/0690/1977/files/gaia-baby-stretchy-baby-wrap-carrier-ebony-lifestyle-4.jpg?v=1731942713,Baby Carrier & Sling
https://www.awin1.com/pclick.php?p=37012734897&a=2771700&m=64830,Carriwell Washable Breast Pads - 6 Pack - Black,37012734897,48439-01290,https://cdn.shopify.com/s/files/1/0690/1977/files/carriwell-washable-breast-pads-flat-4.jpg?v=1701999926,"The Carriwell Washable Breast Pads 6 Pack in White with soft flannel allows for quick absorption of your milk and keeps your nipples dry, reducing the risk of mastitis and cracked nipples. The soft-touch cotton quickly absorbs your milk, keeping you dry and comfortable, whilst the breathable leak-proof layer traps moisture for maximum confidence.",Nursing Bras,11.99,Natural Baby Shower Ltd,64830,,,https://images2.productserve.com/?w=200&h=200&bg=white&trim=5&t=letterbox&url=ssl%3Acdn.shopify.com%2Fs%2Ffiles%2F1%2F0690%2F1977%2Ffiles%2Fcarriwell-washable-breast-pads-flat-4.jpg%3Fv%3D1701999926&feedId=89138&k=cd71b6ae1862dfb0be15be99993e2cdf295776fa,GBP,,,https://natural-baby-2.myshopify.com/products/carriwell-washable-breast-pads-6-pack-black?variant=40440220745806,,,£11.99,89138,carriwell,1,https://cdn.shopify.com/s/files/1/0690/1977/files/carriwell-washable-breast-pads-flat-7.jpg?v=1701999930,https://cdn.shopify.com/s/files/1/0690/1977/files/carriwell-washable-breast-pads-flat.jpg?v=1701999935,,,https://cdn.shopify.com/s/files/1/0690/1977/files/carriwell-washable-breast-pads-flat-2.jpg?v=1701999938,Breast Pads
https://www.awin1.com/pclick.php?p=37012734898&a=2771700&m=64830,Carriwell Adjustable Support Belt - Honey - L/XL,37012734898,48433-51110,https://cdn.shopify.com/s/files/1/0690/1977/files/carriwell-adjustable-support-belt-honey-flat-4.jpg?v=1701999954,"The Carriwell Adjustable Support Belt in Black is an extremely comfortable and easy to adjust support belt that provides support and immediate relief for pregnancy-induced backache. This pregnancy belt applies easily adjustable counter pressure to any discomfort in your lower back, improving your posture and bringing you pain relief. The broad soft belt gently lifts your tummy relieving downward pressure whilst supporting your hips, and the broad elastic and soft breathable microfiber fabric is designed to softly support your sensitive skin.",Shapewear,34.65,Natural Baby Shower Ltd,64830,Maternity,205,https://images2.productserve.com/?w=200&h=200&bg=white&trim=5&t=letterbox&url=ssl%3Acdn.shopify.com%2Fs%2Ffiles%2F1%2F0690%2F1977%2Ffiles%2Fcarriwell-adjustable-support-belt-honey-flat-4.jpg%3Fv%3D1701999954&feedId=89138&k=fed8c6839a66918806c1553efbd9662cf9478df0,GBP,,,https://natural-baby-2.myshopify.com/products/carriwell-adjustable-support-belt-honey?variant=40440220778574,,,£34.65,89138,carriwell,1,https://cdn.shopify.com/s/files/1/0690/1977/files/carriwell-adjustable-support-belt-honey-flat-7.jpg?v=1701999958,https://cdn.shopify.com/s/files/1/0690/1977/files/carriwell-adjustable-support-belt-honey-flat-8.jpg?v=1701999962,,,https://cdn.shopify.com/s/files/1/0690/1977/files/carriwell-adjustable-support-belt-honey-flat-9.jpg?v=1701999967,Belly Support Band
https://www.awin1.com/pclick.php?p=37012734899&a=2771700&m=64830,Carriwell Adjustable Support Belt - Honey - S/M,37012734899,48433-51103,https://cdn.shopify.com/s/files/1/0690/1977/files/carriwell-adjustable-support-belt-honey-flat-4.jpg?v=1701999954,"The Carriwell Adjustable Support Belt in Black is an extremely comfortable and easy to adjust support belt that provides support and immediate relief for pregnancy-induced backache. This pregnancy belt applies easily adjustable counter pressure to any discomfort in your lower back, improving your posture and bringing you pain relief. The broad soft belt gently lifts your tummy relieving downward pressure whilst supporting your hips, and the broad elastic and soft breathable microfiber fabric is designed to softly support your sensitive skin.",Shapewear,34.65,Natural Baby Shower Ltd,64830,Maternity,205,https://images2.productserve.com/?w=200&h=200&bg=white&trim=5&t=letterbox&url=ssl%3Acdn.shopify.com%2Fs%2Ffiles%2F1%2F0690%2F1977%2Ffiles%2Fcarriwell-adjustable-support-belt-honey-flat-4.jpg%3Fv%3D1701999954&feedId=89138&k=fed8c6839a66918806c1553efbd9662cf9478df0,GBP,,,https://natural-baby-2.myshopify.com/products/carriwell-adjustable-support-belt-honey?variant=40440220811342,,,£34.65,89138,carriwell,1,https://cdn.shopify.com/s/files/1/0690/1977/files/carriwell-adjustable-support-belt-honey-flat-7.jpg?v=1701999958,https://cdn.shopify.com/s/files/1/0690/1977/files/carriwell-adjustable-support-belt-honey-flat-8.jpg?v=1701999962,,,https://cdn.shopify.com/s/files/1/0690/1977/files/carriwell-adjustable-support-belt-honey-flat-9.jpg?v=1701999967,Belly Support Band
https://www.awin1.com/pclick.php?p=37012736199&a=2771700&m=64830,Carriwell Crossover Sleeping + Nursing Bra - Black - Extra Large,37012736199,48434-25135,https://cdn.shopify.com/s/files/1/0690/1977/files/carriwell-crossover-sleeping-mursing-bra-black-flat-14.jpg?v=1701921965,The Carriwell Crossover Sleeping + Nursing Bra in Black has been designed for mums who like an easy-to-open cross-over style bra which enables baby to nuzzle up to mum’s breasts very easily.,Nursing Bras,19.05,Natural Baby Shower Ltd,64830,,,https://images2.productserve.com/?w=200&h=200&bg=white&trim=5&t=letterbox&url=ssl%3Acdn.shopify.com%2Fs%2Ffiles%2F1%2F0690%2F1977%2Ffiles%2Fcarriwell-crossover-sleeping-mursing-bra-black-flat-14.jpg%3Fv%3D1701921965&feedId=89138&k=9b7c85be48aca745762074b684e4fba4e7e56859,GBP,,,https://natural-baby-2.myshopify.com/products/carriwell-crossover-sleeping-nursing-bra-black?variant=40440221368398,,,£19.05,89138,carriwell,1,https://cdn.shopify.com/s/files/1/0690/1977/files/carriwell-crossover-sleeping-mursing-bra-black-lifestyle.jpg?v=1701921965,https://cdn.shopify.com/s/files/1/0690/1977/files/carriwell-crossover-sleeping-mursing-bra-black-flat.jpg?v=1701921966,,,https://cdn.shopify.com/s/files/1/0690/1977/files/carriwell-crossover-sleeping-mursing-bra-black-flat-13.jpg?v=1701921967,Nursing Bras
https://www.awin1.com/pclick.php?p=37012736137&a=2771700&m=64830,Ergobaby Aura Wrap Carrier - Soft Black,37012736137,48529-08407,https://cdn.shopify.com/s/files/1/0690/1977/files/ergobaby-aura-baby-wrap-soft-black-flat-2_97499377-709b-457f-842f-be403719cc66.jpg?v=1778583866,"A classic, soft and cosy newborn-ready wrap designed for fourth-trimester bonding. Perfect for keeping little one close throughout the tender newborn phase.",Baby Carriers,59.95,Natural Baby Shower Ltd,64830,Children's Accessories,539,https://images2.productserve.com/?w=200&h=200&bg=white&trim=5&t=letterbox&url=ssl%3Acdn.shopify.com%2Fs%2Ffiles%2F1%2F0690%2F1977%2Ffiles%2Fergobaby-aura-baby-wrap-soft-black-flat-2_97499377-709b-457f-842f-be403719cc66.jpg%3Fv%3D1778583866&feedId=89138&k=14ad7f5cb55408913c0d4dd116a4112365499ff9,GBP,,,https://natural-baby-2.myshopify.com/products/ergobaby-aura-baby-wrap-soft-black?variant=40501723725902,,,£59.95,89138,Ergobaby,1,https://cdn.shopify.com/s/files/1/0690/1977/files/ergobaby-aura-baby-wrap-soft-black-lifestyle-3.jpg?v=1778627627,https://cdn.shopify.com/s/files/1/0690/1977/files/ergobaby-aura-baby-wrap-soft-black-flat-4_aa9a3a64-fee4-4e80-9a24-05b843a77a12.jpg?v=1778627622,,,https://cdn.shopify.com/s/files/1/0690/1977/files/ergobaby-aura-baby-wrap-soft-black-flat-3_3453fe79-a46f-4a3c-8896-df1e2917ddae.jpg?v=1778627622,Baby Carrier & Sling
https://www.awin1.com/pclick.php?p=36496688707&a=2771700&m=64830,CYBEX Solution T i-Fix Plus Car Seat - Sepia Black,36496688707,46625-80176,https://cdn.shopify.com/s/files/1/0690/1977/products/cybex-solution-t-PLUS-sepia-black-flat.jpg?v=1699470848,"The CYBEX Solution T i-Fix PLUS Car Seat in Sepia Black is the perfect combination of safety and comfort for your little one. The reclining headrest is patented and designed to guarantee a safe and comfortable journey for both you and your little one. The reclining backrest in two positions is also made with premium materials to ensure your little one stays protected and secure throughout any car ride. The ISOFIX makes installation a breeze, so it’s easy to adjust on any vehicle. The adjustable height makes sure the seat fits perfectly with any body size, making the solution truly personalized. It also features an automatic width adjustment that ensures your baby gets a custom-fit experience each time they settle into the chair. The advanced Linear Side-Impact Protection System (LSP) offers unrivalled protection levels compared to conventional door-side systems by dispersing forces over a larger area giving your little ones maximum safety at all times and with air ventilation and mesh soft goods, keeping the optimal temperature inside will never be an issue. The PLUS fabrics are high-end fabrics, with a slightly different look to the Cloud Z2 which adds extra style to your little one's car seat. The PLUS fabrics feature air ventilation channels on the hard parts of the car seat. It also features additional breathable soft mesh fabrics, so little one will be riding in style and be super cosy during car rides.",Baby & Toddler Car Seats,179.95,Natural Baby Shower Ltd,64830,Baby Products,599,https://images2.productserve.com/?w=200&h=200&bg=white&trim=5&t=letterbox&url=ssl%3Acdn.shopify.com%2Fs%2Ffiles%2F1%2F0690%2F1977%2Fproducts%2Fcybex-solution-t-PLUS-sepia-black-flat.jpg%3Fv%3D1699470848&feedId=89138&k=cd8c503f2e2c38d59fe91cfc2135599cfeacf832,GBP,,,https://natural-baby-2.myshopify.com/products/cybex-solution-t-i-fix-plus-sepia-black?variant=40175452192846,,,£179.95,89138,Cybex,1,https://cdn.shopify.com/s/files/1/0690/1977/files/cybex-solution-t-lifestyle.jpg?v=1781907085,https://cdn.shopify.com/s/files/1/0690/1977/files/cybex-solution-t-lifestyle-3.jpg?v=1781907086,,,https://cdn.shopify.com/s/files/1/0690/1977/files/cybex-solution-t-lifestyle-2.jpg?v=1781907086,Car Seats
https://www.awin1.com/pclick.php?p=40314153300&a=2771700&m=64830,Carriwell Crossover Sleeping & Nursing Bra - Honey - XL,40314153300,50328-25531,https://cdn.shopify.com/s/files/1/0690/1977/files/carriwell-crossover-sleeping-nursing-bra-honey-flat.jpg?v=1737657785,"The Carriwell Crossover Sleeping & Nursing Bra in Honey is the perfect blend of simplicity and convenience for nursing mums. Thoughtfully designed for mothers who appreciate an easy-to-open crossover style, this bra makes it a breeze for little ones to snuggle up for a feed. The crossover design means no more fiddling with complicated clasps or hooks, allowing for a smooth nursing experience. Enjoy the easiest and most convenient way to nurse your baby, creating those precious bonding moments without interruption. Plus, the incredibly soft and flexible fabric makes it perfect for night-time use - you can comfortably lie down and nurse your baby without any hassle. Made with the softest quality lace and fabric, this bra ensures that your breastfeeding journey is as enjoyable as it can be. With comfort as a top priority, the Carriwell Crossover Sleeping & Nursing Bra guarantees no stiff underwire or annoying seams to take away from the joy of motherhood. In keeping with Carriwell's commitment to sustainability, the Crossover Sleeping & Nursing Bra is crafted from fully certified organic cotton. Embrace this natural and eco-friendly choice, knowing that you’re supporting a healthier environment for both you and your little one.",Nursing Bras,19.95,Natural Baby Shower Ltd,64830,,,https://images2.productserve.com/?w=200&h=200&bg=white&trim=5&t=letterbox&url=ssl%3Acdn.shopify.com%2Fs%2Ffiles%2F1%2F0690%2F1977%2Ffiles%2Fcarriwell-crossover-sleeping-nursing-bra-honey-flat.jpg%3Fv%3D1737657785&feedId=89138&k=916ab8c7e60fbeca84fe372bc01bad4f9acacb5a,GBP,,,https://natural-baby-2.myshopify.com/products/carriwell-crossover-sleeping-nursing-bra-honey?variant=54956393791867,,,£19.95,89138,carriwell,1,https://cdn.shopify.com/s/files/1/0690/1977/files/carriwell-crossover-sleeping-nursing-bra-honey-flat-2.jpg?v=1737657790,https://cdn.shopify.com/s/files/1/0690/1977/files/carriwell-crossover-sleeping-nursing-bra-honey-flat-3.jpg?v=1737657795,,,https://cdn.shopify.com/s/files/1/0690/1977/files/carriwell-crossover-sleeping-nursing-bra-honey-flat-4.jpg?v=1737657799,Nursing Bras
https://www.awin1.com/pclick.php?p=40538144468&a=2771700&m=64830,BIBS Pacifier Colour 2 Pack - Pale Butter/Petal - 1,40538144468,50411-69624,https://cdn.shopify.com/s/files/1/0690/1977/files/bibs-pacifier--colour-2-pack-pale-butter-petal-flat-2.jpg?v=1739854799,"The BIBS Colour Pacifier has been bringing comfort and reassurance to little ones for over 40 years. Thoughtfully designed to support your baby’s natural sucking instinct, it offers a soothing and familiar experience. The soft and flexible natural rubber latex nipple mimics the feel of breastfeeding, while the lightweight shield is carefully designed to allow airflow, helping to prevent skin irritation and moisture build-up around the mouth. Made from 100% food-grade, BPA-free materials and crafted with care in Denmark, this pacifier is a safe and trusted choice for your baby’s comfort.",Pacifiers & Teethers,9.95,Natural Baby Shower Ltd,64830,Baby Products,599,https://images2.productserve.com/?w=200&h=200&bg=white&trim=5&t=letterbox&url=ssl%3Acdn.shopify.com%2Fs%2Ffiles%2F1%2F0690%2F1977%2Ffiles%2Fbibs-pacifier--colour-2-pack-pale-butter-petal-flat-2.jpg%3Fv%3D1739854799&feedId=89138&k=4504e08ef733aab10bb0c98382b8a0030aba3f3f,GBP,,,https://natural-baby-2.myshopify.com/products/bibs-pacifier-colour-2-pack-pale-butter-petal?variant=55027090456955,,,£9.95,89138,BIBS World,1,https://cdn.shopify.com/s/files/1/0690/1977/files/bibs-pacifier--colour-2-pack-pale-butter-petal-flat-3.jpg?v=1739854801,https://cdn.shopify.com/s/files/1/0690/1977/files/bibs-pacifier--colour-2-pack-pale-butter-petal-flat.jpg?v=1739854802,,,https://cdn.shopify.com/s/files/1/0690/1977/files/BIBS-Information-1_b0b6836d-94e4-4b49-9c93-7ddd45440eaa.jpg?v=1766061288,Dummies
https://www.awin1.com/pclick.php?p=36496688737&a=2771700&m=64830,TIBA + MARL Elwood Twin 2.0 Changing Backpack - Black,36496688737,47472-11020,https://cdn.shopify.com/s/files/1/0690/1977/files/tiba-marl-elwood-twin-backpack-black-flat-6.jpg?v=1699490234,"Meet the much-loved ELWOOD backpack, now thoughtfully updated with even more pockets for all your everyday essentials. Designed to support you through every stage of parenting, this versatile changing bag blends modern style with practical functionality - so you can stay organised, wherever the day takes you. Crafted from premium recycled vegan leather with sleek gunmetal hardware, the ELWOOD is as durable as it is stylish. Spacious enough to fit your laptop as well as baby essentials, it transitions effortlessly from park walks to workdays and everything in between. With carefully considered details - from insulated bottle holders to a removable wet clutch - this backpack helps keep everything in its place, so you can focus on what matters most. Better still, it’s made using recycled materials, including post-consumer plastic waste, making it a more mindful choice for your family and the planet.",Diaper Bags,168,Natural Baby Shower Ltd,64830,Baby Products,599,https://images2.productserve.com/?w=200&h=200&bg=white&trim=5&t=letterbox&url=ssl%3Acdn.shopify.com%2Fs%2Ffiles%2F1%2F0690%2F1977%2Ffiles%2Ftiba-marl-elwood-twin-backpack-black-flat-6.jpg%3Fv%3D1699490234&feedId=89138&k=8d966377ab00bd5cdca483e56ff6bdb400170866,GBP,,,https://natural-baby-2.myshopify.com/products/tiba-marl-elwood-twin-backpack-black?variant=40255364333646,,,£168.00,89138,TIBA + MARL,1,https://cdn.shopify.com/s/files/1/0690/1977/files/tiba-marl-elwood-twin-3.jpg?v=1774479863,https://cdn.shopify.com/s/files/1/0690/1977/files/tiba-marl-elwood-twin-backpack-black-lifestyle-2.jpg?v=1774437835,,,https://cdn.shopify.com/s/files/1/0690/1977/files/tiba-marl-elwood-twin-2.0-changing-backpack-black-lifestyle.jpg?v=1774479864,Changing Bag
https://www.awin1.com/pclick.php?p=36496686389&a=2771700&m=64830,RyRy Scallop Car Seat - Grey,36496686389,45272-GRY,https://cdn.shopify.com/s/files/1/0690/1977/files/ryry-scallop-car-seat-grey.jpg?v=1727736918,"The RyRy Scallop Car Seat in Grey is the perfect car seat for those who are looking for a compact and safe car seat for their little ones. The seat is certified to the highest EU safety standards, meaning that it has been tested for front and rear impact as well as side impact. The Scallop also features a foam pad on either side of the seat, which absorbs kinetic energy in the event of a side impact. In addition to being safe, the Scallop is also environmentally friendly, as it uses less of the planet's resources. The covers are made with sustainable anti-bacterial Merino wool which achieved 16,000 on the Martindale Scale which means it will survive 16,000 abrasions before it wears out. RyRy Scallop is perfect for busy families on the go as it can be moved between your car, taxis or used on vacations. Plus, its sleek and stylish design is sure to complement any car interior.",Baby & Toddler Car Seats,129.95,Natural Baby Shower Ltd,64830,Baby Products,599,https://images2.productserve.com/?w=200&h=200&bg=white&trim=5&t=letterbox&url=ssl%3Acdn.shopify.com%2Fs%2Ffiles%2F1%2F0690%2F1977%2Ffiles%2Fryry-scallop-car-seat-grey.jpg%3Fv%3D1727736918&feedId=89138&k=8d9c31481c20cd22fac3a6c34b39638abdfd5c0c,GBP,,,https://natural-baby-2.myshopify.com/products/ryry-scallop-car-seat-grey?variant=39867383545934,,,£129.95,89138,RyRy Compact,1,https://cdn.shopify.com/s/files/1/0690/1977/files/ryry-scallop-car-seat-grey-lifestyle-4.jpg?v=1727736922,https://cdn.shopify.com/s/files/1/0690/1977/files/ryry-scallop-car-seat-grey-lifestyle-5.jpg?v=1727736925,,,https://cdn.shopify.com/s/files/1/0690/1977/products/ryry-scallop-car-seat-grey.jpg?v=1715683750,Car Seats
https://www.awin1.com/pclick.php?p=37012735847&a=2771700&m=64830,aden + anais Organic Cotton Muslin Light Newborn Sleeping Bag 1.0 Tog - Safari Dreams,37012735847,47813-56556,https://cdn.shopify.com/s/files/1/0690/1977/files/aden-anais-organic-cotton-muslin-light-sleeping-bag-1.0tog-safara-dreams-flat.jpg?v=1700270754,"The aden + anais Organic Cotton Muslin Light Sleeping Bag 1.0 TOG in Safari Dreams keeps baby feeling comfy and secure when transitioning out of a swaddle and beyond. Designed to be worn over pyjamas, this 100% GOTS certified cotton muslin baby sleeping bag eliminates the need for loose blankets in the cot for a safer sleep. Made from a single layer of breathable muslin, the sleeping bag allows for airflow, helping to reduce the risk of overheating for a peaceful night’s sleep for baby and you. Its convenient zip opens from the bottom, making nighttime changes easy.",Baby & Children's Sleepwear,29.33,Natural Baby Shower Ltd,64830,,,https://images2.productserve.com/?w=200&h=200&bg=white&trim=5&t=letterbox&url=ssl%3Acdn.shopify.com%2Fs%2Ffiles%2F1%2F0690%2F1977%2Ffiles%2Faden-anais-organic-cotton-muslin-light-sleeping-bag-1.0tog-safara-dreams-flat.jpg%3Fv%3D1700270754&feedId=89138&k=32e8a241758180a25698a45711b18b0ea7065358,GBP,,,https://natural-baby-2.myshopify.com/products/aden-anais-organic-cotton-muslin-light-sleeping-bag-1-0-tog-safari-dreams?variant=40277194571854,,,£29.33,89138,aden + anais,1,,,,,,Baby Sleeping Bags
https://www.awin1.com/pclick.php?p=43640791708&a=2771700&m=64830,CuddleCo Wedge Changing Mat - Cashmere Meadow,43640791708,51716-54848,https://cdn.shopify.com/s/files/1/0690/1977/files/cuddleco-wedge-changing-mat-cashmere-meadow-flat.jpg?v=1766534175,"Make nappy changes calm and comfortable with the CuddleCo Wedge Changing Mat cover in Cashmere Meadow. Crafted from soft, breathable cotton muslin, it feels gentle against your baby’s skin while the water-repellent lining protects against little accidents. The calming floral print adds a touch of charm to your nursery, and the removable, machine-washable design keeps everyday care effortless.",Changing Mats & Trays,29.95,Natural Baby Shower Ltd,64830,Baby Products,599,https://images2.productserve.com/?w=200&h=200&bg=white&trim=5&t=letterbox&url=ssl%3Acdn.shopify.com%2Fs%2Ffiles%2F1%2F0690%2F1977%2Ffiles%2Fcuddleco-wedge-changing-mat-cashmere-meadow-flat.jpg%3Fv%3D1766534175&feedId=89138&k=9ac09f1940d85c020ed9702fc0130b03d1b95d2e,GBP,,,https://natural-baby-2.myshopify.com/products/cuddleco-wedge-changing-mat-cashmere-meadow?variant=55975920402811,,,£29.95,89138,CuddleCo,1,https://cdn.shopify.com/s/files/1/0690/1977/files/cuddleco-wedge-changing-mat-cashmere-meadow-lifestyle-2.jpg?v=1766534177,https://cdn.shopify.com/s/files/1/0690/1977/files/cuddleco-wedge-changing-mat-cashmere-meadow-lifestyle.jpg?v=1766534178,,,https://cdn.shopify.com/s/files/1/0690/1977/files/cuddleco-wedge-changing-mat-cashmere-meadow-lifestyle-3.jpg?v=1766534178,Changing Mat
https://www.awin1.com/pclick.php?p=38740727657&a=2771700&m=64830,Nuna PAAL Organic Sheet - Moonbeam,38740727657,49427-03544,https://cdn.shopify.com/s/files/1/0690/1977/files/nuna-paal-organic-sheet-moon-beam-flay.jpg?v=1727791256,The Nuna PAAL Organic Sheet in Moonbeam is machine washable and made from GOTS certified organic cotton fabric. Suitable for the Nuna PAAL Travel cot only.,Bed Sheets,30,Natural Baby Shower Ltd,64830,Baby Products,599,https://images2.productserve.com/?w=200&h=200&bg=white&trim=5&t=letterbox&url=ssl%3Acdn.shopify.com%2Fs%2Ffiles%2F1%2F0690%2F1977%2Ffiles%2Fnuna-paal-organic-sheet-moon-beam-flay.jpg%3Fv%3D1727791256&feedId=89138&k=5b04bdbbb467103689729dd1c8e3e98bd0544ef3,GBP,,,https://natural-baby-2.myshopify.com/products/nuna-paal-organic-sheet-moonbeam?variant=41627470135374,,,£30.00,89138,Nuna,1,,,,,,Bedding & Sheets
https://www.awin1.com/pclick.php?p=36496686359&a=2771700&m=64830,Fred Screw Fit Stairgate - Clear Acrylic Panel/Dark Grey Fittings,36496686359,42740-ADG,https://cdn.shopify.com/s/files/1/0690/1977/products/fred-screw-fit-stairgate-clear-acrylic-panel-dark-grey-fittings.jpg?v=1699395328,"The Fred Screw Fit Stairgate with Clear Acrylic Panel + Dark Grey Fittings combines contemporary modern style with uncompromising levels of safety. Made from the highest possible quality materials throughout, the crystal-clean professional grade acrylic is a barrier of brilliance. Details such as the extra sure 2-way magnetic locking system, the at-a-glance visual locking indicators and the FastMount installation system (that make it the quickest + easiest gate of its type to fit correctly), all add up to give you the peace of mind that you need. This is a no-trip stair gate - ideal for use at the top of staircases: the advantage of fitting to your wall with screws.",Baby & Pet Gates,220,Natural Baby Shower Ltd,64830,,,https://images2.productserve.com/?w=200&h=200&bg=white&trim=5&t=letterbox&url=ssl%3Acdn.shopify.com%2Fs%2Ffiles%2F1%2F0690%2F1977%2Fproducts%2Ffred-screw-fit-stairgate-clear-acrylic-panel-dark-grey-fittings.jpg%3Fv%3D1699395328&feedId=89138&k=a7c4568377d54624396beb1058d2d8bacff30113,GBP,,,https://natural-baby-2.myshopify.com/products/fred-screw-fit-stairgate-clear-acrylic-panel-dark-grey-fittings?variant=32642652438606,,,£220.00,89138,Fred,1,https://cdn.shopify.com/s/files/1/0690/1977/products/fred-screw-fit-stairgate-clear-acrylic-panel-dark-grey-fittings-lifestyle-5.jpg?v=1699395330,https://cdn.shopify.com/s/files/1/0690/1977/products/fred-screw-fit-stairgate-clear-acrylic-panel-dark-grey-fittings-lifestyle-3.jpg?v=1699395331,,,https://cdn.shopify.com/s/files/1/0690/1977/products/fred-screw-fit-stairgate-clear-acrylic-panel-dark-grey-fittings-lifestyle-4.jpg?v=1699395332,Baby Gate
https://www.awin1.com/pclick.php?p=45198159654&a=2771700&m=64830,Tutti Bambini Luxury Wood & Muslin Playgym - Tiny Tales,45198159654,52043-90944,https://cdn.shopify.com/s/files/1/0690/1977/files/tutti-bambini-luxury-wood-muslin-playgym-tiny-tales-flat.jpg?v=1772757634,"Encourage exploration, sensory play, and tummy time with the Luxury Wood & Muslin Playgym – Tiny Tales from Tutti Bambini. Featuring a beautifully crafted wooden arch and a soft, strawberry-shaped muslin playmat, this play gym invites little ones to reach, grasp, and discover. Hanging plush muslin toys in charming strawberry and mushroom shapes spark curiosity and imaginative play. Made from natural, child-safe materials with gentle textures, the Tiny Tales play gym is as stylish as it is engaging, making it a timeless addition to any nursery or playroom.",Play Gyms,89,Natural Baby Shower Ltd,64830,Baby Toys,412,https://images2.productserve.com/?w=200&h=200&bg=white&trim=5&t=letterbox&url=ssl%3Acdn.shopify.com%2Fs%2Ffiles%2F1%2F0690%2F1977%2Ffiles%2Ftutti-bambini-luxury-wood-muslin-playgym-tiny-tales-flat.jpg%3Fv%3D1772757634&feedId=89138&k=377c1111e53dae754fcd0fd3bf316c258c536d20,GBP,,,https://natural-baby-2.myshopify.com/products/tutti-bambini-luxury-wood-muslin-playgym-tiny-tales?variant=56057659130235,,,£89.00,89138,Tutti Bambini,1,https://cdn.shopify.com/s/files/1/0690/1977/files/tutti-bambini-luxury-wood-muslin-playgym-tiny-tales-lifestyle-5.jpg?v=1772710001,https://cdn.shopify.com/s/files/1/0690/1977/files/tutti-bambini-luxury-wood-muslin-playgym-tiny-tales-lifestyle.jpg?v=1772710001,,,https://cdn.shopify.com/s/files/1/0690/1977/files/tutti-bambini-luxury-wood-muslin-playgym-tiny-tales-flat-2.jpg?v=1772757635,Play Mat
https://www.awin1.com/pclick.php?p=36496686823&a=2771700&m=64830,Yoto Player Adventure Jacket - Blue Bird | 3rd Gen,36496686823,47914-37356,https://cdn.shopify.com/s/files/1/0690/1977/files/yoto-player-adventure-jacket-blue-bird-flat.jpg?v=1699497097,"The Yoto Player Adventure Jacket (3rd Generation) in Blue Bird fits snugly over your Yoto Player, protecting it from smalls bumps and making it easier to carry from place to place. With your Adventure Jacket fitted, you'll still have access to all of Yoto Player's features including the nightlight, buttons, charger and headphone port. Adventure Jacket also has a small lip on the front which lifts your Player's display off the ground when in nightlight mode.",Baby Toys & Activity Equipment,24.95,Natural Baby Shower Ltd,64830,Baby Toys,412,https://images2.productserve.com/?w=200&h=200&bg=white&trim=5&t=letterbox&url=ssl%3Acdn.shopify.com%2Fs%2Ffiles%2F1%2F0690%2F1977%2Ffiles%2Fyoto-player-adventure-jacket-blue-bird-flat.jpg%3Fv%3D1699497097&feedId=89138&k=a0adf18f66a22e803347c6fce08b4463210cb73a,GBP,,,https://natural-baby-2.myshopify.com/products/yoto-player-adventure-jacket-3rd-generation-blue-bird?variant=40283717304398,,,£24.95,89138,Yoto,1,,,,,,First Toys
https://www.awin1.com/pclick.php?p=36518060688&a=2771700&m=64830,BIBS Pacifier Clip - Vanilla - Knitted,36518060688,47958-53760,https://cdn.shopify.com/s/files/1/0690/1977/files/bibs-pacifier-clip-vanilla-flat.jpg?v=1699497620,"The BIBS Pacifier Clip Vanilla Knitted will be the third hand you always wished for and the essential you can’t live without. It is an indispensable accessory that makes everyday life with a baby a bit easier. The pacifier clips are easy to use – just attach the wooden clip to a piece of your little one's clothing and it prevents the pacifier from getting lost, or dirty by falling to the ground or floor.",Pacifier Clips & Holders,13.95,Natural Baby Shower Ltd,64830,Baby Products,599,https://images2.productserve.com/?w=200&h=200&bg=white&trim=5&t=letterbox&url=ssl%3Acdn.shopify.com%2Fs%2Ffiles%2F1%2F0690%2F1977%2Ffiles%2Fbibs-pacifier-clip-vanilla-flat.jpg%3Fv%3D1699497620&feedId=89138&k=717a833f78a073fd2a1c80b111e3aa6f026d1492,GBP,,,https://natural-baby-2.myshopify.com/products/bibs-world-pacifier-clip-vanilla-knitted?variant=40288145047630,,,£13.95,89138,BIBS World,1,https://cdn.shopify.com/s/files/1/0690/1977/files/bibs-pacifier-clip-vanilla-flat_208f3f4e-63d5-41d8-a9da-abd4030095c0.jpg?v=1699497621,,,,,Dummy Clips
https://www.awin1.com/pclick.php?p=38409521203&a=2771700&m=64830,BIBS X LIBERTY Colour Latex Pacifier - 2 Pack - Pale Butter Mix - Strawberries and Cream - Size 2,38409521203,49392-61765,https://cdn.shopify.com/s/files/1/0690/1977/files/bibs-liberty-colour-latex-pacifier-pale-butter-mix-strawbs-cream-flat-2.jpg?v=1719444934,"The BIBS x LIBERTY Colour Latex Pacifier 2 Pack Pale Butter Mix Strawberries & Cream is part of an exclusive collection of baby and toddler essentials that have been reimagined with timeless Liberty prints to give your little one beautiful statement pieces they'll enjoy. With this two-pack, you'll receive two dummies in their unique Blush Mix print. The round lightweight shield faces away from the sensitive and delicate skin around the baby's mouth to ensure minimum contact with the baby's nose and mouth, which means less chance of moisture build-up from saliva that can cause rashes and sore spots. The nipple of the dummy is equipped with a valve that lets out air when the baby closes down on the nipple thereby flattening the nipple to shape naturally after the baby's oral cavity. It is produced from natural rubber latex. Since natural rubber latex is a natural material, colour variation may occur.",Pacifiers & Teethers,10.95,Natural Baby Shower Ltd,64830,Baby Products,599,https://images2.productserve.com/?w=200&h=200&bg=white&trim=5&t=letterbox&url=ssl%3Acdn.shopify.com%2Fs%2Ffiles%2F1%2F0690%2F1977%2Ffiles%2Fbibs-liberty-colour-latex-pacifier-pale-butter-mix-strawbs-cream-flat-2.jpg%3Fv%3D1719444934&feedId=89138&k=7275745fea69b1e120f7e0ad6ebf57139d155ce9,GBP,,,https://natural-baby-2.myshopify.com/products/bibs-x-liberty-colour-latex-pacifier-2-pack-pale-butter-mix-strawberries-and-cream?variant=41566739529806,,,£10.95,89138,BIBS World,1,https://cdn.shopify.com/s/files/1/0690/1977/files/bibs-liberty-colour-latex-pacifier-pale-butter-mix-strawbs-cream-flat.jpg?v=1719444938,https://cdn.shopify.com/s/files/1/0690/1977/files/bibs-liberty-colour-latex-pacifier-pale-butter-mix-strawbs-cream-lifestyle-3.jpg?v=1719444942,,,https://cdn.shopify.com/s/files/1/0690/1977/files/bibs-liberty-colour-latex-pacifier-pale-butter-mix-strawbs-cream-lifestyle-5.jpg?v=1719444946,Dummies
https://www.awin1.com/pclick.php?p=42446024005&a=2771700&m=64830,Avery Row Changing Backpack  - Oyster,42446024005,51187-57777,https://cdn.shopify.com/s/files/1/0690/1977/files/avery-row-changing-backpack-oyster-flat.jpg?v=1755700428,"The Avery Row Changing Backpack in Oyster is the perfect blend of style, sustainability, and practicality for modern parenting. Crafted from recycled, water-resistant materials with a soft quilted finish, it’s designed to last through newborn days, toddler adventures, and beyond. Spacious and thoughtfully organised, the backpack features multiple compartments including a laptop sleeve, thermal bottle pocket, outer bottle holders, and a zipped valuables section. For extra convenience, it comes with a travel changing mat, insulated pouch, and handy pram clips, making it easy to stay organised wherever family life takes you.",Diaper Bags,170,Natural Baby Shower Ltd,64830,Baby Products,599,https://images2.productserve.com/?w=200&h=200&bg=white&trim=5&t=letterbox&url=ssl%3Acdn.shopify.com%2Fs%2Ffiles%2F1%2F0690%2F1977%2Ffiles%2Favery-row-changing-backpack-oyster-flat.jpg%3Fv%3D1755700428&feedId=89138&k=347fb448f64bb7f636358c5bd3d4634fb024575c,GBP,,,https://natural-baby-2.myshopify.com/products/avery-row-changing-backpack-oyster?variant=55688104018299,,,£170.00,89138,Avery Row,1,https://cdn.shopify.com/s/files/1/0690/1977/files/avery-row-changing-backpack-oyster-lifestyle.jpg?v=1755748284,https://cdn.shopify.com/s/files/1/0690/1977/files/avery-row-changing-backpack-oyster-lifestyle-2.jpg?v=1755748285,,,https://cdn.shopify.com/s/files/1/0690/1977/files/avery-row-changing-backpack-oyster-lifestyle-3.jpg?v=1755748286,Changing Bag
https://www.awin1.com/pclick.php?p=40634289210&a=2771700&m=64830,Snuz Twin Pack Crib Sheets - Grey Cloud - Crib,40634289210,50421-10773,https://cdn.shopify.com/s/files/1/0690/1977/files/snuz-twin-pack-crib-sheets-wgrey-cloud-flat-3.jpg?v=1740480903,"Give your little one the softest start with the Snüz Twin Pack Crib Sheets. Made from luxurious jersey cotton, these fitted sheets are beautifully soft, breathable, and designed to help regulate your baby’s temperature for a restful sleep. Perfectly sized to fit SnüzPod Bedside Cribs, they provide a snug and secure fit while maintaining their long-lasting quality wash after wash. Crafted from 100% cotton, they’re gentle on delicate skin and easy to care for - simply machine wash and tumble dry for added convenience.",Bed Sheets,22,Natural Baby Shower Ltd,64830,Baby Products,599,https://images2.productserve.com/?w=200&h=200&bg=white&trim=5&t=letterbox&url=ssl%3Acdn.shopify.com%2Fs%2Ffiles%2F1%2F0690%2F1977%2Ffiles%2Fsnuz-twin-pack-crib-sheets-wgrey-cloud-flat-3.jpg%3Fv%3D1740480903&feedId=89138&k=60d7f88345d19ebc8bfaebd5d8fd30400dcd0104,GBP,,,https://natural-baby-2.myshopify.com/products/snuz-twin-pack-crib-sheets-grey-cloud?variant=55030525723003,,,£22.00,89138,Snuz,1,https://cdn.shopify.com/s/files/1/0690/1977/files/snuz-twin-pack-crib-sheets-wgrey-cloud-flat.jpg?v=1740555283,https://cdn.shopify.com/s/files/1/0690/1977/files/snuz-twin-pack-crib-sheets-wgrey-cloud-flat-2.jpg?v=1740555284,,,,Bedding & Sheets
https://www.awin1.com/pclick.php?p=43640791666&a=2771700&m=64830,CuddleCo Nappy Caddy - Cashmere Waffle,43640791666,51713-54770,https://cdn.shopify.com/s/files/1/0690/1977/files/cuddleco-nappy-caddy-cashmere-waffle-flat.jpg?v=1766534179,"Keep all your nappy-changing essentials organised in style with the CuddleCo Nappy Caddy in Cashmere Waffle. Crafted in soft quilted waffle cotton, it features three roomy internal compartments and a handy outer pocket for wipes, nappies, creams, and more. The structured yet soft design, with sturdy handles, makes it easy to move from room to room or take on outings, while the neutral cashmere tone complements any nursery décor beautifully.",Diaper Pail Accessories,29.95,Natural Baby Shower Ltd,64830,Baby Products,599,https://images2.productserve.com/?w=200&h=200&bg=white&trim=5&t=letterbox&url=ssl%3Acdn.shopify.com%2Fs%2Ffiles%2F1%2F0690%2F1977%2Ffiles%2Fcuddleco-nappy-caddy-cashmere-waffle-flat.jpg%3Fv%3D1766534179&feedId=89138&k=e8044b2707ca1cac32d10f5cf61ba105d5b885cd,GBP,,,https://natural-baby-2.myshopify.com/products/cuddleco-nappy-caddy-cashmere-waffle?variant=55975920468347,,,£29.95,89138,CuddleCo,1,https://cdn.shopify.com/s/files/1/0690/1977/files/cuddleco-nappy-caddy-cashmere-waffle-lifestyle.jpg?v=1766534179,https://cdn.shopify.com/s/files/1/0690/1977/files/cuddleco-nappy-caddy-cashmere-waffle-lifestyle-2.jpg?v=1766534182,,,https://cdn.shopify.com/s/files/1/0690/1977/files/cuddleco-nappy-caddy-cashmere-waffle-lifestyle-3.jpg?v=1766534180,Nappy Caddy
https://www.awin1.com/pclick.php?p=36496692534&a=2771700&m=64830,Fraupow Nursing Pads - 8 Pack - Espresso,36496692534,47281-31297,https://cdn.shopify.com/s/files/1/0690/1977/files/fraupow-nursing-pads-8-pack-espresso-flat.jpg?v=1699487001,"The Fraupow Nursing Pads 8 Pack in Multi-Colour are designed to be soft and practical. Being made from Bamboo, the long, smooth fibres are softer than other fibres, breathable and up to 4x more absorbent than cotton. Bamboo wicks moisture away from the skin to keep you feeling fresh and comfortable for longer. The reusable breast pads are made of three layers, including a super soft natural fibre layer against your skin and a waterproof outer layer to prevent any wet patches. Unlike disposable pads, these are soft, flexible and naturally cup your breast. They are thin and discrete under clothing. They don't crinkle up and wander around your bra, or get stuck to your most delicate skin. Wearing them feels and looks just like wearing your normal bra. It also includes a waterproof bag where you can store used pads while out and about, and a mesh bag to keep the pads together in the wash.",Nursing Bras,11.95,Natural Baby Shower Ltd,64830,,,https://images2.productserve.com/?w=200&h=200&bg=white&trim=5&t=letterbox&url=ssl%3Acdn.shopify.com%2Fs%2Ffiles%2F1%2F0690%2F1977%2Ffiles%2Ffraupow-nursing-pads-8-pack-espresso-flat.jpg%3Fv%3D1699487001&feedId=89138&k=f7e4e1248267a962257c1cdf49a461f24ae92933,GBP,,,https://natural-baby-2.myshopify.com/products/fraupow-nursing-pads-8-pack-espresso?variant=40242633932878,,,£11.95,89138,Fraupow,1,,,,,,Breast Pads
https://www.awin1.com/pclick.php?p=43185034621&a=2771700&m=64830,Momcozy BM04 Camera,43185034621,51204-51732,https://cdn.shopify.com/s/files/1/0690/1977/files/momcozy-bm04-camera-flat_e65f22a9-4a88-4c1b-91cd-a2faf016be5e.jpg?v=1764805195,"Keep a closer eye on your little one with the Momcozy BM04 Camera, designed as an additional camera for the Momcozy BM04 HD Baby Monitor. Whether you need coverage in multiple rooms or want peace of mind while your baby naps, this camera makes it simple to see every detail with crystal-clear 1080P HD resolution. Enhanced night vision ensures clarity even in low light, so you can always check in with confidence. With the ability to connect up to four cameras to your parent unit, the BM04 creates a complete home monitoring system, helping you stay connected to your little one wherever you are. Pairing is quick and easy, and with split-screen loop mode, you’ll never miss a moment, even with multiple cameras running.",Baby Monitors,99.99,Natural Baby Shower Ltd,64830,Gadgets,177,https://images2.productserve.com/?w=200&h=200&bg=white&trim=5&t=letterbox&url=ssl%3Acdn.shopify.com%2Fs%2Ffiles%2F1%2F0690%2F1977%2Ffiles%2Fmomcozy-bm04-camera-flat_e65f22a9-4a88-4c1b-91cd-a2faf016be5e.jpg%3Fv%3D1764805195&feedId=89138&k=49065d1dc96e30d96791ac159bc33088753cf012,GBP,,,https://natural-baby-2.myshopify.com/products/momcozy-bm04-camera?variant=55713908294011,,,£99.99,89138,Momcozy,1,https://cdn.shopify.com/s/files/1/0690/1977/files/momcozy-bm04-camera-lifestyle-3_4a36eee1-044e-4077-9739-e38ca9027f17.jpg?v=1764805196,https://cdn.shopify.com/s/files/1/0690/1977/files/momcozy-bm04-camera-lifestyle-2_727c4a82-756f-4815-b5f4-cabbbcdb13b4.jpg?v=1764805197,,,https://cdn.shopify.com/s/files/1/0690/1977/files/momcozy-bm04-camera-lifestyle_be23037a-ff0f-48fa-84cc-408f96e71184.jpg?v=1764805199,Baby Monitor
https://www.awin1.com/pclick.php?p=36496683303&a=2771700&m=64830,Carriwell Silk Breast Pads - White - 6 Pack,36496683303,45680-WHT-6,https://cdn.shopify.com/s/files/1/0690/1977/products/carriwell-silk-breast-pads-white-6-pack.jpg?v=1699452745,"The Carriwell Silk Breast Pads in White feature natural healing properties together with soft and breathable cotton, absorbing any milk and keeping your nipples dry. This reduces the risk of mastitis and cracked nipples when breastfeeding.",Nursing Bras,14.07,Natural Baby Shower Ltd,64830,,,https://images2.productserve.com/?w=200&h=200&bg=white&trim=5&t=letterbox&url=ssl%3Acdn.shopify.com%2Fs%2Ffiles%2F1%2F0690%2F1977%2Fproducts%2Fcarriwell-silk-breast-pads-white-6-pack.jpg%3Fv%3D1699452745&feedId=89138&k=45ad6ef52408a7e4ceda02e6fe583929e5666537,GBP,,,https://natural-baby-2.myshopify.com/products/carriwell-silk-breast-pads-white-6-pack?variant=40208929423438,,,£14.07,89138,carriwell,1,https://cdn.shopify.com/s/files/1/0690/1977/products/carriwell-silk-breast-pads-white-6-pack-lifestyle.jpg?v=1699452747,https://cdn.shopify.com/s/files/1/0690/1977/products/carriwell-silk-breast-pads-white-6-pack-2.jpg?v=1699452748,,,https://cdn.shopify.com/s/files/1/0690/1977/products/carriwell-silk-breast-pads-white-6-pack-3.jpg?v=1699452749,Breast Pads
https://www.awin1.com/pclick.php?p=36496685445&a=2771700&m=64830,Maxi-Cosi Mica Pro Eco Car Seat - Graphite,36496685445,46060-GRA,https://cdn.shopify.com/s/files/1/0690/1977/products/max-cosi-mica-pro-eco-graphite-flat-8.jpg?v=1699457611,"The Maxi-Cosi Mica Eco Pro Car Seat in Graphite is suitable from birth to approx. 4 years, built to the highest i-Size safety standards and combines best-in-class comfort with planet-friendly innovation to create the first sustainable car seat of its kind. This car seat from birth uses Eco Care, which means it has 100% recycled fabrics. G-CELL 2.0 Side Impact Protection adds an extra built-in guard and provides maximum protection with improved 3D impact absorption from multiple angles, to ensure your baby’s safety. The Mica Eco Pro rotating car seat can be used from birth thanks to the comfortable Baby-hugg inlay, all the way until your little one is 4 years old. That’s four years of travelling in the safest rearward-facing position with this 360-degree car seat. Whether they’re a newborn or a toddler, the easy-in 5-point safety harness will keep your baby safe and secure at all times. Both today and tomorrow. Designed with improved recline angles, it delivers best-in-class sleep comfort for your little one when travelling. With larger ClimaFlow panels and breathable fabrics to maximise air circulation, your child will always stay at a comfortable temperature. With multiple recline positions and extra padding, you can be reassured that your little one is always cushioned and cosy in this car seat from birth. It’s a win-win; a comfortable child means peace of mind for parents while driving.",Baby & Toddler Car Seats,299.95,Natural Baby Shower Ltd,64830,Baby Products,599,https://images2.productserve.com/?w=200&h=200&bg=white&trim=5&t=letterbox&url=ssl%3Acdn.shopify.com%2Fs%2Ffiles%2F1%2F0690%2F1977%2Fproducts%2Fmax-cosi-mica-pro-eco-graphite-flat-8.jpg%3Fv%3D1699457611&feedId=89138&k=54c610c1b13b1ffa7c5e3513b1e1729aa7ac89af,GBP,,,https://natural-baby-2.myshopify.com/products/maxi-cosi-mica-pro-eco-car-seat-graphite?variant=40098685354062,,,£299.95,89138,Maxi-Cosi,1,https://cdn.shopify.com/s/files/1/0690/1977/products/max-cosi-mica-pro-eco-graphite-flat-3.jpg?v=1699457612,https://cdn.shopify.com/s/files/1/0690/1977/products/max-cosi-mica-pro-eco-graphite-flat-2.jpg?v=1699457614,,,https://cdn.shopify.com/s/files/1/0690/1977/products/max-cosi-mica-pro-eco-graphite-flat-6.jpg?v=1699457615,Car Seats
https://www.awin1.com/pclick.php?p=42215956063&a=2771700&m=64830,Love to Dream Swaddle Up Transition Bag (1.5 Tog) - Oatmeal - M,42215956063,51190-11369,https://cdn.shopify.com/s/files/1/0690/1977/files/love-to-dream-swaddle-up-transistion-bag-oatmeal-twigs-flat.jpg?v=1756259564,"The Love to Dream™ Swaddle Up Transition Bag (1.5 TOG) is the gentle way to help your baby move on from swaddling, without losing that cosy, secure feeling they love. With patented zip-off wings, it easily converts from a swaddle to a snug sleeping bag, supporting a smoother transition and more restful nights. Crafted from soft brushed cotton in a year-round 1.5 TOG, it provides just the right balance of warmth and breathability to keep your little one comfortable.",Baby & Children's Sleepwear,26.74,Natural Baby Shower Ltd,64830,,,https://images2.productserve.com/?w=200&h=200&bg=white&trim=5&t=letterbox&url=ssl%3Acdn.shopify.com%2Fs%2Ffiles%2F1%2F0690%2F1977%2Ffiles%2Flove-to-dream-swaddle-up-transistion-bag-oatmeal-twigs-flat.jpg%3Fv%3D1756259564&feedId=89138&k=49dc1ec53cdf6dddac57dafd6302bcbaaa5ce9ae,GBP,,,https://natural-baby-2.myshopify.com/products/love-to-dream-swaddle-up-transition-bag-1-5-tog-oatmeal?variant=55688485110139,,,£26.74,89138,Love to Dream,1,https://cdn.shopify.com/s/files/1/0690/1977/files/love-to-dream-swaddle-up-transistion-bag-oatmeal-twigs-lifestyle-2.jpg?v=1756259568,https://cdn.shopify.com/s/files/1/0690/1977/files/love-to-dream-transition-bag-mini-cloud-white-1.5-tog-lifestyle-5_40d83e6b-a932-41b8-907f-4cfcbf10a73e.jpg?v=1756204359,,,https://cdn.shopify.com/s/files/1/0690/1977/files/love-to-dream-transition-bag-mini-cloud-white-1.5-tog-lifestyle-3_6319bcad-fd2b-42ac-b51f-c91dc23e718d.jpg?v=1756204359,Swaddles
https://www.awin1.com/pclick.php?p=43343193318&a=2771700&m=64830,Doomoo Shinncare Enhancing Body Oil - 100ml,43343193318,51354-11012,https://cdn.shopify.com/s/files/1/0690/1977/files/doomoo-shinncare-enhancing-body-oil-flat-8.jpg?v=1761176686,"The Doomoo Shinncare Enhancing Body Oil is a natural, nourishing body oil designed to support your skin throughout pregnancy and postpartum. Formulated with 23 gentle, active ingredients including olive oil, sweet almond oil, and rosemary, it intensely moisturises, promotes elasticity, and helps reduce the appearance of stretch marks. Its lightweight, fast-absorbing texture leaves skin soft and comfortable without any greasy residue, so you can massage your tummy, hips, chest, and thighs anytime. With a delicate vanilla, chamomile, and almond scent, this oil transforms everyday care into a pampering ritual, keeping your skin nourished, protected, and radiant.",Lotions & Moisturizers,23.95,Natural Baby Shower Ltd,64830,Cosmetics & Skincare,110,https://images2.productserve.com/?w=200&h=200&bg=white&trim=5&t=letterbox&url=ssl%3Acdn.shopify.com%2Fs%2Ffiles%2F1%2F0690%2F1977%2Ffiles%2Fdoomoo-shinncare-enhancing-body-oil-flat-8.jpg%3Fv%3D1761176686&feedId=89138&k=c42b16b3a923bb24ba4936c6429fce07050a5c93,GBP,,,https://natural-baby-2.myshopify.com/products/doomoo-shinncare-enhancing-body-oil?variant=55831613735291,,,£23.95,89138,Doomoo,1,https://cdn.shopify.com/s/files/1/0690/1977/files/doomoo-shinncare-enhancing-body-oil-flat-7.jpg?v=1761176687,https://cdn.shopify.com/s/files/1/0690/1977/files/doomoo-shinncare-enhancing-body-oil-flat-6.jpg?v=1761176688,,,https://cdn.shopify.com/s/files/1/0690/1977/files/doomoo-shinncare-enhancing-body-oil-flat-5.jpg?v=1761176689,Stretch Mark Oil
https://www.awin1.com/pclick.php?p=45578389072&a=2771700&m=64830,Jabadabado Stacking Cubes Farm,45578389072,52724-25687,https://cdn.shopify.com/s/files/1/0690/1977/files/jabadabado-stacking-cubes-farm-flat.jpg?v=1786489760,"Make learning fun with the Jabadabado Stacking Cubes Farm, a colourful set of five cubes designed to encourage little ones to stack, sort and explore. Each cube features a number from 1 to 5 alongside charming farm animal illustrations, while the included animals can be moved between the cubes to create little farmyard stories. A lovely way to introduce numbers, colours, sizes and animal names through hands-on play, while adding a playful touch to the nursery or playroom.",Sorting & Stacking Toys,27.98,Natural Baby Shower Ltd,64830,Baby Toys,412,https://images2.productserve.com/?w=200&h=200&bg=white&trim=5&t=letterbox&url=ssl%3Acdn.shopify.com%2Fs%2Ffiles%2F1%2F0690%2F1977%2Ffiles%2Fjabadabado-stacking-cubes-farm-flat.jpg%3Fv%3D1786489760&feedId=89138&k=32e6f0073d1ac58cc1a2fb8b00b7712265873960,GBP,,,https://natural-baby-2.myshopify.com/products/jabadabado-stacking-cubes-farm?variant=56364667830651,,,£27.98,89138,Jabadabado,1,https://cdn.shopify.com/s/files/1/0690/1977/files/jabadabado-stacking-cubes-farm-lifestyle-3.jpg?v=1786489760,https://cdn.shopify.com/s/files/1/0690/1977/files/jabadabado-stacking-cubes-farm-lifestyle-7.jpg?v=1786489761,,,https://cdn.shopify.com/s/files/1/0690/1977/files/jabadabado-stacking-cubes-farm-lifestyle-4.jpg?v=1786489761,First Toys
https://www.awin1.com/pclick.php?p=44120072226&a=2771700&m=64830,Bugaboo Changing Backpack - Fern Green,44120072226,51879-10931,https://cdn.shopify.com/s/files/1/0690/1977/files/bugaboo-back-pack-fern-green-flat-3.jpg?v=1771373448,"A stylish, sustainable, and oh-so-practical backpack for parenting on the go. The Bugaboo Changing Backpack is thoughtfully designed to keep all your baby’s essentials organised, accessible, and stylishly stored. Made from 100% recycled, water-repellent fabrics (the equivalent of 45 repurposed PET bottles), it’s a bag that’s as kind to the planet as it is practical. With multiple pockets, handy clutches, and a padded laptop compartment, it’s perfect for parents who want to stay prepared. Plus, it comes with an insulated bottle holder, a foldable changing mat, and a wipe-clean finish, making life that little bit easier, wherever the day takes you.",Diaper Bags,112.46,Natural Baby Shower Ltd,64830,Baby Products,599,https://images2.productserve.com/?w=200&h=200&bg=white&trim=5&t=letterbox&url=ssl%3Acdn.shopify.com%2Fs%2Ffiles%2F1%2F0690%2F1977%2Ffiles%2Fbugaboo-back-pack-fern-green-flat-3.jpg%3Fv%3D1771373448&feedId=89138&k=1f58263d54e995c524eda1387c1b94b1e1ed5491,GBP,,,https://natural-baby-2.myshopify.com/products/bugaboo-changing-backpack-fern-green?variant=56019802980731,,,£112.46,89138,Bugaboo,1,https://cdn.shopify.com/s/files/1/0690/1977/files/bugaboo-back-pack-fern-green-flat-2.jpg?v=1771373449,https://cdn.shopify.com/s/files/1/0690/1977/files/bugaboo-back-pack-fern-green-flat.jpg?v=1771373450,,,,Changing Bag
https://www.awin1.com/pclick.php?p=36496679258&a=2771700&m=64830,Yoto Card - Enid Blyton: Animal Stories,36496679258,44105-AS,https://cdn.shopify.com/s/files/1/0690/1977/products/yoto-card-enid-blyton-animal-stories.jpg?v=1699425165,"The Yoto Card Enid Blyton: Animal Stories are a fantastic collection of 30 stories about animals of all shapes and sizes This will charm little ones from ages six and up. From pet puppies to woodland wildlife, garden birds to pond-dwelling frogs, Enid Blyton was a devoted and knowledgeable animal lover. Little listeners who feel the same way are bound to love her wonderful stories about our furry friends and scaly, feathery or fluttery ones, too. Tracklist The Kitten That Disappeared The Tale of the Goldfish Good Dog, Tinker. Clever Old Budgie The Cow That Lost Her Moo A Little Bit of Magic The Noah's Ark Lion Silly Simon and the Goat The Very Little Hen Spiny's Good Turn What a Surprise. The Old Toad and the Spider Binkle's Tail The Great Big Bumblebee The Cat Without Whiskers When the Donkey Sneezed The Banana Robber The Beautiful Big Bone Good Old Shelly-Back. Hoo-Hoo's Party Tinker-Dog and Prince Boo. Boo. Boo. It's Nice to Have a Friend The Poor Little Owl Hurrah for the Pepperpot. Adventure in the Woods Black Bibs The Foolish Frog The Little Lost Hen The Goldfish That Grew",Baby Toys & Activity Equipment,9.95,Natural Baby Shower Ltd,64830,Baby Toys,412,https://images2.productserve.com/?w=200&h=200&bg=white&trim=5&t=letterbox&url=ssl%3Acdn.shopify.com%2Fs%2Ffiles%2F1%2F0690%2F1977%2Fproducts%2Fyoto-card-enid-blyton-animal-stories.jpg%3Fv%3D1699425165&feedId=89138&k=db307b98c38cfaba594330fd7f9160334f0b97d1,GBP,,,https://natural-baby-2.myshopify.com/products/yoto-card-enid-blyton-animal-stories?variant=39526224298062,,,£9.95,89138,Yoto,1,https://cdn.shopify.com/s/files/1/0690/1977/products/Untitleddesign_5_a7efe093-a14b-4cab-8775-2107bb10ae5d.jpg?v=1699425167,,,,,First Toys
https://www.awin1.com/pclick.php?p=36496682937&a=2771700&m=64830,Yoto Card - Peppa Pig: On The Road With Peppa,36496682937,47911-33754,https://cdn.shopify.com/s/files/1/0690/1977/files/yoto-card-on-the-road-with-peppa-flat.jpg?v=1699497094,"The Yoto Card: Peppa Pig: On The Road With Peppa is brought to you by Ladybird. It's time to go on the road with Peppa and this fantastic collection of nine stories, perfect for any journey. Join in the fun with music, sound effects and all the original Peppa voices taken directly from the hit TV show. Stories included: Peppa Around the World George's Balloon Peppa Goes on Holiday Peppa Goes Skiing Peppa Goes Boating Miss Rabbit's Day Off Peppa's New Neighbours Peppa's Fishy Friends George and the Noisy Baby",Baby Toys & Activity Equipment,9.95,Natural Baby Shower Ltd,64830,Baby Toys,412,https://images2.productserve.com/?w=200&h=200&bg=white&trim=5&t=letterbox&url=ssl%3Acdn.shopify.com%2Fs%2Ffiles%2F1%2F0690%2F1977%2Ffiles%2Fyoto-card-on-the-road-with-peppa-flat.jpg%3Fv%3D1699497094&feedId=89138&k=8a5cca444289a5a6e1e3e00c79b84719b9914bda,GBP,,,https://natural-baby-2.myshopify.com/products/yoto-peppa-pig-on-the-road-with-peppa?variant=40283717238862,,,£9.95,89138,Yoto,1,,,,,,First Toys
https://www.awin1.com/pclick.php?p=39173453727&a=2771700&m=64830,TIBA + MARL Alto Changing Backpack - Tonal Brown Leopard,39173453727,49806-11518,https://cdn.shopify.com/s/files/1/0690/1977/files/tiba-marl-alto-changing-backpack-leopard-flat.jpg?v=1730249981,"The Tiba + Marl Alto Changing Backpack in Tonal Brown Leopard is their lightest and most functional yet. It's padded and crafted from 100% recycled materials. It has 5 external pockets, an insulated bottle holder, a laptop sleeve, bespoke hardware, and a padded changing mat. Whether you wear it as a backpack or attach it to your stroller with the included clips, this drawstring knapsack will help you stay organized. Plus, it's environmentally friendly, made from post-consumer plastic waste and recycled yarn.",Diaper Bags,158,Natural Baby Shower Ltd,64830,Baby Products,599,https://images2.productserve.com/?w=200&h=200&bg=white&trim=5&t=letterbox&url=ssl%3Acdn.shopify.com%2Fs%2Ffiles%2F1%2F0690%2F1977%2Ffiles%2Ftiba-marl-alto-changing-backpack-leopard-flat.jpg%3Fv%3D1730249981&feedId=89138&k=7ba3771f18c42bf9f1e6cfabe84a8084a4ddb1cb,GBP,,,https://natural-baby-2.myshopify.com/products/tiba-marl-alto-changing-backpack-tonal-brown-leopard?variant=41885542481998,,,£158.00,89138,TIBA + MARL,1,https://cdn.shopify.com/s/files/1/0690/1977/files/tiba-marl-alto-changing-bag-brown-leopard-lifestyle.jpg?v=1774480514,https://cdn.shopify.com/s/files/1/0690/1977/files/tiba-marl-alto-changing-bag-brown-leopard-lifestyle-2.jpg?v=1774480516,,,https://cdn.shopify.com/s/files/1/0690/1977/files/tiba-marl-alto-changing-backpack-leopard-lifestyle.jpg?v=1774437448,Changing Bag
https://www.awin1.com/pclick.php?p=41082085792&a=2771700&m=64830,Lansinoh Washable Nursing Pads,41082085792,50567-35357,https://cdn.shopify.com/s/files/1/0690/1977/files/lansinoh-washable-nursing-pads-flat.jpg?v=1744860818,"Lansinoh Washable Nursing Pads offer a sustainable, comfortable solution for breastfeeding mums looking to protect against leaks. Designed with innovative three-layer technology, these reusable pads combine a waterproof outer layer for leak protection, a super absorbent bamboo core for quick drying, and a soft, breathable top layer that’s gentle on sensitive skin. Perfect for tender breasts during feeding, they provide peace of mind without compromising on comfort. The teardrop-shaped design ensures a snug, natural fit against the breast and nipple, helping the pad stay in place throughout the day. Soft, reliable, and easy to care for, they’re an ideal eco-friendly swap for single-use pads and a great addition to your hospital bag.",Nursing Bras,6.36,Natural Baby Shower Ltd,64830,,,https://images2.productserve.com/?w=200&h=200&bg=white&trim=5&t=letterbox&url=ssl%3Acdn.shopify.com%2Fs%2Ffiles%2F1%2F0690%2F1977%2Ffiles%2Flansinoh-washable-nursing-pads-flat.jpg%3Fv%3D1744860818&feedId=89138&k=1abdfb79be612b323cb79ddae46e475716d16a73,GBP,,,https://natural-baby-2.myshopify.com/products/lansinoh-washable-nursing-pads?variant=55324518121851,,,£6.36,89138,Lansinoh,1,,,,,,Breast Pads
https://www.awin1.com/pclick.php?p=45593759429&a=2771700&m=64830,iCandy Peach 8 Complete Bundle with CYBEX Cloud T and Base - Black,45593759429,52252-64680-CT,https://cdn.shopify.com/s/files/1/0690/1977/files/icandy-peach-8-complete-bundle-with-cybex-cloud-t-flat-4.jpg?v=1786699052,"The iCandy Peach 8 Complete Bundle with CYBEX Cloud T i-Size Car Seat and Base T is a beautifully considered, all-in-one travel system designed to support your family from the very beginning. Combining premium pushchair engineering with seamless car seat integration, it delivers effortless comfort, safety and style for every journey. Building on the legacy of the iconic Peach range, the Peach 8 introduces refined styling and intelligent functionality, with the ability to convert from a single to a double or twin pushchair on a single footprint. Suitable from birth up to 25kg, it’s designed to grow with your family while maintaining smooth manoeuvrability across every terrain. The spacious, collapsible carrycot offers exceptional airflow and is approved by The Lullaby Trust for permanent overnight sleeping, giving you complete peace of mind from day one. Premium recycled fabrics, enhanced suspension and puncture-proof tyres ensure a smooth, supportive ride for baby and an easy push for parents, wherever the day takes you. For added convenience, the CYBEX Cloud T i-Size Car Seat and Base T provide a comfortable and secure travel solution from birth to around 24 months. The rear-facing car seat features a handy 180° rotation when used with the Base T, making getting baby in and out of the car easier, while its lie-flat position is ideal when used as part of a travel system. The XXL UPF50+ sun canopy, newborn inlay and breathable fabrics help keep little ones comfortable on the move. Thoughtfully designed details such as the one-handed fold, flip-flop friendly brake, extendable canopy with UV protection and integrated Ride-on Board make everyday life feel simpler. With everything you need for journeys from car to pushchair, this complete bundle is made for family life from day one.",Travel Systems,1495.03,Natural Baby Shower Ltd,64830,Baby Products,599,https://images2.productserve.com/?w=200&h=200&bg=white&trim=5&t=letterbox&url=ssl%3Acdn.shopify.com%2Fs%2Ffiles%2F1%2F0690%2F1977%2Ffiles%2Ficandy-peach-8-complete-bundle-with-cybex-cloud-t-flat-4.jpg%3Fv%3D1786699052&feedId=89138&k=be24eb386665346ee7e12cb8ed2f9c6288414fbe,GBP,,,https://natural-baby-2.myshopify.com/products/icandy-peach-8-complete-bundle-with-cybex-cloud-t-and-base?variant=56376379343227,,,"£1,495.03",89138,iCandy,1,https://cdn.shopify.com/s/files/1/0690/1977/files/icandy-peach-8-complete-bundle-with-cybex-cloud-t-flat-3.jpg?v=1786699053,https://cdn.shopify.com/s/files/1/0690/1977/files/icandy-peach-8-complete-bundle-with-cybex-cloud-t-flat-2.jpg?v=1786699053,,,https://cdn.shopify.com/s/files/1/0690/1977/files/icandy-peach-8-complete-bundle-with-cybex-cloud-t-flat.jpg?v=1786699052,Travel Bundle
https://www.awin1.com/pclick.php?p=45593759430&a=2771700&m=64830,iCandy Peach 8 Complete Bundle with CYBEX Cloud T and Base - Porcini,45593759430,52252-64697-CT,https://cdn.shopify.com/s/files/1/0690/1977/files/icandy-peach-8-complete-bundle-with-cybex-cloud-t-flat-2.jpg?v=1786699053,"The iCandy Peach 8 Complete Bundle with CYBEX Cloud T i-Size Car Seat and Base T is a beautifully considered, all-in-one travel system designed to support your family from the very beginning. Combining premium pushchair engineering with seamless car seat integration, it delivers effortless comfort, safety and style for every journey. Building on the legacy of the iconic Peach range, the Peach 8 introduces refined styling and intelligent functionality, with the ability to convert from a single to a double or twin pushchair on a single footprint. Suitable from birth up to 25kg, it’s designed to grow with your family while maintaining smooth manoeuvrability across every terrain. The spacious, collapsible carrycot offers exceptional airflow and is approved by The Lullaby Trust for permanent overnight sleeping, giving you complete peace of mind from day one. Premium recycled fabrics, enhanced suspension and puncture-proof tyres ensure a smooth, supportive ride for baby and an easy push for parents, wherever the day takes you. For added convenience, the CYBEX Cloud T i-Size Car Seat and Base T provide a comfortable and secure travel solution from birth to around 24 months. The rear-facing car seat features a handy 180° rotation when used with the Base T, making getting baby in and out of the car easier, while its lie-flat position is ideal when used as part of a travel system. The XXL UPF50+ sun canopy, newborn inlay and breathable fabrics help keep little ones comfortable on the move. Thoughtfully designed details such as the one-handed fold, flip-flop friendly brake, extendable canopy with UV protection and integrated Ride-on Board make everyday life feel simpler. With everything you need for journeys from car to pushchair, this complete bundle is made for family life from day one.",Travel Systems,1495.03,Natural Baby Shower Ltd,64830,Baby Products,599,https://images2.productserve.com/?w=200&h=200&bg=white&trim=5&t=letterbox&url=ssl%3Acdn.shopify.com%2Fs%2Ffiles%2F1%2F0690%2F1977%2Ffiles%2Ficandy-peach-8-complete-bundle-with-cybex-cloud-t-flat-2.jpg%3Fv%3D1786699053&feedId=89138&k=50dd9f919360193e38ed7556c2312afd8a616954,GBP,,,https://natural-baby-2.myshopify.com/products/icandy-peach-8-complete-bundle-with-cybex-cloud-t-and-base?variant=56376379375995,,,"£1,495.03",89138,iCandy,1,https://cdn.shopify.com/s/files/1/0690/1977/files/icandy-peach-8-complete-bundle-with-cybex-cloud-t-flat-3.jpg?v=1786699053,https://cdn.shopify.com/s/files/1/0690/1977/files/icandy-peach-8-complete-bundle-with-cybex-cloud-t-flat-2.jpg?v=1786699053,,,https://cdn.shopify.com/s/files/1/0690/1977/files/icandy-peach-8-complete-bundle-with-cybex-cloud-t-flat.jpg?v=1786699052,Travel Bundle
https://www.awin1.com/pclick.php?p=45593759431&a=2771700&m=64830,iCandy Peach 8 Complete Bundle with CYBEX Cloud T and Base - Sandstone Taupe,45593759431,52252-64673-CT,https://cdn.shopify.com/s/files/1/0690/1977/files/icandy-peach-8-complete-bundle-with-cybex-cloud-t-flat.jpg?v=1786699052,"The iCandy Peach 8 Complete Bundle with CYBEX Cloud T i-Size Car Seat and Base T is a beautifully considered, all-in-one travel system designed to support your family from the very beginning. Combining premium pushchair engineering with seamless car seat integration, it delivers effortless comfort, safety and style for every journey. Building on the legacy of the iconic Peach range, the Peach 8 introduces refined styling and intelligent functionality, with the ability to convert from a single to a double or twin pushchair on a single footprint. Suitable from birth up to 25kg, it’s designed to grow with your family while maintaining smooth manoeuvrability across every terrain. The spacious, collapsible carrycot offers exceptional airflow and is approved by The Lullaby Trust for permanent overnight sleeping, giving you complete peace of mind from day one. Premium recycled fabrics, enhanced suspension and puncture-proof tyres ensure a smooth, supportive ride for baby and an easy push for parents, wherever the day takes you. For added convenience, the CYBEX Cloud T i-Size Car Seat and Base T provide a comfortable and secure travel solution from birth to around 24 months. The rear-facing car seat features a handy 180° rotation when used with the Base T, making getting baby in and out of the car easier, while its lie-flat position is ideal when used as part of a travel system. The XXL UPF50+ sun canopy, newborn inlay and breathable fabrics help keep little ones comfortable on the move. Thoughtfully designed details such as the one-handed fold, flip-flop friendly brake, extendable canopy with UV protection and integrated Ride-on Board make everyday life feel simpler. With everything you need for journeys from car to pushchair, this complete bundle is made for family life from day one.",Travel Systems,1495.03,Natural Baby Shower Ltd,64830,Baby Products,599,https://images2.productserve.com/?w=200&h=200&bg=white&trim=5&t=letterbox&url=ssl%3Acdn.shopify.com%2Fs%2Ffiles%2F1%2F0690%2F1977%2Ffiles%2Ficandy-peach-8-complete-bundle-with-cybex-cloud-t-flat.jpg%3Fv%3D1786699052&feedId=89138&k=2f47d0eaee2303aa3439c83fa5cb9ac695120041,GBP,,,https://natural-baby-2.myshopify.com/products/icandy-peach-8-complete-bundle-with-cybex-cloud-t-and-base?variant=56376379408763,,,"£1,495.03",89138,iCandy,1,https://cdn.shopify.com/s/files/1/0690/1977/files/icandy-peach-8-complete-bundle-with-cybex-cloud-t-flat-3.jpg?v=1786699053,https://cdn.shopify.com/s/files/1/0690/1977/files/icandy-peach-8-complete-bundle-with-cybex-cloud-t-flat-2.jpg?v=1786699053,,,https://cdn.shopify.com/s/files/1/0690/1977/files/icandy-peach-8-complete-bundle-with-cybex-cloud-t-flat.jpg?v=1786699052,Travel Bundle
https://www.awin1.com/pclick.php?p=45593759432&a=2771700&m=64830,iCandy Peach 8 Complete Bundle with CYBEX Cloud T and Base - Storm Grey,45593759432,52252-64666-CT,https://cdn.shopify.com/s/files/1/0690/1977/files/icandy-peach-8-complete-bundle-with-cybex-cloud-t-flat-3.jpg?v=1786699053,"The iCandy Peach 8 Complete Bundle with CYBEX Cloud T i-Size Car Seat and Base T is a beautifully considered, all-in-one travel system designed to support your family from the very beginning. Combining premium pushchair engineering with seamless car seat integration, it delivers effortless comfort, safety and style for every journey. Building on the legacy of the iconic Peach range, the Peach 8 introduces refined styling and intelligent functionality, with the ability to convert from a single to a double or twin pushchair on a single footprint. Suitable from birth up to 25kg, it’s designed to grow with your family while maintaining smooth manoeuvrability across every terrain. The spacious, collapsible carrycot offers exceptional airflow and is approved by The Lullaby Trust for permanent overnight sleeping, giving you complete peace of mind from day one. Premium recycled fabrics, enhanced suspension and puncture-proof tyres ensure a smooth, supportive ride for baby and an easy push for parents, wherever the day takes you. For added convenience, the CYBEX Cloud T i-Size Car Seat and Base T provide a comfortable and secure travel solution from birth to around 24 months. The rear-facing car seat features a handy 180° rotation when used with the Base T, making getting baby in and out of the car easier, while its lie-flat position is ideal when used as part of a travel system. The XXL UPF50+ sun canopy, newborn inlay and breathable fabrics help keep little ones comfortable on the move. Thoughtfully designed details such as the one-handed fold, flip-flop friendly brake, extendable canopy with UV protection and integrated Ride-on Board make everyday life feel simpler. With everything you need for journeys from car to pushchair, this complete bundle is made for family life from day one.",Travel Systems,1495.03,Natural Baby Shower Ltd,64830,Baby Products,599,https://images2.productserve.com/?w=200&h=200&bg=white&trim=5&t=letterbox&url=ssl%3Acdn.shopify.com%2Fs%2Ffiles%2F1%2F0690%2F1977%2Ffiles%2Ficandy-peach-8-complete-bundle-with-cybex-cloud-t-flat-3.jpg%3Fv%3D1786699053&feedId=89138&k=e101e8c1e27b4112b4fa524c19d38493593bb8b6,GBP,,,https://natural-baby-2.myshopify.com/products/icandy-peach-8-complete-bundle-with-cybex-cloud-t-and-base?variant=56376379441531,,,"£1,495.03",89138,iCandy,1,https://cdn.shopify.com/s/files/1/0690/1977/files/icandy-peach-8-complete-bundle-with-cybex-cloud-t-flat-3.jpg?v=1786699053,https://cdn.shopify.com/s/files/1/0690/1977/files/icandy-peach-8-complete-bundle-with-cybex-cloud-t-flat-2.jpg?v=1786699053,,,https://cdn.shopify.com/s/files/1/0690/1977/files/icandy-peach-8-complete-bundle-with-cybex-cloud-t-flat.jpg?v=1786699052,Travel Bundle
https://www.awin1.com/pclick.php?p=45593759433&a=2771700&m=64830,iCandy Peach 8 Complete Bundle with Maxi-Cosi Pebble Pro 2 and Base - Black,45593759433,52252-64680-PP,https://cdn.shopify.com/s/files/1/0690/1977/files/icandy-peach-8-complete-bundle-with-pebble-pro-2-flat-4.jpg?v=1786698743,"The iCandy Peach 8 Complete Bundle with Maxi-Cosi Pebble 360 Pro² Car Seat and FamilyFix 360 Pro Base is a beautifully considered, all-in-one travel system designed to support your family from the very beginning. Combining premium pushchair engineering with effortless car seat integration, it delivers comfort, convenience and style for every journey. Building on the legacy of the iconic Peach range, the Peach 8 introduces refined styling and intelligent functionality, with the ability to convert from a single to a double or twin pushchair on a single footprint. Suitable from birth up to 25kg, it’s designed to grow with your family while maintaining smooth manoeuvrability across every terrain. The spacious, collapsible carrycot offers exceptional airflow and is approved by The Lullaby Trust for permanent overnight sleeping, giving you complete peace of mind from day one. Premium recycled fabrics, enhanced suspension and puncture-proof tyres ensure a smooth, supportive ride for baby and an easy push for parents, wherever the day takes you. For added convenience, the Maxi-Cosi Pebble 360 Pro² provides a comfortable and secure way to travel from birth to approximately 18 months. Its unique full lie-flat position can be used both in the car and on the pushchair, while the FamilyFix 360 Pro Base features clever SlideTech® technology and 360° rotation to make getting baby in and out of the car smoother and kinder to your back. The Pebble 360 Pro² also features advanced G-CELL Side Impact Protection and i-Size safety for added reassurance. Thoughtfully designed details such as the one-handed fold, flip-flop friendly brake, extendable canopy with UV protection and integrated Ride-on Board make everyday life feel simpler. With everything you need for journeys from car to pushchair, this complete bundle is made for family life from day one.",Travel Systems,1502.08,Natural Baby Shower Ltd,64830,Baby Products,599,https://images2.productserve.com/?w=200&h=200&bg=white&trim=5&t=letterbox&url=ssl%3Acdn.shopify.com%2Fs%2Ffiles%2F1%2F0690%2F1977%2Ffiles%2Ficandy-peach-8-complete-bundle-with-pebble-pro-2-flat-4.jpg%3Fv%3D1786698743&feedId=89138&k=51d1ade0f98c7f12fbdd2c67fa46062012188dca,GBP,,,https://natural-baby-2.myshopify.com/products/icandy-peach-8-complete-bundle-with-maxi-cosi-pebble-pro-2-and-base?variant=56376431116667,,,"£1,502.08",89138,iCandy,1,https://cdn.shopify.com/s/files/1/0690/1977/files/icandy-peach-8-complete-bundle-with-pebble-pro-2-flat-4.jpg?v=1786698743,https://cdn.shopify.com/s/files/1/0690/1977/files/icandy-peach-8-complete-bundle-with-pebble-pro-2-flat-3.jpg?v=1786698743,,,https://cdn.shopify.com/s/files/1/0690/1977/files/icandy-peach-8-complete-bundle-with-pebble-pro-2-flat-2.jpg?v=1786698744,Travel Bundle
https://www.awin1.com/pclick.php?p=45593759434&a=2771700&m=64830,iCandy Peach 8 Complete Bundle with Maxi-Cosi Pebble Pro 2 and Base - Porcini,45593759434,52252-64697-PP,https://cdn.shopify.com/s/files/1/0690/1977/files/icandy-peach-8-complete-bundle-with-pebble-pro-2-flat-2.jpg?v=1786698744,"The iCandy Peach 8 Complete Bundle with Maxi-Cosi Pebble 360 Pro² Car Seat and FamilyFix 360 Pro Base is a beautifully considered, all-in-one travel system designed to support your family from the very beginning. Combining premium pushchair engineering with effortless car seat integration, it delivers comfort, convenience and style for every journey. Building on the legacy of the iconic Peach range, the Peach 8 introduces refined styling and intelligent functionality, with the ability to convert from a single to a double or twin pushchair on a single footprint. Suitable from birth up to 25kg, it’s designed to grow with your family while maintaining smooth manoeuvrability across every terrain. The spacious, collapsible carrycot offers exceptional airflow and is approved by The Lullaby Trust for permanent overnight sleeping, giving you complete peace of mind from day one. Premium recycled fabrics, enhanced suspension and puncture-proof tyres ensure a smooth, supportive ride for baby and an easy push for parents, wherever the day takes you. For added convenience, the Maxi-Cosi Pebble 360 Pro² provides a comfortable and secure way to travel from birth to approximately 18 months. Its unique full lie-flat position can be used both in the car and on the pushchair, while the FamilyFix 360 Pro Base features clever SlideTech® technology and 360° rotation to make getting baby in and out of the car smoother and kinder to your back. The Pebble 360 Pro² also features advanced G-CELL Side Impact Protection and i-Size safety for added reassurance. Thoughtfully designed details such as the one-handed fold, flip-flop friendly brake, extendable canopy with UV protection and integrated Ride-on Board make everyday life feel simpler. With everything you need for journeys from car to pushchair, this complete bundle is made for family life from day one.",Travel Systems,1502.08,Natural Baby Shower Ltd,64830,Baby Products,599,https://images2.productserve.com/?w=200&h=200&bg=white&trim=5&t=letterbox&url=ssl%3Acdn.shopify.com%2Fs%2Ffiles%2F1%2F0690%2F1977%2Ffiles%2Ficandy-peach-8-complete-bundle-with-pebble-pro-2-flat-2.jpg%3Fv%3D1786698744&feedId=89138&k=6f452667207fbeaaf48b55684a70ab95da881f15,GBP,,,https://natural-baby-2.myshopify.com/products/icandy-peach-8-complete-bundle-with-maxi-cosi-pebble-pro-2-and-base?variant=56376431149435,,,"£1,502.08",89138,iCandy,1,https://cdn.shopify.com/s/files/1/0690/1977/files/icandy-peach-8-complete-bundle-with-pebble-pro-2-flat-4.jpg?v=1786698743,https://cdn.shopify.com/s/files/1/0690/1977/files/icandy-peach-8-complete-bundle-with-pebble-pro-2-flat-3.jpg?v=1786698743,,,https://cdn.shopify.com/s/files/1/0690/1977/files/icandy-peach-8-complete-bundle-with-pebble-pro-2-flat-2.jpg?v=1786698744,Travel Bundle
https://www.awin1.com/pclick.php?p=45593759435&a=2771700&m=64830,iCandy Peach 8 Complete Bundle with Maxi-Cosi Pebble Pro 2 and Base - Sandstone Taupe,45593759435,52252-64673-PP,https://cdn.shopify.com/s/files/1/0690/1977/files/icandy-peach-8-complete-bundle-with-pebble-pro-2-flat.jpg?v=1786698743,"The iCandy Peach 8 Complete Bundle with Maxi-Cosi Pebble 360 Pro² Car Seat and FamilyFix 360 Pro Base is a beautifully considered, all-in-one travel system designed to support your family from the very beginning. Combining premium pushchair engineering with effortless car seat integration, it delivers comfort, convenience and style for every journey. Building on the legacy of the iconic Peach range, the Peach 8 introduces refined styling and intelligent functionality, with the ability to convert from a single to a double or twin pushchair on a single footprint. Suitable from birth up to 25kg, it’s designed to grow with your family while maintaining smooth manoeuvrability across every terrain. The spacious, collapsible carrycot offers exceptional airflow and is approved by The Lullaby Trust for permanent overnight sleeping, giving you complete peace of mind from day one. Premium recycled fabrics, enhanced suspension and puncture-proof tyres ensure a smooth, supportive ride for baby and an easy push for parents, wherever the day takes you. For added convenience, the Maxi-Cosi Pebble 360 Pro² provides a comfortable and secure way to travel from birth to approximately 18 months. Its unique full lie-flat position can be used both in the car and on the pushchair, while the FamilyFix 360 Pro Base features clever SlideTech® technology and 360° rotation to make getting baby in and out of the car smoother and kinder to your back. The Pebble 360 Pro² also features advanced G-CELL Side Impact Protection and i-Size safety for added reassurance. Thoughtfully designed details such as the one-handed fold, flip-flop friendly brake, extendable canopy with UV protection and integrated Ride-on Board make everyday life feel simpler. With everything you need for journeys from car to pushchair, this complete bundle is made for family life from day one.",Travel Systems,1502.08,Natural Baby Shower Ltd,64830,Baby Products,599,https://images2.productserve.com/?w=200&h=200&bg=white&trim=5&t=letterbox&url=ssl%3Acdn.shopify.com%2Fs%2Ffiles%2F1%2F0690%2F1977%2Ffiles%2Ficandy-peach-8-complete-bundle-with-pebble-pro-2-flat.jpg%3Fv%3D1786698743&feedId=89138&k=23dbcf9edd1a9836d6486ad7201af948a18d67fc,GBP,,,https://natural-baby-2.myshopify.com/products/icandy-peach-8-complete-bundle-with-maxi-cosi-pebble-pro-2-and-base?variant=56376431182203,,,"£1,502.08",89138,iCandy,1,https://cdn.shopify.com/s/files/1/0690/1977/files/icandy-peach-8-complete-bundle-with-pebble-pro-2-flat-4.jpg?v=1786698743,https://cdn.shopify.com/s/files/1/0690/1977/files/icandy-peach-8-complete-bundle-with-pebble-pro-2-flat-3.jpg?v=1786698743,,,https://cdn.shopify.com/s/files/1/0690/1977/files/icandy-peach-8-complete-bundle-with-pebble-pro-2-flat-2.jpg?v=1786698744,Travel Bundle
https://www.awin1.com/pclick.php?p=45593759436&a=2771700&m=64830,iCandy Peach 8 Complete Bundle with Maxi-Cosi Pebble Pro 2 and Base - Storm Grey,45593759436,52252-64666-PP,https://cdn.shopify.com/s/files/1/0690/1977/files/icandy-peach-8-complete-bundle-with-pebble-pro-2-flat-3.jpg?v=1786698743,"The iCandy Peach 8 Complete Bundle with Maxi-Cosi Pebble 360 Pro² Car Seat and FamilyFix 360 Pro Base is a beautifully considered, all-in-one travel system designed to support your family from the very beginning. Combining premium pushchair engineering with effortless car seat integration, it delivers comfort, convenience and style for every journey. Building on the legacy of the iconic Peach range, the Peach 8 introduces refined styling and intelligent functionality, with the ability to convert from a single to a double or twin pushchair on a single footprint. Suitable from birth up to 25kg, it’s designed to grow with your family while maintaining smooth manoeuvrability across every terrain. The spacious, collapsible carrycot offers exceptional airflow and is approved by The Lullaby Trust for permanent overnight sleeping, giving you complete peace of mind from day one. Premium recycled fabrics, enhanced suspension and puncture-proof tyres ensure a smooth, supportive ride for baby and an easy push for parents, wherever the day takes you. For added convenience, the Maxi-Cosi Pebble 360 Pro² provides a comfortable and secure way to travel from birth to approximately 18 months. Its unique full lie-flat position can be used both in the car and on the pushchair, while the FamilyFix 360 Pro Base features clever SlideTech® technology and 360° rotation to make getting baby in and out of the car smoother and kinder to your back. The Pebble 360 Pro² also features advanced G-CELL Side Impact Protection and i-Size safety for added reassurance. Thoughtfully designed details such as the one-handed fold, flip-flop friendly brake, extendable canopy with UV protection and integrated Ride-on Board make everyday life feel simpler. With everything you need for journeys from car to pushchair, this complete bundle is made for family life from day one.",Travel Systems,1502.08,Natural Baby Shower Ltd,64830,Baby Products,599,https://images2.productserve.com/?w=200&h=200&bg=white&trim=5&t=letterbox&url=ssl%3Acdn.shopify.com%2Fs%2Ffiles%2F1%2F0690%2F1977%2Ffiles%2Ficandy-peach-8-complete-bundle-with-pebble-pro-2-flat-3.jpg%3Fv%3D1786698743&feedId=89138&k=a94e1ca2db5c48cdfd906eb0400fbda0b959ca82,GBP,,,https://natural-baby-2.myshopify.com/products/icandy-peach-8-complete-bundle-with-maxi-cosi-pebble-pro-2-and-base?variant=56376431214971,,,"£1,502.08",89138,iCandy,1,https://cdn.shopify.com/s/files/1/0690/1977/files/icandy-peach-8-complete-bundle-with-pebble-pro-2-flat-4.jpg?v=1786698743,https://cdn.shopify.com/s/files/1/0690/1977/files/icandy-peach-8-complete-bundle-with-pebble-pro-2-flat-3.jpg?v=1786698743,,,https://cdn.shopify.com/s/files/1/0690/1977/files/icandy-peach-8-complete-bundle-with-pebble-pro-2-flat-2.jpg?v=1786698744,Travel Bundle
https://www.awin1.com/pclick.php?p=36496681967&a=2771700&m=64830,Bugaboo Changing Backpack - Forest Green,36496681967,44738-FG,https://cdn.shopify.com/s/files/1/0690/1977/products/bugaboo-backpack-forest-green.jpg?v=1699433786,"A stylish, sustainable, and oh-so-practical backpack for parenting on the go. The Bugaboo Changing Backpack is thoughtfully designed to keep all your baby’s essentials organised, accessible, and stylishly stored. Made from 100% recycled, water-repellent fabrics (the equivalent of 45 repurposed PET bottles), it’s a bag that’s as kind to the planet as it is practical. With multiple pockets, handy clutches, and a padded laptop compartment, it’s perfect for parents who want to stay prepared. Plus, it comes with an insulated bottle holder, a foldable changing mat, and a wipe-clean finish, making life that little bit easier, wherever the day takes you.",Diaper Bags,112.46,Natural Baby Shower Ltd,64830,Baby Products,599,https://images2.productserve.com/?w=200&h=200&bg=white&trim=5&t=letterbox&url=ssl%3Acdn.shopify.com%2Fs%2Ffiles%2F1%2F0690%2F1977%2Fproducts%2Fbugaboo-backpack-forest-green.jpg%3Fv%3D1699433786&feedId=89138&k=42cd2385facb557b2e60a5b6d3a80130a22fb63a,GBP,,,https://natural-baby-2.myshopify.com/products/bugaboo-backpack-forest-green?variant=39664313368654,,,£112.46,89138,Bugaboo,1,https://cdn.shopify.com/s/files/1/0690/1977/products/bugaboo-backpack-forest-green-3.jpg?v=1699433787,https://cdn.shopify.com/s/files/1/0690/1977/products/bugaboo-backpack-forest-green-2.jpg?v=1699433789,,,,Changing Bag
https://www.awin1.com/pclick.php?p=41518924887&a=2771700&m=64830,Silver Cross Cove Pushchair with Accessory Bundle - Pewter,41518924887,50562-31078,https://cdn.shopify.com/s/files/1/0690/1977/files/silver-cross-cove-pushchair-accessory-bundle-pewter-flat-10.jpg?v=1748995488,"The Silver Cross Cove Pushchair with Accessory Bundle in Pewter is a premium all-terrain pushchair designed to support your family from birth right through to approximately four years old. Rooted in over a century of British craftsmanship, Silver Cross combines timeless design with forward-thinking innovation to create a pushchair that truly grows with your child. The Cove features RideTech multi-terrain wheels with 4-wheel bump-absorbing suspension for the smoothest ride, a reversible reclining seat with adjustable calf support, and a built-in elevation system with three height settings for easier interaction with your baby. The 10kg supersized storage basket and adjustable handlebar make everyday outings practical for parents of all heights. This complete bundle includes a bamboo-lined carrycot suitable from birth to six months, a micro-fleece footmuff, a vegan leather changing backpack with fold-out mat and thermal bottle pocket, a rain cover, a cup holder, and universal car seat adaptors for added flexibility. Crafted with removable, machine washable anti-crease jersey fabric featuring a UPF50+ water-repellent finish, the Cove is built for all weathers and all adventures. Carefully selected and stocked by Natural Baby Shower for its quality, safety, and sustainability credentials, this is a pushchair you can trust from day one.",Baby Strollers,825,Natural Baby Shower Ltd,64830,Baby Products,599,https://images2.productserve.com/?w=200&h=200&bg=white&trim=5&t=letterbox&url=ssl%3Acdn.shopify.com%2Fs%2Ffiles%2F1%2F0690%2F1977%2Ffiles%2Fsilver-cross-cove-pushchair-accessory-bundle-pewter-flat-10.jpg%3Fv%3D1748995488&feedId=89138&k=fb97e24cac4fa2a81804423800ca30e31d38c1aa,GBP,,,https://natural-baby-2.myshopify.com/products/silver-cross-cove-pushchair-accessory-bundle-pewter?variant=55335760068987,,,£825.00,89138,Silver Cross,1,https://cdn.shopify.com/s/files/1/0690/1977/files/silver-cross-cove-pushchair-accessory-bundle-pewter-flat-8.jpg?v=1748995490,https://cdn.shopify.com/s/files/1/0690/1977/files/silver-cross-cove-pushchair-accessory-bundle-pewter-flat-7.jpg?v=1748995491,,,https://cdn.shopify.com/s/files/1/0690/1977/files/silver-cross-cove-pushchair-accessory-bundle-pewter-flat-6.jpg?v=1748995491,Pram & Pushchair
https://www.awin1.com/pclick.php?p=36496681139&a=2771700&m=64830,Yoto Headphones - Orange Peel,36496681139,44017-ORA,https://cdn.shopify.com/s/files/1/0690/1977/products/yoto-headphones-orange-peel-2.jpg?v=1753182239,"Designed for young ears, Yoto Headphones in Orange Peel have child-safe volume limiting, a premium braided cable and a daisy chain feature to allow two sets to listen together from one Player. The headband can be adjusted for comfort and are perfect for quiet listening at home or in the car. Yoto Headphones also have a rubberised finish, making them comfortable for long periods of listening, and their lightweight, durable construction is perfect for all ages.",Baby Toys & Activity Equipment,24.95,Natural Baby Shower Ltd,64830,Baby Toys,412,https://images2.productserve.com/?w=200&h=200&bg=white&trim=5&t=letterbox&url=ssl%3Acdn.shopify.com%2Fs%2Ffiles%2F1%2F0690%2F1977%2Fproducts%2Fyoto-headphones-orange-peel-2.jpg%3Fv%3D1753182239&feedId=89138&k=b64721f2bdb768ef9a06a7cf9131ff4953d88d2b,GBP,,,https://natural-baby-2.myshopify.com/products/yoto-headphones-orange-peel?variant=39453864165454,,,£24.95,89138,Yoto,1,https://cdn.shopify.com/s/files/1/0690/1977/products/yoto-headphones-orange-peel-lifestyle.jpg?v=1753182239,https://cdn.shopify.com/s/files/1/0690/1977/products/yoto-headphones-orange-peel-lifestyle-2.jpg?v=1753182239,,,https://cdn.shopify.com/s/files/1/0690/1977/products/yoto-headphones-orange-peel.jpg?v=1753182239,First Toys
https://www.awin1.com/pclick.php?p=40417670882&a=2771700&m=64830,TIBA + MARL Elwood Changing Backpack 2.0 - Mocha,40417670882,50324-11730,https://cdn.shopify.com/s/files/1/0690/1977/files/tiba-marl-elwood-changing-bag-2-mocha-flat.jpg?v=1738804096,"The Tiba + Marl Elwood Changing Backpack 2.0 in Mocha is a best-selling changing backpack, now featuring more pockets, space, and storage. Unisex, modern, and practical, the award-winning Elwood Changing Backpack allows you to parent hands-free in style. Crafted from premium recycled vegan leather with gunmetal branded hardware, this popular backpack is large enough to accommodate everything you'll need, and its functional design details work hard for you in any environment, whether it be the playground, office, or street. In line with Tiba + Marl's commitment to sustainability, this bag is made from recycled materials sourced from post-consumer plastic waste and recycled yarn.",Diaper Bags,158,Natural Baby Shower Ltd,64830,Baby Products,599,https://images2.productserve.com/?w=200&h=200&bg=white&trim=5&t=letterbox&url=ssl%3Acdn.shopify.com%2Fs%2Ffiles%2F1%2F0690%2F1977%2Ffiles%2Ftiba-marl-elwood-changing-bag-2-mocha-flat.jpg%3Fv%3D1738804096&feedId=89138&k=d51663050da627e9fe0a681b563f304cec2a9587,GBP,,,https://natural-baby-2.myshopify.com/products/tiba-marl-elwood-changing-backpack-2-0-mocha?variant=54951195214203,,,£158.00,89138,TIBA + MARL,1,https://cdn.shopify.com/s/files/1/0690/1977/files/tiba-marl-elwood-changing-bag-2-mocha-lifestyle-2.jpg?v=1738804099,https://cdn.shopify.com/s/files/1/0690/1977/files/tiba-marl-elwood-changing-bag-2-mocha-lifestyle.jpg?v=1738804099,,,https://cdn.shopify.com/s/files/1/0690/1977/files/tiba-marl-elwood-changing-bag-2-mocha-flat-5.jpg?v=1738804099,Changing Bag
https://www.awin1.com/pclick.php?p=36649595924&a=2771700&m=64830,Bugaboo Changing Backpack - Desert Taupe,36649595924,46900-54904,https://cdn.shopify.com/s/files/1/0690/1977/files/bugaboo-backpack-desert-taupe-flat.jpg?v=1699477656,"A stylish, sustainable, and oh-so-practical backpack for parenting on the go. The Bugaboo Changing Backpack is thoughtfully designed to keep all your baby’s essentials organised, accessible, and stylishly stored. Made from 100% recycled, water-repellent fabrics (the equivalent of 45 repurposed PET bottles), it’s a bag that’s as kind to the planet as it is practical. With multiple pockets, handy clutches, and a padded laptop compartment, it’s perfect for parents who want to stay prepared. Plus, it comes with an insulated bottle holder, a foldable changing mat, and a wipe-clean finish, making life that little bit easier, wherever the day takes you.",Diaper Bags,112.46,Natural Baby Shower Ltd,64830,Baby Products,599,https://images2.productserve.com/?w=200&h=200&bg=white&trim=5&t=letterbox&url=ssl%3Acdn.shopify.com%2Fs%2Ffiles%2F1%2F0690%2F1977%2Ffiles%2Fbugaboo-backpack-desert-taupe-flat.jpg%3Fv%3D1699477656&feedId=89138&k=b7732b44dc855e33198c1b6cff377ae44f60b0c3,GBP,,,https://natural-baby-2.myshopify.com/products/bugaboo-changing-backpack-desert-taupe?variant=40215110385742,,,£112.46,89138,Bugaboo,1,https://cdn.shopify.com/s/files/1/0690/1977/files/bugaboo-backpack-desert-taupe-flat-4.jpg?v=1699477657,https://cdn.shopify.com/s/files/1/0690/1977/files/bugaboo-backpack-desert-taupe-flat-2.jpg?v=1699477658,,,,Changing Bag
https://www.awin1.com/pclick.php?p=36496692930&a=2771700&m=64830,Bugaboo Organizer - Desert Taupe,36496692930,46907-16739,https://cdn.shopify.com/s/files/1/0690/1977/files/bugaboo-organiser-desert-taupe-flat-5.jpg?v=1727744668,"The Bugaboo Organizer is perfect for parents who love to keep their essentials close at hand. Thoughtfully designed with plenty of handy pockets, it makes staying organised effortless. It’s super easy to attach and remove thanks to the sturdy Velcro tabs, so you can pop it on your pushchair in seconds. Not just a pushchair organiser, it also transforms into a stylish and compact tote bag - simply grab and go when you’re heading out without the pushchair. Elevated in Earth-inspired tones for effortless styling, the Bugaboo Organizer is designed to last and keep up with everyday adventures. Practical, versatile, and beautifully designed, it’s a must-have for parents on the move.","Handbags, Wallets & Cases",54.95,Natural Baby Shower Ltd,64830,Bags,595,https://images2.productserve.com/?w=200&h=200&bg=white&trim=5&t=letterbox&url=ssl%3Acdn.shopify.com%2Fs%2Ffiles%2F1%2F0690%2F1977%2Ffiles%2Fbugaboo-organiser-desert-taupe-flat-5.jpg%3Fv%3D1727744668&feedId=89138&k=142dc5f07b955f0649e2f619f363532e2279e155,GBP,,,https://natural-baby-2.myshopify.com/products/bugaboo-organizer-desert-taupe?variant=40215110549582,,,£54.95,89138,Bugaboo,1,https://cdn.shopify.com/s/files/1/0690/1977/files/bugaboo-organiser-desert-taupe-flat.jpg?v=1727744674,https://cdn.shopify.com/s/files/1/0690/1977/files/bugaboo-organiser-desert-taupe-flat-2.jpg?v=1727744677,,,https://cdn.shopify.com/s/files/1/0690/1977/files/bugaboo-organiser-desert-taupe-flat-3.jpg?v=1727744681,Pushchair Organiser
https://www.awin1.com/pclick.php?p=42024392914&a=2771700&m=64830,1+ In The Family OT Long Sleeve T-shirt - Nude - 6m,42024392914,51088-02281,https://cdn.shopify.com/s/files/1/0690/1977/files/1_-in-the-family-ot-long-sleeve-tshirt-nude-flat.jpg?v=1753319851,"The OT Long Sleeve T-shirt from 1+ In The Family is a soft and breathable essential made from striped organic jersey. Designed with little ones in mind, this long-sleeved tee features handy shoulder buttons for fuss-free dressing and a minimalist branded tag near the hem. A cosy everyday staple with thoughtful details.",Baby & Children's Tops,14,Natural Baby Shower Ltd,64830,,,https://images2.productserve.com/?w=200&h=200&bg=white&trim=5&t=letterbox&url=ssl%3Acdn.shopify.com%2Fs%2Ffiles%2F1%2F0690%2F1977%2Ffiles%2F1_-in-the-family-ot-long-sleeve-tshirt-nude-flat.jpg%3Fv%3D1753319851&feedId=89138&k=6ab3a178ab7fd1bd789dc7ba8e1ed0d2af62612b,GBP,,,https://natural-baby-2.myshopify.com/products/1-in-the-family-ot-long-sleeve-t-shirt-nude?variant=55618585100667,,,£14.00,89138,1+ in the family,1,,,,,,Baby Outfits
https://www.awin1.com/pclick.php?p=41449897333&a=2771700&m=64830,Fraupow Pump & Go Bundle,41449897333,44860-PAGB,https://cdn.shopify.com/s/files/1/0690/1977/files/fraupow-pump-_-go-flat-3.jpg?v=1748402812,"Whether you're dashing to a playdate, heading back to work, or just need to stay flexible, the Fraupow Pump & Go Bundle is your ultimate express-and-store solution. This clever kit includes the hands-free Fraupow Wearable Breast Pump, the Cooler & Storage Bag for keeping everything chilled and in its place, and a set of Combi-Feed Bottles designed to make switching from breast to bottle feel natural. Made with busy mums in mind, every item in this bundle works beautifully together - from expressing milk discreetly to storing and feeding with ease. It’s the perfect grab-and-go kit for making sure your baby gets all the goodness of your milk, even when life gets busy.",Breast Pumps,128.99,Natural Baby Shower Ltd,64830,Baby Products,599,https://images2.productserve.com/?w=200&h=200&bg=white&trim=5&t=letterbox&url=ssl%3Acdn.shopify.com%2Fs%2Ffiles%2F1%2F0690%2F1977%2Ffiles%2Ffraupow-pump-_-go-flat-3.jpg%3Fv%3D1748402812&feedId=89138&k=b769ba3b06a89ceb5d8f57794a221a4a612728f5,GBP,,,https://natural-baby-2.myshopify.com/products/fraupow-pump-go-bundle?variant=55461898649979,,,£128.99,89138,Fraupow,1,https://cdn.shopify.com/s/files/1/0690/1977/files/fraupow-complete-pumping-kit-bundle-flat-10.jpg?v=1748402801,https://cdn.shopify.com/s/files/1/0690/1977/files/fraupow-complete-pumping-kit-bundle-flat-8.jpg?v=1748402804,,,https://cdn.shopify.com/s/files/1/0690/1977/files/fraupow-complete-pumping-kit-bundle-flat-9.jpg?v=1748402802,Breast Pump
https://www.awin1.com/pclick.php?p=37353398681&a=2771700&m=64830,Done by Deer Stick + Stay Activity Island - Sand - Lalee,37353398681,48507-50520,https://cdn.shopify.com/s/files/1/0690/1977/files/done-by-deer-stick-stay-activity-island-sand-lalee-flat-5.jpg?v=1702628783,"The Done by Deer Stick + Stay Activity Island Sand Lalee is designed to captivate and engage your little ones from the tender age of 10 months, this incredible activity island is perfect for training those all-important fine motor skills. Lalee Stick&Stay has gone above and beyond to create an activity island that will captivate your child's imagination and provide endless hours of entertainment. Every inch of this island is filled with exciting features that will stimulate your little one's senses and encourage their curiosity. Keep them entertained while waiting for dinner to be served by attaching the activity island to their high chair - it's the perfect mealtime companion. The Stick&Stay suction base ensures that the activity island stays firmly in place, no matter how enthusiastically your little one explores all the stimulating features. Watch as they navigate their way through the mini bead maze, discovering new textures and sounds along the way. The crinkle sounds and flexible elements provide an extra layer of excitement, ensuring that playtime is always full of surprises.",Sorting & Stacking Toys,29.95,Natural Baby Shower Ltd,64830,Baby Toys,412,https://images2.productserve.com/?w=200&h=200&bg=white&trim=5&t=letterbox&url=ssl%3Acdn.shopify.com%2Fs%2Ffiles%2F1%2F0690%2F1977%2Ffiles%2Fdone-by-deer-stick-stay-activity-island-sand-lalee-flat-5.jpg%3Fv%3D1702628783&feedId=89138&k=75e3c89a49bd0dbf267894cdc100461f7cf49252,GBP,,,https://natural-baby-2.myshopify.com/products/done-by-deer-stick-stay-activity-island-sand-lalee?variant=40453942968398,,,£29.95,89138,Done by Deer,1,https://cdn.shopify.com/s/files/1/0690/1977/files/done-by-deer-stick-stay-activity-island-sand-lalee-lifestyle.jpg?v=1702628787,https://cdn.shopify.com/s/files/1/0690/1977/files/done-by-deer-stick-stay-activity-island-sand-lalee-flat.jpg?v=1702628791,,,https://cdn.shopify.com/s/files/1/0690/1977/files/done-by-deer-stick-stay-activity-island-sand-lalee-flat-3.jpg?v=1702628797,First Toys
https://www.awin1.com/pclick.php?p=36496688084&a=2771700&m=64830,BIBS Bandana Bib - Sage,36496688084,45082-SGE,https://cdn.shopify.com/s/files/1/0690/1977/products/bibs-bandana-bib-sage.jpg?v=1699441157,"The BIBS Bandana Bib in Sage is made of 100% organic muslin cotton and consists of multiple layers to ensure maximum absorbency, which can be used to catch drool and regurgitation after feeding. The Bib can also be used as a fashion accessory like a neck warmer under outerwear to keep warm in cold weather as the soft fabric covers the baby’s neck.",Bibs,10.95,Natural Baby Shower Ltd,64830,Children's Accessories,539,https://images2.productserve.com/?w=200&h=200&bg=white&trim=5&t=letterbox&url=ssl%3Acdn.shopify.com%2Fs%2Ffiles%2F1%2F0690%2F1977%2Fproducts%2Fbibs-bandana-bib-sage.jpg%3Fv%3D1699441157&feedId=89138&k=4bc30360a89a6d5e4f18411978db47efb371a33d,GBP,,,https://natural-baby-2.myshopify.com/products/bibs-bandana-bib-sage?variant=39780966301774,,,£10.95,89138,BIBS World,1,https://cdn.shopify.com/s/files/1/0690/1977/products/bibs-bandana-bib-sage-lifestyle.jpg?v=1699441159,,,,,Bibs
https://www.awin1.com/pclick.php?p=36496687249&a=2771700&m=64830,BIBS Colour GLOW Latex Pacifiers - Blush + Vanilla - 2 Pack - Size 1,36496687249,45085-BV-S1,https://cdn.shopify.com/s/files/1/0690/1977/products/bibs-colour-glow-latex-pacifiers-blush-vanilla-2.jpg?v=1699441195,"The BIBS Colour GLOW Latex Pacifier in Blush + Vanilla features a practical glow-in-the-dark effect. The fumbling around in the dark looking for a dummy is now over. The GLOW dummies mean both parents and little ones can easily find the dummies in the dark. Hold the dummy into the light for 5 seconds before bedtime to activate the glow. It then Laminates for 8+ hours. The round lightweight shield faces away from the sensitive and delicate skin around the baby's mouth to ensure minimum contact with the baby's nose and mouth, which means less chance of moisture build-up from saliva that can cause rashes and sore spots. The round natural rubber latex nipple is designed to resemble the shape and size of the mother’s nipple and promotes a similar tongue placement and sucking technique when breastfeeding.",Pacifiers & Teethers,11.95,Natural Baby Shower Ltd,64830,Baby Products,599,https://images2.productserve.com/?w=200&h=200&bg=white&trim=5&t=letterbox&url=ssl%3Acdn.shopify.com%2Fs%2Ffiles%2F1%2F0690%2F1977%2Fproducts%2Fbibs-colour-glow-latex-pacifiers-blush-vanilla-2.jpg%3Fv%3D1699441195&feedId=89138&k=f243c9fc688361205eeb514cb5a984a8d9dd6533,GBP,,,https://natural-baby-2.myshopify.com/products/bibs-colour-glow-latex-pacifiers-blush-vanilla-2-pack?variant=39780966957134,,,£11.95,89138,BIBS World,1,https://cdn.shopify.com/s/files/1/0690/1977/products/bibs-colour-glow-latex-pacifiers-blush-vanilla.jpg?v=1699441197,https://cdn.shopify.com/s/files/1/0690/1977/products/bibs-colour-glow-latex-pacifier-lifestyle_421c0244-9fea-4e6f-b605-bc874e9fed10.jpg?v=1699441198,,,https://cdn.shopify.com/s/files/1/0690/1977/files/BIBS-Information-1_b0b6836d-94e4-4b49-9c93-7ddd45440eaa.jpg?v=1766061288,Dummies
https://www.awin1.com/pclick.php?p=36496686631&a=2771700&m=64830,BIBS Colour Latex Pacifiers - Ivory + Blush - 2 Pack - Size 3,36496686631,45087-IVB-S3,https://cdn.shopify.com/s/files/1/0690/1977/products/bibs-colour-latex-pacifiers-ivory-blush-2.jpg?v=1699441254,"The BIBS Colour Latex Pacifier in Ivory + Blush has a signature round shield with three vent holes and round BIBS engraved handle ring. The round lightweight shield faces away from the sensitive and delicate skin around the baby's mouth to ensure minimum contact with the baby's nose and mouth, unlike other dummies, which means less chance of moisture build-up from saliva that can cause rashes and sore spots. The round natural rubber latex nipple of the dummy is designed to resemble the shape and size of the mother’s nipple and promotes a similar tongue placement and sucking technique when breastfeeding.",Pacifiers & Teethers,9.95,Natural Baby Shower Ltd,64830,Baby Products,599,https://images2.productserve.com/?w=200&h=200&bg=white&trim=5&t=letterbox&url=ssl%3Acdn.shopify.com%2Fs%2Ffiles%2F1%2F0690%2F1977%2Fproducts%2Fbibs-colour-latex-pacifiers-ivory-blush-2.jpg%3Fv%3D1699441254&feedId=89138&k=3c037bc4e81727049cedd25a8bd511ac9710f638,GBP,,,https://natural-baby-2.myshopify.com/products/bibs-colour-latex-pacifiers-ivory-blush-2-pack?variant=39780968726606,,,£9.95,89138,BIBS World,1,https://cdn.shopify.com/s/files/1/0690/1977/products/bibs-colour-latex-pacifiers-ivory-blush.jpg?v=1699441256,https://cdn.shopify.com/s/files/1/0690/1977/files/BIBS-Information-1_b0b6836d-94e4-4b49-9c93-7ddd45440eaa.jpg?v=1766061288,,,https://cdn.shopify.com/s/files/1/0690/1977/files/BIBS-Information-2.jpg?v=1766061288,Dummies
https://www.awin1.com/pclick.php?p=36496679559&a=2771700&m=64830,Yoto Player Adventure Jacket - Frog Soup | 3rd Gen,36496679559,47914-37332,https://cdn.shopify.com/s/files/1/0690/1977/files/yoto-player-adventure-jacket-frog-soup-flat.jpg?v=1699497099,"The Yoto Player Adventure Jacket (3rd Generation) in Frog Soup fits snugly over your Yoto Player, protecting it from smalls bumps and making it easier to carry from place to place. With your Adventure Jacket fitted, you'll still have access to all of Yoto Player's features including the nightlight, buttons, charger and headphone port. Adventure Jacket also has a small lip on the front which lifts your Player's display off the ground when in nightlight mode.",Baby Toys & Activity Equipment,24.95,Natural Baby Shower Ltd,64830,Baby Toys,412,https://images2.productserve.com/?w=200&h=200&bg=white&trim=5&t=letterbox&url=ssl%3Acdn.shopify.com%2Fs%2Ffiles%2F1%2F0690%2F1977%2Ffiles%2Fyoto-player-adventure-jacket-frog-soup-flat.jpg%3Fv%3D1699497099&feedId=89138&k=8b295bcd8cb889da78b28cdae1607a32478d2a36,GBP,,,https://natural-baby-2.myshopify.com/products/yoto-player-adventure-jacket-3rd-generation-frog-soup?variant=40283717337166,,,£24.95,89138,Yoto,1,,,,,,First Toys
https://www.awin1.com/pclick.php?p=36496686756&a=2771700&m=64830,Yoto Card - Where's Spot And Other Stories,36496686756,47921-35031,https://cdn.shopify.com/s/files/1/0690/1977/files/yoto-card-whers-spot-other-stories-flat.jpg?v=1699497113,"The Yoto Card: Where's Spot And Other Stories is brought to you by Puffin. A wonderful collection of twenty-four stories, narrated by David Oyelowo. Including an exclusive WHERE'S SPOT? song, to sing along to. Join mischievous puppy Spot and his friends as they embark on a range of fun-filled adventures! Get ready for a spring full of dressing up, playing together and making a mess, a summer full of sunshine with picnics, fun fairs and adventures in the garden, and a wonderful winter spending time with family and loved ones, and getting ready for Santa's visit! This charming collection of stories can be enjoyed at any time of the year and features the following stories: Happy Birthday Spot, Spot's New Game, Spot Tidies Up, Spot's Band, Spot Dresses Up, Spot's Horse, Spot's Tent, Spot's Favourite Toy, Spot Goes Camping, Spot's First Picnic, Spot at the Fair, Spot's Garden, Spot Follows His Nose, Spot's Umbrella, Spot's Windy Day, Spot's Tree House, Spot Finds a Key, Spot's Magical Christmas, Spot and His Grandma, Spot in the Snow, Time for Bed Spot, Spot and his Grandparents Go to the Carnival, Spot's Breakfast, Sweet Dreams, Spot.",Baby Toys & Activity Equipment,9.95,Natural Baby Shower Ltd,64830,Baby Toys,412,https://images2.productserve.com/?w=200&h=200&bg=white&trim=5&t=letterbox&url=ssl%3Acdn.shopify.com%2Fs%2Ffiles%2F1%2F0690%2F1977%2Ffiles%2Fyoto-card-whers-spot-other-stories-flat.jpg%3Fv%3D1699497113&feedId=89138&k=9d9ac8faad383b8f41553b557846a9f4720a5643,GBP,,,https://natural-baby-2.myshopify.com/products/yoto-wheres-spot-and-other-stories?variant=40283717632078,,,£9.95,89138,Yoto,1,,,,,,First Toys
https://www.awin1.com/pclick.php?p=38511948813&a=2771700&m=64830,Gaia Baby Gaia Serena Mini Cot Bed Extension Mattress - 1 Piece + Cover - White,38511948813,49453-44109,https://cdn.shopify.com/s/files/1/0690/1977/files/gaia-baby-serena-mini-cot-bed-extension-mattress-1-piece-cover-white-flat.jpg?v=1727791876,"The Gaia Baby Gaia Serena Mini Cot Bed Extension Mattress 1 Piece + Cover in White is a fully pocket sprung mattress section which comes supplied with a cot bed-sized zipped cover. This mattress piece is added to your Mini Cot mattress to make a full-size mattress for use in Serena Cot Bed mode. Featuring a soft quilted fabric, the mattress is extremely breathable and encourages a natural airflow to help maintain a comfortable sleeping climate for your baby. Its individual high tensile pocket springs encapsulated in nursery-grade foam provide responsive comfort and optimal body support so your little one can sleep easily. The adaptive springs react to your baby’s movement and growth; providing targeted support for the perfect level of comfort. Machine washable at 40°, wipeable, water-resistant & certified latest BS & EN safety standards.",Bed & Bed Frame Accessories,69.99,Natural Baby Shower Ltd,64830,Beds,451,https://images2.productserve.com/?w=200&h=200&bg=white&trim=5&t=letterbox&url=ssl%3Acdn.shopify.com%2Fs%2Ffiles%2F1%2F0690%2F1977%2Ffiles%2Fgaia-baby-serena-mini-cot-bed-extension-mattress-1-piece-cover-white-flat.jpg%3Fv%3D1727791876&feedId=89138&k=35e351fde0b7d8367ccab3f7dd1443f1f934ad5e,GBP,,,https://natural-baby-2.myshopify.com/products/gaia-baby-gaia-serena-mini-cot-bed-extension-mattress-1-piece-cover-white?variant=41649412800590,,,£69.99,89138,Gaia Baby,1,,,,,,Cot Mattress
https://www.awin1.com/pclick.php?p=42759226037&a=2771700&m=64830,MORI Soft Borg Pramsuit - Taupe - 6-9m,42759226037,51024-55958,https://cdn.shopify.com/s/files/1/0690/1977/files/mori-soft-borg-pramsuit-taupe-flat_fccf76e2-b814-41ff-bf4b-c8716f874789.jpg?v=1757164764,"Snuggle up your little one in pure warmth and cuteness with the MORI Soft Borg Pramsuit in Taupe. Crafted from ultra-soft, recycled polyester, this pram suit is designed for ultimate comfort and warmth on colder days. With its adorable bear ears on the hood and a plush borg fabric that feels like a cuddle, this pram suit is as cosy as it is charming. The oversized fit and elasticated cuffs ensure that your little one stays snug while looking extra stylish on their winter adventures.",Baby & Children's Outerwear,30,Natural Baby Shower Ltd,64830,,,https://images2.productserve.com/?w=200&h=200&bg=white&trim=5&t=letterbox&url=ssl%3Acdn.shopify.com%2Fs%2Ffiles%2F1%2F0690%2F1977%2Ffiles%2Fmori-soft-borg-pramsuit-taupe-flat_fccf76e2-b814-41ff-bf4b-c8716f874789.jpg%3Fv%3D1757164764&feedId=89138&k=17dbc7970b7ee612e7aec8a1ff381893465a4a12,GBP,,,https://natural-baby-2.myshopify.com/products/mori-soft-borg-pramsuit-taupe?variant=55613469557115,,,£30.00,89138,MORI,1,https://cdn.shopify.com/s/files/1/0690/1977/files/mori-soft-borg-pramsuit-taupe-lifestyle-2_16ee7b8f-d008-412b-bc63-71fb7c889839.jpg?v=1757164764,https://cdn.shopify.com/s/files/1/0690/1977/files/mori-soft-borg-pramsuit-taupe-lifestyle_7ebb5173-0b98-44a5-8edd-7683469f3d7f.jpg?v=1757164765,,,https://cdn.shopify.com/s/files/1/0690/1977/files/mori-soft-borg-pramsuit-taupe-flat-2_72609b34-e406-478e-a3e7-de67ad9d8cd2.jpg?v=1757164767,Baby Outfits
https://www.awin1.com/pclick.php?p=42237434009&a=2771700&m=64830,Jollein Baby Mobile - Teddy Bear,42237434009,51157-70463,https://cdn.shopify.com/s/files/1/0690/1977/files/jollein-baby-mobile-teddy-bear-flat.jpg?v=1755833768,"The Jollein Baby Mobile – Teddy Bear adds a gentle, comforting touch to your baby’s playtime or bedtime routine. Featuring soft teddy bears in natural tones paired with either Olive Green or Wild Rose, it’s perfect for capturing your little one’s attention during the day or helping them wind down at night. Simply attach it to a wooden mobile arm (sold separately) on the playpen or crib, and enjoy those precious moments of calm and curiosity. A beautiful choice for your own nursery or as a thoughtful maternity gift.",Baby Mobiles,36.95,Natural Baby Shower Ltd,64830,Baby Toys,412,https://images2.productserve.com/?w=200&h=200&bg=white&trim=5&t=letterbox&url=ssl%3Acdn.shopify.com%2Fs%2Ffiles%2F1%2F0690%2F1977%2Ffiles%2Fjollein-baby-mobile-teddy-bear-flat.jpg%3Fv%3D1755833768&feedId=89138&k=4cd5e68323658095a96facbdb856a2879fdff8c9,GBP,,,https://natural-baby-2.myshopify.com/products/jollein-baby-mobile-teddy-bear?variant=55672638865787,,,£36.95,89138,Jollein,1,https://cdn.shopify.com/s/files/1/0690/1977/files/jollein-baby-mobile-teddy-bear-lifestyle-2.jpg?v=1755833770,https://cdn.shopify.com/s/files/1/0690/1977/files/jollein-baby-mobile-teddy-bear-lifestyle.jpg?v=1755833771,,,https://cdn.shopify.com/s/files/1/0690/1977/files/jollein-baby-mobile-teddy-bear-lifestyle-3.jpg?v=1755833774,Cot Mobile
https://www.awin1.com/pclick.php?p=39928495486&a=2771700&m=64830,Love to Dream Swaddle Up (1.0 Tog)  - Dusty Pink - S,39928495486,50052-00892,https://cdn.shopify.com/s/files/1/0690/1977/files/love-to-dream-swaddl-eup-1-tog-dusty-pink-flat.jpg?v=1740805676,"Love to Dream's multi-award-winning Swaddle Up™ is thoughtfully designed to support your little one’s natural arms-up™ sleep position, allowing them to access their hands for safe self-soothing. With its hip-healthy design and unique wing shape, Swaddle Up™ has been shown to help babies enjoy longer, more restful sleep—giving you precious peace of mind.* Self-soothing is a natural way for babies to settle back to sleep without needing extra help from a caregiver. Many little ones instinctively bring their hands to their mouth or gently rub their cheeks for comfort. The Swaddle Up™'s unique wing design nurtures this instinct, helping your baby feel secure and settled for a better night’s sleep. As your baby grows and begins showing signs of rolling, it’s time to transition to arms-free sleep. The Swaddle Up™ Transition Bag makes this change gentle and easy, helping your little one adjust smoothly while still feeling comforted and secure. Based on a 2017 survey of 1,242 Australian Love To Dream™ customers.",Baby & Children's Sleepwear,23.79,Natural Baby Shower Ltd,64830,,,https://images2.productserve.com/?w=200&h=200&bg=white&trim=5&t=letterbox&url=ssl%3Acdn.shopify.com%2Fs%2Ffiles%2F1%2F0690%2F1977%2Ffiles%2Flove-to-dream-swaddl-eup-1-tog-dusty-pink-flat.jpg%3Fv%3D1740805676&feedId=89138&k=4dab14124ce9809522ce311780edb400fc917359,GBP,,,https://natural-baby-2.myshopify.com/products/love-to-dream-swaddle-up-1-0-tog-dusty-pink?variant=54864201711995,,,£23.79,89138,Love to Dream,1,https://cdn.shopify.com/s/files/1/0690/1977/files/love-to-dream-swaddle-up-2.5-tog-white-dreamer-flat-6.jpg?v=1740725114,https://cdn.shopify.com/s/files/1/0690/1977/files/love-to-dream-swaddl-eup-1-tog-dusty-pink-lifestyle-2.jpg?v=1740805679,,,https://cdn.shopify.com/s/files/1/0690/1977/files/love-to-dream-swaddle-up-2.5-tog-white-dreamer-flat-4.jpg?v=1753865640,Swaddles
https://www.awin1.com/pclick.php?p=40634288387&a=2771700&m=64830,Snuz Twin Pack Crib Sheets - Blush Dot - Crib,40634288387,50421-10827,https://cdn.shopify.com/s/files/1/0690/1977/files/snuz-twin-pack-crib-sheets-blush-dot-flat-3.jpg?v=1740480918,"Give your little one the softest start with the Snüz Twin Pack Crib Sheets. Made from luxurious jersey cotton, these fitted sheets are beautifully soft, breathable, and designed to help regulate your baby’s temperature for a restful sleep. Perfectly sized to fit SnüzPod Bedside Cribs, they provide a snug and secure fit while maintaining their long-lasting quality wash after wash. Crafted from 100% cotton, they’re gentle on delicate skin and easy to care for - simply machine wash and tumble dry for added convenience.",Bed Sheets,22,Natural Baby Shower Ltd,64830,Baby Products,599,https://images2.productserve.com/?w=200&h=200&bg=white&trim=5&t=letterbox&url=ssl%3Acdn.shopify.com%2Fs%2Ffiles%2F1%2F0690%2F1977%2Ffiles%2Fsnuz-twin-pack-crib-sheets-blush-dot-flat-3.jpg%3Fv%3D1740480918&feedId=89138&k=7ecbed0df33b7817113327e78d94ad0388c8e4fb,GBP,,,https://natural-baby-2.myshopify.com/products/snuz-twin-pack-crib-sheets-blush-dot?variant=55030524739963,,,£22.00,89138,Snuz,1,https://cdn.shopify.com/s/files/1/0690/1977/files/snuz-twin-pack-crib-sheets-blush-dot-flat.jpg?v=1740555266,https://cdn.shopify.com/s/files/1/0690/1977/files/snuz-twin-pack-crib-sheets-blush-dot-flat-2.jpg?v=1740555268,,,,Bedding & Sheets
https://www.awin1.com/pclick.php?p=43640791669&a=2771700&m=64830,CuddleCo Cot Bed Sheets 2pk - Ditsy Cherry - Cot Bed,43640791669,51712-54619,https://cdn.shopify.com/s/files/1/0690/1977/files/cuddleco-cot-bed-sheets-ditsy-cherry-flat.jpg?v=1766534191,"Add a sweet touch to your toddler’s bed with the CuddleCo Cot Bed Sheets 2-pack in Ditsy Cherry. Made from soft, breathable 100% cotton muslin, these fitted sheets ensure a comfy, cosy sleep for your little one. The elasticated edges provide a secure fit, even through wriggles, while the delicate ditsy cherry print adds a charming finishing touch to any nursery. Perfect for everyday use, with one sheet ready while the other is in the wash.",Bed Sheets,22,Natural Baby Shower Ltd,64830,Baby Products,599,https://images2.productserve.com/?w=200&h=200&bg=white&trim=5&t=letterbox&url=ssl%3Acdn.shopify.com%2Fs%2Ffiles%2F1%2F0690%2F1977%2Ffiles%2Fcuddleco-cot-bed-sheets-ditsy-cherry-flat.jpg%3Fv%3D1766534191&feedId=89138&k=6be1e298c743d8d8736b6232f916a381da812fdb,GBP,,,https://natural-baby-2.myshopify.com/products/cuddleco-cot-bed-sheets-2pk-ditsy-cherry?variant=55975920370043,,,£22.00,89138,CuddleCo,1,https://cdn.shopify.com/s/files/1/0690/1977/files/cuddleco-cot-bed-sheets-ditsy-cherry-lifestyle-2.jpg?v=1766534191,https://cdn.shopify.com/s/files/1/0690/1977/files/cuddleco-cot-bed-sheets-ditsy-cherry-lifestyle.jpg?v=1766534191,,,,Bedding & Sheets
https://www.awin1.com/pclick.php?p=43640791671&a=2771700&m=64830,CuddleCo Nappy Caddy - Cashmere Meadow,43640791671,51713-54756,https://cdn.shopify.com/s/files/1/0690/1977/files/cuddleco-nappy-caddy-cashmere-meadow-flat.jpg?v=1766534196,"Keep all your changing essentials close at hand with the CuddleCo Nappy Caddy in Cashmere Meadow. Made from quilted cotton in a soft botanical print, this stylish caddy features three roomy internal compartments and a handy outer pocket for wipes, nappies, creams, and more. Structured yet soft, with sturdy handles for easy carrying from room to room or on the go, it combines practicality with gentle, nursery-friendly style.",Diaper Pail Accessories,29.95,Natural Baby Shower Ltd,64830,Baby Products,599,https://images2.productserve.com/?w=200&h=200&bg=white&trim=5&t=letterbox&url=ssl%3Acdn.shopify.com%2Fs%2Ffiles%2F1%2F0690%2F1977%2Ffiles%2Fcuddleco-nappy-caddy-cashmere-meadow-flat.jpg%3Fv%3D1766534196&feedId=89138&k=3f2cdb30418b84456e01fabf4a977578d5e3ccb4,GBP,,,https://natural-baby-2.myshopify.com/products/cuddleco-nappy-caddy-cashmere-meadow?variant=55975920566651,,,£29.95,89138,CuddleCo,1,https://cdn.shopify.com/s/files/1/0690/1977/files/cuddleco-nappy-caddy-cashmere-meadow-lifestyle.jpg?v=1766534196,https://cdn.shopify.com/s/files/1/0690/1977/files/cuddleco-nappy-caddy-cashmere-meadow-lifestyle-2.jpg?v=1766534197,,,https://cdn.shopify.com/s/files/1/0690/1977/files/cuddleco-nappy-caddy-cashmere-meadow-lifestyle-3.jpg?v=1766534199,Nappy Caddy
https://www.awin1.com/pclick.php?p=43640791692&a=2771700&m=64830,CuddleCo Cot Bed Sheets 2pk - Cashmere Waffle - Cot Bed,43640791692,51712-54626,https://cdn.shopify.com/s/files/1/0690/1977/files/cuddleco-cot-bed-sheets-chasmere-waffle-flat.jpg?v=1766534230,"Keep your little one cosy and comfortable with the CuddleCo Cot Bed Sheets 2-pack in Cashmere Waffle. Made from soft, breathable 100% cotton, these fitted sheets offer a snug, secure fit with elasticated edges that stay in place, even during wriggles and rolls. The neutral waffle texture adds subtle style to the nursery and coordinates beautifully with the wider CuddleCo collection. Perfect for everyday use, with one sheet ready while the other is in the wash.",Bed Sheets,22,Natural Baby Shower Ltd,64830,Baby Products,599,https://images2.productserve.com/?w=200&h=200&bg=white&trim=5&t=letterbox&url=ssl%3Acdn.shopify.com%2Fs%2Ffiles%2F1%2F0690%2F1977%2Ffiles%2Fcuddleco-cot-bed-sheets-chasmere-waffle-flat.jpg%3Fv%3D1766534230&feedId=89138&k=f745154fd963415000de9066bde8ab69cf8d5881,GBP,,,https://natural-baby-2.myshopify.com/products/cuddleco-cot-bed-sheets-2pk-cashmere-waffle?variant=55975920927099,,,£22.00,89138,CuddleCo,1,https://cdn.shopify.com/s/files/1/0690/1977/files/cuddleco-cot-bed-sheets-chasmere-waffle-lifestyle-2.jpg?v=1766534230,https://cdn.shopify.com/s/files/1/0690/1977/files/cuddleco-cot-bed-sheets-chasmere-waffle-lifestyle.jpg?v=1766534231,,,,Bedding & Sheets
https://www.awin1.com/pclick.php?p=43640791694&a=2771700&m=64830,CuddleCo Wedge Changing Mat - Ditsy Cherry,43640791694,51716-54855,https://cdn.shopify.com/s/files/1/0690/1977/files/cuddleco-wedge-changing-mat-ditsy-cherry-flat.jpg?v=1766534234,"Make nappy changes gentle and charming with the CuddleCo Wedge Changing Mat cover in Ditsy Cherry. Crafted from soft, breathable cotton muslin, the delicate print adds a sweet, vintage-inspired touch to your nursery. A discreet water-repellent lining keeps little accidents in check, while the fully removable, machine-washable cover makes everyday care simple for busy parents.",Changing Mats & Trays,29.95,Natural Baby Shower Ltd,64830,Baby Products,599,https://images2.productserve.com/?w=200&h=200&bg=white&trim=5&t=letterbox&url=ssl%3Acdn.shopify.com%2Fs%2Ffiles%2F1%2F0690%2F1977%2Ffiles%2Fcuddleco-wedge-changing-mat-ditsy-cherry-flat.jpg%3Fv%3D1766534234&feedId=89138&k=3f14fa36639e25ce41359f5feeb62c31f02e9c21,GBP,,,https://natural-baby-2.myshopify.com/products/cuddleco-wedge-changing-mat-ditsy-cherry?variant=55975920959867,,,£29.95,89138,CuddleCo,1,https://cdn.shopify.com/s/files/1/0690/1977/files/cuddleco-wedge-changing-mat-ditsy-cherry-lifestyle.jpg?v=1766534236,https://cdn.shopify.com/s/files/1/0690/1977/files/cuddleco-wedge-changing-mat-ditsy-cherry-lifestyle-2.jpg?v=1766534237,,,https://cdn.shopify.com/s/files/1/0690/1977/files/cuddleco-wedge-changing-mat-ditsy-cherry-lifestyle-3.jpg?v=1766534238,Changing Mat
https://www.awin1.com/pclick.php?p=43640791701&a=2771700&m=64830,CuddleCo Cot Bed Sheets 2pk - Cashmere Meadow - Cot Bed,43640791701,51712-54602,https://cdn.shopify.com/s/files/1/0690/1977/files/cuddleco-cot-bed-sheets-cashmere-meadow-flat.jpg?v=1766534264,"Ensure cosy, comfortable sleep for your little one with the CuddleCo Cot Bed Sheets 2-pack in Cashmere Meadow. Made from 100% soft, breathable cotton, these fitted sheets feel gentle against delicate skin. The neutral, nature-inspired print adds a calming touch to any nursery, while elasticated edges provide a snug, secure fit on standard cot and toddler beds. Perfectly practical and easy to style, this two-pack offers interchangeable options for everyday use.",Bed Sheets,22,Natural Baby Shower Ltd,64830,Baby Products,599,https://images2.productserve.com/?w=200&h=200&bg=white&trim=5&t=letterbox&url=ssl%3Acdn.shopify.com%2Fs%2Ffiles%2F1%2F0690%2F1977%2Ffiles%2Fcuddleco-cot-bed-sheets-cashmere-meadow-flat.jpg%3Fv%3D1766534264&feedId=89138&k=afa3c586237fb21b80684ca0b7290b7354b375f4,GBP,,,https://natural-baby-2.myshopify.com/products/cuddleco-cot-bed-sheets-2pk-cashmere-meadow?variant=55975921189243,,,£22.00,89138,CuddleCo,1,https://cdn.shopify.com/s/files/1/0690/1977/files/cuddleco-cot-bed-sheets-cashmere-meadow-lifestyle-2.jpg?v=1766534266,https://cdn.shopify.com/s/files/1/0690/1977/files/cuddleco-cot-bed-sheets-cashmere-meadow-lifestyle.jpg?v=1766534265,,,,Bedding & Sheets
https://www.awin1.com/pclick.php?p=43640791703&a=2771700&m=64830,CuddleCo Universal Crib/ Co Sleeper Sheets 2pk - Cashmere Waffle - Crib,43640791703,51715-54657,https://cdn.shopify.com/s/files/1/0690/1977/files/cuddleco-sleeper-sheets-cashmere-waffle-lifestyle-2.jpg?v=1766534267,"Soft, breathable, and perfectly snug, the CuddleCo Universal Crib/Co-Sleeper Sheets 2pk in Cashmere Waffle create a cosy and calm sleep space for your little one. Crafted from 100% cotton with elasticated edges, these fitted sheets stay securely in place on most bedside cribs and co-sleepers. The neutral waffle texture adds subtle style while keeping early naps and bedtime simple, comfortable, and beautifully coordinated.",Bed Sheets,18,Natural Baby Shower Ltd,64830,Baby Products,599,https://images2.productserve.com/?w=200&h=200&bg=white&trim=5&t=letterbox&url=ssl%3Acdn.shopify.com%2Fs%2Ffiles%2F1%2F0690%2F1977%2Ffiles%2Fcuddleco-sleeper-sheets-cashmere-waffle-lifestyle-2.jpg%3Fv%3D1766534267&feedId=89138&k=48d6c7ef2e5604bd7f467ffeb81f3cc9148cadde,GBP,,,https://natural-baby-2.myshopify.com/products/cuddleco-universal-crib-co-sleeper-sheets-2pk-cashmere-waffle?variant=55975921254779,,,£18.00,89138,CuddleCo,1,https://cdn.shopify.com/s/files/1/0690/1977/files/cuddleco-sleeper-sheets-cashmere-waffle-lifestyle-3.jpg?v=1766534267,https://cdn.shopify.com/s/files/1/0690/1977/files/cuddleco-sleeper-sheets-cashmere-waffle-lifestyle.jpg?v=1766534268,,,,Bedding & Sheets
https://www.awin1.com/pclick.php?p=39160731992&a=2771700&m=64830,Liewood Lewis Muslin Cloth - 2-Pack - Peach Sea Shell Mix,39160731992,49764-68101,https://cdn.shopify.com/s/files/1/0690/1977/files/liewood-lewis-muslin-cloth-peach-sea-shell-flat-2.jpg?v=1729843211,"The Liewood Lewis Muslin Cloths 2 Pack in Peach Sea Shell Mix are made from the highest quality, premium staple organic cotton yarn and perfect for a myriad of uses from swaddling to breastfeeding.",Burp Cloths,17.1,Natural Baby Shower Ltd,64830,Baby Products,599,https://images2.productserve.com/?w=200&h=200&bg=white&trim=5&t=letterbox&url=ssl%3Acdn.shopify.com%2Fs%2Ffiles%2F1%2F0690%2F1977%2Ffiles%2Fliewood-lewis-muslin-cloth-peach-sea-shell-flat-2.jpg%3Fv%3D1729843211&feedId=89138&k=a2d514f866c510dcd97e48023a8f599a033f25cd,GBP,,,https://natural-baby-2.myshopify.com/products/liewood-lewis-muslin-cloth-2-pack-peach-sea-shell-mix?variant=41818589462606,,,£17.10,89138,Liewood,1,https://cdn.shopify.com/s/files/1/0690/1977/files/liewood-lewis-muslin-cloth-peach-sea-shell-flat.jpg?v=1729843211,,,,,Muslins
https://www.awin1.com/pclick.php?p=36496689655&a=2771700&m=64830,Carriwell Original Maternity + Nursing Bra - Black - L,36496689655,44622-BLK-L,https://cdn.shopify.com/s/files/1/0690/1977/products/carriwell-original-maternity-nursing-bra-black.jpg?v=1699430458,"The Carriwell Original Maternity + Nursing Bra in Black is a soft and comfortable bra that moulds to your changing body shape. The easy one-handed nursing clasps exposes the entire breast whilst nursing; maximizing skin-to-skin contact between you and your baby. There's no irritating seams or stiff under-wire and the complimentary bra extender adds to its adjustability. Strongly supported by lactation consultants, the original maternity + nursing bra features a wide under band that substitutes underwire i.e. extra support and “lifting” of the breasts.",Nursing Bras,28.5,Natural Baby Shower Ltd,64830,,,https://images2.productserve.com/?w=200&h=200&bg=white&trim=5&t=letterbox&url=ssl%3Acdn.shopify.com%2Fs%2Ffiles%2F1%2F0690%2F1977%2Fproducts%2Fcarriwell-original-maternity-nursing-bra-black.jpg%3Fv%3D1699430458&feedId=89138&k=2ea762d0c8a971c6af1dc491696efa7f44c17a81,GBP,,,https://natural-baby-2.myshopify.com/products/carriwell-original-maternity-nursing-bra-black?variant=39603265732686,,,£28.50,89138,carriwell,1,https://cdn.shopify.com/s/files/1/0690/1977/products/carriwell-original-maternity-nursing-bra-black-lifestyle-2.jpg?v=1699430459,https://cdn.shopify.com/s/files/1/0690/1977/products/carriwell-original-maternity-nursing-bra-black-lifestyle.jpg?v=1699430461,,,https://cdn.shopify.com/s/files/1/0690/1977/products/carriwell-maternity-nursing-bra-size-guide_cd9fb2cc-bc86-4cbe-a349-9d82842afe37.jpg?v=1699430462,Nursing Bras
https://www.awin1.com/pclick.php?p=38433209541&a=2771700&m=64830,Fraupow Nursing Pads - 8 Pack - Multi-Colour,38433209541,47281-49883,https://cdn.shopify.com/s/files/1/0690/1977/files/fraupow-nursing-pads-8-pack-multi-colour-flat-2.jpg?v=1699487008,"The Fraupow Nursing Pads 8 Pack in Multi-Colour are designed to be soft and practical. Being made from Bamboo, the long, smooth fibres are softer than other fibres, breathable and up to 4x more absorbent than cotton. Bamboo wicks moisture away from the skin to keep you feeling fresh and comfortable for longer. The reusable breast pads are made of three layers, including a super soft natural fibre layer against your skin and a waterproof outer layer to prevent any wet patches. Unlike disposable pads, these are soft, flexible and naturally cup your breast. They are thin and discrete under clothing. They don't crinkle up and wander around your bra, or get stuck to your most delicate skin. Wearing them feels and looks just like wearing your normal bra. The pack of 8 pads includes four colour ways to work with every outfit. It also includes a waterproof bag where you can store used pads while out and about, and a mesh bag to keep the pads together in the wash.",Nursing Bras,11.95,Natural Baby Shower Ltd,64830,,,https://images2.productserve.com/?w=200&h=200&bg=white&trim=5&t=letterbox&url=ssl%3Acdn.shopify.com%2Fs%2Ffiles%2F1%2F0690%2F1977%2Ffiles%2Ffraupow-nursing-pads-8-pack-multi-colour-flat-2.jpg%3Fv%3D1699487008&feedId=89138&k=edc090f65062eead96de598f3eb3dec9e5aad29a,GBP,,,https://natural-baby-2.myshopify.com/products/fraupow-nursing-pads-8-pack-multi-colour?variant=40242633965646,,,£11.95,89138,Fraupow,1,https://cdn.shopify.com/s/files/1/0690/1977/files/fraupow-nursing-pads-8-pack-multi-colour-lifestyle.jpg?v=1699487005,https://cdn.shopify.com/s/files/1/0690/1977/files/fraupow-nursing-pads-8-pack-multi-colour-flat-3.jpg?v=1730232796,,,https://cdn.shopify.com/s/files/1/0690/1977/files/fraupow-nursing-pads-8-pack-multi-colour-flat-2_f9bfbb82-f389-4287-a383-4e9447536d01.jpg?v=1730232801,Breast Pads
https://www.awin1.com/pclick.php?p=44120072234&a=2771700&m=64830,Bugaboo Changing Backpack - Cocoa Brown,44120072234,51879-51821,https://cdn.shopify.com/s/files/1/0690/1977/files/bugaboo-back-pack-cocoa-brown-flat-3.jpg?v=1771373460,"A stylish, sustainable, and oh-so-practical backpack for parenting on the go. The Bugaboo Changing Backpack is thoughtfully designed to keep all your baby’s essentials organised, accessible, and stylishly stored. Made from 100% recycled, water-repellent fabrics (the equivalent of 45 repurposed PET bottles), it’s a bag that’s as kind to the planet as it is practical. With multiple pockets, handy clutches, and a padded laptop compartment, it’s perfect for parents who want to stay prepared. Plus, it comes with an insulated bottle holder, a foldable changing mat, and a wipe-clean finish, making life that little bit easier, wherever the day takes you.",Diaper Bags,112.46,Natural Baby Shower Ltd,64830,Baby Products,599,https://images2.productserve.com/?w=200&h=200&bg=white&trim=5&t=letterbox&url=ssl%3Acdn.shopify.com%2Fs%2Ffiles%2F1%2F0690%2F1977%2Ffiles%2Fbugaboo-back-pack-cocoa-brown-flat-3.jpg%3Fv%3D1771373460&feedId=89138&k=bb696c9d794255dbfd894748d849fd41e9ff8427,GBP,,,https://natural-baby-2.myshopify.com/products/bugaboo-changing-backpack-cocoa-brown?variant=56019803931003,,,£112.46,89138,Bugaboo,1,https://cdn.shopify.com/s/files/1/0690/1977/files/bugaboo-back-pack-cocoa-brown-flat-2.jpg?v=1771327289,https://cdn.shopify.com/s/files/1/0690/1977/files/bugaboo-back-pack-cocoa-brown-flat.jpg?v=1771373461,,,,Changing Bag
https://www.awin1.com/pclick.php?p=36496681445&a=2771700&m=64830,Love To Dream Swaddle Up (1.0 Tog) - Grey - Newborn,36496681445,10144-NB,https://cdn.shopify.com/s/files/1/0690/1977/files/love-to-dream-swaddle-up-bamboo-grey-flat.jpg?v=1740725113,"Love to Dream's multi-award-winning Swaddle Up™ is thoughtfully designed to support your little one’s natural arms-up™ sleep position, allowing them to access their hands for safe self-soothing. With its hip-healthy design and unique wing shape, Swaddle Up™ has been shown to help babies enjoy longer, more restful sleep—giving you precious peace of mind.* Self-soothing is a natural way for babies to settle back to sleep without needing extra help from a caregiver. Many little ones instinctively bring their hands to their mouth or gently rub their cheeks for comfort. The Swaddle Up™'s unique wing design nurtures this instinct, helping your baby feel secure and settled for a better night’s sleep. As your baby grows and begins showing signs of rolling, it’s time to transition to arms-free sleep. The Swaddle Up™ Transition Bag makes this change gentle and easy, helping your little one adjust smoothly while still feeling comforted and secure. Based on a 2017 survey of 1,242 Australian Love To Dream™ customers.",Baby & Children's Sleepwear,23.79,Natural Baby Shower Ltd,64830,,,https://images2.productserve.com/?w=200&h=200&bg=white&trim=5&t=letterbox&url=ssl%3Acdn.shopify.com%2Fs%2Ffiles%2F1%2F0690%2F1977%2Ffiles%2Flove-to-dream-swaddle-up-bamboo-grey-flat.jpg%3Fv%3D1740725113&feedId=89138&k=d16defd6dec80eb4b8384ea64593ea62085b68e2,GBP,,,https://natural-baby-2.myshopify.com/products/love-to-dream-swaddle-up-original-grey?variant=40205527842894,,,£23.79,89138,Love to Dream,1,https://cdn.shopify.com/s/files/1/0690/1977/files/love-to-dream-swaddle-up-2.5-tog-white-dreamer-flat-6.jpg?v=1740725114,https://cdn.shopify.com/s/files/1/0690/1977/files/love-to-dream-swaddle-up-bamboo-grey-lifestyle-2.jpg?v=1740725119,,,https://cdn.shopify.com/s/files/1/0690/1977/files/love-to-dream-swaddle-up-2.5-tog-white-dreamer-flat-4.jpg?v=1753865640,Swaddles
https://www.awin1.com/pclick.php?p=44425504635&a=2771700&m=64830,Maxi-Cosi Adorra Luxe + Cabriofix i-Size Travel System - Twillic Grey,44425504635,47250-GRY,https://cdn.shopify.com/s/files/1/0690/1977/files/maxi-cosi-adorra-luxe-cabrio-fix-travel-system-twillic-grey.jpg?v=1699486113,"The Maxi-Cosi Adorra Luxe + Cabriofix i-Size Travel System in Twillic Grey is a special edition stroller that comes as part of a complete travel package, including a Luxe car seat, carrycot and footmuff, all in matching premium fabrics and finishes. Whatever the weather, your little one will stay in the lap of luxury and comfort. The Adorra Luxe has a cocooning seat with breathable fabric to help regulate your baby’s temperature and keep them snug, in all conditions. There is also extra protection in the ultra-large canopy with a peek-a-boo window so you can always keep an eye on your baby. Adorra Luxe has a magic-fast, magnetic buckle to keep little ones safely in their seat so you can always have peace of mind they are safe and comfortable. Then when you are finished using the Adorra you can easily fold it away compactly and can be packed into a small trunk for everyday adventures or weekend getaways.",Travel Systems,524.96,Natural Baby Shower Ltd,64830,Baby Products,599,https://images2.productserve.com/?w=200&h=200&bg=white&trim=5&t=letterbox&url=ssl%3Acdn.shopify.com%2Fs%2Ffiles%2F1%2F0690%2F1977%2Ffiles%2Fmaxi-cosi-adorra-luxe-cabrio-fix-travel-system-twillic-grey.jpg%3Fv%3D1699486113&feedId=89138&k=72bdd81fccd790f8807d8fc3c247c0a131145cdc,GBP,,,https://natural-baby-2.myshopify.com/products/maxi-cosi-adorra-luxe-cabriofix-i-size-travel-system-twillic-grey?variant=40239740682318,,,£524.96,89138,Maxi-Cosi,1,https://cdn.shopify.com/s/files/1/0690/1977/files/maxi-cosi-adorra-luxe-pebble-360-base-travel-system-twillic-grey-lifestyle_26e552f1-ff1a-4598-9e2e-d2238f6a097d.jpg?v=1699486114,https://cdn.shopify.com/s/files/1/0690/1977/files/maxi-cosi-cabriofix-i-size-car-seat-base-essential-black-lifestyle_904c69c5-a3b4-4c45-ac62-5fafd7630155.jpg?v=1699486115,,,https://cdn.shopify.com/s/files/1/0690/1977/files/maxi-cosi-adorra-luxe-pebble-360-base-travel-system-twillic-grey-6_111acbd0-99d6-4194-b9f8-6a6ec90291fe.jpg?v=1699486117,Travel Bundle
https://www.awin1.com/pclick.php?p=42446024006&a=2771700&m=64830,Avery Row Changing Backpack  - Soft Black,42446024006,51187-57760,https://cdn.shopify.com/s/files/1/0690/1977/files/avery-row-changing-backpack-soft-black-flat.jpg?v=1755700434,"The Avery Row Changing Backpack in Soft Black is the perfect blend of style, sustainability, and practicality for modern parenting. Crafted from recycled, water-resistant materials with a soft quilted finish, it’s designed to last through newborn days, toddler adventures, and beyond. Spacious and thoughtfully organised, the backpack features multiple compartments including a laptop sleeve, thermal bottle pocket, outer bottle holders, and a zipped valuables section. For extra convenience, it comes with a travel changing mat, insulated pouch, and handy pram clips, making it easy to stay organised wherever family life takes you.",Diaper Bags,160,Natural Baby Shower Ltd,64830,Baby Products,599,https://images2.productserve.com/?w=200&h=200&bg=white&trim=5&t=letterbox&url=ssl%3Acdn.shopify.com%2Fs%2Ffiles%2F1%2F0690%2F1977%2Ffiles%2Favery-row-changing-backpack-soft-black-flat.jpg%3Fv%3D1755700434&feedId=89138&k=ac39b7ed4ec1c8c7db776d05ec9481e2cbfdc69f,GBP,,,https://natural-baby-2.myshopify.com/products/avery-row-changing-backpack-soft-black?variant=55688103985531,,,£160.00,89138,Avery Row,1,https://cdn.shopify.com/s/files/1/0690/1977/files/avery-row-changing-backpack-soft-black-lifestyle.jpg?v=1755748291,https://cdn.shopify.com/s/files/1/0690/1977/files/avery-row-changing-backpack-soft-black-lifestyle-2.jpg?v=1755748292,,,https://cdn.shopify.com/s/files/1/0690/1977/files/avery-row-changing-backpack-soft-black-lifestyle-3.jpg?v=1755748294,Changing Bag
https://www.awin1.com/pclick.php?p=42433683627&a=2771700&m=64830,Kite Pramsuit - Baby Bear - 3-6m,42433683627,51195-98076,https://cdn.shopify.com/s/files/1/0690/1977/files/kite-pramusit-baby-bear-flat-5.jpg?v=1756997747,"Snuggle your little one in cosy comfort with the Kite Baby Bear Pramsuit. Made from soft, plush fleece, this adorable pramsuit keeps baby snug and warm from head to toe. The hood features a sweet bear face appliqué, adding a playful touch to chilly days. Practical details like turn-over mitts, fold-up feet (for sizes up to 9–12 months), and an asymmetrical zip to the ankle make dressing and changing effortless. Lightweight yet warm, it’s the perfect layer for walks, outings, or cosy indoor snuggles.",Baby & Children's Outerwear,20,Natural Baby Shower Ltd,64830,,,https://images2.productserve.com/?w=200&h=200&bg=white&trim=5&t=letterbox&url=ssl%3Acdn.shopify.com%2Fs%2Ffiles%2F1%2F0690%2F1977%2Ffiles%2Fkite-pramusit-baby-bear-flat-5.jpg%3Fv%3D1756997747&feedId=89138&k=f83e78e4f8d4ccc7019085fa67fb906aebf1a32f,GBP,,,https://natural-baby-2.myshopify.com/products/kite-pramsuit-baby-bear?variant=55713777942907,,,£20.00,89138,Kite,1,https://cdn.shopify.com/s/files/1/0690/1977/files/kite-pramusit-baby-bear-flat-4.jpg?v=1757166055,https://cdn.shopify.com/s/files/1/0690/1977/files/kite-pramusit-baby-bear-flat.jpg?v=1757166058,,,https://cdn.shopify.com/s/files/1/0690/1977/files/kite-pramusit-baby-bear-flat-3.jpg?v=1756997747,Baby Outfits
https://www.awin1.com/pclick.php?p=42433683628&a=2771700&m=64830,Kite Pramsuit - Baby Bear - 6-9m,42433683628,51195-98083,https://cdn.shopify.com/s/files/1/0690/1977/files/kite-pramusit-baby-bear-flat-5.jpg?v=1756997747,"Snuggle your little one in cosy comfort with the Kite Baby Bear Pramsuit. Made from soft, plush fleece, this adorable pramsuit keeps baby snug and warm from head to toe. The hood features a sweet bear face appliqué, adding a playful touch to chilly days. Practical details like turn-over mitts, fold-up feet (for sizes up to 9–12 months), and an asymmetrical zip to the ankle make dressing and changing effortless. Lightweight yet warm, it’s the perfect layer for walks, outings, or cosy indoor snuggles.",Baby & Children's Outerwear,20,Natural Baby Shower Ltd,64830,,,https://images2.productserve.com/?w=200&h=200&bg=white&trim=5&t=letterbox&url=ssl%3Acdn.shopify.com%2Fs%2Ffiles%2F1%2F0690%2F1977%2Ffiles%2Fkite-pramusit-baby-bear-flat-5.jpg%3Fv%3D1756997747&feedId=89138&k=f83e78e4f8d4ccc7019085fa67fb906aebf1a32f,GBP,,,https://natural-baby-2.myshopify.com/products/kite-pramsuit-baby-bear?variant=55713777975675,,,£20.00,89138,Kite,1,https://cdn.shopify.com/s/files/1/0690/1977/files/kite-pramusit-baby-bear-flat-4.jpg?v=1757166055,https://cdn.shopify.com/s/files/1/0690/1977/files/kite-pramusit-baby-bear-flat.jpg?v=1757166058,,,https://cdn.shopify.com/s/files/1/0690/1977/files/kite-pramusit-baby-bear-flat-3.jpg?v=1756997747,Baby Outfits
https://www.awin1.com/pclick.php?p=36496686623&a=2771700&m=64830,BIBS Colour Latex Pacifier - Vanilla - Size 1,36496686623,45086-VAN-S1,https://cdn.shopify.com/s/files/1/0690/1977/products/bibs-colour-latex-pacifier-vanilla-2.jpg?v=1699441249,"The BIBS Colour Latex Pacifier in Vanilla has a signature round shield with three vent holes and round BIBS engraved handle ring. The round lightweight shield faces away from the sensitive and delicate skin around the baby's mouth to ensure minimum contact with the baby's nose and mouth, unlike other dummies, which means less chance of moisture build-up from saliva that can cause rashes and sore spots. The round natural rubber latex nipple of the dummy is designed to resemble the shape and size of the mother’s nipple and promotes a similar tongue placement and sucking technique when breastfeeding.",Pacifiers & Teethers,4.95,Natural Baby Shower Ltd,64830,Baby Products,599,https://images2.productserve.com/?w=200&h=200&bg=white&trim=5&t=letterbox&url=ssl%3Acdn.shopify.com%2Fs%2Ffiles%2F1%2F0690%2F1977%2Fproducts%2Fbibs-colour-latex-pacifier-vanilla-2.jpg%3Fv%3D1699441249&feedId=89138&k=6d6267c70910479ed062a78e2f1ed19d887ea6ad,GBP,,,https://natural-baby-2.myshopify.com/products/bibs-colour-latex-pacifier-vanilla?variant=39780968333390,,,£4.95,89138,BIBS World,1,https://cdn.shopify.com/s/files/1/0690/1977/products/bibs-colour-latex-pacifier-vanilla.jpg?v=1699441250,https://cdn.shopify.com/s/files/1/0690/1977/files/BIBS-Information-1_b0b6836d-94e4-4b49-9c93-7ddd45440eaa.jpg?v=1766061288,,,https://cdn.shopify.com/s/files/1/0690/1977/files/BIBS-Information-2.jpg?v=1766061288,Dummies
https://www.awin1.com/pclick.php?p=36496688073&a=2771700&m=64830,Elodie Details Baby Overall Pramsuit - Tidemark Drops - 0-6m,36496688073,43877-TD-0-6m,https://cdn.shopify.com/s/files/1/0690/1977/products/elodie-details-baby-overall-pramsuit-tidemark-drops.jpg?v=1699443224,"The Elodie Details Baby Overall Pramsuit in Tidemark Drops is perfect for your little one’s first year of adventures. Easily converting from an overall to a footmuff, it keeps baby cosy and comfortable while transitioning between indoor and outdoor conditions. Double chest zips allow quick access and easy temperature regulation. A practical and stylish winter essential, now part of our clearance collection.",Baby & Children's Outerwear,59.97,Natural Baby Shower Ltd,64830,,,https://images2.productserve.com/?w=200&h=200&bg=white&trim=5&t=letterbox&url=ssl%3Acdn.shopify.com%2Fs%2Ffiles%2F1%2F0690%2F1977%2Fproducts%2Felodie-details-baby-overall-pramsuit-tidemark-drops.jpg%3Fv%3D1699443224&feedId=89138&k=161b22882f6b0cd528c1ea2a46f4a279d4b3a16c,GBP,,,https://natural-baby-2.myshopify.com/products/elodie-details-baby-overall-pramsuit-tidemark-drops?variant=39811492511822,,,£59.97,89138,Elodie Details,1,https://cdn.shopify.com/s/files/1/0690/1977/products/elodie-details-baby-overall-pramsuit-lifestyle.jpg?v=1699443226,https://cdn.shopify.com/s/files/1/0690/1977/products/elodie-details-baby-overall-pramsuit-tidemark-drops-3.jpg?v=1699443227,,,https://cdn.shopify.com/s/files/1/0690/1977/products/elodie-details-baby-overall-pramsuit-tidemark-drops-2.jpg?v=1699443228,Baby Outfits
https://www.awin1.com/pclick.php?p=43082143524&a=2771700&m=64830,TIBA + MARL Elwood Changing Backpack - Black Woven,43082143524,51278-11792,https://cdn.shopify.com/s/files/1/0690/1977/files/tiba-marl-elwood-black-woven-flat-2.jpg?v=1759532612,"Meet the parenting essential with serious style - the Tiba + Marl Elwood Changing Backpack, reimagined in a sleek all-black woven finish with tonal matt hardware. Made entirely from recycled materials, it’s as sustainable as it is practical. From nappies and bottles to laptops and snacks, this multifunctional unisex backpack has a place for everything - so you can parent, work, and travel with ease.",Diaper Bags,158,Natural Baby Shower Ltd,64830,Baby Products,599,https://images2.productserve.com/?w=200&h=200&bg=white&trim=5&t=letterbox&url=ssl%3Acdn.shopify.com%2Fs%2Ffiles%2F1%2F0690%2F1977%2Ffiles%2Ftiba-marl-elwood-black-woven-flat-2.jpg%3Fv%3D1759532612&feedId=89138&k=11d3e90456789ed3417c03d7397762e15821544f,GBP,,,https://natural-baby-2.myshopify.com/products/tiba-marl-elwood-changing-backpack-black-woven?variant=55798884434299,,,£158.00,89138,TIBA + MARL,1,https://cdn.shopify.com/s/files/1/0690/1977/files/tiba-marl-black-woven-lifestyle2.jpg?v=1774481559,https://cdn.shopify.com/s/files/1/0690/1977/files/tiba-marl-elwood-black-woven-flat-4.jpg?v=1774437856,,,https://cdn.shopify.com/s/files/1/0690/1977/files/tiba-marl-elwood-black-woven-flat-3.jpg?v=1774437856,Changing Bag
https://www.awin1.com/pclick.php?p=45587140992&a=2771700&m=64830,Maxi-Cosi Oxford Cabin Stroller - Onyx Black - With Raincover,45587140992,51818-11811,https://cdn.shopify.com/s/files/1/0690/1977/files/maxi-cosi-oxford-cabin-onyx-black-flat-3.jpg?v=1769081985,"The Maxi-Cosi Oxford Cabin Stroller is your ultimate companion for effortless travel and everyday adventures. Designed to fit overhead plane compartments, it’s ultra-compact, lightweight, and perfect from newborn up to 4 years. Whether you’re navigating busy city streets, family holidays, or weekend strolls, Oxford Cabin gives you freedom to explore with confidence. Its ergonomic lie-flat seat keeps your little one comfortable from day one, while smooth suspension ensures every ride is stable and gentle. Attach any Maxi-Cosi car seat (with adapters, sold separately) to create a complete travel system, fold it with one hand, or carry it hands-free using the integrated strap - Oxford Cabin adapts to the way you live. With an extendable UPF 50+ canopy, ClimaFlow™ ventilation, and a generous 5 kg basket, it’s built for comfort, convenience, and stylish family life.",Baby Strollers,299.95,Natural Baby Shower Ltd,64830,Baby Products,599,https://images2.productserve.com/?w=200&h=200&bg=white&trim=5&t=letterbox&url=ssl%3Acdn.shopify.com%2Fs%2Ffiles%2F1%2F0690%2F1977%2Ffiles%2Fmaxi-cosi-oxford-cabin-onyx-black-flat-3.jpg%3Fv%3D1769081985&feedId=89138&k=24e1d0ba8112bc2bb3dddffdbe8ad0c6bbce6561,GBP,,,https://natural-baby-2.myshopify.com/products/maxi-cosi-oxford-cabin-stroller-onyx-black?variant=56376652923259,,,£299.95,89138,Maxi-Cosi,1,https://cdn.shopify.com/s/files/1/0690/1977/files/maxi-cosi-ocford-cabin-lifestyle-2.jpg?v=1769124628,https://cdn.shopify.com/s/files/1/0690/1977/files/maxi-cosi-ocford-cabin-lifestyle-5.jpg?v=1769124628,,,https://cdn.shopify.com/s/files/1/0690/1977/files/maxi-cosi-ocford-cabin-lifestyle-3.jpg?v=1769124629,Lightweight Stroller
https://www.awin1.com/pclick.php?p=41082085795&a=2771700&m=64830,Lansinoh Organic Nipple Balm - 60ml,41082085795,48304-32004,https://cdn.shopify.com/s/files/1/0690/1977/files/lansinoh-nipple-balm-flat.jpg?v=1745381337,"A beautifully gentle alternative to Lansinoh's HPA Nipple Cream is Lansinoh’s Organic Nipple Balm. Thoughtfully blended with just seven organic ingredients, this silky balm is designed to soothe sore nipples and nourish sensitive skin, naturally and safely. With no fragrance, no taste, and no need to wipe away before feeding, this balm is a calming part of your breastfeeding ritual. It’s also perfect for growing baby bumps, dry skin patches, or anywhere that needs a little extra comfort and care.",Breast Pump Accessories,13.99,Natural Baby Shower Ltd,64830,Baby Products,599,https://images2.productserve.com/?w=200&h=200&bg=white&trim=5&t=letterbox&url=ssl%3Acdn.shopify.com%2Fs%2Ffiles%2F1%2F0690%2F1977%2Ffiles%2Flansinoh-nipple-balm-flat.jpg%3Fv%3D1745381337&feedId=89138&k=ad9bbab56ac29771413e208d4cce893a0a0c31cb,GBP,,,https://natural-baby-2.myshopify.com/products/lansinoh-organic-nipple-balm?variant=55334589006203,,,£13.99,89138,Lansinoh,1,https://cdn.shopify.com/s/files/1/0690/1977/files/lansinoh-nipple-balm-lifesty_e-3.jpg?v=1745381340,https://cdn.shopify.com/s/files/1/0690/1977/files/lansinoh-nipple-balm-lifesty_e-2.jpg?v=1745381341,,,https://cdn.shopify.com/s/files/1/0690/1977/files/lansinoh-nipple-balm-lifesty_e.jpg?v=1745381341,Nipple Cream
https://www.awin1.com/pclick.php?p=42443688183&a=2771700&m=64830,Silver Cross Cove + Pebble 360 Pro2 Travel System - Champagne,42443688183,50563-32662-PP2,https://cdn.shopify.com/s/files/1/0690/1977/files/silver-cross-cove-maxi-cosi-pebble-360-pro-2-flat-4.jpg?v=1755146244,"Make every journey with your little one effortless, safe, and wonderfully comfortable. The Silver Cross Cove Pushchair paired with the Maxi-Cosi Pebble 360 Pro² Car Seat and FamilyFix 360 Pro Base is designed to grow with your baby while keeping you close, stress-free, and ready for life on the move.",Travel Systems,1084.96,Natural Baby Shower Ltd,64830,Baby Products,599,https://images2.productserve.com/?w=200&h=200&bg=white&trim=5&t=letterbox&url=ssl%3Acdn.shopify.com%2Fs%2Ffiles%2F1%2F0690%2F1977%2Ffiles%2Fsilver-cross-cove-maxi-cosi-pebble-360-pro-2-flat-4.jpg%3Fv%3D1755146244&feedId=89138&k=6fc7888134b2f0c61641eea21255d77f788efe84,GBP,,,https://natural-baby-2.myshopify.com/products/silver-cross-cove-pebble-360-pro-travel-system?variant=55660993216891,,,"£1,084.96",89138,Silver Cross,1,https://cdn.shopify.com/s/files/1/0690/1977/files/silver-cross-cove-pushchair-accessory-bundle-damson-lifestyle.jpg?v=1755078085,https://cdn.shopify.com/s/files/1/0690/1977/files/silver-cross-cove-pushchair-accessory-bundle-damson-lifestyle-2.jpg?v=1755078085,,,https://cdn.shopify.com/s/files/1/0690/1977/files/silver-cross-cove-pushchair-accessory-bundle-damson-flat-6.jpg?v=1755078085,Travel Bundle
https://www.awin1.com/pclick.php?p=42443688184&a=2771700&m=64830,Silver Cross Cove + Pebble 360 Pro2 Travel System - Damson,42443688184,50563-32679-PP2,https://cdn.shopify.com/s/files/1/0690/1977/files/silver-cross-cove-maxi-cosi-pebble-360-pro-2-flat-2.jpg?v=1755146245,"Make every journey with your little one effortless, safe, and wonderfully comfortable. The Silver Cross Cove Pushchair paired with the Maxi-Cosi Pebble 360 Pro² Car Seat and FamilyFix 360 Pro Base is designed to grow with your baby while keeping you close, stress-free, and ready for life on the move.",Travel Systems,1062.08,Natural Baby Shower Ltd,64830,Baby Products,599,https://images2.productserve.com/?w=200&h=200&bg=white&trim=5&t=letterbox&url=ssl%3Acdn.shopify.com%2Fs%2Ffiles%2F1%2F0690%2F1977%2Ffiles%2Fsilver-cross-cove-maxi-cosi-pebble-360-pro-2-flat-2.jpg%3Fv%3D1755146245&feedId=89138&k=7f75ea546abd08f7c899358e8b1610faa96f781a,GBP,,,https://natural-baby-2.myshopify.com/products/silver-cross-cove-pebble-360-pro-travel-system?variant=55660993249659,,,"£1,062.08",89138,Silver Cross,1,https://cdn.shopify.com/s/files/1/0690/1977/files/silver-cross-cove-pushchair-accessory-bundle-damson-lifestyle.jpg?v=1755078085,https://cdn.shopify.com/s/files/1/0690/1977/files/silver-cross-cove-pushchair-accessory-bundle-damson-lifestyle-2.jpg?v=1755078085,,,https://cdn.shopify.com/s/files/1/0690/1977/files/silver-cross-cove-pushchair-accessory-bundle-damson-flat-6.jpg?v=1755078085,Travel Bundle
https://www.awin1.com/pclick.php?p=42443688186&a=2771700&m=64830,Silver Cross Cove + Pebble 360 Pro2 Travel System - Onyx,42443688186,50563-32693-PP2,https://cdn.shopify.com/s/files/1/0690/1977/files/silver-cross-cove-maxi-cosi-pebble-360-pro-2-flat.jpg?v=1755077995,"Make every journey with your little one effortless, safe, and wonderfully comfortable. The Silver Cross Cove Pushchair paired with the Maxi-Cosi Pebble 360 Pro² Car Seat and FamilyFix 360 Pro Base is designed to grow with your baby while keeping you close, stress-free, and ready for life on the move.",Travel Systems,1084.96,Natural Baby Shower Ltd,64830,Baby Products,599,https://images2.productserve.com/?w=200&h=200&bg=white&trim=5&t=letterbox&url=ssl%3Acdn.shopify.com%2Fs%2Ffiles%2F1%2F0690%2F1977%2Ffiles%2Fsilver-cross-cove-maxi-cosi-pebble-360-pro-2-flat.jpg%3Fv%3D1755077995&feedId=89138&k=1b5f16a34e5feeb64e8ee7cd55fba0ba87082f91,GBP,,,https://natural-baby-2.myshopify.com/products/silver-cross-cove-pebble-360-pro-travel-system?variant=55660993315195,,,"£1,084.96",89138,Silver Cross,1,https://cdn.shopify.com/s/files/1/0690/1977/files/silver-cross-cove-pushchair-accessory-bundle-damson-lifestyle.jpg?v=1755078085,https://cdn.shopify.com/s/files/1/0690/1977/files/silver-cross-cove-pushchair-accessory-bundle-damson-lifestyle-2.jpg?v=1755078085,,,https://cdn.shopify.com/s/files/1/0690/1977/files/silver-cross-cove-pushchair-accessory-bundle-damson-flat-6.jpg?v=1755078085,Travel Bundle
https://www.awin1.com/pclick.php?p=42443688187&a=2771700&m=64830,Silver Cross Cove + Pebble 360 Pro2 Travel System - Pewter,42443688187,50563-32709-PP2,https://cdn.shopify.com/s/files/1/0690/1977/files/silver-cross-cove-maxi-cosi-pebble-360-pro-2-flat-5.jpg?v=1755078085,"Make every journey with your little one effortless, safe, and wonderfully comfortable. The Silver Cross Cove Pushchair paired with the Maxi-Cosi Pebble 360 Pro² Car Seat and FamilyFix 360 Pro Base is designed to grow with your baby while keeping you close, stress-free, and ready for life on the move.",Travel Systems,1084.96,Natural Baby Shower Ltd,64830,Baby Products,599,https://images2.productserve.com/?w=200&h=200&bg=white&trim=5&t=letterbox&url=ssl%3Acdn.shopify.com%2Fs%2Ffiles%2F1%2F0690%2F1977%2Ffiles%2Fsilver-cross-cove-maxi-cosi-pebble-360-pro-2-flat-5.jpg%3Fv%3D1755078085&feedId=89138&k=14e8b928277f7732a8083333bc7f6fd78ba98684,GBP,,,https://natural-baby-2.myshopify.com/products/silver-cross-cove-pebble-360-pro-travel-system?variant=55660993347963,,,"£1,084.96",89138,Silver Cross,1,https://cdn.shopify.com/s/files/1/0690/1977/files/silver-cross-cove-pushchair-accessory-bundle-damson-lifestyle.jpg?v=1755078085,https://cdn.shopify.com/s/files/1/0690/1977/files/silver-cross-cove-pushchair-accessory-bundle-damson-lifestyle-2.jpg?v=1755078085,,,https://cdn.shopify.com/s/files/1/0690/1977/files/silver-cross-cove-pushchair-accessory-bundle-damson-flat-6.jpg?v=1755078085,Travel Bundle
https://www.awin1.com/pclick.php?p=39402618857&a=2771700&m=64830,Tutti Bambini Cozee Mini Me Play Crib - Oak/Charcoal,39402618857,49896-32405,https://cdn.shopify.com/s/files/1/0690/1977/files/tutti-bambini-cozee-mini-play-crib-oak-charcoal-flat-4.jpg?v=1731441614,"The Tutti Bambini Cozee Luxe Mini Me Crib in Oak/Charcoal has been designed for dolls and teddies to rest after a busy day of fun. A toy version of the popular CoZee bedside crib, the Mini Me supports your little ones development through imaginative role play, promoting social-emotional growth and independence. A premium choice, where quality, innovation, and nurturing play come together for a delightful and enriching experience.",Doll & Action Figure Accessories,79,Natural Baby Shower Ltd,64830,Toys,187,https://images2.productserve.com/?w=200&h=200&bg=white&trim=5&t=letterbox&url=ssl%3Acdn.shopify.com%2Fs%2Ffiles%2F1%2F0690%2F1977%2Ffiles%2Ftutti-bambini-cozee-mini-play-crib-oak-charcoal-flat-4.jpg%3Fv%3D1731441614&feedId=89138&k=ed421c1809bcca2835223400bdecd9863d4e8583,GBP,,,https://natural-baby-2.myshopify.com/products/tutti-bambini-cozee-mini-me-play-crib-oak-charcoal?variant=41978183516238,,,£79.00,89138,Tutti Bambini,1,https://cdn.shopify.com/s/files/1/0690/1977/files/tutti-bambini-cozee-mini-play-crib-oak-charcoal-lifestyle-2.jpg?v=1731441618,https://cdn.shopify.com/s/files/1/0690/1977/files/tutti-bambini-cozee-mini-play-crib-oak-charcoal-lifestyle.jpg?v=1731441621,,,https://cdn.shopify.com/s/files/1/0690/1977/files/tutti-bambini-cozee-mini-play-crib-oak-charcoal-lifestyle-3.jpg?v=1731441624,Next-to-Me Crib
https://www.awin1.com/pclick.php?p=39402618864&a=2771700&m=64830,Tutti Bambini Cozee Luxe Mini Me Crib - Walnut/Blush,39402618864,49895-35819,https://cdn.shopify.com/s/files/1/0690/1977/files/tutti-bambini-cozee-mini-play-crib-walnut-blush-flat-5.jpg?v=1731441869,"The Tutti Bambini Cozee Luxe Mini Me Crib in Walnut/Blush has been designed for dolls and teddies to rest after a busy day of fun. A toy version of the popular CoZee bedside crib, the Mini Me supports your little ones development through imaginative role play, promoting social-emotional growth and independence. A premium choice, where quality, innovation, and nurturing play come together for a delightful and enriching experience.",Doll & Action Figure Accessories,89,Natural Baby Shower Ltd,64830,Toys,187,https://images2.productserve.com/?w=200&h=200&bg=white&trim=5&t=letterbox&url=ssl%3Acdn.shopify.com%2Fs%2Ffiles%2F1%2F0690%2F1977%2Ffiles%2Ftutti-bambini-cozee-mini-play-crib-walnut-blush-flat-5.jpg%3Fv%3D1731441869&feedId=89138&k=c0440268e968af40cf7b1a8b2998aff7ee092748,GBP,,,https://natural-baby-2.myshopify.com/products/tutti-bambini-cozee-luxe-mini-me-crib-walnut-blush?variant=41978184204366,,,£89.00,89138,Tutti Bambini,1,https://cdn.shopify.com/s/files/1/0690/1977/files/tutti-bambini-cozee-mini-play-crib-walnut-blush-lifestyle-5.jpg?v=1731441872,https://cdn.shopify.com/s/files/1/0690/1977/files/tutti-bambini-cozee-mini-play-crib-walnut-blush-lifestyle.jpg?v=1731441875,,,https://cdn.shopify.com/s/files/1/0690/1977/files/tutti-bambini-cozee-mini-play-crib-walnut-blush-lifestyle-3.jpg?v=1731441879,Next-to-Me Crib
https://www.awin1.com/pclick.php?p=36496688983&a=2771700&m=64830,Carriwell Adjustable Support Belt - Black - S/M,36496688983,44616-BLK-SM,https://cdn.shopify.com/s/files/1/0690/1977/products/carriwell-adjustable-support-belt-black.jpg?v=1699430408,"The Carriwell Adjustable Support Belt in Black is an extremely comfortable and easy to adjust support belt that provides support and immediate relief for pregnancy-induced backache. This pregnancy belt applies easily adjustable counter pressure to any discomfort in your lower back, improving your posture and bringing you pain relief. The broad soft belt gently lifts your tummy relieving downward pressure whilst supporting your hips, and the broad elastic and soft breathable microfiber fabric is designed to softly support your sensitive skin.",Shapewear,34.65,Natural Baby Shower Ltd,64830,Maternity,205,https://images2.productserve.com/?w=200&h=200&bg=white&trim=5&t=letterbox&url=ssl%3Acdn.shopify.com%2Fs%2Ffiles%2F1%2F0690%2F1977%2Fproducts%2Fcarriwell-adjustable-support-belt-black.jpg%3Fv%3D1699430408&feedId=89138&k=912467ddb54ea413b1788cf125c3a2330ae7e6c8,GBP,,,https://natural-baby-2.myshopify.com/products/carriwell-adjustable-support-belt-black?variant=39603264749646,,,£34.65,89138,carriwell,1,https://cdn.shopify.com/s/files/1/0690/1977/products/carriwell-adjustable-support-belt-black-lifestyle.jpg?v=1699430409,https://cdn.shopify.com/s/files/1/0690/1977/products/carriwell-adjustable-support-belt-black-lifestyle-2.jpg?v=1699430410,,,,Belly Support Band
https://www.awin1.com/pclick.php?p=36496688984&a=2771700&m=64830,Carriwell Adjustable Support Belt - Black - L/XL,36496688984,44616-BLK-LXL,https://cdn.shopify.com/s/files/1/0690/1977/products/carriwell-adjustable-support-belt-black.jpg?v=1699430408,"The Carriwell Adjustable Support Belt in Black is an extremely comfortable and easy to adjust support belt that provides support and immediate relief for pregnancy-induced backache. This pregnancy belt applies easily adjustable counter pressure to any discomfort in your lower back, improving your posture and bringing you pain relief. The broad soft belt gently lifts your tummy relieving downward pressure whilst supporting your hips, and the broad elastic and soft breathable microfiber fabric is designed to softly support your sensitive skin.",Shapewear,34.65,Natural Baby Shower Ltd,64830,Maternity,205,https://images2.productserve.com/?w=200&h=200&bg=white&trim=5&t=letterbox&url=ssl%3Acdn.shopify.com%2Fs%2Ffiles%2F1%2F0690%2F1977%2Fproducts%2Fcarriwell-adjustable-support-belt-black.jpg%3Fv%3D1699430408&feedId=89138&k=912467ddb54ea413b1788cf125c3a2330ae7e6c8,GBP,,,https://natural-baby-2.myshopify.com/products/carriwell-adjustable-support-belt-black?variant=39603264782414,,,£34.65,89138,carriwell,1,https://cdn.shopify.com/s/files/1/0690/1977/products/carriwell-adjustable-support-belt-black-lifestyle.jpg?v=1699430409,https://cdn.shopify.com/s/files/1/0690/1977/products/carriwell-adjustable-support-belt-black-lifestyle-2.jpg?v=1699430410,,,,Belly Support Band
https://www.awin1.com/pclick.php?p=36496680217&a=2771700&m=64830,"Britax Romer Raincover For Baby Safe 5z, Baby-Safe 3 i-Size & Primo",36496680217,47598-40163,https://cdn.shopify.com/s/files/1/0690/1977/files/britax-raincover-for-baby-safe-5z-flat.jpg?v=1699492355,"The Britax Romer Raincover For Baby Safe 5z, Baby-Safe 3 I-Size Primo protects your baby from wind and rain when being transported in the infant carrier on the way to the car or on a pushchair. It slips easily over any BABY-SAFE or PRIMO infant carrier and features ventilation holes for improved air circulation.",Stroller Rain Covers,30,Natural Baby Shower Ltd,64830,,,https://images2.productserve.com/?w=200&h=200&bg=white&trim=5&t=letterbox&url=ssl%3Acdn.shopify.com%2Fs%2Ffiles%2F1%2F0690%2F1977%2Ffiles%2Fbritax-raincover-for-baby-safe-5z-flat.jpg%3Fv%3D1699492355&feedId=89138&k=8d6afc1eb2a2fa8952d0de990419d443db0f9985,GBP,,,https://natural-baby-2.myshopify.com/products/britax-raincover-for-baby-safe-5z-baby-safe-3-i-size-primo?variant=40264495071310,,,£30.00,89138,Britax Römer,1,,,,,,Pram Rain Cover
https://www.awin1.com/pclick.php?p=42927165636&a=2771700&m=64830,Jollein Pram Hanger - Diego,42927165636,51382-01242,https://cdn.shopify.com/s/files/1/0690/1977/files/jollein-pram-hanger-diego-flat.jpg?v=1761176805,"Add a touch of playful charm to every stroll with the Diego Dog Pram Hanger. Made from soft ribbed fabric in a warm biscuit tone, with textured bouclé details in leather brown, this little companion is perfect for keeping your baby entertained on the go. Featuring an embroidered face and a sweet fabric nose, Diego brings personality and comfort to your pram adventures. The plastic ring makes it easy to attach to any stroller, so your little one can enjoy a cosy and stimulating ride wherever you wander.",Baby Activity Toys,10.95,Natural Baby Shower Ltd,64830,Toys,187,https://images2.productserve.com/?w=200&h=200&bg=white&trim=5&t=letterbox&url=ssl%3Acdn.shopify.com%2Fs%2Ffiles%2F1%2F0690%2F1977%2Ffiles%2Fjollein-pram-hanger-diego-flat.jpg%3Fv%3D1761176805&feedId=89138&k=5358aea4ed9a1137174400d7cc5a5421e9dea70c,GBP,,,https://natural-baby-2.myshopify.com/products/jollein-pram-hanger-diego?variant=55841580122491,,,£10.95,89138,Jollein,1,https://cdn.shopify.com/s/files/1/0690/1977/files/jollein-pram-hanger-diego-lifestyle-2.jpg?v=1761176808,https://cdn.shopify.com/s/files/1/0690/1977/files/jollein-pram-hanger-diego-lifestyle-3.jpg?v=1761176809,,,https://cdn.shopify.com/s/files/1/0690/1977/files/jollein-pram-hanger-diego-lifestyle.jpg?v=1761176810,First Toys
https://www.awin1.com/pclick.php?p=45576166980&a=2771700&m=64830,Tonies My First Tonies - Ocean Set - Ocean Set,45576166980,52645-51148,https://cdn.shopify.com/s/files/1/0690/1977/files/tonies-my-first-tonies-ocean-set-flat.jpg?v=1785889095,"Discover the magic of the ocean with the Tonies My First Tonies Ocean Set. Specially designed for little listeners aged 1+, this charming set includes Seagull, Seal and Dolphin, each bringing gentle stories, original songs and calming ocean sounds to your child's Toniebox. Perfect for introducing little ones to the joy of audio, these soothing Tonies encourage first words, sensory exploration and quiet moments of imaginative play. Simply pop a Tonie on the Toniebox and let your little explorer dive into a world of relaxing sounds and engaging storytelling. ⚠ WARNING. All Tonies contain magnets. Please keep them away from medical components such as defibrillators, shunts, or pacemakers as well as from products sensitive to magnets such as magnetic data carriers, credit cards, or computers.",Baby Toys & Activity Equipment,29.95,Natural Baby Shower Ltd,64830,Baby Toys,412,https://images2.productserve.com/?w=200&h=200&bg=white&trim=5&t=letterbox&url=ssl%3Acdn.shopify.com%2Fs%2Ffiles%2F1%2F0690%2F1977%2Ffiles%2Ftonies-my-first-tonies-ocean-set-flat.jpg%3Fv%3D1785889095&feedId=89138&k=0192998d822b1602ac8d906dc8e0fcd641cb3fc9,GBP,,,https://natural-baby-2.myshopify.com/products/my-first-tonies-ocean-set?variant=56346996703611,,,£29.95,89138,tonies,1,https://cdn.shopify.com/s/files/1/0690/1977/files/tonies-my-first-tonies-ocean-set-lifestyle-3.jpg?v=1785889097,https://cdn.shopify.com/s/files/1/0690/1977/files/tonies-my-first-tonies-ocean-set-flat-6.jpg?v=1785889096,,,https://cdn.shopify.com/s/files/1/0690/1977/files/tonies-my-first-tonies-ocean-set-flat-5.jpg?v=1785889098,First Toys
https://www.awin1.com/pclick.php?p=45576166981&a=2771700&m=64830,Tonies My First Tonies - Construction Set - Construction Set,45576166981,52645-81749,https://cdn.shopify.com/s/files/1/0690/1977/files/tonies-my-first-tonies-contruction-set-flat.jpg?v=1785889100,"Get ready for big adventures with the Tonies My First Tonies Construction Set. Perfect for little ones who can't resist diggers and building sites, this fun-filled set includes Digger, Tipper Truck and Concrete Mixer, each featuring original songs, gentle stories and realistic construction sounds. Designed especially for children aged 1+, these My First Tonies introduce little listeners to the joy of screen-free audio while encouraging first words, sensory exploration and imaginative play. Simply pop a Tonie on your Toniebox and let your little builder enjoy a world of construction-themed fun. ⚠ WARNING. All Tonies contain magnets. Please keep them away from medical components such as defibrillators, shunts, or pacemakers as well as from products sensitive to magnets such as magnetic data carriers, credit cards, or computers.",Baby Toys & Activity Equipment,29.95,Natural Baby Shower Ltd,64830,Baby Toys,412,https://images2.productserve.com/?w=200&h=200&bg=white&trim=5&t=letterbox&url=ssl%3Acdn.shopify.com%2Fs%2Ffiles%2F1%2F0690%2F1977%2Ffiles%2Ftonies-my-first-tonies-contruction-set-flat.jpg%3Fv%3D1785889100&feedId=89138&k=d54415bc2d33f4404e3edbb454ccdb6d352336fe,GBP,,,https://natural-baby-2.myshopify.com/products/my-first-tonies-construction-set?variant=56346996736379,,,£29.95,89138,tonies,1,https://cdn.shopify.com/s/files/1/0690/1977/files/tonies-my-first-tonies-contruction-set-lifestyle.jpg?v=1785889102,https://cdn.shopify.com/s/files/1/0690/1977/files/tonies-my-first-tonies-contruction-set-flat-6.jpg?v=1785889103,,,https://cdn.shopify.com/s/files/1/0690/1977/files/tonies-my-first-tonies-contruction-set-flat-5.jpg?v=1785889103,First Toys
https://www.awin1.com/pclick.php?p=45576166982&a=2771700&m=64830,Tonies Pokémon - Bulbasaur - Bulbasaur,45576166982,52647-74321,https://cdn.shopify.com/s/files/1/0690/1977/files/tonies-pokemon-bulbasaur-flat.jpg?v=1785889107,"Grow your little Trainer's imagination with the Tonies Pokémon Bulbasaur Tonie. Join Bulbasaur on clever adventures filled with campfire mysteries, heroic rescues, fun Trainer Academy facts and an exciting Pokémon battle that brings the action to life. Featuring the original cast, this engaging audio story encourages problem-solving, resilience and bravery through immersive storytelling. Simply place Bulbasaur on top of a Toniebox and enjoy over an hour of screen-free listening that's perfect for playtime and beyond. Tracklist: 01. Meet Bulbasaur 02. Introduction to the World of Characters 03. Story 1: Bulbasaur's Clever Escape 04. Trainer Academy: Pokémon Moves 05. Pokémon Power Moves 06. Story 2: Bulbasaur and the Campfire Mystery 07. Trainer Academy: Where to Find Pokémon 08. Story 3: Bulbasaur to the Rescue! 09. Concluding Segment ⚠ WARNING. All Tonies contain magnets. Please keep them away from medical components such as defibrillators, shunts, or pacemakers as well as from products sensitive to magnets such as magnetic data carriers, credit cards, or computers.",Baby Toys & Activity Equipment,14.95,Natural Baby Shower Ltd,64830,Baby Toys,412,https://images2.productserve.com/?w=200&h=200&bg=white&trim=5&t=letterbox&url=ssl%3Acdn.shopify.com%2Fs%2Ffiles%2F1%2F0690%2F1977%2Ffiles%2Ftonies-pokemon-bulbasaur-flat.jpg%3Fv%3D1785889107&feedId=89138&k=a8deda5e83ab986a7049350b7db751ba700be678,GBP,,,https://natural-baby-2.myshopify.com/products/tonies-pokemon-bulbasaur?variant=56346996769147,,,£14.95,89138,tonies,1,https://cdn.shopify.com/s/files/1/0690/1977/files/tonies-pokemon-bulbasaur-lifestyle.jpg?v=1785889107,https://cdn.shopify.com/s/files/1/0690/1977/files/tonies-pokemon-bulbasaur-flat-3.jpg?v=1785889107,,,https://cdn.shopify.com/s/files/1/0690/1977/files/tonies-pokemon-bulbasaur-flat-2.jpg?v=1785889108,First Toys
https://www.awin1.com/pclick.php?p=45576166983&a=2771700&m=64830,Tonies Pokémon - Charmander - Charmander,45576166983,52647-74444,https://cdn.shopify.com/s/files/1/0690/1977/files/tonies-pokemon-charmander-flat.jpg?v=1785889109,"Spark your little Trainer's imagination with the Tonies Pokémon Charmander Tonie. Join Charmander on fiery adventures filled with exciting discoveries, fun Trainer Academy facts and an action-packed Pokémon battle that brings every story to life. Featuring the original cast, this engaging audio story encourages courage, empathy and friendship through immersive storytelling. Simply place Charmander on top of a Toniebox for over an hour of screen-free listening that's perfect for playtime, quiet moments and everyday adventures. Tracklist: 01. Meet Charmander 02. Introduction to the World and Characters 03. Story 1: Charmander Searches for Its Spark 04. Trainer Academy: Type Advantages 05. Pokémon Power Moves 06. Story 2: Cleffa's Day Out 07. Trainer Academy: How Pokémon Get Stronger 08. Story 4: Fire and Ice 09. Concluding Segment ⚠ WARNING. All Tonies contain magnets. Please keep them away from medical components such as defibrillators, shunts, or pacemakers as well as from products sensitive to magnets such as magnetic data carriers, credit cards, or computers.",Baby Toys & Activity Equipment,14.95,Natural Baby Shower Ltd,64830,Baby Toys,412,https://images2.productserve.com/?w=200&h=200&bg=white&trim=5&t=letterbox&url=ssl%3Acdn.shopify.com%2Fs%2Ffiles%2F1%2F0690%2F1977%2Ffiles%2Ftonies-pokemon-charmander-flat.jpg%3Fv%3D1785889109&feedId=89138&k=bc37454bb153d43596ecc56aa3746ca3a639d239,GBP,,,https://natural-baby-2.myshopify.com/products/tonies-pokemon-charmander?variant=56346996801915,,,£14.95,89138,tonies,1,https://cdn.shopify.com/s/files/1/0690/1977/files/tonies-pokemon-charmander-flat-4.jpg?v=1785889109,https://cdn.shopify.com/s/files/1/0690/1977/files/tonies-pokemon-charmander-flat-3.jpg?v=1785889110,,,https://cdn.shopify.com/s/files/1/0690/1977/files/tonies-pokemon-charmander-flat-2.jpg?v=1785889111,First Toys
https://www.awin1.com/pclick.php?p=45576166985&a=2771700&m=64830,Tonies Toniebox 2 Bundle - Pokémon (5pc),45576166985,52648-88700-B-POK,https://cdn.shopify.com/s/files/1/0690/1977/files/tonies-toniebox-2-bundle-pokemon-flat.jpg?v=1786061616,"Get ready to catch them all with the Tonies Toniebox 2 Bundle – Pokémon (5pc). Perfect for young Trainers aged 5+, this bundle includes everything needed to dive straight into the Pokémon universe, with a Lightning Yellow Toniebox 2 and four exciting Pokémon Tonies featuring Pikachu, Squirtle, Charmander and Bulbasaur. Each Tonie is packed with action-filled adventures, fun Trainer Academy facts and thrilling Pokémon battles, encouraging imagination, confidence and screen-free play. Simply pop a Tonie on top of the Toniebox to start listening, then build your collection with even more stories, songs and Tonieplay games as your little one's adventures grow. Whether it's story time, quiet time or playtime, this bundle is the perfect way to introduce children to the world of Tonies and Pokémon. EN • ⚠ WARNING. Not suitable for children under 36 months. Small parts. Choking hazard. This toy produces flashes that may trigger epilepsy in sensitised individuals. EN • ⚠ WARNING. All Tonies contain magnets. Please keep them away from medical components such as defibrillators, shunts, or pacemakers as well as from products sensitive to magnets such as magnetic data carriers, credit cards, or computers.",Baby Toys & Activity Equipment,144.99,Natural Baby Shower Ltd,64830,Baby Toys,412,https://images2.productserve.com/?w=200&h=200&bg=white&trim=5&t=letterbox&url=ssl%3Acdn.shopify.com%2Fs%2Ffiles%2F1%2F0690%2F1977%2Ffiles%2Ftonies-toniebox-2-bundle-pokemon-flat.jpg%3Fv%3D1786061616&feedId=89138&k=7a5f20a0563079fc5ecfadb5d42257a097bc5334,GBP,,,https://natural-baby-2.myshopify.com/products/tonies-toniebox-2-bundle-pokemon-5pc?variant=56365800161659,,,£144.99,89138,tonies,1,https://cdn.shopify.com/s/files/1/0690/1977/files/tonies-toniebox-starter-set-with-pikachu-tonie-yellow-lifestyle_cecdb51a-9372-4ffe-9e73-4a18c5b6c426.jpg?v=1786061617,https://cdn.shopify.com/s/files/1/0690/1977/files/tonies-toniebox-starter-set-with-pikachu-tonie-yellow-flat_db83f245-594e-4891-8886-e4004624b341.jpg?v=1786061617,,,https://cdn.shopify.com/s/files/1/0690/1977/files/tonies-toniebox-starter-set-with-pikachu-tonie-yellow-flat-3_fc487b65-4881-4f52-9a34-155ea13bf170.jpg?v=1786061617,First Toys
https://www.awin1.com/pclick.php?p=36496686351&a=2771700&m=64830,Fred Pressure Fit Stairgate - Clear Acrylic Panel/Dark Grey Fittings,36496686351,42738-ADG,https://cdn.shopify.com/s/files/1/0690/1977/products/fred-pressure-fit-stairgate-clear-acrylic-paint-dark-grey-fittings.jpg?v=1699395270,"The Fred Pressure Fit Stairgate with Clear Acrylic Panel + Dark Grey Fittings combines contemporary modern style with uncompromising levels of safety. Made from the highest possible quality materials throughout, the crystal-clean professional grade acrylic is a barrier of brilliance. Details such as the glow strip illuminating the bottom rail, the extra sure magnetic slam-shut locking system and the AccuFit indicators that make installation easy + ensure you always know that the gate remains set up correctly, give you the peace of mind that you need. Pressure gates always needed to be fitted with wall cups, but with the Fred SecureHold adhesive, these can simply be fitted with adhesive against wood - though you'll still need to use screws for fitting the wall cups to other surfaces.",Baby & Pet Gates,162,Natural Baby Shower Ltd,64830,,,https://images2.productserve.com/?w=200&h=200&bg=white&trim=5&t=letterbox&url=ssl%3Acdn.shopify.com%2Fs%2Ffiles%2F1%2F0690%2F1977%2Fproducts%2Ffred-pressure-fit-stairgate-clear-acrylic-paint-dark-grey-fittings.jpg%3Fv%3D1699395270&feedId=89138&k=680a40de1f5acf94f7a2972a4e5a77acc49082cf,GBP,,,https://natural-baby-2.myshopify.com/products/fred-pressure-fit-stairgate-clear-acrylic-panel-dark-grey-fittings?variant=32642650898510,,,£162.00,89138,Fred,1,https://cdn.shopify.com/s/files/1/0690/1977/products/fred-pressure-fit-stairgate-clear-acrylic-paint-dark-grey-fittings-lifestyle-4.jpg?v=1699395272,https://cdn.shopify.com/s/files/1/0690/1977/products/fred-pressure-fit-stairgate-clear-acrylic-paint-dark-grey-fittings-lifestyle-2.jpg?v=1699395273,,,https://cdn.shopify.com/s/files/1/0690/1977/products/fred-pressure-fit-stairgate-clear-acrylic-paint-dark-grey-fittings-lifestyle.jpg?v=1699395275,Baby Gate