aw_deep_link,product_name,aw_product_id,merchant_product_id,merchant_image_url,description,merchant_category,search_price,merchant_name,merchant_id,category_name,category_id,aw_image_url,currency,store_price,delivery_cost,merchant_deep_link,language,last_updated,display_price,data_feed_id,brand_name,in_stock,alternate_image,alternate_image_two,alternate_image_four,large_image,alternate_image_three,category
https://www.awin1.com/pclick.php?p=43007249675&a=2771700&m=120946,Nuna CUDL Clik- Caviar,43007249675,886UK,https://www.bundlebaby.com/Images/Models/Full/831.jpg,"Life as a parent can be overwhelming but keeping your baby close and going through it together makes the journey so much more special. The Nuna CUDL clik 4-in-1 ergonomic baby carrier provides the cuddly closeness you crave with the hands-free freedom you need to enjoy those small everyday moments that become the big ones.    The CUDL clik features breathable mesh fabric and padded shoulder and waist straps and is designed to make babywearing cool and comfy for both parent and baby. The buckled waistband clicks together in a snap and is adjustable for parents of all sizes. It’s accented with a removable wristlet pouch for on-the-go essentials, so just like that you are ready for the day’s adventures.    Say hello to self-guiding magnetic buckles that make securing baby in the carrier simple and safe. The attached hood shades baby, while the integrated breeze cover provides extra protection when out and about. The CUDL clik ergonomically adapts from the close to your heart newborn days to explore the world toddler stage, so you can go about the day-to-day together.    Key Features:       Four ergonomically designed magnetic buckles help ensure an easy and secure attachment   Four carry positions provide ergonomic positioning as your child grows, for healthy spine and hip development: newborn mode, facing in, facing out, back carry   Integrated infant booster with covered locking zippers to ensure soft and safe use with babies under 4 months   Innovative leg openings easily adjust for a customized fit for smaller babies   All-over comfort from even distribution of baby’s weight thanks to padded shoulder and waist straps   Adjustable yoke keeps shoulder straps connected and comfortable   Versatile buckled waistband easily and conveniently secures for custom fitting and adjusts from 61 to 145 cm   MagneTech secure snap™ is a self-guiding magnetic buckle that automatically locks into place and ensures an easy and secure attachment   Includes two GOTS-certified organic cotton bibs   Machine washable - just toss in a removable bib or the entire CUDL clik whenever a refresher is needed   Warm weather ready mesh fabrics allow air to flow while attached hood shades baby from the sun   Head support can fold down or be removed as baby grows   Breeze cover is self-storing and easily pulls up to protect baby from the elements   Locking zippers are covered to add security and ensure no contact with baby’s skin   Made with better-for-baby OEKO-TEX®️ certified fabric   Mercerized cotton is silky-smooth for an extra level of comfort while remaining durable   Zippered wristlet pouch on waistband is removable for hands-free essentials   Includes drawstring carry bag   Acknowledged as a ""Hip Healthy"" product when used as directed in the manual   Nuna is proud to support the International Hip Dysplasia Institute (IHDI), a global leader in the fight against hip dysplasia, as a member of their Research Partnership Program   German Design Award 2024   Red Dot Product Design Winner 2023   European Product Design Award Winner 2023   Wash inside a mesh laundry bag. Wash in cold water, delicate cycle. Do not bleach. Do not tumble dry. Drip dry. Do not iron. Do not dry clean.      Specification:            Facing In/Infant Booster: 3.5-7 kg, birth - 4 month   Facing In: 7-13.5 kg, 4+ months   Facing Out: 9-13.5 kg, 6+ months   Back Carry: 11-16 kg, 9+ months   Waistband dimensions: 62-152 cm",Baby Carriers,160,Bundle Baby,120946,Baby Products,599,https://images2.productserve.com/?w=200&h=200&bg=white&trim=5&t=letterbox&url=ssl%3Awww.bundlebaby.com%2FImages%2FModels%2FFull%2F831.jpg&feedId=111176&k=a6d45b312ab5aeaae97a16d06547b73a702a5ff6,GBP,,0,https://www.bundlebaby.com/en/Nuna-CUDL-Clik--Caviar/m-831.aspx?PartnerID=578&utm_source=affiliate&utm_medium=affiliatewindow&utm_campaign=UnitedKingdom,,,£160.00,111176,Nuna,1,https://www.bundlebaby.com/Images/Models/Full/831-1.jpg,https://www.bundlebaby.com/Images/Models/Full/831-2.jpg,https://www.bundlebaby.com/Images/Models/Full/831-4.jpg,https://www.bundlebaby.com/Images/Models/Original/831.jpg,https://www.bundlebaby.com/Images/Models/Full/831-3.jpg,Baby Carrier & Sling
https://www.awin1.com/pclick.php?p=43007249676&a=2771700&m=120946,Nuna AACE LX- Caviar,43007249676,889UK,https://www.bundlebaby.com/Images/Models/Full/834.jpg,"It seems like they never stop growing. Luckily, the AACE lx has every feature needed for a growing child in a fresh and sleek design. The 3D growth™ system means that seat depth can be increased and as the headrest is raised the shoulder width expands, making more room as your little one goes from child to pre-teen. They’ll be protected thanks to a detachable side impact protection pod that works with the integrated foam. A green belt path with belt positioner makes buckling in easy and secure. The recline adjusts smoothly for a custom fit to both your child and your vehicle. Keep them safer longer in this stylish i-Size booster built for security and comfort on every trip.    Key Features:       Sleek and timeless design that grows with your child, even as their style changes through the years   Premium i-Size protection for your peace of mind from 100-150cm   Energy absorbing EPP foam and SIP pods take side impact security to the next level   Attaching the side impact protection pod creates an additional safety zone to protect your child. It works with the integrated foam to absorb energy earlier and significantly reduce the force of impact.   3D growth system: Grow up   one-hand, 17 position height adjustable headrest   3D growth system: Grow out   shoulder system works simultaneously with the headrest, expanding out while growing up   3D growth system: Grow on   seat sports 3 depths giving growing legs plenty of support and space   Customizable recline creates the most comfortable position for your child.   Belt positioner aids in correct shoulder belt routing that is safe and easy   Coloured belt path indicators help decrease risk of user error   Isofix attachment easily secure car seat to vehicle seat during use or transport.   Soft, snug, and cool. This natural, luxe fabric will keep your child comfortable throughout every journey.   4-star rating in the ADAC child car seat test 05/2023   European Product Design-Top Design Winner 2022   iF Design Award 2022   Red Dot Product Design Winner 2021   GREENGUARD Gold Certified: Products that have achieved GREENGUARD Gold Certification are scientifically proven to meet some of the world's most rigorous third-party chemical emissions standards, and certified to not contribute to indoor air pollution or chemical exposure      Specification:       Child height: 100–150 cm   Complies with European standard: ECE R129/03   Factory certified ISO 14001, ISO 9001, OHSAS 18001   Dimensions: L 43-70 x W 45-57 x H 64-85 cm",Car Seats Group 2/3 (4-12 Years old),220,Bundle Baby,120946,Baby Products,599,https://images2.productserve.com/?w=200&h=200&bg=white&trim=5&t=letterbox&url=ssl%3Awww.bundlebaby.com%2FImages%2FModels%2FFull%2F834.jpg&feedId=111176&k=40e61fabc5c8351a79f8758ac44f7d981913ac76,GBP,,0,https://www.bundlebaby.com/en/Nuna-AACE-LX--Caviar/m-834.aspx?PartnerID=578&utm_source=affiliate&utm_medium=affiliatewindow&utm_campaign=UnitedKingdom,,,£220.00,111176,Nuna,1,https://www.bundlebaby.com/Images/Models/Full/834-1.jpg,https://www.bundlebaby.com/Images/Models/Full/834-2.jpg,https://www.bundlebaby.com/Images/Models/Full/834-4.jpg,https://www.bundlebaby.com/Images/Models/Original/834.jpg,https://www.bundlebaby.com/Images/Models/Full/834-3.jpg,Car Seats
https://www.awin1.com/pclick.php?p=44432600472&a=2771700&m=120946,UPPAbaby Changing Backpack- Stella - Stella,44432600472,3855UK,https://www.bundlebaby.com/Images/Models/Full/2297.jpg,"On your back or on the pushchair, store all your on-the-go needs in the UPPAbaby chic Changing Backpack. It's premium fabrics and leather detailing coordinate beautifully to your UPPAbaby pushchair, while adjustable straps and multiple storage compartments help you gear up and head out in style.    Key Features:       Premium fabric and full-grain leather accents coordinate with UPPAbaby pushchair fashions   Easy attachment to pushchair with included pushchair straps that store away when not in use   Adjustable backpack straps and grab-and-go leather top handle   Included insulated bottle case and easy-to-clean changing pad   Multiple compartments to keep diapers and wipes within reach   Spacious storage compartment for personal items or a laptop   Water-resistant outer material and wipeable inner lining",Pushchair Accessories,75,Bundle Baby,120946,Baby Products,599,https://images2.productserve.com/?w=200&h=200&bg=white&trim=5&t=letterbox&url=ssl%3Awww.bundlebaby.com%2FImages%2FModels%2FFull%2F2297.jpg&feedId=111176&k=00b65786c35b062bb3ca14f63e85b776e4779ba3,GBP,,4.95,https://www.bundlebaby.com/en/UPPAbaby-Changing-Backpack--Stella/m-2297.aspx?PartnerID=578&utm_source=affiliate&utm_medium=affiliatewindow&utm_campaign=UnitedKingdom,,,£75.00,111176,Uppababy,1,https://www.bundlebaby.com/Images/Models/Full/2297-1.jpg,,,https://www.bundlebaby.com/Images/Models/Original/2297.jpg,,Changing Bag
https://www.awin1.com/pclick.php?p=44432600418&a=2771700&m=120946,Joie Finiti Flex + SnuzPod 5 Bundle,44432600418,4570UK,https://www.bundlebaby.com/Images/Models/Full/2630.jpg,"What's included:       Joie Signature Finiti Flex Travel System-        Finiti Flex Pushchair    Ramble XL Carrycot    i-Level Pro Reclining Car Seat    ISOFIX i-Base Encore Rotating     2x Raincovers    Car Seat Adaptors         SnuzPod5 Bedside Crib- With mattress, safety straps   SnuzPod5 2 Pack Fitted Sheets- White    SnuzPod5 Waterproof Mattress Protector    Shnuggle Baby Bath- With bum bump support, foam backrest, and plug   Shnuggle Washy Bath Jug   Shnuggle Wearable hooded towel    Nuna Leaf Grow Bouncer- Cloud",Bundles,1155,Bundle Baby,120946,Baby Products,599,https://images2.productserve.com/?w=200&h=200&bg=white&trim=5&t=letterbox&url=ssl%3Awww.bundlebaby.com%2FImages%2FModels%2FFull%2F2630.jpg&feedId=111176&k=5d9f91e5a69a29b802408a2c8e16ec7a2d88b69c,GBP,,0,https://www.bundlebaby.com/en/Joie-Finiti-Flex--SnuzPod-5-Bundle/k-2630.aspx?PartnerID=578&utm_source=affiliate&utm_medium=affiliatewindow&utm_campaign=UnitedKingdom,,,"£1,155.00",111176,Joie,1,https://www.bundlebaby.com/Images/Models/Full/2630-1.jpg,https://www.bundlebaby.com/Images/Models/Full/2630-2.jpg,https://www.bundlebaby.com/Images/Models/Full/2630-4.jpg,https://www.bundlebaby.com/Images/Models/Original/2630.jpg,https://www.bundlebaby.com/Images/Models/Full/2630-3.jpg,Travel Bundle
https://www.awin1.com/pclick.php?p=42997030517&a=2771700&m=120946,Bugaboo Fox 5 Renew + Shnuggle Air Lite Bundle,42997030517,4576UK,https://www.bundlebaby.com/Images/Models/Full/2636.jpg,What's included:       Fox 5 Stroller + Carrycot   Fox 5 Universal Car Seat Adaptors    Infant Car Seat (your choice): Cybex Aton B2 i-Size + ISOFIX Base Cybex Cloud T i-Size + Cybex Base T Bugaboo Otter by Nuna + Bugaboo 360 ISOFIX Base by Nuna   Shnuggle Air Lite Bedside Crib   Shnuggle 2-Pack Fitted Sheets   Shnuggle Waterproof Mattress Protector   Shnuggle Baby Bath   Shnuggle Bath Jug    Babylo Gravity Luxe Bouncer- Walnut + Cashmere,Bundles,1399,Bundle Baby,120946,Baby Products,599,https://images2.productserve.com/?w=200&h=200&bg=white&trim=5&t=letterbox&url=ssl%3Awww.bundlebaby.com%2FImages%2FModels%2FFull%2F2636.jpg&feedId=111176&k=9aa058abb3033a2bbdef4676bdf9b163ce75848f,GBP,,0,https://www.bundlebaby.com/en/Bugaboo--Fox-5-Renew--Shnuggle-Air-Lite-Bundle/k-2636.aspx?PartnerID=578&utm_source=affiliate&utm_medium=affiliatewindow&utm_campaign=UnitedKingdom,,,"£1,399.00",111176,Bugaboo,1,https://www.bundlebaby.com/Images/Models/Full/2636-1.jpg,https://www.bundlebaby.com/Images/Models/Full/2636-2.jpg,https://www.bundlebaby.com/Images/Models/Full/2636-4.jpg,https://www.bundlebaby.com/Images/Models/Original/2636.jpg,https://www.bundlebaby.com/Images/Models/Full/2636-3.jpg,Travel Bundle
https://www.awin1.com/pclick.php?p=42997030518&a=2771700&m=120946,"Bugaboo Fox 5 Renew, Shnuggle Air Lite + Swing Bundle",42997030518,4577UK,https://www.bundlebaby.com/Images/Models/Full/2637.jpg,"Our carefully curated Fox 5 Renew Essential Bundle is designed to make those first months with your baby smooth, comfortable, and stress-free. Combining the award-winning Bugaboo Fox 5 Renew Travel System, the innovative Shnuggle essentials, and the soothing Graco Baby Delight Swing, this all-in-one set has every detail covered, from travel to sleep, bath time to playtime.    What's included:       Fox 5 Stroller + Carrycot   Fox 5 Universal Car Seat Adaptors    Bugaboo Fox 5 Car Seat Adapter   Infant Car Seat (your choice): Cybex Aton B2 i-Size + ISOFIX Base Cybex Cloud T i-Size + Cybex Base T Bugaboo Otter by Nuna + Bugaboo 360 ISOFIX Base by Nuna   Shnuggle Air Lite Bedside Crib   Shnuggle 2-Pack Fitted Sheets   Shnuggle Waterproof Mattress Protector   Shnuggle Baby Bath   Shnuggle Wearable Baby Towel   Shnuggle Washy Baby Bath Jug    Graco Baby Delights Swing- Parade        Key Features- Bugaboo Fox 5 Renew:       Suitable from birth to 22kg   Spacious bassinet with breezy ventilation   One-hand adjustments for easy handling   Extendable toddler seat, canopy & footrest (+10cm extra length)   Advanced all-terrain suspension with 4-wheel stability   Lightweight yet sturdy frame for effortless manoeuvring   Extra-large puncture-proof wheels for a smooth ride   Expandable under-seat basket (up to 10kg capacity)   Modular design for quick & easy repairs   Built with bio-based materials, cutting CO₂ emissions by 20%   High-quality, non-toxic materials, exceeding safety standards   5-Year Warranty      Infant Car Seats:       Cybex Aton B2 and Base One: Lightweight, safe, and easy to install, perfect for everyday use.   Cybex Cloud T i-Size and Base T: Reclines fully outside the car for ultimate comfort and sleep on the go, rotating isofix base.   Bugaboo Otter and Bugaboo Base: New Bugaboo car seat in collaboration with Nuna, a premium rotating and reclining seat.      Key Features- Shnuggle Air Lite Bedside Crib:       Dual breathable mesh sides for maximum airflow   Includes hypoallergenic, breathable mattress   Quiet drop-down side with rigid safety wall   Gentle incline to ease reflux and colic 6 adjustable heights (up to 68cm bed height, 70cm mattress max)   Removable, washable fabrics for easy cleaning Lightweight, compact design with large storage hammock   Certified to BS EN 1130:2019 safety standard      Key Features- Shnuggle Baby Bath:       Bum Bump support to prevent slipping   Foam backrest for comfort and warmth   Water plug for quick emptying/refilling   Uses just 2 litres of water   Suitable from newborn to 12+ months      Key Features- Clair de Lune Moses Basket Set:       Lightweight Scandi Palm Moses Basket   Foldable Moses basket stand       Specifications:       Carrycot: Newborn – 6 months   Seat Unit: 6 months – 4 years   Warranty: Bugaboo Fox 5 — 5 Years",Bundles,1565,Bundle Baby,120946,Baby Products,599,https://images2.productserve.com/?w=200&h=200&bg=white&trim=5&t=letterbox&url=ssl%3Awww.bundlebaby.com%2FImages%2FModels%2FFull%2F2637.jpg&feedId=111176&k=d8f01e01378995c4d0ab6b2b4bacca6f5f266f6e,GBP,,0,https://www.bundlebaby.com/en/Bugaboo--Fox-5-Renew-Shnuggle-Air-Lite--Swing-Bundle/k-2637.aspx?PartnerID=578&utm_source=affiliate&utm_medium=affiliatewindow&utm_campaign=UnitedKingdom,,,"£1,565.00",111176,Bugaboo,1,https://www.bundlebaby.com/Images/Models/Full/2637-1.jpg,https://www.bundlebaby.com/Images/Models/Full/2637-2.jpg,https://www.bundlebaby.com/Images/Models/Full/2637-4.jpg,,https://www.bundlebaby.com/Images/Models/Full/2637-3.jpg,Travel Bundle
https://www.awin1.com/pclick.php?p=42997030520&a=2771700&m=120946,Bugaboo Fox 5 Renew + SnuzPod 5 Bundle,42997030520,4580UK,https://www.bundlebaby.com/Images/Models/Full/2640.jpg,"What's included:       Bugaboo Fox 5 Renew Pushchair base (inc. chassis, seat frame + accompanying hardware, carrycot hardware, wheels, underseat basket, carry handle, raincover)   Bugaboo Fox 5 Carrycot   Bugaboo Fox 5 Seat fabric   Bugaboo Fox 5 Sun canopy   Cybex Cloud T i-Size Infant Car Seat- Sepia Black   Cybex Base T ISOFIX    Bugaboo Fox 5 Car Seat Adapter   SnuzPod 5 Bedside Crib   SnuzPod 5 Fitted Sheets 2 Pack- White   SnuzPod 5 Waterproof Mattress Protector    Shnuggle Baby Bath   Shnuggle Wearable Baby Towel   Shnuggle Washy Baby Bath Jug    Nuna Leaf Grow Bouncer- Cloud",Bundles,1870,Bundle Baby,120946,Baby Products,599,https://images2.productserve.com/?w=200&h=200&bg=white&trim=5&t=letterbox&url=ssl%3Awww.bundlebaby.com%2FImages%2FModels%2FFull%2F2640.jpg&feedId=111176&k=9a8c1a495127885c74cb19df304c4cbae9f790ad,GBP,,0,https://www.bundlebaby.com/en/Bugaboo--Fox-5-Renew--SnuzPod-5-Bundle/k-2640.aspx?PartnerID=578&utm_source=affiliate&utm_medium=affiliatewindow&utm_campaign=UnitedKingdom,,,"£1,870.00",111176,Bugaboo,1,https://www.bundlebaby.com/Images/Models/Full/2640-1.jpg,https://www.bundlebaby.com/Images/Models/Full/2640-2.jpg,https://www.bundlebaby.com/Images/Models/Full/2640-4.jpg,https://www.bundlebaby.com/Images/Models/Original/2640.jpg,https://www.bundlebaby.com/Images/Models/Full/2640-3.jpg,Travel Bundle
https://www.awin1.com/pclick.php?p=45577322005&a=2771700&m=120946,Nuna MIXX NEXT & ARRA FLEX Travel System- Chateau - With Carrycot  Without ISOFIX Base,45577322005,6359UK,https://www.bundlebaby.com/Images/Models/Full/3416-19.jpg,"The MIXX next + MIXX next carry cot + ARRA flex + BASE curv travel system offers next-level strolling and ultimate versatility for the journey of parenthood. With the optional MIXX next carry cot and BASE curv ISOFIX base, you can customise your travel system to suit your individual needs.    Pack up and go anywhere with the MIXX next pushchair. Pair it with the MIXX next carry cot to outsmart naptime for uninterrupted days with baby.    When you're ready to hit the road, the ARRA flex allows for smooth transitions from relaxed strolls to dreamy car rides with its 157º recline. Secure in your vehicle with the revolutionary BASE curv, featuring ProxiPivot™ technology that brings baby towards you for easier ins and outs.    What's included:       MIXX next: MIXX next, Apron, Car seat adaptors, Rain cover   Optional- MIXX next carry cot: Carry cot, Dream drape™, Rain cover   ARRA flex: ARRA flex, Merino wool inserts, Car seat latch guides   Optional- BASE curv: BASE curv, Car seat latch guides   MIXX series stand: Stand, basket   5-year manufacturer warranty, extendable to 7 years when you register the product on the Nuna website      Key Features:    MIXX Next Pushchair:       Automatic quick-click fold lock with trolley function for seamless stows and tows   Easy to flip the seat so baby faces you or the world   Switch to carry cot or car seat mode options in seconds   Front swivel lock wheels help navigate the road ahead   One-touch rear-wheel braking system is strong and responsive   Removable armbar fits riders of all sizes   Five-position recline easily adjusts with one hand   Removable seat insert grows with baby for a perfect fit   Adjustable calf support with integrated footrest promises a comfortable ride   Compact fold-away axle™ provides a more compact fold   Rear-wheel Free-flex suspension™ and front-wheel progressive suspension technology   MagneTech secure snap™ is a self-guiding magnetic buckle that automatically locks into place   No-rethread 3 to 5-point harness for easy adjustments   Water-repellent UPF 50+ canopy is extendable and features a flip-out eyeshade, ventilation panel, and window   True flat sleeper recline welcomes quick naps on the go   Included rain cover and apron protect from the elements as you make your way around   Tyres are tough, foam filled and ready for any terrain   Luxe leatherette accents add style to your strolls   Height-adjustable pushbar to accommodate varying heights   All-season seat keeps baby cosy in winter and easily converts to mesh in summer   Two compartment basket includes a discreet zippered pocket for valuables   Roomy zippered pocket on seat back is perfect for keys, phones and wipes   Red Dot Product Design Winner 2020   GREENGUARD Gold Certification means it has been thoroughly tested and certified to meet stringent volatile organic compounds and chemical emissions standards      MIXX next carry cot:       Cradles your little one with lie-flat comfort during those tender early months   Quickly connects to the MIXX next pushchair, creating a stylish pram   Compact, flat fold for easy storing and folds with the pushchair for hassle-free travels   Integrated memory release buttons allow for seamless fold and detach from stroller   Mattress cover, top cover and zip-away liner are machine washable to keep baby fresh and clean   Water-repellent, UPF 50+ canopy shields your little one from more than 98% of the sun’s harmful UV rays   Non-slip feet on the bottom for added security and fabric protection   Ventilation panels provide baby with air circulation   Top cover zips closed to keep baby warm and is easily removable with quick release magnets   Cosy lie-flat comfort for your newborn keeping them cocooned in comfort   Lightweight for the ultimate in portability   Integrated wind protection shield keeps baby nestled in comfort   Mesh peek-a-boo window for checking in on baby Dream drape™ pulls down smoothly and attaches quietly with magnets for uninterrupted nap   Supersoft GOTS certified organic cotton mattress cover provides better-for-baby comfort   Included rain cover provides added protection from the elements   Luxe leatherette accented carry handle allows for easy gripping   Hidden storage pocket is just right for keeping much needed essentials close at hand   Global Organic Textile Standard (GOTS) certified      ARRA flex:       3 recline positions in car seat and travel system modes   Converts to a flat reclining seat- 157° angle—usable in the vehicle, airplane or on a pushchair   Travel system ready using post adaptors with compatible pushchairs   EPP energy-absorbing foam takes side impact security to the next level   i-Size certified and meets the highest R129 safety standards that include side impact testing for your peace of mind   Headrest’s patented Tailor tech™ memory foam provides added security for a comfortable custom fit that grows with baby   Removable newborn insert provides customisable comfort   1-handed height-adjustable headrest sports 10 positions to accommodate growth   157° recline keeps baby's head, spine, and hips in an ideal position for healthy development, making the seat exempt from the 2-hour limit usage recommendation   Designed to recline during air travel so baby stays comfy during the flight   No-rethread 3-point harness lets them grow easily and securely   Luxe leatherette carry handle for more secure gripping   Conveniently lightweight weighing in at 3.8* kg (not including insert or canopy)   Removable full-coverage UPF 50+ canopy with flip-out eyeshade and mesh peek-a-boo window   Insert is made of environmentally friendly Merino wool and TENCEL™ branded lyocell fiber blend that is super soft and naturally controls moisture (TENCEL™ is a trademark of Lenzing AG)   Heavy duty top-of-the-line plastic shell keeps little ones in place   High-strength handle transfers a large portion of the crash forces into the shell and protects baby's particularly sensitive head area   Installation options: BASE curv, BASE next (sold separately), vehicle belt, TÜV-certified for airplane      BASE curv:       Easy-to-engage ProxiPivot™ technology turns and glides the car seat out towards you in one smooth motion for more ergonomic ins and outs   Convenient 360° rotation makes harnessing a rear or forward-facing compatible car seat simple and secure   Simple 1-handed spin for hassle-free travels NEXT system™ compatible offering ultimate flexibility with multiple car seat solutions for the first four years   Multi-adjustable ISOFIX positions allow a custom fit to your vehicle seat   Quick-release button helps remove infant car seats in seconds   Built-in storage pocket for easy access to the user guide   Smart-swivel lock helps avoid misuse by ensuring the seat is in rear-facing mode until child is at least 15 months old and 76 cm tall   True lock™ base installation technology make set up swift, simple and secure using a vehicle’s ISOFIX anchor points   Crumple zone within the steel stability leg absorbs impact   Secure display with coloured indication bars on base confirms secure seat attachment   Low rebound bar provides plenty of legroom for growing passengers      Specification:    MIXX next:       Birth to 22 kg   Weight: 12.4 kg (without armbar and insert)   Dimensions: L 84 x W 60 x H 106 cm   Folded: L 76 x W 60 x H 43 cm      MIXX next carry cot:       Birth to 9 kg   Weight: 4.7 kg   Dimensions: L 89 x W 41.5 x H 62.5 cm   Folded: L 89 x W 42 x H 22 cm      ARRA flex:       Rear facing only   Child height: 40-87 cm   Child weight: Birth to 13 kg or approx. 24 months   Weight: 3.80 kg (not including insert or canopy)   Dimensions: L 64-73.5 x W 43.5 x H 58.5 cm      BASE curv:       Weight: 7.6 kg   Dimensions: L 66.5 x W 40.5 x H 26.8 cm",Travel Systems,1110,Bundle Baby,120946,Baby Products,599,https://images2.productserve.com/?w=200&h=200&bg=white&trim=5&t=letterbox&url=ssl%3Awww.bundlebaby.com%2FImages%2FModels%2FFull%2F3416-19.jpg&feedId=111176&k=6f4d900fe36ffaab8f28d7378b79b5c33252e2a2,GBP,,0,https://www.bundlebaby.com/en/Nuna-MIXX-NEXT-and-ARRA-FLEX-Travel-System--Chateau/m-3416.aspx?PartnerID=578&utm_source=affiliate&utm_medium=affiliatewindow&utm_campaign=UnitedKingdom,,,"£1,110.00",111176,Nuna,1,https://www.bundlebaby.com/Images/Models/Full/3416-1.jpg,https://www.bundlebaby.com/Images/Models/Full/3416-2.jpg,https://www.bundlebaby.com/Images/Models/Full/3416-4.jpg,https://www.bundlebaby.com/Images/Models/Original/3416-19.jpg,https://www.bundlebaby.com/Images/Models/Full/3416-3.jpg,Travel Bundle
https://www.awin1.com/pclick.php?p=45577322006&a=2771700&m=120946,Nuna MIXX NEXT & ARRA FLEX Travel System- Chateau - Without Carrycot  With ISOFIX Base,45577322006,6360UK,https://www.bundlebaby.com/Images/Models/Full/3416-18.jpg,"The MIXX next + MIXX next carry cot + ARRA flex + BASE curv travel system offers next-level strolling and ultimate versatility for the journey of parenthood. With the optional MIXX next carry cot and BASE curv ISOFIX base, you can customise your travel system to suit your individual needs.    Pack up and go anywhere with the MIXX next pushchair. Pair it with the MIXX next carry cot to outsmart naptime for uninterrupted days with baby.    When you're ready to hit the road, the ARRA flex allows for smooth transitions from relaxed strolls to dreamy car rides with its 157º recline. Secure in your vehicle with the revolutionary BASE curv, featuring ProxiPivot™ technology that brings baby towards you for easier ins and outs.    What's included:       MIXX next: MIXX next, Apron, Car seat adaptors, Rain cover   Optional- MIXX next carry cot: Carry cot, Dream drape™, Rain cover   ARRA flex: ARRA flex, Merino wool inserts, Car seat latch guides   Optional- BASE curv: BASE curv, Car seat latch guides   MIXX series stand: Stand, basket   5-year manufacturer warranty, extendable to 7 years when you register the product on the Nuna website      Key Features:    MIXX Next Pushchair:       Automatic quick-click fold lock with trolley function for seamless stows and tows   Easy to flip the seat so baby faces you or the world   Switch to carry cot or car seat mode options in seconds   Front swivel lock wheels help navigate the road ahead   One-touch rear-wheel braking system is strong and responsive   Removable armbar fits riders of all sizes   Five-position recline easily adjusts with one hand   Removable seat insert grows with baby for a perfect fit   Adjustable calf support with integrated footrest promises a comfortable ride   Compact fold-away axle™ provides a more compact fold   Rear-wheel Free-flex suspension™ and front-wheel progressive suspension technology   MagneTech secure snap™ is a self-guiding magnetic buckle that automatically locks into place   No-rethread 3 to 5-point harness for easy adjustments   Water-repellent UPF 50+ canopy is extendable and features a flip-out eyeshade, ventilation panel, and window   True flat sleeper recline welcomes quick naps on the go   Included rain cover and apron protect from the elements as you make your way around   Tyres are tough, foam filled and ready for any terrain   Luxe leatherette accents add style to your strolls   Height-adjustable pushbar to accommodate varying heights   All-season seat keeps baby cosy in winter and easily converts to mesh in summer   Two compartment basket includes a discreet zippered pocket for valuables   Roomy zippered pocket on seat back is perfect for keys, phones and wipes   Red Dot Product Design Winner 2020   GREENGUARD Gold Certification means it has been thoroughly tested and certified to meet stringent volatile organic compounds and chemical emissions standards      MIXX next carry cot:       Cradles your little one with lie-flat comfort during those tender early months   Quickly connects to the MIXX next pushchair, creating a stylish pram   Compact, flat fold for easy storing and folds with the pushchair for hassle-free travels   Integrated memory release buttons allow for seamless fold and detach from stroller   Mattress cover, top cover and zip-away liner are machine washable to keep baby fresh and clean   Water-repellent, UPF 50+ canopy shields your little one from more than 98% of the sun’s harmful UV rays   Non-slip feet on the bottom for added security and fabric protection   Ventilation panels provide baby with air circulation   Top cover zips closed to keep baby warm and is easily removable with quick release magnets   Cosy lie-flat comfort for your newborn keeping them cocooned in comfort   Lightweight for the ultimate in portability   Integrated wind protection shield keeps baby nestled in comfort   Mesh peek-a-boo window for checking in on baby Dream drape™ pulls down smoothly and attaches quietly with magnets for uninterrupted nap   Supersoft GOTS certified organic cotton mattress cover provides better-for-baby comfort   Included rain cover provides added protection from the elements   Luxe leatherette accented carry handle allows for easy gripping   Hidden storage pocket is just right for keeping much needed essentials close at hand   Global Organic Textile Standard (GOTS) certified      ARRA flex:       3 recline positions in car seat and travel system modes   Converts to a flat reclining seat- 157° angle—usable in the vehicle, airplane or on a pushchair   Travel system ready using post adaptors with compatible pushchairs   EPP energy-absorbing foam takes side impact security to the next level   i-Size certified and meets the highest R129 safety standards that include side impact testing for your peace of mind   Headrest’s patented Tailor tech™ memory foam provides added security for a comfortable custom fit that grows with baby   Removable newborn insert provides customisable comfort   1-handed height-adjustable headrest sports 10 positions to accommodate growth   157° recline keeps baby's head, spine, and hips in an ideal position for healthy development, making the seat exempt from the 2-hour limit usage recommendation   Designed to recline during air travel so baby stays comfy during the flight   No-rethread 3-point harness lets them grow easily and securely   Luxe leatherette carry handle for more secure gripping   Conveniently lightweight weighing in at 3.8* kg (not including insert or canopy)   Removable full-coverage UPF 50+ canopy with flip-out eyeshade and mesh peek-a-boo window   Insert is made of environmentally friendly Merino wool and TENCEL™ branded lyocell fiber blend that is super soft and naturally controls moisture (TENCEL™ is a trademark of Lenzing AG)   Heavy duty top-of-the-line plastic shell keeps little ones in place   High-strength handle transfers a large portion of the crash forces into the shell and protects baby's particularly sensitive head area   Installation options: BASE curv, BASE next (sold separately), vehicle belt, TÜV-certified for airplane      BASE curv:       Easy-to-engage ProxiPivot™ technology turns and glides the car seat out towards you in one smooth motion for more ergonomic ins and outs   Convenient 360° rotation makes harnessing a rear or forward-facing compatible car seat simple and secure   Simple 1-handed spin for hassle-free travels NEXT system™ compatible offering ultimate flexibility with multiple car seat solutions for the first four years   Multi-adjustable ISOFIX positions allow a custom fit to your vehicle seat   Quick-release button helps remove infant car seats in seconds   Built-in storage pocket for easy access to the user guide   Smart-swivel lock helps avoid misuse by ensuring the seat is in rear-facing mode until child is at least 15 months old and 76 cm tall   True lock™ base installation technology make set up swift, simple and secure using a vehicle’s ISOFIX anchor points   Crumple zone within the steel stability leg absorbs impact   Secure display with coloured indication bars on base confirms secure seat attachment   Low rebound bar provides plenty of legroom for growing passengers      Specification:    MIXX next:       Birth to 22 kg   Weight: 12.4 kg (without armbar and insert)   Dimensions: L 84 x W 60 x H 106 cm   Folded: L 76 x W 60 x H 43 cm      MIXX next carry cot:       Birth to 9 kg   Weight: 4.7 kg   Dimensions: L 89 x W 41.5 x H 62.5 cm   Folded: L 89 x W 42 x H 22 cm      ARRA flex:       Rear facing only   Child height: 40-87 cm   Child weight: Birth to 13 kg or approx. 24 months   Weight: 3.80 kg (not including insert or canopy)   Dimensions: L 64-73.5 x W 43.5 x H 58.5 cm      BASE curv:       Weight: 7.6 kg   Dimensions: L 66.5 x W 40.5 x H 26.8 cm",Travel Systems,1150,Bundle Baby,120946,Baby Products,599,https://images2.productserve.com/?w=200&h=200&bg=white&trim=5&t=letterbox&url=ssl%3Awww.bundlebaby.com%2FImages%2FModels%2FFull%2F3416-18.jpg&feedId=111176&k=fc0e9d068b89fe2a6352c70791a93aa4bc04b1b9,GBP,,0,https://www.bundlebaby.com/en/Nuna-MIXX-NEXT-and-ARRA-FLEX-Travel-System--Chateau/m-3416.aspx?PartnerID=578&utm_source=affiliate&utm_medium=affiliatewindow&utm_campaign=UnitedKingdom,,,"£1,150.00",111176,Nuna,1,https://www.bundlebaby.com/Images/Models/Full/3416-1.jpg,https://www.bundlebaby.com/Images/Models/Full/3416-2.jpg,https://www.bundlebaby.com/Images/Models/Full/3416-4.jpg,https://www.bundlebaby.com/Images/Models/Original/3416-18.jpg,https://www.bundlebaby.com/Images/Models/Full/3416-3.jpg,Travel Bundle
https://www.awin1.com/pclick.php?p=42997030000&a=2771700&m=120946,Cybex Sirona T i-Size Car Seat- Mirage Grey - Mirage Grey,42997030000,3423UK,https://www.bundlebaby.com/Images/Models/Full/14.jpg,"The Cybex Sirona T i-Size car seat is the perfect companion for you and your little one to take you on an enjoyable, safe, and comfortable journey. Both rear-facing and forward-facing positions offer unparalleled levels of safety, with integrated linear side-impact protection keeping your child safe and secure during very car ride.     Additionally, the smooth one-hand rotation mechanism allows you to transition between the two positions smoothly. Reclining can also be done in easy with a single hand while still having one hand free. Paired with Isofix base T (sold separately) this car seat removes all your worries so that you can focus on enjoying each trip with your little one in comfort and safety.    Key Features:       From birth to approx. 4 years   Optional intuitive ISOFIX Base T   All-round air ventilation system - The Sirona T i-Size breathable materials keep your little one cool   Up to 50% higher safety levels - The Sirona T i-Size provides superior protection in both travelling directions in the case of an accident   With the Sirona T i-Size, you can eﬀortlessly on and oﬀ-board your little one, thanks to its 360° rotation that smoothly rotates towards the car door   The Sirona T i-Size includes a removable newborn inlay which provides a near-ﬂat lying position, allowing for the use of the car seat from birth in the rear-facing position   Small magnets are located on either side of the Sirona T i-Size, allowing you to attach the metal parts of the harness, keeping the straps out of the way for a simpler onboarding   The ﬁve recline positions of Sirona T i-Size can be easily adjusted with just one hand, freeing up your other hand for diﬀerent tasks. This feature works in both rear and forward-facing positions   25% more side impact protection - The Sirona T i-Size is equipped with the proven Linear Side-impact Protection   System (L.S.P.) which enhances safety in the event of an accident. Activate the L.S.P on the side of the car seat nearest the door, together with the energy-absorbing shell of the seat, the extended side protection reduces the initial impact forces by up to 25%. If needed, the L.S.P. System can be easily stored away in the case of limited space in the car      Measurements:       Weight: 15kg   Measurements: 71.5 x 43 x 68cm   Suitable from birth to approx 4 years (45-105cm)   The Sirona T i-Size is compatible with the CYBEX Base T and Base Z2",Car Seats Group 1/2/3 (9 Months - 12 Years),279,Bundle Baby,120946,Baby Products,599,https://images2.productserve.com/?w=200&h=200&bg=white&trim=5&t=letterbox&url=ssl%3Awww.bundlebaby.com%2FImages%2FModels%2FFull%2F14.jpg&feedId=111176&k=0f6bf940f9d1db97fb066a4b188161928b3186af,GBP,,0,https://www.bundlebaby.com/en/Cybex-Sirona-T-i-Size-Car-Seat--Mirage-Grey/m-14.aspx?PartnerID=578&utm_source=affiliate&utm_medium=affiliatewindow&utm_campaign=UnitedKingdom,,,£279.00,111176,Cybex,1,https://www.bundlebaby.com/Images/Models/Full/14-1.jpg,https://www.bundlebaby.com/Images/Models/Full/14-2.jpg,https://www.bundlebaby.com/Images/Models/Full/14-4.jpg,https://www.bundlebaby.com/Images/Models/Original/14.jpg,https://www.bundlebaby.com/Images/Models/Full/14-3.jpg,Car Seats
https://www.awin1.com/pclick.php?p=43007249730&a=2771700&m=120946,Cybex Sirona T i-Size Car Seat- Nautical Blue Plus,43007249730,18UK,https://www.bundlebaby.com/Images/Models/Full/18.jpg,"The CYBEX Sirona T i-Size Car Seat in Nautical Blue Plus is the perfect companion for you and your little one to take you on an enjoyable, safe, and comfortable journey. Both rear-facing and forward-facing positions offer unparalleled levels of safety, with integrated linear side-impact protection keeping your child safe and secure during a car ride.    Additionally, the smooth one-hand rotation mechanism allows you to transition between the two positions smoothly. Reclining can also be done in easy with a single hand while still having one hand free. Paired with Isofix base T (sold separately) this car seat removes all your worries so that you can focus on enjoying each trip with your little one in comfort and safety.    Key Features:       From birth to approx. 4 years   Optional intuitive ISOFIX Base T   All-round air ventilation system - The Sirona T i-Size breathable materials keep your little one cool   Up to 50% higher safety levels - The Sirona T i-Size provides superior protection in both travelling directions in the case of an accident   With the Sirona T i-Size, you can eﬀortlessly on and oﬀ-board your little one, thanks to its 360° rotation that smoothly rotates towards the car door   The Sirona T i-Size includes a removable newborn inlay which provides a near-ﬂat lying position, allowing for the use of the car seat from birth in the rear-facing position   Small magnets are located on either side of the Sirona T i-Size, allowing you to attach the metal parts of the harness, keeping the straps out of the way for a simpler onboarding   The ﬁve recline positions of Sirona T i-Size can be easily adjusted with just one hand, freeing up your other hand for diﬀerent tasks. This feature works in both rear and forward-facing positions   25% more side impact protection - The Sirona T i-Size is equipped with the proven Linear Side-impact Protection   System (L.S.P.) which enhances safety in the event of an accident. Activate the L.S.P on the side of the car seat nearest the door, together with the energy-absorbing shell of the seat, the extended side protection reduces the initial impact forces by up to 25%. If needed, the L.S.P. System can be easily stored away in the case of limited space in the car   Plus Fabrics come with extendable sun canopy       Measurements:       Weight: 15kg   Measurements: 71.5 x 43 x 68cm   Suitable from birth to approx 4 years (45-105cm)   The Sirona T i-Size is compatible with the CYBEX Base T and Base Z2",Car Seats Group 1/2/3 (9 Months - 12 Years),319.95,Bundle Baby,120946,Baby Products,599,https://images2.productserve.com/?w=200&h=200&bg=white&trim=5&t=letterbox&url=ssl%3Awww.bundlebaby.com%2FImages%2FModels%2FFull%2F18.jpg&feedId=111176&k=2634452702885356859c259c75a3dae757bf3a3b,GBP,,0,https://www.bundlebaby.com/en/Cybex-Sirona-T-i-Size-Car-Seat--Nautical-Blue-Plus/m-18.aspx?PartnerID=578&utm_source=affiliate&utm_medium=affiliatewindow&utm_campaign=UnitedKingdom,,,£319.95,111176,Cybex,1,https://www.bundlebaby.com/Images/Models/Full/18-1.jpg,https://www.bundlebaby.com/Images/Models/Full/18-2.jpg,https://www.bundlebaby.com/Images/Models/Full/18-4.jpg,https://www.bundlebaby.com/Images/Models/Original/18.jpg,https://www.bundlebaby.com/Images/Models/Full/18-3.jpg,Car Seats
https://www.awin1.com/pclick.php?p=43007249736&a=2771700&m=120946,Cybex Solution T I-Fix- Mirage Grey Plus,43007249736,24UK,https://www.bundlebaby.com/Images/Models/Full/24.jpg,"The CYBEX Solution T i-Fix Car Seat in Mirage Grey Plus is the perfect combination of safety and comfort for your little one. The reclining headrest is patented and designed to guarantee a safe and comfortable journey for both you and your little one. The reclining backrest in two positions is also made with premium materials to make sure your little one stays protected and secure throughout any car ride.    The ISOFIX makes installation a breeze, so it’s easy to adjust on any vehicle. The adjustable height makes sure the seat fits perfectly with any body size, making the solution truly personalized. It also features an automatic width adjustment that ensures that your baby gets a custom-fit experience each time they settle into the chair.    The advanced Linear Side-Impact Protection System (LSP) offers unrivalled protection levels compared to conventional door-side systems by dispersing forces over a larger area giving your little ones maximum safety at all times and with air ventilation and mesh soft goods, keeping the optimal temperature inside will never be an issue.    Key Features:       ISOFIX connect   Patented reclining headrest   Use from 3-12 years (approx.)   All round air ventilation system   Automatic height + width adjustment   Optimised Linear Side-impact Protection   Maintains a comfortable seating temperature   The head section is actively guided into a safe position   Head and shoulder protectors that grow with your child      Measurements:       Minimum weight: 15kg   Maximum weight: 50kg   Measurements: L40.5 x W53 x H62.5cm",Car Seats Group 2/3 (4-12 Years old),179.95,Bundle Baby,120946,Baby Products,599,https://images2.productserve.com/?w=200&h=200&bg=white&trim=5&t=letterbox&url=ssl%3Awww.bundlebaby.com%2FImages%2FModels%2FFull%2F24.jpg&feedId=111176&k=8858fe4bdefacfcba6db7282786dda4df68c1b8b,GBP,,0,https://www.bundlebaby.com/en/Cybex-Solution-T-I-Fix--Mirage-Grey-Plus/m-24.aspx?PartnerID=578&utm_source=affiliate&utm_medium=affiliatewindow&utm_campaign=UnitedKingdom,,,£179.95,111176,Cybex,1,https://www.bundlebaby.com/Images/Models/Full/24-1.jpg,https://www.bundlebaby.com/Images/Models/Full/24-2.jpg,https://www.bundlebaby.com/Images/Models/Full/24-4.jpg,https://www.bundlebaby.com/Images/Models/Original/24.jpg,https://www.bundlebaby.com/Images/Models/Full/24-3.jpg,Car Seats
https://www.awin1.com/pclick.php?p=43007249308&a=2771700&m=120946,Joie i-Spin 360- Shale,43007249308,4710UK,https://www.bundlebaby.com/Images/Models/Full/2707.jpg,"The new Joie i-Spin 360 car seat now featuring i-Size security, plus Smart Ride™ lock off for built-in safety and peace of mind.    Smoothest of swivels – turning baby towards you just got so much simpler with the Simple Swivel™, the one hand turning activator positioned right where you naturally reach.    Ready to rotate - Smart Ride™ lock off offers smarter security, helping to keep baby rearward until it's time to transition forwards.    Key Features:       Suitable rearward facing from birth to 105cm/4 years   Suitable forward facing from 15 months to 105cm/4 years   Sleepytime tilt™ includes 6 recline positions which can be used in both rear and forward-facing modes   Detachable side impact protection   One-hand, 6-position Grow Together™ headrest and harness system adjusts simultaneously and requires no re-threading of the harness   19 position adjustable support leg provides ultimate stability, security and easily adjusts for the best fit   Easy install with retractable ISOFIX and installation indicator conveniently located on top of base, to confirm load leg is fitted properly   Tri-Protect™ headrest offers security with three layers of protection inside the wings, including patented Intelli-Fit™ memory foam   Grow-with-me infant insert has 3 individual pieces for a custom fit at any stage   5-point harness with shoulder and lower buckle covers that easily tightens with one pull motion   Plush, deluxe cushioning and fabrics   Built-in side ventilation      Specification:       Product Weight: 13.9 kg    Testing Certification: ECE R129/02 and i-Size certification   Product Size (when rear facing): l 65 x w 58 x h 51.5-62 cm    Product Size (when forward facing): l 65 x w 58 x h 62-76 cm",Car Seats Group 1/2/3 (9 Months - 12 Years),174,Bundle Baby,120946,Baby Products,599,https://images2.productserve.com/?w=200&h=200&bg=white&trim=5&t=letterbox&url=ssl%3Awww.bundlebaby.com%2FImages%2FModels%2FFull%2F2707.jpg&feedId=111176&k=6580a4072440f51e79fd599baea63ff64b10b393,GBP,,0,https://www.bundlebaby.com/en/Joie-i-Spin-360--Shale/m-2707.aspx?PartnerID=578&utm_source=affiliate&utm_medium=affiliatewindow&utm_campaign=UnitedKingdom,,,£174.00,111176,Joie,1,https://www.bundlebaby.com/Images/Models/Full/2707-1.jpg,https://www.bundlebaby.com/Images/Models/Full/2707-2.jpg,https://www.bundlebaby.com/Images/Models/Full/2707-4.jpg,https://www.bundlebaby.com/Images/Models/Original/2707.jpg,https://www.bundlebaby.com/Images/Models/Full/2707-3.jpg,Car Seats
https://www.awin1.com/pclick.php?p=44490469492&a=2771700&m=120946,Babylo BabyZee 2-in-1 Sit Me Up Playmat- Safari,44490469492,5149UK,https://www.bundlebaby.com/Images/Models/Full/2975.jpg,"The BabyZee Safari Sit Me Up Playmat, thoughtfully created to adapt as your little one grows, this clever 2-in-1 design offers both a cosy newborn nest and a supportive seat for early sitters.    A Safe Space for Newborn Play.    In its first stage, the playmat provides a soft, secure place for your baby to stretch, wriggle and explore. The plush padded base and gently raised sides help keep your newborn snug while encouraging natural movement and early motor skill development.    Transforms as Your Baby Grows.    When your baby is ready to try sitting up, the playmat easily folds into a stable, supportive seat. The inflatable ring and cushioned surround offer gentle back and side support—perfect for helping curious little ones sit upright and interact with the world around them.    Designed to Delight Developing Senses.    The safari-inspired patterns combine bold monochrome shapes with playful pops of colour—ideal for capturing attention during those early weeks of visual development. The included sensory toys feature different textures and patterns, helping stimulate your baby's touch, sight, and curiosity.    What’s Included:       Safari Sit Me Up Playmat   2 inflatable support tubes      Key Features:        Dual-purpose design: Use as a baby nest or a sit-me-up seat   Soft, padded play area: Comfortable and secure for everyday use   Safari theme: High-contrast and colourful patterns to support visual focus   Sensory toys included: Encourages exploration and sensory development   Ultra-soft fabrics: Gentle feel, perfect for delicate skin   Adapts to your baby’s stage: Supports newborn lounging through to early sitting   Safe & supportive: Inflatable ring provides reliable structure for sit-up play   Engaging for little learners: Visually stimulating patterns encourage focus   Portable & practical: Lightweight design makes it easy to store or take on the go   Built to last: Premium materials withstand everyday play      Size & Details:       Dimensions: 95 cm (L) x 95 cm (W) x 20 cm (H)   Material: Soft-touch fabric with inflatable ring support",Bouncers + Swings,39.95,Bundle Baby,120946,Baby Products,599,https://images2.productserve.com/?w=200&h=200&bg=white&trim=5&t=letterbox&url=ssl%3Awww.bundlebaby.com%2FImages%2FModels%2FFull%2F2975.jpg&feedId=111176&k=a894fd05e3ffd591841e0cee0084b401a38add02,GBP,,4.95,https://www.bundlebaby.com/en/Babylo-BabyZee-2-in-1-Sit-Me-Up-Playmat--Safari/m-2975.aspx?PartnerID=578&utm_source=affiliate&utm_medium=affiliatewindow&utm_campaign=UnitedKingdom,,,£39.95,111176,Babylo,1,https://www.bundlebaby.com/Images/Models/Full/2975-1.jpg,https://www.bundlebaby.com/Images/Models/Full/2975-2.jpg,https://www.bundlebaby.com/Images/Models/Full/2975-4.jpg,https://www.bundlebaby.com/Images/Models/Original/2975.jpg,https://www.bundlebaby.com/Images/Models/Full/2975-3.jpg,Play Mat
https://www.awin1.com/pclick.php?p=44490469669&a=2771700&m=120946,Cosatto All in All Extra i-Size 360 Car Seat- Meadow,44490469669,5375UK,https://www.bundlebaby.com/Images/Models/Full/3096.jpg,"The 40cm-150cm all-stage ISOFIX car seat with seamless 360-degree rotation. Extended Rear Facing up to 105cm with Extra side-impact protection and anti-rebound board. Please note: this car seat can not be removed from the ISOFIX base.     What's included:       All in All Extra i-Size car seat with integrated base   From birth multi-stage seat insert   Anti-slip, energy-absorbing chest and tummy protectors   5-point plus anti-escape system   Vehicle compatibility list   4-year guarantee card   Tuck-in tool   ISOFIX routing guides   Set of instructions      Key Features:       Complies with R129/04 safety standard   Tested in-line with ADAC levels of testing (which goes beyond R129/04)   i-Size All Stages Seat from 40cm-150cms / birth up to approx. 12 years old.)   Extended rearward facing to 105cm mode with easy rotation   Forward facing from (76cm-150cm)   Converts into a high back booster seat (100-150cm approx. 4 – 12 years old)   Harness tested to a higher child weight of 20kg to grow with your child for extended safety   Fitted with premium SIPS (Side Impact Protection System)   Impact-absorbing foam inlays give further side impact protection to keep your child protected on every journey   Anti-rebound bar offers better protection in a collision, more leg space for your child and seamless 360-degree rotation   ISOFIX and support leg for simple and safe installation Includes exclusive, patented 5 point plus anti-escape system (76cm to 105cm)   Seat rotates 360 degrees to make it easy to get your child in and out of the car 4 recline positions in rear facing mode (40cm – 105cm/approx. birth to 4 years old)   4 recline positions in forward facing mode (76cm-105cm)   Store the stow-away harness when swapping it from the 5-point harness to the adult seat belt   Quick-release, easy-adjust, 5-point safety harness with anti-slip chest pads and tummy pads   Removable multi-stage liner   Adjustable 11-position head restraint   Easily removable, machine-washable fabric covers   Includes ‘tuck-in’ tool to make the covers easy to put back   Eco fabric made from recycled bottles   Industry-leading free 4-year guarantee      Specification:       Complies with R129/03 safety standard    i-Size all-stages seat from 40cm-150cm   Age: Birth up to approx. 12 years old   Extended Rearward-Facing (ERF) to 105cm (4 years old approx.)   Rearward-Facing: 40cm-105cm up to 20kg   Forward-Facing: 76cm-105cm up to 20kg ( Minimum Age of 15 months)   Forward-Facing Booster Seat Mode: 100cm-150cm Birth up to approx. 12 years old   Weight: 10.8kg",Car Seats Group 1/2/3 (9 Months - 12 Years),199.95,Bundle Baby,120946,Baby Products,599,https://images2.productserve.com/?w=200&h=200&bg=white&trim=5&t=letterbox&url=ssl%3Awww.bundlebaby.com%2FImages%2FModels%2FFull%2F3096.jpg&feedId=111176&k=9768b75bc04cff16c4f0d971c6962f1f0a8e4225,GBP,,0,https://www.bundlebaby.com/en/Cosatto-All-in-All-Extra-i-Size-360-Car-Seat--Meadow/m-3096.aspx?PartnerID=578&utm_source=affiliate&utm_medium=affiliatewindow&utm_campaign=UnitedKingdom,,,£199.95,111176,Cosatto,1,https://www.bundlebaby.com/Images/Models/Full/3096-1.jpg,https://www.bundlebaby.com/Images/Models/Full/3096-2.jpg,https://www.bundlebaby.com/Images/Models/Full/3096-4.jpg,https://www.bundlebaby.com/Images/Models/Original/3096.jpg,https://www.bundlebaby.com/Images/Models/Full/3096-3.jpg,Car Seats
https://www.awin1.com/pclick.php?p=45577321990&a=2771700&m=120946,Nuna MIXX NEXT & ARRA FLEX Travel System- Chateau - Without Carrycot  Without ISOFIX Bas,45577321990,6361UK,https://www.bundlebaby.com/Images/Models/Full/3416-17.jpg,"The MIXX next + MIXX next carry cot + ARRA flex + BASE curv travel system offers next-level strolling and ultimate versatility for the journey of parenthood. With the optional MIXX next carry cot and BASE curv ISOFIX base, you can customise your travel system to suit your individual needs.    Pack up and go anywhere with the MIXX next pushchair. Pair it with the MIXX next carry cot to outsmart naptime for uninterrupted days with baby.    When you're ready to hit the road, the ARRA flex allows for smooth transitions from relaxed strolls to dreamy car rides with its 157º recline. Secure in your vehicle with the revolutionary BASE curv, featuring ProxiPivot™ technology that brings baby towards you for easier ins and outs.    What's included:       MIXX next: MIXX next, Apron, Car seat adaptors, Rain cover   Optional- MIXX next carry cot: Carry cot, Dream drape™, Rain cover   ARRA flex: ARRA flex, Merino wool inserts, Car seat latch guides   Optional- BASE curv: BASE curv, Car seat latch guides   MIXX series stand: Stand, basket   5-year manufacturer warranty, extendable to 7 years when you register the product on the Nuna website      Key Features:    MIXX Next Pushchair:       Automatic quick-click fold lock with trolley function for seamless stows and tows   Easy to flip the seat so baby faces you or the world   Switch to carry cot or car seat mode options in seconds   Front swivel lock wheels help navigate the road ahead   One-touch rear-wheel braking system is strong and responsive   Removable armbar fits riders of all sizes   Five-position recline easily adjusts with one hand   Removable seat insert grows with baby for a perfect fit   Adjustable calf support with integrated footrest promises a comfortable ride   Compact fold-away axle™ provides a more compact fold   Rear-wheel Free-flex suspension™ and front-wheel progressive suspension technology   MagneTech secure snap™ is a self-guiding magnetic buckle that automatically locks into place   No-rethread 3 to 5-point harness for easy adjustments   Water-repellent UPF 50+ canopy is extendable and features a flip-out eyeshade, ventilation panel, and window   True flat sleeper recline welcomes quick naps on the go   Included rain cover and apron protect from the elements as you make your way around   Tyres are tough, foam filled and ready for any terrain   Luxe leatherette accents add style to your strolls   Height-adjustable pushbar to accommodate varying heights   All-season seat keeps baby cosy in winter and easily converts to mesh in summer   Two compartment basket includes a discreet zippered pocket for valuables   Roomy zippered pocket on seat back is perfect for keys, phones and wipes   Red Dot Product Design Winner 2020   GREENGUARD Gold Certification means it has been thoroughly tested and certified to meet stringent volatile organic compounds and chemical emissions standards      MIXX next carry cot:       Cradles your little one with lie-flat comfort during those tender early months   Quickly connects to the MIXX next pushchair, creating a stylish pram   Compact, flat fold for easy storing and folds with the pushchair for hassle-free travels   Integrated memory release buttons allow for seamless fold and detach from stroller   Mattress cover, top cover and zip-away liner are machine washable to keep baby fresh and clean   Water-repellent, UPF 50+ canopy shields your little one from more than 98% of the sun’s harmful UV rays   Non-slip feet on the bottom for added security and fabric protection   Ventilation panels provide baby with air circulation   Top cover zips closed to keep baby warm and is easily removable with quick release magnets   Cosy lie-flat comfort for your newborn keeping them cocooned in comfort   Lightweight for the ultimate in portability   Integrated wind protection shield keeps baby nestled in comfort   Mesh peek-a-boo window for checking in on baby Dream drape™ pulls down smoothly and attaches quietly with magnets for uninterrupted nap   Supersoft GOTS certified organic cotton mattress cover provides better-for-baby comfort   Included rain cover provides added protection from the elements   Luxe leatherette accented carry handle allows for easy gripping   Hidden storage pocket is just right for keeping much needed essentials close at hand   Global Organic Textile Standard (GOTS) certified      ARRA flex:       3 recline positions in car seat and travel system modes   Converts to a flat reclining seat- 157° angle—usable in the vehicle, airplane or on a pushchair   Travel system ready using post adaptors with compatible pushchairs   EPP energy-absorbing foam takes side impact security to the next level   i-Size certified and meets the highest R129 safety standards that include side impact testing for your peace of mind   Headrest’s patented Tailor tech™ memory foam provides added security for a comfortable custom fit that grows with baby   Removable newborn insert provides customisable comfort   1-handed height-adjustable headrest sports 10 positions to accommodate growth   157° recline keeps baby's head, spine, and hips in an ideal position for healthy development, making the seat exempt from the 2-hour limit usage recommendation   Designed to recline during air travel so baby stays comfy during the flight   No-rethread 3-point harness lets them grow easily and securely   Luxe leatherette carry handle for more secure gripping   Conveniently lightweight weighing in at 3.8* kg (not including insert or canopy)   Removable full-coverage UPF 50+ canopy with flip-out eyeshade and mesh peek-a-boo window   Insert is made of environmentally friendly Merino wool and TENCEL™ branded lyocell fiber blend that is super soft and naturally controls moisture (TENCEL™ is a trademark of Lenzing AG)   Heavy duty top-of-the-line plastic shell keeps little ones in place   High-strength handle transfers a large portion of the crash forces into the shell and protects baby's particularly sensitive head area   Installation options: BASE curv, BASE next (sold separately), vehicle belt, TÜV-certified for airplane      BASE curv:       Easy-to-engage ProxiPivot™ technology turns and glides the car seat out towards you in one smooth motion for more ergonomic ins and outs   Convenient 360° rotation makes harnessing a rear or forward-facing compatible car seat simple and secure   Simple 1-handed spin for hassle-free travels NEXT system™ compatible offering ultimate flexibility with multiple car seat solutions for the first four years   Multi-adjustable ISOFIX positions allow a custom fit to your vehicle seat   Quick-release button helps remove infant car seats in seconds   Built-in storage pocket for easy access to the user guide   Smart-swivel lock helps avoid misuse by ensuring the seat is in rear-facing mode until child is at least 15 months old and 76 cm tall   True lock™ base installation technology make set up swift, simple and secure using a vehicle’s ISOFIX anchor points   Crumple zone within the steel stability leg absorbs impact   Secure display with coloured indication bars on base confirms secure seat attachment   Low rebound bar provides plenty of legroom for growing passengers      Specification:    MIXX next:       Birth to 22 kg   Weight: 12.4 kg (without armbar and insert)   Dimensions: L 84 x W 60 x H 106 cm   Folded: L 76 x W 60 x H 43 cm      MIXX next carry cot:       Birth to 9 kg   Weight: 4.7 kg   Dimensions: L 89 x W 41.5 x H 62.5 cm   Folded: L 89 x W 42 x H 22 cm      ARRA flex:       Rear facing only   Child height: 40-87 cm   Child weight: Birth to 13 kg or approx. 24 months   Weight: 3.80 kg (not including insert or canopy)   Dimensions: L 64-73.5 x W 43.5 x H 58.5 cm      BASE curv:       Weight: 7.6 kg   Dimensions: L 66.5 x W 40.5 x H 26.8 cm",Travel Systems,910,Bundle Baby,120946,Baby Products,599,https://images2.productserve.com/?w=200&h=200&bg=white&trim=5&t=letterbox&url=ssl%3Awww.bundlebaby.com%2FImages%2FModels%2FFull%2F3416-17.jpg&feedId=111176&k=0e395e31f00ba78766a76076484fc5437beca3de,GBP,,0,https://www.bundlebaby.com/en/Nuna-MIXX-NEXT-and-ARRA-FLEX-Travel-System--Chateau/m-3416.aspx?PartnerID=578&utm_source=affiliate&utm_medium=affiliatewindow&utm_campaign=UnitedKingdom,,,£910.00,111176,Nuna,1,https://www.bundlebaby.com/Images/Models/Full/3416-1.jpg,https://www.bundlebaby.com/Images/Models/Full/3416-2.jpg,https://www.bundlebaby.com/Images/Models/Full/3416-4.jpg,https://www.bundlebaby.com/Images/Models/Original/3416-17.jpg,https://www.bundlebaby.com/Images/Models/Full/3416-3.jpg,Travel Bundle
https://www.awin1.com/pclick.php?p=45575644639&a=2771700&m=120946,Nuna MIXX NEXT & ARRA FLEX Travel System- Caviar - With Carrycot  With ISOFIX Base,45575644639,6355UK,https://www.bundlebaby.com/Images/Models/Full/3419.jpg,"The MIXX next + MIXX next carry cot + ARRA flex + BASE curv travel system offers next-level strolling and ultimate versatility for the journey of parenthood. With the optional MIXX next carry cot and BASE curv ISOFIX base, you can customise your travel system to suit your individual needs.    Pack up and go anywhere with the MIXX next pushchair. Pair it with the MIXX next carry cot to outsmart naptime for uninterrupted days with baby.    When you're ready to hit the road, the ARRA flex allows for smooth transitions from relaxed strolls to dreamy car rides with its 157º recline. Secure in your vehicle with the revolutionary BASE curv, featuring ProxiPivot™ technology that brings baby towards you for easier ins and outs.    What's included:       MIXX next: MIXX next, Apron, Car seat adaptors, Rain cover   Optional- MIXX next carry cot: Carry cot, Dream drape™, Rain cover   ARRA flex: ARRA flex, Merino wool inserts, Car seat latch guides   Optional- BASE curv: BASE curv, Car seat latch guides   MIXX series stand: Stand, basket   5-year manufacturer warranty, extendable to 7 years when you register the product on the Nuna website      Key Features:    MIXX Next Pushchair:       Automatic quick-click fold lock with trolley function for seamless stows and tows   Easy to flip the seat so baby faces you or the world   Switch to carry cot or car seat mode options in seconds   Front swivel lock wheels help navigate the road ahead   One-touch rear-wheel braking system is strong and responsive   Removable armbar fits riders of all sizes   Five-position recline easily adjusts with one hand   Removable seat insert grows with baby for a perfect fit   Adjustable calf support with integrated footrest promises a comfortable ride   Compact fold-away axle™ provides a more compact fold   Rear-wheel Free-flex suspension™ and front-wheel progressive suspension technology   MagneTech secure snap™ is a self-guiding magnetic buckle that automatically locks into place   No-rethread 3 to 5-point harness for easy adjustments   Water-repellent UPF 50+ canopy is extendable and features a flip-out eyeshade, ventilation panel, and window   True flat sleeper recline welcomes quick naps on the go   Included rain cover and apron protect from the elements as you make your way around   Tyres are tough, foam filled and ready for any terrain   Luxe leatherette accents add style to your strolls   Height-adjustable pushbar to accommodate varying heights   All-season seat keeps baby cosy in winter and easily converts to mesh in summer   Two compartment basket includes a discreet zippered pocket for valuables   Roomy zippered pocket on seat back is perfect for keys, phones and wipes   Red Dot Product Design Winner 2020   GREENGUARD Gold Certification means it has been thoroughly tested and certified to meet stringent volatile organic compounds and chemical emissions standards      MIXX next carry cot:       Cradles your little one with lie-flat comfort during those tender early months   Quickly connects to the MIXX next pushchair, creating a stylish pram   Compact, flat fold for easy storing and folds with the pushchair for hassle-free travels   Integrated memory release buttons allow for seamless fold and detach from stroller   Mattress cover, top cover and zip-away liner are machine washable to keep baby fresh and clean   Water-repellent, UPF 50+ canopy shields your little one from more than 98% of the sun’s harmful UV rays   Non-slip feet on the bottom for added security and fabric protection   Ventilation panels provide baby with air circulation   Top cover zips closed to keep baby warm and is easily removable with quick release magnets   Cosy lie-flat comfort for your newborn keeping them cocooned in comfort   Lightweight for the ultimate in portability   Integrated wind protection shield keeps baby nestled in comfort   Mesh peek-a-boo window for checking in on baby Dream drape™ pulls down smoothly and attaches quietly with magnets for uninterrupted nap   Supersoft GOTS certified organic cotton mattress cover provides better-for-baby comfort   Included rain cover provides added protection from the elements   Luxe leatherette accented carry handle allows for easy gripping   Hidden storage pocket is just right for keeping much needed essentials close at hand   Global Organic Textile Standard (GOTS) certified      ARRA flex:       3 recline positions in car seat and travel system modes   Converts to a flat reclining seat- 157° angle—usable in the vehicle, airplane or on a pushchair   Travel system ready using post adaptors with compatible pushchairs   EPP energy-absorbing foam takes side impact security to the next level   i-Size certified and meets the highest R129 safety standards that include side impact testing for your peace of mind   Headrest’s patented Tailor tech™ memory foam provides added security for a comfortable custom fit that grows with baby   Removable newborn insert provides customisable comfort   1-handed height-adjustable headrest sports 10 positions to accommodate growth   157° recline keeps baby's head, spine, and hips in an ideal position for healthy development, making the seat exempt from the 2-hour limit usage recommendation   Designed to recline during air travel so baby stays comfy during the flight   No-rethread 3-point harness lets them grow easily and securely   Luxe leatherette carry handle for more secure gripping   Conveniently lightweight weighing in at 3.8* kg (not including insert or canopy)   Removable full-coverage UPF 50+ canopy with flip-out eyeshade and mesh peek-a-boo window   Insert is made of environmentally friendly Merino wool and TENCEL™ branded lyocell fiber blend that is super soft and naturally controls moisture (TENCEL™ is a trademark of Lenzing AG)   Heavy duty top-of-the-line plastic shell keeps little ones in place   High-strength handle transfers a large portion of the crash forces into the shell and protects baby's particularly sensitive head area   Installation options: BASE curv, BASE next (sold separately), vehicle belt, TÜV-certified for airplane      BASE curv:       Easy-to-engage ProxiPivot™ technology turns and glides the car seat out towards you in one smooth motion for more ergonomic ins and outs   Convenient 360° rotation makes harnessing a rear or forward-facing compatible car seat simple and secure   Simple 1-handed spin for hassle-free travels NEXT system™ compatible offering ultimate flexibility with multiple car seat solutions for the first four years   Multi-adjustable ISOFIX positions allow a custom fit to your vehicle seat   Quick-release button helps remove infant car seats in seconds   Built-in storage pocket for easy access to the user guide   Smart-swivel lock helps avoid misuse by ensuring the seat is in rear-facing mode until child is at least 15 months old and 76 cm tall   True lock™ base installation technology make set up swift, simple and secure using a vehicle’s ISOFIX anchor points   Crumple zone within the steel stability leg absorbs impact   Secure display with coloured indication bars on base confirms secure seat attachment   Low rebound bar provides plenty of legroom for growing passengers      Specification:    MIXX next:       Birth to 22 kg   Weight: 12.4 kg (without armbar and insert)   Dimensions: L 84 x W 60 x H 106 cm   Folded: L 76 x W 60 x H 43 cm      MIXX next carry cot:       Birth to 9 kg   Weight: 4.7 kg   Dimensions: L 89 x W 41.5 x H 62.5 cm   Folded: L 89 x W 42 x H 22 cm      ARRA flex:       Rear facing only   Child height: 40-87 cm   Child weight: Birth to 13 kg or approx. 24 months   Weight: 3.80 kg (not including insert or canopy)   Dimensions: L 64-73.5 x W 43.5 x H 58.5 cm      BASE curv:       Weight: 7.6 kg   Dimensions: L 66.5 x W 40.5 x H 26.8 cm",Travel Systems,1225,Bundle Baby,120946,Baby Products,599,https://images2.productserve.com/?w=200&h=200&bg=white&trim=5&t=letterbox&url=ssl%3Awww.bundlebaby.com%2FImages%2FModels%2FFull%2F3419.jpg&feedId=111176&k=b0ad7bc74ee1a7408670dc4b4ddbcf27aab6c40f,GBP,,0,https://www.bundlebaby.com/en/Nuna-MIXX-NEXT-and-ARRA-FLEX-Travel-System--Caviar/m-3419.aspx?PartnerID=578&utm_source=affiliate&utm_medium=affiliatewindow&utm_campaign=UnitedKingdom,,,"£1,225.00",111176,Nuna,1,https://www.bundlebaby.com/Images/Models/Full/3419-1.jpg,https://www.bundlebaby.com/Images/Models/Full/3419-2.jpg,https://www.bundlebaby.com/Images/Models/Full/3419-4.jpg,https://www.bundlebaby.com/Images/Models/Original/3419.jpg,https://www.bundlebaby.com/Images/Models/Full/3419-3.jpg,Travel Bundle
https://www.awin1.com/pclick.php?p=45575644636&a=2771700&m=120946,Nuna MIXX NEXT & ARRA FLEX Travel System- Caviar - With Carrycot  Without ISOFIX Base,45575644636,6356UK,https://www.bundlebaby.com/Images/Models/Full/3419-15.jpg,"The MIXX next + MIXX next carry cot + ARRA flex + BASE curv travel system offers next-level strolling and ultimate versatility for the journey of parenthood. With the optional MIXX next carry cot and BASE curv ISOFIX base, you can customise your travel system to suit your individual needs.    Pack up and go anywhere with the MIXX next pushchair. Pair it with the MIXX next carry cot to outsmart naptime for uninterrupted days with baby.    When you're ready to hit the road, the ARRA flex allows for smooth transitions from relaxed strolls to dreamy car rides with its 157º recline. Secure in your vehicle with the revolutionary BASE curv, featuring ProxiPivot™ technology that brings baby towards you for easier ins and outs.    What's included:       MIXX next: MIXX next, Apron, Car seat adaptors, Rain cover   Optional- MIXX next carry cot: Carry cot, Dream drape™, Rain cover   ARRA flex: ARRA flex, Merino wool inserts, Car seat latch guides   Optional- BASE curv: BASE curv, Car seat latch guides   MIXX series stand: Stand, basket   5-year manufacturer warranty, extendable to 7 years when you register the product on the Nuna website      Key Features:    MIXX Next Pushchair:       Automatic quick-click fold lock with trolley function for seamless stows and tows   Easy to flip the seat so baby faces you or the world   Switch to carry cot or car seat mode options in seconds   Front swivel lock wheels help navigate the road ahead   One-touch rear-wheel braking system is strong and responsive   Removable armbar fits riders of all sizes   Five-position recline easily adjusts with one hand   Removable seat insert grows with baby for a perfect fit   Adjustable calf support with integrated footrest promises a comfortable ride   Compact fold-away axle™ provides a more compact fold   Rear-wheel Free-flex suspension™ and front-wheel progressive suspension technology   MagneTech secure snap™ is a self-guiding magnetic buckle that automatically locks into place   No-rethread 3 to 5-point harness for easy adjustments   Water-repellent UPF 50+ canopy is extendable and features a flip-out eyeshade, ventilation panel, and window   True flat sleeper recline welcomes quick naps on the go   Included rain cover and apron protect from the elements as you make your way around   Tyres are tough, foam filled and ready for any terrain   Luxe leatherette accents add style to your strolls   Height-adjustable pushbar to accommodate varying heights   All-season seat keeps baby cosy in winter and easily converts to mesh in summer   Two compartment basket includes a discreet zippered pocket for valuables   Roomy zippered pocket on seat back is perfect for keys, phones and wipes   Red Dot Product Design Winner 2020   GREENGUARD Gold Certification means it has been thoroughly tested and certified to meet stringent volatile organic compounds and chemical emissions standards      MIXX next carry cot:       Cradles your little one with lie-flat comfort during those tender early months   Quickly connects to the MIXX next pushchair, creating a stylish pram   Compact, flat fold for easy storing and folds with the pushchair for hassle-free travels   Integrated memory release buttons allow for seamless fold and detach from stroller   Mattress cover, top cover and zip-away liner are machine washable to keep baby fresh and clean   Water-repellent, UPF 50+ canopy shields your little one from more than 98% of the sun’s harmful UV rays   Non-slip feet on the bottom for added security and fabric protection   Ventilation panels provide baby with air circulation   Top cover zips closed to keep baby warm and is easily removable with quick release magnets   Cosy lie-flat comfort for your newborn keeping them cocooned in comfort   Lightweight for the ultimate in portability   Integrated wind protection shield keeps baby nestled in comfort   Mesh peek-a-boo window for checking in on baby Dream drape™ pulls down smoothly and attaches quietly with magnets for uninterrupted nap   Supersoft GOTS certified organic cotton mattress cover provides better-for-baby comfort   Included rain cover provides added protection from the elements   Luxe leatherette accented carry handle allows for easy gripping   Hidden storage pocket is just right for keeping much needed essentials close at hand   Global Organic Textile Standard (GOTS) certified      ARRA flex:       3 recline positions in car seat and travel system modes   Converts to a flat reclining seat- 157° angle—usable in the vehicle, airplane or on a pushchair   Travel system ready using post adaptors with compatible pushchairs   EPP energy-absorbing foam takes side impact security to the next level   i-Size certified and meets the highest R129 safety standards that include side impact testing for your peace of mind   Headrest’s patented Tailor tech™ memory foam provides added security for a comfortable custom fit that grows with baby   Removable newborn insert provides customisable comfort   1-handed height-adjustable headrest sports 10 positions to accommodate growth   157° recline keeps baby's head, spine, and hips in an ideal position for healthy development, making the seat exempt from the 2-hour limit usage recommendation   Designed to recline during air travel so baby stays comfy during the flight   No-rethread 3-point harness lets them grow easily and securely   Luxe leatherette carry handle for more secure gripping   Conveniently lightweight weighing in at 3.8* kg (not including insert or canopy)   Removable full-coverage UPF 50+ canopy with flip-out eyeshade and mesh peek-a-boo window   Insert is made of environmentally friendly Merino wool and TENCEL™ branded lyocell fiber blend that is super soft and naturally controls moisture (TENCEL™ is a trademark of Lenzing AG)   Heavy duty top-of-the-line plastic shell keeps little ones in place   High-strength handle transfers a large portion of the crash forces into the shell and protects baby's particularly sensitive head area   Installation options: BASE curv, BASE next (sold separately), vehicle belt, TÜV-certified for airplane      BASE curv:       Easy-to-engage ProxiPivot™ technology turns and glides the car seat out towards you in one smooth motion for more ergonomic ins and outs   Convenient 360° rotation makes harnessing a rear or forward-facing compatible car seat simple and secure   Simple 1-handed spin for hassle-free travels NEXT system™ compatible offering ultimate flexibility with multiple car seat solutions for the first four years   Multi-adjustable ISOFIX positions allow a custom fit to your vehicle seat   Quick-release button helps remove infant car seats in seconds   Built-in storage pocket for easy access to the user guide   Smart-swivel lock helps avoid misuse by ensuring the seat is in rear-facing mode until child is at least 15 months old and 76 cm tall   True lock™ base installation technology make set up swift, simple and secure using a vehicle’s ISOFIX anchor points   Crumple zone within the steel stability leg absorbs impact   Secure display with coloured indication bars on base confirms secure seat attachment   Low rebound bar provides plenty of legroom for growing passengers      Specification:    MIXX next:       Birth to 22 kg   Weight: 12.4 kg (without armbar and insert)   Dimensions: L 84 x W 60 x H 106 cm   Folded: L 76 x W 60 x H 43 cm      MIXX next carry cot:       Birth to 9 kg   Weight: 4.7 kg   Dimensions: L 89 x W 41.5 x H 62.5 cm   Folded: L 89 x W 42 x H 22 cm      ARRA flex:       Rear facing only   Child height: 40-87 cm   Child weight: Birth to 13 kg or approx. 24 months   Weight: 3.80 kg (not including insert or canopy)   Dimensions: L 64-73.5 x W 43.5 x H 58.5 cm      BASE curv:       Weight: 7.6 kg   Dimensions: L 66.5 x W 40.5 x H 26.8 cm",Travel Systems,1110,Bundle Baby,120946,Baby Products,599,https://images2.productserve.com/?w=200&h=200&bg=white&trim=5&t=letterbox&url=ssl%3Awww.bundlebaby.com%2FImages%2FModels%2FFull%2F3419-15.jpg&feedId=111176&k=84d1f2c4ce8648597b7b4a0b1a9627ab85c446a8,GBP,,0,https://www.bundlebaby.com/en/Nuna-MIXX-NEXT-and-ARRA-FLEX-Travel-System--Caviar/m-3419.aspx?PartnerID=578&utm_source=affiliate&utm_medium=affiliatewindow&utm_campaign=UnitedKingdom,,,"£1,110.00",111176,Nuna,1,https://www.bundlebaby.com/Images/Models/Full/3419-1.jpg,https://www.bundlebaby.com/Images/Models/Full/3419-2.jpg,https://www.bundlebaby.com/Images/Models/Full/3419-4.jpg,https://www.bundlebaby.com/Images/Models/Original/3419-15.jpg,https://www.bundlebaby.com/Images/Models/Full/3419-3.jpg,Travel Bundle
https://www.awin1.com/pclick.php?p=45575644637&a=2771700&m=120946,Nuna MIXX NEXT & ARRA FLEX Travel System- Caviar - Without Carrycot  With ISOFIX Base,45575644637,6357UK,https://www.bundlebaby.com/Images/Models/Full/3419-13.jpg,"The MIXX next + MIXX next carry cot + ARRA flex + BASE curv travel system offers next-level strolling and ultimate versatility for the journey of parenthood. With the optional MIXX next carry cot and BASE curv ISOFIX base, you can customise your travel system to suit your individual needs.    Pack up and go anywhere with the MIXX next pushchair. Pair it with the MIXX next carry cot to outsmart naptime for uninterrupted days with baby.    When you're ready to hit the road, the ARRA flex allows for smooth transitions from relaxed strolls to dreamy car rides with its 157º recline. Secure in your vehicle with the revolutionary BASE curv, featuring ProxiPivot™ technology that brings baby towards you for easier ins and outs.    What's included:       MIXX next: MIXX next, Apron, Car seat adaptors, Rain cover   Optional- MIXX next carry cot: Carry cot, Dream drape™, Rain cover   ARRA flex: ARRA flex, Merino wool inserts, Car seat latch guides   Optional- BASE curv: BASE curv, Car seat latch guides   MIXX series stand: Stand, basket   5-year manufacturer warranty, extendable to 7 years when you register the product on the Nuna website      Key Features:    MIXX Next Pushchair:       Automatic quick-click fold lock with trolley function for seamless stows and tows   Easy to flip the seat so baby faces you or the world   Switch to carry cot or car seat mode options in seconds   Front swivel lock wheels help navigate the road ahead   One-touch rear-wheel braking system is strong and responsive   Removable armbar fits riders of all sizes   Five-position recline easily adjusts with one hand   Removable seat insert grows with baby for a perfect fit   Adjustable calf support with integrated footrest promises a comfortable ride   Compact fold-away axle™ provides a more compact fold   Rear-wheel Free-flex suspension™ and front-wheel progressive suspension technology   MagneTech secure snap™ is a self-guiding magnetic buckle that automatically locks into place   No-rethread 3 to 5-point harness for easy adjustments   Water-repellent UPF 50+ canopy is extendable and features a flip-out eyeshade, ventilation panel, and window   True flat sleeper recline welcomes quick naps on the go   Included rain cover and apron protect from the elements as you make your way around   Tyres are tough, foam filled and ready for any terrain   Luxe leatherette accents add style to your strolls   Height-adjustable pushbar to accommodate varying heights   All-season seat keeps baby cosy in winter and easily converts to mesh in summer   Two compartment basket includes a discreet zippered pocket for valuables   Roomy zippered pocket on seat back is perfect for keys, phones and wipes   Red Dot Product Design Winner 2020   GREENGUARD Gold Certification means it has been thoroughly tested and certified to meet stringent volatile organic compounds and chemical emissions standards      MIXX next carry cot:       Cradles your little one with lie-flat comfort during those tender early months   Quickly connects to the MIXX next pushchair, creating a stylish pram   Compact, flat fold for easy storing and folds with the pushchair for hassle-free travels   Integrated memory release buttons allow for seamless fold and detach from stroller   Mattress cover, top cover and zip-away liner are machine washable to keep baby fresh and clean   Water-repellent, UPF 50+ canopy shields your little one from more than 98% of the sun’s harmful UV rays   Non-slip feet on the bottom for added security and fabric protection   Ventilation panels provide baby with air circulation   Top cover zips closed to keep baby warm and is easily removable with quick release magnets   Cosy lie-flat comfort for your newborn keeping them cocooned in comfort   Lightweight for the ultimate in portability   Integrated wind protection shield keeps baby nestled in comfort   Mesh peek-a-boo window for checking in on baby Dream drape™ pulls down smoothly and attaches quietly with magnets for uninterrupted nap   Supersoft GOTS certified organic cotton mattress cover provides better-for-baby comfort   Included rain cover provides added protection from the elements   Luxe leatherette accented carry handle allows for easy gripping   Hidden storage pocket is just right for keeping much needed essentials close at hand   Global Organic Textile Standard (GOTS) certified      ARRA flex:       3 recline positions in car seat and travel system modes   Converts to a flat reclining seat- 157° angle—usable in the vehicle, airplane or on a pushchair   Travel system ready using post adaptors with compatible pushchairs   EPP energy-absorbing foam takes side impact security to the next level   i-Size certified and meets the highest R129 safety standards that include side impact testing for your peace of mind   Headrest’s patented Tailor tech™ memory foam provides added security for a comfortable custom fit that grows with baby   Removable newborn insert provides customisable comfort   1-handed height-adjustable headrest sports 10 positions to accommodate growth   157° recline keeps baby's head, spine, and hips in an ideal position for healthy development, making the seat exempt from the 2-hour limit usage recommendation   Designed to recline during air travel so baby stays comfy during the flight   No-rethread 3-point harness lets them grow easily and securely   Luxe leatherette carry handle for more secure gripping   Conveniently lightweight weighing in at 3.8* kg (not including insert or canopy)   Removable full-coverage UPF 50+ canopy with flip-out eyeshade and mesh peek-a-boo window   Insert is made of environmentally friendly Merino wool and TENCEL™ branded lyocell fiber blend that is super soft and naturally controls moisture (TENCEL™ is a trademark of Lenzing AG)   Heavy duty top-of-the-line plastic shell keeps little ones in place   High-strength handle transfers a large portion of the crash forces into the shell and protects baby's particularly sensitive head area   Installation options: BASE curv, BASE next (sold separately), vehicle belt, TÜV-certified for airplane      BASE curv:       Easy-to-engage ProxiPivot™ technology turns and glides the car seat out towards you in one smooth motion for more ergonomic ins and outs   Convenient 360° rotation makes harnessing a rear or forward-facing compatible car seat simple and secure   Simple 1-handed spin for hassle-free travels NEXT system™ compatible offering ultimate flexibility with multiple car seat solutions for the first four years   Multi-adjustable ISOFIX positions allow a custom fit to your vehicle seat   Quick-release button helps remove infant car seats in seconds   Built-in storage pocket for easy access to the user guide   Smart-swivel lock helps avoid misuse by ensuring the seat is in rear-facing mode until child is at least 15 months old and 76 cm tall   True lock™ base installation technology make set up swift, simple and secure using a vehicle’s ISOFIX anchor points   Crumple zone within the steel stability leg absorbs impact   Secure display with coloured indication bars on base confirms secure seat attachment   Low rebound bar provides plenty of legroom for growing passengers      Specification:    MIXX next:       Birth to 22 kg   Weight: 12.4 kg (without armbar and insert)   Dimensions: L 84 x W 60 x H 106 cm   Folded: L 76 x W 60 x H 43 cm      MIXX next carry cot:       Birth to 9 kg   Weight: 4.7 kg   Dimensions: L 89 x W 41.5 x H 62.5 cm   Folded: L 89 x W 42 x H 22 cm      ARRA flex:       Rear facing only   Child height: 40-87 cm   Child weight: Birth to 13 kg or approx. 24 months   Weight: 3.80 kg (not including insert or canopy)   Dimensions: L 64-73.5 x W 43.5 x H 58.5 cm      BASE curv:       Weight: 7.6 kg   Dimensions: L 66.5 x W 40.5 x H 26.8 cm",Travel Systems,1150,Bundle Baby,120946,Baby Products,599,https://images2.productserve.com/?w=200&h=200&bg=white&trim=5&t=letterbox&url=ssl%3Awww.bundlebaby.com%2FImages%2FModels%2FFull%2F3419-13.jpg&feedId=111176&k=25994ecf96aa8f11bcc6e92457aef465f273dabd,GBP,,0,https://www.bundlebaby.com/en/Nuna-MIXX-NEXT-and-ARRA-FLEX-Travel-System--Caviar/m-3419.aspx?PartnerID=578&utm_source=affiliate&utm_medium=affiliatewindow&utm_campaign=UnitedKingdom,,,"£1,150.00",111176,Nuna,1,https://www.bundlebaby.com/Images/Models/Full/3419-1.jpg,https://www.bundlebaby.com/Images/Models/Full/3419-2.jpg,https://www.bundlebaby.com/Images/Models/Full/3419-4.jpg,https://www.bundlebaby.com/Images/Models/Original/3419-13.jpg,https://www.bundlebaby.com/Images/Models/Full/3419-3.jpg,Travel Bundle
https://www.awin1.com/pclick.php?p=45575644638&a=2771700&m=120946,Nuna MIXX NEXT & ARRA FLEX Travel System- Caviar - Without Carrycot  Without ISOFIX Bas,45575644638,6358UK,https://www.bundlebaby.com/Images/Models/Full/3419-14.jpg,"The MIXX next + MIXX next carry cot + ARRA flex + BASE curv travel system offers next-level strolling and ultimate versatility for the journey of parenthood. With the optional MIXX next carry cot and BASE curv ISOFIX base, you can customise your travel system to suit your individual needs.    Pack up and go anywhere with the MIXX next pushchair. Pair it with the MIXX next carry cot to outsmart naptime for uninterrupted days with baby.    When you're ready to hit the road, the ARRA flex allows for smooth transitions from relaxed strolls to dreamy car rides with its 157º recline. Secure in your vehicle with the revolutionary BASE curv, featuring ProxiPivot™ technology that brings baby towards you for easier ins and outs.    What's included:       MIXX next: MIXX next, Apron, Car seat adaptors, Rain cover   Optional- MIXX next carry cot: Carry cot, Dream drape™, Rain cover   ARRA flex: ARRA flex, Merino wool inserts, Car seat latch guides   Optional- BASE curv: BASE curv, Car seat latch guides   MIXX series stand: Stand, basket   5-year manufacturer warranty, extendable to 7 years when you register the product on the Nuna website      Key Features:    MIXX Next Pushchair:       Automatic quick-click fold lock with trolley function for seamless stows and tows   Easy to flip the seat so baby faces you or the world   Switch to carry cot or car seat mode options in seconds   Front swivel lock wheels help navigate the road ahead   One-touch rear-wheel braking system is strong and responsive   Removable armbar fits riders of all sizes   Five-position recline easily adjusts with one hand   Removable seat insert grows with baby for a perfect fit   Adjustable calf support with integrated footrest promises a comfortable ride   Compact fold-away axle™ provides a more compact fold   Rear-wheel Free-flex suspension™ and front-wheel progressive suspension technology   MagneTech secure snap™ is a self-guiding magnetic buckle that automatically locks into place   No-rethread 3 to 5-point harness for easy adjustments   Water-repellent UPF 50+ canopy is extendable and features a flip-out eyeshade, ventilation panel, and window   True flat sleeper recline welcomes quick naps on the go   Included rain cover and apron protect from the elements as you make your way around   Tyres are tough, foam filled and ready for any terrain   Luxe leatherette accents add style to your strolls   Height-adjustable pushbar to accommodate varying heights   All-season seat keeps baby cosy in winter and easily converts to mesh in summer   Two compartment basket includes a discreet zippered pocket for valuables   Roomy zippered pocket on seat back is perfect for keys, phones and wipes   Red Dot Product Design Winner 2020   GREENGUARD Gold Certification means it has been thoroughly tested and certified to meet stringent volatile organic compounds and chemical emissions standards      MIXX next carry cot:       Cradles your little one with lie-flat comfort during those tender early months   Quickly connects to the MIXX next pushchair, creating a stylish pram   Compact, flat fold for easy storing and folds with the pushchair for hassle-free travels   Integrated memory release buttons allow for seamless fold and detach from stroller   Mattress cover, top cover and zip-away liner are machine washable to keep baby fresh and clean   Water-repellent, UPF 50+ canopy shields your little one from more than 98% of the sun’s harmful UV rays   Non-slip feet on the bottom for added security and fabric protection   Ventilation panels provide baby with air circulation   Top cover zips closed to keep baby warm and is easily removable with quick release magnets   Cosy lie-flat comfort for your newborn keeping them cocooned in comfort   Lightweight for the ultimate in portability   Integrated wind protection shield keeps baby nestled in comfort   Mesh peek-a-boo window for checking in on baby Dream drape™ pulls down smoothly and attaches quietly with magnets for uninterrupted nap   Supersoft GOTS certified organic cotton mattress cover provides better-for-baby comfort   Included rain cover provides added protection from the elements   Luxe leatherette accented carry handle allows for easy gripping   Hidden storage pocket is just right for keeping much needed essentials close at hand   Global Organic Textile Standard (GOTS) certified      ARRA flex:       3 recline positions in car seat and travel system modes   Converts to a flat reclining seat- 157° angle—usable in the vehicle, airplane or on a pushchair   Travel system ready using post adaptors with compatible pushchairs   EPP energy-absorbing foam takes side impact security to the next level   i-Size certified and meets the highest R129 safety standards that include side impact testing for your peace of mind   Headrest’s patented Tailor tech™ memory foam provides added security for a comfortable custom fit that grows with baby   Removable newborn insert provides customisable comfort   1-handed height-adjustable headrest sports 10 positions to accommodate growth   157° recline keeps baby's head, spine, and hips in an ideal position for healthy development, making the seat exempt from the 2-hour limit usage recommendation   Designed to recline during air travel so baby stays comfy during the flight   No-rethread 3-point harness lets them grow easily and securely   Luxe leatherette carry handle for more secure gripping   Conveniently lightweight weighing in at 3.8* kg (not including insert or canopy)   Removable full-coverage UPF 50+ canopy with flip-out eyeshade and mesh peek-a-boo window   Insert is made of environmentally friendly Merino wool and TENCEL™ branded lyocell fiber blend that is super soft and naturally controls moisture (TENCEL™ is a trademark of Lenzing AG)   Heavy duty top-of-the-line plastic shell keeps little ones in place   High-strength handle transfers a large portion of the crash forces into the shell and protects baby's particularly sensitive head area   Installation options: BASE curv, BASE next (sold separately), vehicle belt, TÜV-certified for airplane      BASE curv:       Easy-to-engage ProxiPivot™ technology turns and glides the car seat out towards you in one smooth motion for more ergonomic ins and outs   Convenient 360° rotation makes harnessing a rear or forward-facing compatible car seat simple and secure   Simple 1-handed spin for hassle-free travels NEXT system™ compatible offering ultimate flexibility with multiple car seat solutions for the first four years   Multi-adjustable ISOFIX positions allow a custom fit to your vehicle seat   Quick-release button helps remove infant car seats in seconds   Built-in storage pocket for easy access to the user guide   Smart-swivel lock helps avoid misuse by ensuring the seat is in rear-facing mode until child is at least 15 months old and 76 cm tall   True lock™ base installation technology make set up swift, simple and secure using a vehicle’s ISOFIX anchor points   Crumple zone within the steel stability leg absorbs impact   Secure display with coloured indication bars on base confirms secure seat attachment   Low rebound bar provides plenty of legroom for growing passengers      Specification:    MIXX next:       Birth to 22 kg   Weight: 12.4 kg (without armbar and insert)   Dimensions: L 84 x W 60 x H 106 cm   Folded: L 76 x W 60 x H 43 cm      MIXX next carry cot:       Birth to 9 kg   Weight: 4.7 kg   Dimensions: L 89 x W 41.5 x H 62.5 cm   Folded: L 89 x W 42 x H 22 cm      ARRA flex:       Rear facing only   Child height: 40-87 cm   Child weight: Birth to 13 kg or approx. 24 months   Weight: 3.80 kg (not including insert or canopy)   Dimensions: L 64-73.5 x W 43.5 x H 58.5 cm      BASE curv:       Weight: 7.6 kg   Dimensions: L 66.5 x W 40.5 x H 26.8 cm",Travel Systems,910,Bundle Baby,120946,Baby Products,599,https://images2.productserve.com/?w=200&h=200&bg=white&trim=5&t=letterbox&url=ssl%3Awww.bundlebaby.com%2FImages%2FModels%2FFull%2F3419-14.jpg&feedId=111176&k=b63e67acbb9c9a4161341b664966f6138227d0a6,GBP,,0,https://www.bundlebaby.com/en/Nuna-MIXX-NEXT-and-ARRA-FLEX-Travel-System--Caviar/m-3419.aspx?PartnerID=578&utm_source=affiliate&utm_medium=affiliatewindow&utm_campaign=UnitedKingdom,,,£910.00,111176,Nuna,1,https://www.bundlebaby.com/Images/Models/Full/3419-1.jpg,https://www.bundlebaby.com/Images/Models/Full/3419-2.jpg,https://www.bundlebaby.com/Images/Models/Full/3419-4.jpg,https://www.bundlebaby.com/Images/Models/Original/3419-14.jpg,https://www.bundlebaby.com/Images/Models/Full/3419-3.jpg,Travel Bundle
https://www.awin1.com/pclick.php?p=45498587890&a=2771700&m=120946,Shnuggle Eco-Touch Nappy Bin Odour-Locking & Eco-Friendly- Taupe - Bin,45498587890,6337UK,https://www.bundlebaby.com/Images/Models/Full/3628.jpg,"Effortless, Hygienic and Eco-Friendly Shnuggle Nappy Disposal    Make every nappy change cleaner, simpler and more sustainable with the Shnuggle Eco-Touch Nappy Bin.      Thoughtfully designed for modern parents, this innovative nappy bin features a convenient one handed drop-and-go system and a cassette-free design that saves money while reducing plastic waste.    Unlike other nappy bins that require costly refill cassettes, the Eco Touch Nappy Bin works with standard bin liners or optional Shnuggle Better Bag Biodegradable bin liners, giving you a more environmentally conscious and cost -effective solution without compromising on hygiene.    Perfect for busy parents, its sleek, compact design fits beautifully into any nursery.    Holds up to 26 newborn nappies.    What's included:       1x Shnuggle Nappy Bin- Taupe       Please select:    Nappy Bin- No bin liners included     Nappy Bin + 30 Bin Liners = over 2 months supply.    Nappy Bin + 60 Bin Liners (Best Value) = over 5 months supply.    Key Features:       One-Handed 'Drop and Go' Operation – Designed for convenience when your hands are full   Dual-Seal Odour Airlock – Locks in odours, preventing bad smells from escaping, even when the lid is opened.  Keeping your nursery fresh and hygienic   Cassette-Free Design = Lower Cost and Less Waste – No need for expensive replacement cassettes, saving you money and reducing plastic waste   Biodegradable Bin Liners – Optional 100% biodegradable liners, making nappy disposal more environmentally friendly   Generous Capacity – Holds up to 26 size 1 nappies, reducing the frequency of emptying.  Ideal for busy days and nights   Universal Liner Compatibility – Compatible with any standard bin liner, offering flexibility and convenience      Specification:       Dimensions: L36 x W25 x H43 cm   Weight: 1.43 kg   Material: Made from 100% recyclable plastic   Capacity: Holds up to 26 size 1 nappies",Changing,39.95,Bundle Baby,120946,Baby Products,599,https://images2.productserve.com/?w=200&h=200&bg=white&trim=5&t=letterbox&url=ssl%3Awww.bundlebaby.com%2FImages%2FModels%2FFull%2F3628.jpg&feedId=111176&k=d77b2f2ba11f8dd8986e055dd88266eceb00fae4,GBP,,4.95,https://www.bundlebaby.com/en/Shnuggle-Eco-Touch-Nappy-Bin-Odour-Locking-and-Eco-Friendly--Taupe/m-3628.aspx?PartnerID=578&utm_source=affiliate&utm_medium=affiliatewindow&utm_campaign=UnitedKingdom,,,£39.95,111176,Shnuggle,1,https://www.bundlebaby.com/Images/Models/Full/3628-1.jpg,https://www.bundlebaby.com/Images/Models/Full/3628-2.jpg,https://www.bundlebaby.com/Images/Models/Full/3628-4.jpg,https://www.bundlebaby.com/Images/Models/Original/3628.jpg,https://www.bundlebaby.com/Images/Models/Full/3628-3.jpg,Nappy Bin
https://www.awin1.com/pclick.php?p=45053151992&a=2771700&m=120946,Shnuggle Better Bag Nappy Bin Liners 100% Biodegradable & Odour-Trapping,45053151992,6123UK,https://www.bundlebaby.com/Images/Models/Full/3629.jpg,"Shnuggle Better Bag Nappy Bin Liners – Eco-Friendly & Odour-Trapping Disposal    The Shnuggle Better Bag Nappy Bin Liners provide an eco-friendly and hygienic solution for disposing of your baby's nappies.    Made from 100% biodegradable materials, these liners help reduce environmental impact while effectively trapping odours to keep your nursery fresh and clean.    Pair these liners with the Shnuggle Eco-Touch Nappy Bin for a sustainable and odour-free nappy disposal solution.    What's included:       1x Shnuggle Better Bag Nappy Bin Liners 30 Pack      Key Features:       100% Biodegradable – Crafted from environmentally friendly materials that decompose naturally, reducing plastic waste   Odour-Trapping Design – Specially designed to lock in unpleasant smells, keeping your nursery fresh   Generous Capacity – Each pack includes 30 liners, providing up to 90 days of use when used with the Shnuggle Eco-Touch Nappy Bin   Universal Fit – Optimised for the Shnuggle Eco-Touch Nappy Bin but compatible with other bins requiring similar-sized liners   Durable & Reliable – Strong and tear-resistant, ensuring a hassle-free disposal experience      Specifications:       Liner Dimensions: 48 cm x 70 cm, accommodating multiple nappies before needing replacement.   Pack Includes: 2 Rolls of 15 liners for a total of 30 liners.   Material: 100% biodegradable, eco-conscious plastic alternative.   Storage Recommendations: Store in a cool, dry place to maintain product integrity.",Changing,9.99,Bundle Baby,120946,Baby Products,599,https://images2.productserve.com/?w=200&h=200&bg=white&trim=5&t=letterbox&url=ssl%3Awww.bundlebaby.com%2FImages%2FModels%2FFull%2F3629.jpg&feedId=111176&k=36ccf6bf427765333e37e509db86ddd3f69342a7,GBP,,4.95,https://www.bundlebaby.com/en/Shnuggle-Better-Bag-Nappy-Bin-Liners-100-Biodegradable-and-Odour-Trapping/m-3629.aspx?PartnerID=578&utm_source=affiliate&utm_medium=affiliatewindow&utm_campaign=UnitedKingdom,,,£9.99,111176,Shnuggle,1,,,,https://www.bundlebaby.com/Images/Models/Original/3629.jpg,,Nappy Bin
https://www.awin1.com/pclick.php?p=45563228448&a=2771700&m=120946,Nuna ARRA Flex Infant Car Seat- Caviar - Without ISOFIX Base,45563228448,6341UK,https://www.bundlebaby.com/Images/Models/Full/2089.jpg,"For those busy days and long journeys, ARRA flex infant car seat provides a smooth transition from crib to carrier. Its three recline positions, including a relaxed 157° recline position, allow baby to lie comfortably whether secured to the BASE next, installed using the vehicle belt or attached to a pushchair.    The lightweight ARRA flex is i-Size approved and offers innovative safety features along with ergonomic advantages that provide you and your baby with the ultimate freedom for every journey.    Key Features:       Vehicle belt path installation   i-Size certified   157° recline angle   NEXT system compatible   Lightweight at 3.9 kg   Meets R129 safety standards    No-rethread harness   5-second True lock™ installation   Heavy duty shell   Removable Merino wool insert- Removable newborn insert provides customisable comfort    EPP energy-absorbing foam   Tailor tech™ foam   Removable full-coverage UPF 50+ canopy    Peek-a-boo window   10-position headrest   Leatherette carry handle   1-handed height-adjustable headrest sports 10 positions to accommodate growth   Travel system ready   EPP energy-absorbing foam takes side impact security to the next level   i-Size certified and meets the highest R129 safety standards that include side impact testing for your peace of mind   Headrest’s patented Tailor tech™ memory foam provides added security for a comfortable custom fit that grows with baby      What's in the box?:       ARRA Next Flex- Caviar    Merino wool insert   Car seat LATCH guides   Optional- Nuna Base Curv ISOFIX       Compatible with Nuna Base Next and Nuna Base Curv isofix bases (Sold Separately)    The 157° recline keeps baby's head, spine, and hips in an ideal position for healthy development, making it exempt from the 2-hour limit usage recommendation    Ergonomic advantages- Converts to a flat reclining seat with a 157° recline in the vehicle or on a pushchair, keeping baby's head, spine, and hips in an ideal position for healthy development.      Installation options- Side and rear belt guides give you a choice of installation method–vehicle belt, BASE next or as a travel system with a compatible pushchair.    NEXT system compatible- The NEXT system offers ultimate flexibility with a variety of solutions for the first 4 years. Stage 1: ARRA Flex, Stage 2: TODL.    Measurements:        Rear-facing only   Child height 40-87 cm   Birth to 13 kg or approx. 24 months   L 72-77 cm, W 43.5 cm, H 58.5 cm   3.9 kg (weight does not include inserts or canopy)",Car Seats Group 0+,250,Bundle Baby,120946,Baby Products,599,https://images2.productserve.com/?w=200&h=200&bg=white&trim=5&t=letterbox&url=ssl%3Awww.bundlebaby.com%2FImages%2FModels%2FFull%2F2089.jpg&feedId=111176&k=226f1f7a13af55550ffdc0cc9b2dca498e678cfa,GBP,,0,https://www.bundlebaby.com/en/Nuna-ARRA-Flex-Infant-Car-Seat--Caviar/m-2089.aspx?PartnerID=578&utm_source=affiliate&utm_medium=affiliatewindow&utm_campaign=UnitedKingdom,,,£250.00,111176,Nuna,1,https://www.bundlebaby.com/Images/Models/Full/2089-1.jpg,https://www.bundlebaby.com/Images/Models/Full/2089-2.jpg,https://www.bundlebaby.com/Images/Models/Full/2089-4.jpg,https://www.bundlebaby.com/Images/Models/Original/2089.jpg,https://www.bundlebaby.com/Images/Models/Full/2089-3.jpg,Car Seats
https://www.awin1.com/pclick.php?p=43007249309&a=2771700&m=120946,Venicci Tiago 360 ISOFIX Base,43007249309,3409UK,https://www.bundlebaby.com/Images/Models/Full/2068.jpg,"Dedicated 360° base for Tiago car seat    The Tiago seat can also be mounted on a 360° swivel base, making everyday use even easier.    For the sake of safety, the base is also i-Size compliant (ECE R129/03). But that's not all, we have included an additional rear barrier which offers maximum security.     The leg end has been secured with rubber, making it difficult to move it in any way. It will fit perfectly in a variety of cars. It can also be easily removed for easy storage of the base. With the Tiago base you can be sure that the installation has been done correctly. The indicators let you know if the child seat and base are securely fastened in the car.    The 360° rotatable isofix base offers many advantages...    Ease of fitting your child in the seat - the swivel base allows you to rotate the seat towards the car door, making it much easier to fit and remove your child from the seat.    Time-saving - turning the seat towards the door makes the whole process of seating and removing your child quicker and less tedious. This is especially valuable in everyday situations when every minute counts.    Ergonomics - the swivel base minimises the need to bend and twist the body in an uncomfortable way, reducing the risk of back pain or injury.    Easier to use in small cars - in vehicles with limited space, where manoeuvring the seat may be difficult, the swivel base makes it easier to access the child and increases comfort.    Suitability in a variety of weather conditions - in situations where weather conditions are unfavourable (e.g. rain, snow), quickly rotating the seat towards the door minimises the amount of time the child is exposed to cold or wet conditions, making the journey and experience more comfortable.    These advantages show that the Tiago seat, combined with the 360-degree swivel base, is a solution that can significantly improve the quality of everyday child seat use, increasing both comfort and safety when travelling.",Car Seat Bases,199,Bundle Baby,120946,Baby Products,599,https://images2.productserve.com/?w=200&h=200&bg=white&trim=5&t=letterbox&url=ssl%3Awww.bundlebaby.com%2FImages%2FModels%2FFull%2F2068.jpg&feedId=111176&k=93bd93aac76ea8af17a4a3929c6fe0f559618ee4,GBP,,0,https://www.bundlebaby.com/en/Venicci--Tiago-360-ISOFIX-Base/m-2068.aspx?PartnerID=578&utm_source=affiliate&utm_medium=affiliatewindow&utm_campaign=UnitedKingdom,,,£199.00,111176,Venicci,1,https://www.bundlebaby.com/Images/Models/Full/2068-1.jpg,https://www.bundlebaby.com/Images/Models/Full/2068-2.jpg,,https://www.bundlebaby.com/Images/Models/Original/2068.jpg,https://www.bundlebaby.com/Images/Models/Full/2068-3.jpg,ISOFIX Base
https://www.awin1.com/pclick.php?p=43718247706&a=2771700&m=120946,Joie i-Traver Car Seat- Maple,43718247706,5330UK,https://www.bundlebaby.com/Images/Models/Full/3061.jpg,"Joie i-Traver, is a forward-facing Group 2/3 i-Size car seat designed to grow with your child from 100cm to 150cm (approx. 4–12 years). Certified to the i-Size ECE R129/03 standard, the i-Traver delivers advanced safety, effortless adjustability, and long-lasting comfort for every journey.    Built with three layers of protection, the exclusive Tri-Protect™ headrest features Intelli-Fit™ memory foam, absorbing impact and providing superior head and neck protection. For added reassurance, Guard Surround Safety™ panels enhance side-impact protection while remaining removable to create extra space when needed.    The 10-position, one-hand adjustable headrest allows quick and easy height changes—perfect for growing children or when switching between passengers. Installation is simple and secure thanks to high-strength steel ISOFIX connectors, which firmly lock the seat into your vehicle’s anchor points, while colour-coded belt guides ensure correct and intuitive seatbelt routing every time.    Key Features:       Suitable forward-facing from 100–150cm (approx. 4–12 years)   Meets i-Size ECE R129/03 safety standards   Tri-Protect™ headrest with three layers of protection, including Intelli-Fit™ memory foam   Guard Surround Safety™ panels for enhanced side-impact protection   10-position, one-hand height adjustable headrest   3-position AutoAdjust™ seat depth for growing legs   Adjustable ISOFIX connectors made with high-strength steel   Secure installation using vehicle 3-point seat belt, with or without ISOFIX   Fits 3 i-Size boosters across the second row of any i-Size vehicle   Lightweight design for easy transfer between vehicles   Well-marked belt guides for quick and intuitive installation   2-position reclining backrest for added comfort   Padded armrests and plush knit fabrics   Removable, machine-washable covers      What's included:       Joie i-Traver i-Size Group 2/3 car seat   Integrated ISOFIX connectors   Removable Guard Surround Safety™ panels      Specification:       Product usage: Group 2/3 (100cm–150cm)   Dimensions: L 48–50cm × W 56cm × H 63.5–84cm   Product weight: 5.6kg   Installation: Forward-facing using 3-point vehicle belt, with or without ISOFIX",Car Seats Group 2/3 (4-12 Years old),100,Bundle Baby,120946,Baby Products,599,https://images2.productserve.com/?w=200&h=200&bg=white&trim=5&t=letterbox&url=ssl%3Awww.bundlebaby.com%2FImages%2FModels%2FFull%2F3061.jpg&feedId=111176&k=89ea62ac07b1a97bc5e96a4ab0eb75eed9646c27,GBP,,0,https://www.bundlebaby.com/en/Joie-i-Traver-Car-Seat--Maple/m-3061.aspx?PartnerID=578&utm_source=affiliate&utm_medium=affiliatewindow&utm_campaign=UnitedKingdom,,,£100.00,111176,Joie,1,https://www.bundlebaby.com/Images/Models/Full/3061-1.jpg,https://www.bundlebaby.com/Images/Models/Full/3061-2.jpg,https://www.bundlebaby.com/Images/Models/Full/3061-4.jpg,https://www.bundlebaby.com/Images/Models/Original/3061.jpg,https://www.bundlebaby.com/Images/Models/Full/3061-3.jpg,Car Seats
https://www.awin1.com/pclick.php?p=44002530877&a=2771700&m=120946,Baby Brezza One Step Food Maker Deluxe,44002530877,5513UK,https://www.bundlebaby.com/Images/Models/Full/3186.jpg,"Introducing the Baby Brezza One Step Food Maker Deluxe, the easiest way to make homemade baby food. It automatically steams and blends food to your preference in one easy step without the need to transfer when cooking. So, in as little as 10 minutes you can make 820ml of healthy and delicious baby food.    Simply place food in the compartment, choose from 3 functions on the easy to use LCD Control Panel (Steam & Blend; Steam Only; Blend Only) and set your desired cooking times. Also includes 3 handy reusable food pouches and filling funnels so that you can easily make, serve, and store baby food. BPA-FREE; 1-year limited warranty    What's included:       Baby Brezza One Step Food Maker Deluxe   x3 Reusable Food Pouches and filling funnels      Key Features:       The easiest way to make tasty homemade baby food, in as little as 10 minutes.   One-step process which automatically steams, then blends homemade baby food, which means there’s no need to make a mess transferring the food between machines.   4 stainless steel blades that precisely blend baby food for every stage of your baby’s development.   12-piece system that includes everything you need to make, store, and serve baby food. The three baby food pouches are perfect both for feeding and for storing as they are suitable for freezing and are even dishwasher safe.   Extremely easy to clean with the steam tank and water tank being fully accessible, and the bowl and viper blade being dishwasher safe   Has a 3-in-1 functionality with “Steam Only”, “Blend Only” or “Steam and Blend” options which you can select on the LCD control panel.   Can be used for non-baby foods such as pasta, vegetables, hard-boiled eggs or even soup.   BPA-FREE; 1 year limited warranty      Look After Me:    Make sure to thoroughly clean the One Step Food Maker Deluxe, the food pouches and the filling funnels after every use.    Ensure the lid is properly fitted before using the food maker.    Keep the food maker out of the reach of children, this is not a toy and can be harmful if misused.    FAQs    Is the Baby Brezza One Step Food Maker Deluxe dishwasher safe?    The bowl and blade are top rack dishwasher safe, as well as the included food pouches and filling funnels. The drive shaft should always be removed before washing.    All other parts are hand washable. We recommend further cleaning for the steam tank to prevent the build-up of mineral deposits. Please refer to the user manual or get in touch if you are unsure of any of our recommendations.    Do I need to peel fruits and vegetables before using in the Baby Brezza One Step Food Maker Deluxe?    We recommend peeling fruits and vegetables for young babies. We also recommend checking with your paediatrician before offering any new foods, including fruit and vegetable peels and skins, to your child.",Food Preparation,159,Bundle Baby,120946,Baby Products,599,https://images2.productserve.com/?w=200&h=200&bg=white&trim=5&t=letterbox&url=ssl%3Awww.bundlebaby.com%2FImages%2FModels%2FFull%2F3186.jpg&feedId=111176&k=7867650ee77308a02e8bf9a6e4129090e1635122,GBP,,0,https://www.bundlebaby.com/en/Baby-Brezza-One-Step-Food-Maker-Deluxe/m-3186.aspx?PartnerID=578&utm_source=affiliate&utm_medium=affiliatewindow&utm_campaign=UnitedKingdom,,,£159.00,111176,Baby Brezza,1,https://www.bundlebaby.com/Images/Models/Full/3186-1.jpg,https://www.bundlebaby.com/Images/Models/Full/3186-2.jpg,https://www.bundlebaby.com/Images/Models/Full/3186-4.jpg,https://www.bundlebaby.com/Images/Models/Original/3186.jpg,https://www.bundlebaby.com/Images/Models/Full/3186-3.jpg,Formula Prep Machine
https://www.awin1.com/pclick.php?p=44195337925&a=2771700&m=120946,Rockit Wooshh,44195337925,5706UK,https://www.bundlebaby.com/Images/Models/Full/3327.jpg,"No more making shushing sounds to help your baby doze off. This pocket-sized sleep aid produces comforting sounds that will encourage babies to drift off and mask disruptive noises. Helping babies to sleep soundly wherever they are.    Using advanced music mastering techniques, the Woosh produces high-quality sounds from a small but innovative speaker, specially recorded and mixed to achieve soothing qualities.    Featuring 8 sounds in total, parents can choose from two types of shushing noises, two calming water sounds (stream or heavy rain) and womb noises to recreate the soothing environment babies experience during pregnancy. Furthermore, the ambient music is perfect to use as a sleep cue in the bedtime routine, plus there’s a truly relaxing purring cat sound. Lastly, the Wooshh features a genuine recording from outer space* that will transport them to the Land of Nod.    Key Features:       Choose from 8 sounds and 4 volume levels to create the perfect soothing environment for your baby   Versatile design allows you to stand, clip or strap it out of reach of your baby, wherever you are   The small compact design fits in any bag or even your pocket so it’s easy to transport on the go   No need for batteries, simply use the USB cable included to recharge the device   1-hour auto-shutdown mode is great for daytime naps, or you can also switch to the 10-hour all-night mode, useful for those extra tricky nights.      * Space sound used with kind permission from NASA.    What's included:       1x Wooshh   1 x USB cable   1 x Strap   1x User Instructions      Size + Fit:       Dimensions: H 60mm x W 36mm x D 36mm   Weight: 36g      Safety:       Keep out of reach of children (small parts).   Never place the product in or attach to a cot, crib, or bed.",Pushchair Accessories,24.99,Bundle Baby,120946,Baby Products,599,https://images2.productserve.com/?w=200&h=200&bg=white&trim=5&t=letterbox&url=ssl%3Awww.bundlebaby.com%2FImages%2FModels%2FFull%2F3327.jpg&feedId=111176&k=23f8778a310617fe3d2f1579b4008d938df36989,GBP,,4.95,https://www.bundlebaby.com/en/Rockit-Wooshh/m-3327.aspx?PartnerID=578&utm_source=affiliate&utm_medium=affiliatewindow&utm_campaign=UnitedKingdom,,,£24.99,111176,Rockit,1,https://www.bundlebaby.com/Images/Models/Full/3327-1.jpg,https://www.bundlebaby.com/Images/Models/Full/3327-2.jpg,https://www.bundlebaby.com/Images/Models/Full/3327-4.jpg,https://www.bundlebaby.com/Images/Models/Original/3327.jpg,https://www.bundlebaby.com/Images/Models/Full/3327-3.jpg,White Noise Machine
https://www.awin1.com/pclick.php?p=44710373430&a=2771700&m=120946,"Egg Egg3, Egg Shell 360 + Home Bundle",44710373430,5970UK,https://www.bundlebaby.com/Images/Models/Full/3501.jpg,"Egg3 Travel System and home, this bundle includes your Egg3 Travel System with Egg Shell 360 Car Seat and Egg Shell ISOFIX rotating base, It also includes a bedside crib, travel cot, and soothing baby bouncer, giving you everything you need for everyday adventures, naps, overnight stays, and relaxing at home.    What's included:       Egg3 Stroller    Egg3 Stroller Raincover   Egg3 Stroller Incet Net   Egg3 Stroller Apron    Egg3 Carrycot    Egg3 Carrycot Raincover   Egg3 Reversible Fleece Seat Liner   Egg3 Changing Backpack    Egg3 Footmuff    Egg3 Car Seat Adapters   Egg Shell 360 Car Seat   Egg 360 ISOFIX Base    3-in-1 Travel Cot- Beige & Walnut    Bedside Crib & Mattress- Beige & Walnut    Baby Bouncer with Toy Bar- Beige & Walnut       Key Features of Egg3 Stroller:       Extra large canopy with UPF 50+ protection, featuring a ventilation window   Five position handle height adjustment – 99 – 111cm   Luxury hand-stitched leatherette handlebar   One-pull, 5-point harness for easy adjustment   Removable gated luxury bumper bar   Five position calf adjustment   Concealed storage compartment   Insect net included and stored under calf support   Tru-Ride® Technology tyres with quick release   Shopping basket with 3kg capacity   Swivel or lockable front wheels   All-round suspension   Easy adjustable headrest and harness height   Three-position, one-hand recline parent and world facing seat unit   Convert into tandem mode with the egg2® / egg3® tandem adaptors   Suitable from 6 months to 25kg (from birth with the egg3® carrycot)      Key Features of Egg3 Carrycot:       Extra large canopy with UPF 50+ protection, featuring a ventilation window   Carry handle   Removable apron   Breathable, renewable Sorona® mattress   Luxury inner quilting   Suitable for overnight sleeping (remove apron and put canopy back for airflow   Rocking rails on the base, with stabilising feet   Ergonomic carrycot release handle      Key Features of Egg Shell 360 Car Seat:    The egg® Shell 360 Infant Car Seat is designed to deliver premium safety, comfort, and convenience from newborn up to 87cm. Approved to the latest R129/04 safety standard, this luxurious infant carrier ensures  combines intelligent design with effortless everyday usability.    Paired with the 360 ISOFIX Base, the Shell 360 offers smooth rotation, allowing you to turn the seat towards the car door for easy access when placing or lifting your baby. The seat features enhanced side impact protection, an adjustable headrest, and a multi-position handle for seamless transitions between car, stroller, and home.    With its ergonomic design, plush newborn cushioning, and intuitive installation, the egg® Shell 360 ensures every journey is as safe as it is comfortable, for both parent and baby.    Key Features of Egg 360 ISOFIX Base:    Designed to make every journey simpler and more secure, the egg® 360 ISOFIX Base provides a reliable foundation for your egg® Shell 360 & egg® Toddler 360 car seat. Engineered with both convenience and safety in mind, it allows for quick, stress-free installation, so you can focus on what matters most.    Using your vehicle’s ISOFIX anchorage points, the base creates a solid, secure connection, while the integrated support leg adds extra stability for enhanced peace of mind. Clear visual indicators guide you through correct installation, helping to minimise the risk of user error every time.    The intuitive one-click release system makes lifting your car seat in and out of the car effortless, perfect for busy parents on the go. Whether you’re heading out for a quick trip or a longer journey, the 360 ISOFIX Base ensures a smooth transition from car to stroller without disruption.    Bedside Crib & Mattress- Beige:    A modern freestanding crib designed to provide a cosy and secure sleeping space beside your bed.    Key Features:       Suitable from birth up to 9kg (approx. 6 months)   Includes comfortable crib mattress   Breathable mesh sides for airflow and visibility   Stylish lightweight frame with wood-look legs   Built-in storage shelf for baby essentials   Easy to move and assemble   Modern neutral design to suit any room      3-in-1 Travel Cot- Beige:    A lightweight and versatile travel cot that transforms from a newborn bassinet into an infant cot and toddler playpen.    Key Features:       Suitable from birth up to 15kg (approx. 3 years)   Functions as bassinet, travel cot, and playpen   Removable raised bassinet for easier access to newborns   Breathable mesh sides for airflow and visibility   Lightweight design with compact fold for storage and travel   Quick and easy assembly Includes padded mattress base      Baby Bouncer with Toy Bar- Beige:    A comfortable and soothing baby bouncer that moves naturally with your baby’s motions, no batteries required.    Key Features:       Suitable from birth up to 9kg   Natural bouncing motion with no batteries needed   3 recline positions for comfort   Padded 3-point safety harness   Removable toy bar with plush developmental toys   Lightweight with compact flat fold for easy storage      Specification:    egg3® Stroller       Boxed (Stroller & Seat Unit): H87 × D37.5 × W50.2cm   Weight: 19kg   Chassis with Wheels (Folded): H71 × D32 × W59cm   Weight: 10.3kg   Chassis with Wheels & Seat Unit (World Facing): H113 × W59 × L84.5–96cm   Weight: 15.3kg   Chassis without Wheels: H69 × W50 × D30.5cm   Weight: 7kg   Seat Unit Exterior (Smallest Size): L88 × W47 × D30cm   Weight: 5kg   Front Wheel Diameter: 18.8cm - Rear Wheel Diameter: 28cm   Handle Height Adjustment: 99–111cm   Shopping Basket Capacity: 21 litres   Max Load: 3kg      egg3® Carrycot       Boxed: W42.6 x D22.2 x H87cm   Carrycot (smallest size): L87 x W42 x D28cm   Weight: 4.35kg   Carrycot Interior: L80 x W42 x D17cm   Mattress Size: 32.5 x 76.8cm      Egg Shell 360 Car Seat       Age suitability: Birth to approx. 15 months   Child height: 40cm – 87cm   Standard: i-Size (UN R129) compliant   Installation methods: The egg 360 ISOFIX base is recommended for the infant car seat and required for the toddler seat. The infant car seat can also be installed using the vehicle seat belt.   Harness: 5-point safety harness   Compatibility: egg® stroller range (with adaptors)   Base compatibility: egg® Shell 360 ISOFIX Base      Egg3 products come with a 24-month warranty.",Bundles,1599,Bundle Baby,120946,Baby Products,599,https://images2.productserve.com/?w=200&h=200&bg=white&trim=5&t=letterbox&url=ssl%3Awww.bundlebaby.com%2FImages%2FModels%2FFull%2F3501.jpg&feedId=111176&k=5c27b821c0b3d2f52f2fd4477e222d29e73a0a63,GBP,,0,https://www.bundlebaby.com/en/Egg-Egg3-Egg-Shell-360--Home-Bundle/k-3501.aspx?PartnerID=578&utm_source=affiliate&utm_medium=affiliatewindow&utm_campaign=UnitedKingdom,,,"£1,599.00",111176,Egg,1,https://www.bundlebaby.com/Images/Models/Full/3501-1.jpg,https://www.bundlebaby.com/Images/Models/Full/3501-2.jpg,https://www.bundlebaby.com/Images/Models/Full/3501-4.jpg,https://www.bundlebaby.com/Images/Models/Original/3501.jpg,https://www.bundlebaby.com/Images/Models/Full/3501-3.jpg,Travel Bundle
https://www.awin1.com/pclick.php?p=44710373431&a=2771700&m=120946,"Egg Egg3, Egg Shell 360 + Shnuggle Air Lite Bundle Bundle",44710373431,5971UK,https://www.bundlebaby.com/Images/Models/Full/3502.jpg,"Egg3, Cybex Cloud T i-Size and Shnuggle Air Lite bundle, this bundle includes your Egg3 Travel System with Egg Shell 360 Car Seat and Egg Shell ISOFIX rotating base , and Shnuggle Air Lite Bedside Crib with matching Shnuggle fitted sheets and Shnuggle Moonlight Nightlight.    What's included:       Egg3 Stroller    Egg3 Stroller Raincover   Egg3 Stroller Incet Net   Egg3 Stroller Apron    Egg3 Carrycot    Egg3 Carrycot Raincover   Egg3 Reversible Fleece Seat Liner   Egg3 Changing Backpack    Egg3 Footmuff    Egg3 Car Seat Adapters   Egg Shell 360 Car Seat   Egg 360 ISOFIX Base    Shnuggle Air Lite Bedside Crib   Shnuggle Crib Fitted Sheets 2 Pack   Shnuggle Crib Waterproof Mattress Protector    Shnuggle Moonlight Plus Nightlight with Digital Room Temperature Display      Key Features of Egg3 Stroller:       Extra large canopy with UPF 50+ protection, featuring a ventilation window   Five position handle height adjustment – 99 – 111cm   Luxury hand-stitched leatherette handlebar   One-pull, 5-point harness for easy adjustment   Removable gated luxury bumper bar   Five position calf adjustment   Concealed storage compartment   Insect net included and stored under calf support   Tru-Ride® Technology tyres with quick release   Shopping basket with 3kg capacity   Swivel or lockable front wheels   All-round suspension   Easy adjustable headrest and harness height   Three-position, one-hand recline parent and world facing seat unit   Convert into tandem mode with the egg2® / egg3® tandem adaptors   Suitable from 6 months to 25kg (from birth with the egg3® carrycot)      Key Features of Egg3 Carrycot:       Extra large canopy with UPF 50+ protection, featuring a ventilation window   Carry handle   Removable apron   Breathable, renewable Sorona® mattress   Luxury inner quilting   Suitable for overnight sleeping (remove apron and put canopy back for airflow   Rocking rails on the base, with stabilising feet   Ergonomic carrycot release handle      Key Features of Egg Shell 360 Car Seat:    The egg® Shell 360 Infant Car Seat is designed to deliver premium safety, comfort, and convenience from newborn up to 87cm. Approved to the latest R129/04 safety standard, this luxurious infant carrier ensures  combines intelligent design with effortless everyday usability.    Paired with the 360 ISOFIX Base, the Shell 360 offers smooth rotation, allowing you to turn the seat towards the car door for easy access when placing or lifting your baby. The seat features enhanced side impact protection, an adjustable headrest, and a multi-position handle for seamless transitions between car, stroller, and home.    With its ergonomic design, plush newborn cushioning, and intuitive installation, the egg® Shell 360 ensures every journey is as safe as it is comfortable, for both parent and baby.    Key Features of Egg 360 ISOFIX Base:    Designed to make every journey simpler and more secure, the egg® 360 ISOFIX Base provides a reliable foundation for your egg® Shell 360 & egg® Toddler 360 car seat. Engineered with both convenience and safety in mind, it allows for quick, stress-free installation, so you can focus on what matters most.    Using your vehicle’s ISOFIX anchorage points, the base creates a solid, secure connection, while the integrated support leg adds extra stability for enhanced peace of mind. Clear visual indicators guide you through correct installation, helping to minimise the risk of user error every time.    The intuitive one-click release system makes lifting your car seat in and out of the car effortless, perfect for busy parents on the go. Whether you’re heading out for a quick trip or a longer journey, the 360 ISOFIX Base ensures a smooth transition from car to stroller without disruption.    Key Features of Shnuggle Air Lite Bedside Crib:       Dual breathable mesh side panels with larger outer panel to maximise airflow   Includes supportive, breathable, hypo-allergenic mattress   Whisper quiet drop-down side   Rigid low level safety wall to allow side to remain lowered for safe bedside sleeping   Gentle incline to help ease colic and reflux   Large storage hammock   Removable and washable fabrics   Easily lock the drop side into place for bedside sleeping or use as a standalone crib   Tested to very latest crib safety standard BS EN 1130:2019   6 height adjustments to fit most bed heights up to 68cm+. Max mattress height of 70cm   Compact and lightweight design without compromising on sleep space      Specification:    egg3® Stroller       Boxed (Stroller & Seat Unit): H87 × D37.5 × W50.2cm   Weight: 19kg   Chassis with Wheels (Folded): H71 × D32 × W59cm   Weight: 10.3kg   Chassis with Wheels & Seat Unit (World Facing): H113 × W59 × L84.5–96cm   Weight: 15.3kg   Chassis without Wheels: H69 × W50 × D30.5cm   Weight: 7kg   Seat Unit Exterior (Smallest Size): L88 × W47 × D30cm   Weight: 5kg   Front Wheel Diameter: 18.8cm - Rear Wheel Diameter: 28cm   Handle Height Adjustment: 99–111cm   Shopping Basket Capacity: 21 litres   Max Load: 3kg      egg3® Carrycot       Boxed: W42.6 x D22.2 x H87cm   Carrycot (smallest size): L87 x W42 x D28cm   Weight: 4.35kg   Carrycot Interior: L80 x W42 x D17cm   Mattress Size: 32.5 x 76.8cm      Egg Shell 360 Car Seat       Age suitability: Birth to approx. 15 months   Child height: 40cm – 87cm   Standard: i-Size (UN R129) compliant   Installation methods: The egg 360 ISOFIX base is recommended for the infant car seat and required for the toddler seat. The infant car seat can also be installed using the vehicle seat belt.   Harness: 5-point safety harness   Compatibility: egg® stroller range (with adaptors)   Base compatibility: egg® Shell 360 ISOFIX Base",Bundles,1599,Bundle Baby,120946,Baby Products,599,https://images2.productserve.com/?w=200&h=200&bg=white&trim=5&t=letterbox&url=ssl%3Awww.bundlebaby.com%2FImages%2FModels%2FFull%2F3502.jpg&feedId=111176&k=05c43acad007da54a38901e09d7714bc3286c60d,GBP,,0,https://www.bundlebaby.com/en/Egg-Egg3-Egg-Shell-360--Shnuggle-Air-Lite-Bundle-Bundle/k-3502.aspx?PartnerID=578&utm_source=affiliate&utm_medium=affiliatewindow&utm_campaign=UnitedKingdom,,,"£1,599.00",111176,Egg,1,https://www.bundlebaby.com/Images/Models/Full/3502-1.jpg,https://www.bundlebaby.com/Images/Models/Full/3502-2.jpg,https://www.bundlebaby.com/Images/Models/Full/3502-4.jpg,https://www.bundlebaby.com/Images/Models/Original/3502.jpg,https://www.bundlebaby.com/Images/Models/Full/3502-3.jpg,Travel Bundle
https://www.awin1.com/pclick.php?p=44716217205&a=2771700&m=120946,Bugaboo Fox 5 Renew + SnuzPod 5 Bundle,44716217205,5977UK,https://www.bundlebaby.com/Images/Models/Full/3507.jpg,"Give your little one the best start in life with the Ultimate Newborn Essentials Bundle- a premium collection of carefully selected baby must-haves designed to make everyday parenting easier, safer, and more enjoyable. Whether at home, on the go, or in the car, this bundle ensures your baby experiences comfort, security, and convenience in every moment.    Bugaboo Fox 5 Renew Complete Pushchair:    Take on any adventure with this all-terrain, ultra-maneuverable pushchair, designed for effortless strolling and maximum comfort. The advanced suspension, puncture-proof wheels, and ergonomic seat ensure a smooth ride from birth up to 22kg, while the one-handed folding system and spacious storage basket add practicality for parents on the move.    SnuzPod5 Bedside Crib:    Keep your baby close and comfortable with the UK’s favourite bedside crib now with detachable wheels. Featuring breathable mesh windows, a supportive 3D mesh mattress, and an easy zip-down wall, it makes nighttime feeding and soothing effortless. The rocking stand, lift-off bassinet, and comfort incline mode ensure a better sleep for both baby and parents.    Cybex Cloud T i-Size Car Seat:    Designed for exceptional safety and ergonomic comfort, this car seat features a revolutionary lie-flat position, promoting better breathing and spinal development. When combined with the Base T (included), it reclines inside the car and features 180° rotation for effortless in-and-out access. The ventilation system ensures optimal comfort in every season.    Cybex Base T:    Enjoy stress-free car seat installation with the Cybex Base T. Featuring an easy click-in design, ISOFIX release buttons, and a secure rotation mechanism, it allows you to safely and effortlessly place your baby in and out of the car seat while ensuring a stable and reliable connection for every journey.    Shnuggle Baby Bath:    Make bath time fun, safe, and easy with the award-winning Shnuggle Baby Bath. The clever bum bump design prevents baby from sliding, while the soft foam backrest keeps them cosy and supported. With a handy water plug for easy emptying and a compact design that keeps water warm longer, it's perfect for newborns up to 12 months.    What's included:       Bugaboo Fox 5 Renew Stroller + Carrycot    Bugaboo Fox 5 Car Seat Adaptors    Cybex Cloud T i-Size Car Seat- Sepia Black   Cybex Base T    SnuzPod 5 Bedside Crib    SnuzPod Crib Fitted Sheets White 2 Pack   SnuzPod Waterproof Mattress Protector    Shnuggle Baby Bath    Shnuggle Washy Bath Jug",Bundles,1649.95,Bundle Baby,120946,Baby Products,599,https://images2.productserve.com/?w=200&h=200&bg=white&trim=5&t=letterbox&url=ssl%3Awww.bundlebaby.com%2FImages%2FModels%2FFull%2F3507.jpg&feedId=111176&k=018706ec49ee756fbcfe033ca1ba9a9d1e9aa9b3,GBP,,0,https://www.bundlebaby.com/en/Bugaboo--Fox-5-Renew--SnuzPod-5-Bundle/k-3507.aspx?PartnerID=578&utm_source=affiliate&utm_medium=affiliatewindow&utm_campaign=UnitedKingdom,,,"£1,649.95",111176,Bugaboo,1,https://www.bundlebaby.com/Images/Models/Full/3507-1.jpg,https://www.bundlebaby.com/Images/Models/Full/3507-2.jpg,https://www.bundlebaby.com/Images/Models/Full/3507-4.jpg,https://www.bundlebaby.com/Images/Models/Original/3507.jpg,https://www.bundlebaby.com/Images/Models/Full/3507-3.jpg,Travel Bundle
https://www.awin1.com/pclick.php?p=43007249546&a=2771700&m=120946,Nuna Essential Bag - Thunder,43007249546,3503UK,https://www.bundlebaby.com/Images/Models/Full/2123.jpg,"The Nuna Essential bag redefines everyday luxury with its chic leatherette styling and versatile parenthood functionality. Crafted as a multi-tasking backpack that also serves as a diaper bag, it features a laptop-friendly design with a thoughtful array of exterior and interior pockets, a handy changing pad clutch, and a luggage trolley sleeve for travel convenience.    Whether strolling through the park or jet-setting for a weekend getaway, this stylish and functional accessory will add ease and elegance to your daily routine, ensuring you're well-prepared for any adventure, big or small.    Key Features:       Wear as a backpack or carry with the top-carry handle for stylish parenting on-the-go   Pocket on back unzips to become a trolley sleeve so you can slide over your luggage handle and go   Multiple interior pockets and two elastic water bottle holders for keeping everything organized   Exterior side pockets for quick access to bottles and other small items   Discreet wet or dry underside pocket is perfect for diaper storing   Mesh backing for breathability and comfort   Padded sleeve fits laptops up to 16 inches so you can stay connected   Structured underside with metal feet so it retains its shape and stands on its own   Changing pad clutch with magnetic closure and wristlet strap unfolds for a wipeable surface to lay baby   Adjustable shoulder straps allow you to customise your bag for comfort   Crafted with high-quality materials and fashion-forward functionality   Removable toiletry pouch with mesh pocket and wipeable interior for convenience while away from home   Embroidered Nuna logo on toiletry pouch and changing pad clutch   Includes dust bag for added protection when storing   Magnetic closure on outside pockets for extra security   Key leash inside front pocket keeps them easily within reach      What's included:       1x Changing Backpack   1x Changing pad clutch   1x Removable toiletry pouch   1x Dust bag      Measurements:       Weight: 1.07 kg (without changing pad and pouch)   L 37 x W 38 x H 17 cm",Pushchair Accessories,150,Bundle Baby,120946,Baby Products,599,https://images2.productserve.com/?w=200&h=200&bg=white&trim=5&t=letterbox&url=ssl%3Awww.bundlebaby.com%2FImages%2FModels%2FFull%2F2123.jpg&feedId=111176&k=7bde59762fb7f217ac8cdf00c930bb04ca72fbf0,GBP,,0,https://www.bundlebaby.com/en/Nuna-Essential-Bag/m-2123.aspx?PartnerID=578&utm_source=affiliate&utm_medium=affiliatewindow&utm_campaign=UnitedKingdom,,,£150.00,111176,Nuna,1,https://www.bundlebaby.com/Images/Models/Full/2123-1.jpg,https://www.bundlebaby.com/Images/Models/Full/2123-2.jpg,https://www.bundlebaby.com/Images/Models/Full/2123-4.jpg,https://www.bundlebaby.com/Images/Models/Original/2123.jpg,https://www.bundlebaby.com/Images/Models/Full/2123-3.jpg,Changing Bag
https://www.awin1.com/pclick.php?p=43953566478&a=2771700&m=120946,Tutti Bambini CoZee XL 5-in-1- Birth to 4+ Years Package- Scandinavian,43953566478,5470UK,https://www.bundlebaby.com/Images/Models/Full/3165.jpg,"The Tutti Bambini CoZee XL Complete Birth to 4+ Years Package in Scandinavian Walnut and Ecru offers a stylish, practical solution for your baby's sleep, growing with them from birth to approximately four years. Featuring a bedside crib, bassinet, cot, and toddler bed, it seamlessly transitions to a sofa for continued use.    The package includes a bedside crib with mattress, junior bed and sofa mode expansion, travel bag, bassinet accessories and sprung cot mattress - for cot, junior bed and sofa modes. Designed for comfort and convenience, its timeless finish complements any nursery, providing a versatile, long-lasting sleeping and seating solution.    Please note, babies should only be moved to a cot once they have outgrown the CoZee XL crib, usually at around 6 months of age*    What's Included:       CoZee XL bedside crib   Crib mattress   Co-sleeping straps   Carry case   Bassinet legs and rocking bars   Cot expansion accessories   Junior bed conversion accessories   Sofa conversion accessories   Sprung cot mattress      *Note: The cot mattress can be used for the cot mode, junior bed and sofa.    Key Features:       Suitable from 0-4 Years   Five versatile modes: crib, cot, bassinet, junior bed, and sofa   Includes mattresses for crib and cot for complete convenience   Designed to grow with your child from birth to early years   Close to you- Those first few weeks and months are when the greatest bond is formed with you and your baby. The Cozee bedside cribs offer a safe method of co-sleeping, keeping your baby close for your peace of mind   6 Height Options- Easily adjust the height of your Cozee XL with 6 different height options. You can even position one side higher than the other to help relieve the symptoms of reflux and congestion   Handy storage shelf- Need more than two hands? This practical under-crib storage shelf gives you a handy place to stow wipes, muslin squares, and favourite baby toys, right there, where you need them   Drop-Side Function- The drop-side is present on both the crib and cot modes and allows you to easily access your baby without reaching too far over the side      Care Instructions:       Zip off inner liner and mattress cover, pop in the washing machine for a deep clean.   Outer fabrics - Sponge clean with a mild detergent.   To clean the frame, just wipe down with a soft cloth and mild detergent.   Cot Mattress - Machine wash cover at 60 degrees Celsius.   Do not tumble dry, iron or expose to heat. Flip and rotate your mattress regularly to make it last longer.",Bedside Cribs,599,Bundle Baby,120946,Baby Products,599,https://images2.productserve.com/?w=200&h=200&bg=white&trim=5&t=letterbox&url=ssl%3Awww.bundlebaby.com%2FImages%2FModels%2FFull%2F3165.jpg&feedId=111176&k=cc93eb2c603a4546fe1708d65f5d02ba27fc5bb1,GBP,,0,https://www.bundlebaby.com/en/Tutti-Bambini-CoZee-XL-5-in-1--Birth-to-4-Years-Package--Scandinavian/m-3165.aspx?PartnerID=578&utm_source=affiliate&utm_medium=affiliatewindow&utm_campaign=UnitedKingdom,,,£599.00,111176,Tutti Bambini,1,https://www.bundlebaby.com/Images/Models/Full/3165-1.jpg,https://www.bundlebaby.com/Images/Models/Full/3165-2.jpg,https://www.bundlebaby.com/Images/Models/Full/3165-4.jpg,https://www.bundlebaby.com/Images/Models/Original/3165.jpg,https://www.bundlebaby.com/Images/Models/Full/3165-3.jpg,Next-to-Me Crib
https://www.awin1.com/pclick.php?p=45575644623&a=2771700&m=120946,Venicci Upline 3 Ultimate Bundle 4in1- Truffle - Tiago Car Seat- Black,45575644623,6353UK,https://www.bundlebaby.com/Images/Models/Full/3774.jpg,"The third generation of the bestselling Venicci Upline pram, now featuring the innovative Up2Go carrycot folding system.    What's included:       Upline 3 Pushchair    Upline 3 Carrycot   Upline 3 Footmuff   Upline 3 Mosquito Net   Upline 3 Rain Cover   Upline 3 Backpack   Upline 3 Changing Mat   Upline 3 Car Seat Adapters   Upline 3 Seat Unit Liner   Upline 3 Sun Shade for the Upline 3 Carrycot    Venicci Tiago 360 i-Size Car Seat    Venicci Tiago 360 base   Upline 3 Carrycot Stand   Upline 3 Carrycot Stand Adapters   Cup holder      Key Features:       Lightweight, easy-to-carry design   Compact and travel-friendly folding system   All-weather protection for year-round use   Comfortable and ergonomic for growing babies   Breathable materials for enhanced airflow   Quick and easy adjustments for everyday use   Complete travel system with essential accessories included   Stylish, coordinated design   Practical storage solutions for on-the-go convenience   Easy transition between car and pushchair      Frame:    Built around an ultra-lightweight frame made from durable aluminium, weighing just 5.9 kg. We’ve added a handy integrated strap, making it easy and comfortable to carry when folded. Paired with the folding carrycot and ergonomic seat, it creates a practical, intuitive set that fits perfectly into a busy, on-the-go lifestyle.    Carrycot:    Designed with your baby’s comfort and safety in mind, whatever the weather. Advanced water-repellent materials provide reliable protection from the rain, while on warmer days the UV 50+ fabric helps shield your little one’s delicate skin from harmful UV rays, keeping the interior cool and comfortable. In this latest version, the carrycot features the innovative Up2Go folding system, making it exceptionally compact when folded – ideal for easy storage and transport. Inside, there’s a soft, ergonomic mattress designed to support your baby’s developing spine.    Seat Unit:    The seat unit in the Upline 3 has been designed for even greater comfort on everyday strolls. Compared to the previous version, it’s up to 1.7 kg lighter, making the whole pushchair easier to handle. The ventilated backrest and the 3D fabric, improves airflow and helps keep your child comfortable even on warmer days. For added convenience, the footrest can be adjusted with a single button, allowing you to quickly adapt it to your child’s needs.    Footmuff:    On colder days, your little one needs extra protection from the cold and wind, and the footmuff included with the Upline 3 is the perfect solution. Made from water-repellent material, it keeps your child snug during every walk. If you suddenly step into a warm room, there’s no need to remove it completely – thanks to a handy zip, you can simply unzip the top to quickly adjust to the change in temperature.    Backpack:    The perfect companion for your pram, stylish, spacious and comfortable. It’s big enough to hold all the essentials for you and your baby: nappies, bottles, clothes and accessories. Thoughtfully designed to match the pram, it gives you a coordinated, modern look. Practical and versatile, it’s ideal for both everyday walks and longer outings.    Changing Mat:    Unexpected nappy changes while out and about are no problem with the Upline 3 changing mat. Made from durable, waterproof material that’s safe for your baby’s skin, it allows you to change your little one comfortably wherever you are. Soft and practical, its elegant design complements the pram perfectly. After use, you can easily put it away in the backpack included in the set or in the basket underneath.    Rain Cover:    The Upline 3 rain cover offers reliable protection against unpredictable weather. Its generous size shields the pram from rain, snow and wind. A front section can be unzipped, giving you easy access and full control over your child’s comfort. Special ventilation openings ensure proper airflow, so your little one can breathe easily.    Mosquito Net:    The Upline 3 mosquito net provides reliable protection against insects, allowing your child to enjoy the outdoors safely. The fine mesh prevents mosquitoes and flies from entering the pram while remaining breathable. It is quick and easy to attach, fully covering the pram, and secure drawstrings ensure it stays in place, providing complete protection whether you are walking through the woods, along a meadow, or by the water.    Car Seat Adapters:    Car seat adapters allow you to attach your car seat directly to the pram frame, making the transition from car to pushchair simple and convenient. They are easy to use and ensure your child remains comfortable and undisturbed during transfers, providing peace of mind for parents.    Tiago Car Seat:    The Tiago car seat combines high standards of safety with user comfort. Compliant with the i-Size standard (ECE R129/03), it is suitable for children from 40 to 87 cm in height and up to 13 kg in weight.    Tiago 360 Base:    For added convenience, the Tiago car seat can be used with the rotating Isofix 360° base. The base is i-Size compliant (ECE R129/03) and makes daily use simpler while maintaining the highest safety standards.    Specification:    Carrycot:       L: 102 CM   W: 60 CM   H: 120 CM   Weight(with chassis): 13.1 KG   Suitability: 0 – 9KG      Seat Unit:       L: 95 CM   W: 60 CM   H: 117 CM   Weight(with chassis): 12 KG   Suitability: 0 – 22KG      Chassis:       L: 66 CM   W: 50 CM   H: 22 CM   Weight(chassis with wheels): 7,7 KG   Weight(chassis without wheels): 5,6 KG",Travel Systems,1199,Bundle Baby,120946,Baby Products,599,https://images2.productserve.com/?w=200&h=200&bg=white&trim=5&t=letterbox&url=ssl%3Awww.bundlebaby.com%2FImages%2FModels%2FFull%2F3774.jpg&feedId=111176&k=a0f5202cf036c07fe61b05554ccdec8a08d3fcad,GBP,,0,https://www.bundlebaby.com/en/Venicci--Upline-3-Ultimate-Bundle-4in1--Truffle/m-3774.aspx?PartnerID=578&utm_source=affiliate&utm_medium=affiliatewindow&utm_campaign=UnitedKingdom,,,"£1,199.00",111176,Venicci,1,https://www.bundlebaby.com/Images/Models/Full/3774-1.jpg,https://www.bundlebaby.com/Images/Models/Full/3774-2.jpg,https://www.bundlebaby.com/Images/Models/Full/3774-4.jpg,https://www.bundlebaby.com/Images/Models/Original/3774.jpg,https://www.bundlebaby.com/Images/Models/Full/3774-3.jpg,Travel Bundle
https://www.awin1.com/pclick.php?p=45575644624&a=2771700&m=120946,Venicci Upline 3 4-in-1 + Joie i-Snug 2 Travel System- Truffle,45575644624,6354UK,https://www.bundlebaby.com/Images/Models/Full/3775.jpg,"The third generation of the bestselling Venicci Upline pram, now featuring the innovative Up2Go carrycot folding system.    What's included:       Upline 3 Pushchair    Upline 3 Carrycot   Upline 3 Footmuff   Upline 3 Mosquito Net   Upline 3 Rain Cover   Upline 3 Backpack   Upline 3 Changing Mat   Upline 3 Car Seat Adapters   Upline 3 Seat Unit Liner   Upline 3 Sun Shade for the Upline 3 Carrycot    Joie i-Snug 2 Car Seat    Joie Base 2 ISOFIX       Key Features:       Lightweight, easy-to-carry design   Compact and travel-friendly folding system   All-weather protection for year-round use   Comfortable and ergonomic for growing babies   Breathable materials for enhanced airflow   Quick and easy adjustments for everyday use   Complete travel system with essential accessories included   Stylish, coordinated design   Practical storage solutions for on-the-go convenience   Easy transition between car and pushchair      Frame:    Built around an ultra-lightweight frame made from durable aluminium, weighing just 5.9 kg. We’ve added a handy integrated strap, making it easy and comfortable to carry when folded. Paired with the folding carrycot and ergonomic seat, it creates a practical, intuitive set that fits perfectly into a busy, on-the-go lifestyle.    Carrycot:    Designed with your baby’s comfort and safety in mind, whatever the weather. Advanced water-repellent materials provide reliable protection from the rain, while on warmer days the UV 50+ fabric helps shield your little one’s delicate skin from harmful UV rays, keeping the interior cool and comfortable. In this latest version, the carrycot features the innovative Up2Go folding system, making it exceptionally compact when folded – ideal for easy storage and transport. Inside, there’s a soft, ergonomic mattress designed to support your baby’s developing spine.    Seat Unit:    The seat unit in the Upline 3 has been designed for even greater comfort on everyday strolls. Compared to the previous version, it’s up to 1.7 kg lighter, making the whole pushchair easier to handle. The ventilated backrest and the 3D fabric, improves airflow and helps keep your child comfortable even on warmer days. For added convenience, the footrest can be adjusted with a single button, allowing you to quickly adapt it to your child’s needs.    Footmuff:    On colder days, your little one needs extra protection from the cold and wind, and the footmuff included with the Upline 3 is the perfect solution. Made from water-repellent material, it keeps your child snug during every walk. If you suddenly step into a warm room, there’s no need to remove it completely – thanks to a handy zip, you can simply unzip the top to quickly adjust to the change in temperature.    Backpack:    The perfect companion for your pram, stylish, spacious and comfortable. It’s big enough to hold all the essentials for you and your baby: nappies, bottles, clothes and accessories. Thoughtfully designed to match the pram, it gives you a coordinated, modern look. Practical and versatile, it’s ideal for both everyday walks and longer outings.    Changing Mat:    Unexpected nappy changes while out and about are no problem with the Upline 3 changing mat. Made from durable, waterproof material that’s safe for your baby’s skin, it allows you to change your little one comfortably wherever you are. Soft and practical, its elegant design complements the pram perfectly. After use, you can easily put it away in the backpack included in the set or in the basket underneath.    Rain Cover:    The Upline 3 rain cover offers reliable protection against unpredictable weather. Its generous size shields the pram from rain, snow and wind. A front section can be unzipped, giving you easy access and full control over your child’s comfort. Special ventilation openings ensure proper airflow, so your little one can breathe easily.    Mosquito Net:    The Upline 3 mosquito net provides reliable protection against insects, allowing your child to enjoy the outdoors safely. The fine mesh prevents mosquitoes and flies from entering the pram while remaining breathable. It is quick and easy to attach, fully covering the pram, and secure drawstrings ensure it stays in place, providing complete protection whether you are walking through the woods, along a meadow, or by the water.    Car Seat Adapters:    Car seat adapters allow you to attach your car seat directly to the pram frame, making the transition from car to pushchair simple and convenient. They are easy to use and ensure your child remains comfortable and undisturbed during transfers, providing peace of mind for parents.    Cybex Cloud T i-Size Car Seat:    Ergonomic and comfortable, wherever you go the Cybex Cloud T i-Size baby car seat is the ultimate all-rounder. When used with the Base T, the baby car seat can recline for blissfully comfortable rides. Outside the car, it can be used with a pushchair as part of a travel system, delivering maximum comfort with its ergonomic lie-flat position. All-round air ventilation provides a consistently pleasant seating temperature in all seasons. And 180° rotation lets you turn the car seat toward the car door, for effortless on and off-boarding. A perfect companion, every step of the way. Age range: From birth up to approx. 24 months. Child height: 45 – 87 cm. Child weight: Max. 13 kg. Approval regulation: UN R129/03.    Cybex Base T ISOFIX:    The Cybex Base T clicks easily into your vehicle, with no vehicle seat belt required. Installation is safe and simplified thanks to optimized ISOFIX release buttons. A rotation mechanism lets you get your child in or out of the car seat with ease. Only compatible with the Cloud T i-Size and Z2 i-Size and the Sirona T i-Size and Z2 i-Size car seats.    Specification:    Carrycot:       L: 102 CM   W: 60 CM   H: 120 CM   Weight(with chassis): 13.1 KG   Suitability: 0 – 9KG      Seat Unit:       L: 95 CM   W: 60 CM   H: 117 CM   Weight(with chassis): 12 KG   Suitability: 0 – 22KG      Chassis:       L: 66 CM   W: 50 CM   H: 22 CM   Weight(chassis with wheels): 7,7 KG   Weight(chassis without wheels): 5,6 KG",Travel Systems,1094,Bundle Baby,120946,Baby Products,599,https://images2.productserve.com/?w=200&h=200&bg=white&trim=5&t=letterbox&url=ssl%3Awww.bundlebaby.com%2FImages%2FModels%2FFull%2F3775.jpg&feedId=111176&k=8fc3b4fcb80e34cb4e70299258761368137476bc,GBP,,0,https://www.bundlebaby.com/en/Venicci--Upline-3-4-in-1--Joie-i-Snug-2-Travel-System--Truffle/m-3775.aspx?PartnerID=578&utm_source=affiliate&utm_medium=affiliatewindow&utm_campaign=UnitedKingdom,,,"£1,094.00",111176,Venicci,1,https://www.bundlebaby.com/Images/Models/Full/3775-1.jpg,https://www.bundlebaby.com/Images/Models/Full/3775-2.jpg,https://www.bundlebaby.com/Images/Models/Full/3775-4.jpg,https://www.bundlebaby.com/Images/Models/Original/3775.jpg,https://www.bundlebaby.com/Images/Models/Full/3775-3.jpg,Travel Bundle
https://www.awin1.com/pclick.php?p=43007249688&a=2771700&m=120946,Shnuggle Squishy Changing Mat- Eucalyptus,43007249688,907UK,https://www.bundlebaby.com/Images/Models/Full/856.jpg,"Handy to use    The Squishy Changing Mat fits perfectly on top of your changing table or dresser or can be used on it's own anywhere around the home or when travelling. Wherever you need it!    Safe & Comfortable      Featuring high sides to prevent baby rolling away and an angled base that angles your baby to help relieve colic. The material is warm to the touch so no need to put towels down first.    Easy to Clean  The wipe-clean surface is extremely hygienic with no nooks or crannies for dirt to gather and can be easily washed between uses. Perfect even in a Poonami® situation!    Waterproof surface  Easy to clean and wipe, the hygienic & waterproof surface doesn't need extra covers which helps to reduce your washing.",Changing,59.95,Bundle Baby,120946,Baby Products,599,https://images2.productserve.com/?w=200&h=200&bg=white&trim=5&t=letterbox&url=ssl%3Awww.bundlebaby.com%2FImages%2FModels%2FFull%2F856.jpg&feedId=111176&k=83759b947b089b0c4361233d879d8264cd133b1c,GBP,,4.95,https://www.bundlebaby.com/en/Shnuggle-Squishy-Changing-Mat--Eucalyptus/m-856.aspx?PartnerID=578&utm_source=affiliate&utm_medium=affiliatewindow&utm_campaign=UnitedKingdom,,,£59.95,111176,Shnuggle,1,https://www.bundlebaby.com/Images/Models/Full/856-1.jpg,https://www.bundlebaby.com/Images/Models/Full/856-2.jpg,,https://www.bundlebaby.com/Images/Models/Original/856.jpg,,Changing Mat
https://www.awin1.com/pclick.php?p=45498587891&a=2771700&m=120946,Shnuggle Eco-Touch Nappy Bin Odour-Locking & Eco-Friendly- White + Grey - Bin,45498587891,6338UK,https://www.bundlebaby.com/Images/Models/Full/858.jpg,"Effortless, Hygienic and Eco-Friendly Shnuggle Nappy Disposal    Make every nappy change cleaner, simpler and more sustainable with the Shnuggle Eco-Touch Nappy Bin.      Thoughtfully designed for modern parents, this innovative nappy bin features a convenient one handed drop-and-go system and a cassette-free design that saves money while reducing plastic waste.    Unlike other nappy bins that require costly refill cassettes, the Eco Touch Nappy Bin works with standard bin liners or optional Shnuggle Better Bag Biodegradable bin liners, giving you a more environmentally conscious and cost -effective solution without compromising on hygiene.    Perfect for busy parents, its sleek, compact design fits beautifully into any nursery.    Holds up to 26 newborn nappies.    What's included:       1x Shnuggle Nappy Bin- White + Grey       Please select:    Nappy Bin- No bin liners included     Nappy Bin + 30 Bin Liners = over 2 months supply.    Nappy Bin + 60 Bin Liners (Best Value) = over 5 months supply.    Key Features:       One-Handed 'Drop and Go' Operation – Designed for convenience when your hands are full   Dual-Seal Odour Airlock – Locks in odours, preventing bad smells from escaping, even when the lid is opened.  Keeping your nursery fresh and hygienic   Cassette-Free Design = Lower Cost and Less Waste – No need for expensive replacement cassettes, saving you money and reducing plastic waste   Biodegradable Bin Liners – Optional 100% biodegradable liners, making nappy disposal more environmentally friendly   Generous Capacity – Holds up to 26 size 1 nappies, reducing the frequency of emptying.  Ideal for busy days and nights   Universal Liner Compatibility – Compatible with any standard bin liner, offering flexibility and convenience      Specification:       Dimensions: L36 x W25 x H43 cm   Weight: 1.43 kg   Material: Made from 100% recyclable plastic   Capacity: Holds up to 26 size 1 nappies",Changing,39.95,Bundle Baby,120946,Baby Products,599,https://images2.productserve.com/?w=200&h=200&bg=white&trim=5&t=letterbox&url=ssl%3Awww.bundlebaby.com%2FImages%2FModels%2FFull%2F858.jpg&feedId=111176&k=50cab526bb538b2e73aa953e85f6314a865bd8c4,GBP,,4.95,https://www.bundlebaby.com/en/Shnuggle-Eco-Touch-Nappy-Bin-Odour-Locking-and-Eco-Friendly--White--Grey/m-858.aspx?PartnerID=578&utm_source=affiliate&utm_medium=affiliatewindow&utm_campaign=UnitedKingdom,,,£39.95,111176,Shnuggle,1,https://www.bundlebaby.com/Images/Models/Full/858-1.jpg,https://www.bundlebaby.com/Images/Models/Full/858-2.jpg,https://www.bundlebaby.com/Images/Models/Full/858-4.jpg,https://www.bundlebaby.com/Images/Models/Original/858.jpg,https://www.bundlebaby.com/Images/Models/Full/858-3.jpg,Nappy Bin
https://www.awin1.com/pclick.php?p=43007249694&a=2771700&m=120946,Shnuggle Natural Star Sponge,43007249694,915UK,https://www.bundlebaby.com/Images/Models/Full/863.jpg,"The Shnuggle super soft all natural star shaped sponge is perfect for your little ones bath time.     All natural Konjac sponges are hard when dry but becomes super soft when wet.  Just squeeze the sponge under warm water to soften before use.      Made from the root of the Konjac plant, our star sponge is sustainable, biodegradable and compostable.    Please ensure your bath sponge is allowed to dry fully between uses, and replace after a few months of use.",Bathing,4.99,Bundle Baby,120946,Baby Products,599,https://images2.productserve.com/?w=200&h=200&bg=white&trim=5&t=letterbox&url=ssl%3Awww.bundlebaby.com%2FImages%2FModels%2FFull%2F863.jpg&feedId=111176&k=8fa5c7e1132968cc60aee3ca6d8e2ccf154c807e,GBP,,4.95,https://www.bundlebaby.com/en/Shnuggle-Natural-Star-Sponge/m-863.aspx?PartnerID=578&utm_source=affiliate&utm_medium=affiliatewindow&utm_campaign=UnitedKingdom,,,£4.99,111176,Shnuggle,1,https://www.bundlebaby.com/Images/Models/Full/863-1.jpg,https://www.bundlebaby.com/Images/Models/Full/863-2.jpg,,https://www.bundlebaby.com/Images/Models/Original/863.jpg,,Baby Washcloths
https://www.awin1.com/pclick.php?p=43007249411&a=2771700&m=120946,Joie i-Base Encore Rotating Base,43007249411,2411UK,https://www.bundlebaby.com/Images/Models/Full/1782.jpg,"An ECE R129 and i-Size certified spinning car seat base that adds a one-hand spin to compatible baby and toddler car seats.    The Joie i-Base Encore Rotating Base is compatible with the following seats: Calmi, I-Juva, I-Snug 2, I-Gemm 3, I-Level Recline, i-Harbour.    Comes with clear indicators to ensure the proper installation has been achieved and also has an Easy one-time ISOFIX install 10 positions to perfectly fit into any vehicle    Key Features:       Part of the Encore Spinning System by pairing with calmi, R129 car, i-Level Recline, i-Harbour, i-Juva, iGemm 3, and i-Snug 2   Energy-absorbing load leg reduces force and absorbs impact in a crash   One-hand swivel base spins compatible baby car seats 90º, and compatible toddler seat 360º for easier loading and unloading   Testing certification: ECE R129/02   Easy one-time ISOFIX install comes with 10 positions to perfectly fit into any vehicle   Clear install indicator located on top of the load leg ensures you're properly connected   Low rebound bar allows for maximum legroom for growing children   Easy seat release button allows for quick car seat transfers   Energy-absorbing load leg reduces force and absorbs impact in a crash",Car Seat Bases,190,Bundle Baby,120946,Baby Products,599,https://images2.productserve.com/?w=200&h=200&bg=white&trim=5&t=letterbox&url=ssl%3Awww.bundlebaby.com%2FImages%2FModels%2FFull%2F1782.jpg&feedId=111176&k=32dd352f1b671edfbd144f2210fd7c68a10ac2cf,GBP,,0,https://www.bundlebaby.com/en/Joie-i-Base-Encore-Rotating-Base/m-1782.aspx?PartnerID=578&utm_source=affiliate&utm_medium=affiliatewindow&utm_campaign=UnitedKingdom,,,£190.00,111176,Joie,1,https://www.bundlebaby.com/Images/Models/Full/1782-1.jpg,https://www.bundlebaby.com/Images/Models/Full/1782-2.jpg,,https://www.bundlebaby.com/Images/Models/Original/1782.jpg,,ISOFIX Base
https://www.awin1.com/pclick.php?p=43007249805&a=2771700&m=120946,Bugaboo Changing Backpack- Midnight Black,43007249805,185UK,https://www.bundlebaby.com/Images/Models/Full/176.jpg,"The Bugaboo changing backpack in Midnight Black is revolutionising how changing bags should look. It lets you carry all your baby essentials while staying in fashion. Rainproof outside, spillproof inside, with 100% recycled fabrics & fits perfectly on your Bugaboo pushchair.    Key Features:       New stylish design made from 100% certified recycled fabrics   Water repellent outside, wipe-clean inside Multiple pockets, including a 17"" laptop compartment, to organize personal belongings and baby essentials   Detachable, padded and wipe-clean changing mat for diaper changes on any surface   19 L capacity to carry all you need and more      What's in the box?       Complete changing backpack- The complete changing backpack, ready to carry anything you need for your next adventure.   Changing mat wipe-clean and padded changing mat for comfortable diaper changes on the go.   Two clutches- One large insulated clutch and one medium mesh clutch to keep all your essentials organised.   Universal pushchair adapters- Universal adapters for easy connection to Bugaboo pushchairs without integrated attachment points.",Pushchair Accessories,149.95,Bundle Baby,120946,Baby Products,599,https://images2.productserve.com/?w=200&h=200&bg=white&trim=5&t=letterbox&url=ssl%3Awww.bundlebaby.com%2FImages%2FModels%2FFull%2F176.jpg&feedId=111176&k=3fda6750102e2903c1a1362d7cb93da03706e126,GBP,,0,https://www.bundlebaby.com/en/Bugaboo--Changing-Backpack--Midnight-Black/m-176.aspx?PartnerID=578&utm_source=affiliate&utm_medium=affiliatewindow&utm_campaign=UnitedKingdom,,,£149.95,111176,Bugaboo,1,https://www.bundlebaby.com/Images/Models/Full/176-1.jpg,https://www.bundlebaby.com/Images/Models/Full/176-2.jpg,,https://www.bundlebaby.com/Images/Models/Original/176.jpg,https://www.bundlebaby.com/Images/Models/Full/176-3.jpg,Changing Bag
https://www.awin1.com/pclick.php?p=43007249806&a=2771700&m=120946,Bugaboo Changing Backpack- Forest Green,43007249806,187UK,https://www.bundlebaby.com/Images/Models/Full/178.jpg,"The Bugaboo changing backpack in Forest Green is revolutionising how changing bags should look. It lets you carry all your baby essentials while staying in fashion. Rainproof outside, spillproof inside, with 100% recycled fabrics & fits perfectly on your Bugaboo pushchair.    Key Features:       New stylish design made from 100% certified recycled fabrics   Water repellent outside, wipe-clean inside Multiple pockets, including a 17"" laptop compartment, to organize personal belongings and baby essentials   Detachable, padded and wipe-clean changing mat for diaper changes on any surface   19 L capacity to carry all you need and more      What's in the box?       Complete changing backpack- The complete changing backpack, ready to carry anything you need for your next adventure.   Changing mat wipe-clean and padded changing mat for comfortable diaper changes on the go.   Two clutches- One large insulated clutch and one medium mesh clutch to keep all your essentials organised.   Universal pushchair adapters- Universal adapters for easy connection to Bugaboo pushchairs without integrated attachment points.",Pushchair Accessories,149.95,Bundle Baby,120946,Baby Products,599,https://images2.productserve.com/?w=200&h=200&bg=white&trim=5&t=letterbox&url=ssl%3Awww.bundlebaby.com%2FImages%2FModels%2FFull%2F178.jpg&feedId=111176&k=11d95190418d25de8e8c1e295afe96bb2a73e083,GBP,,0,https://www.bundlebaby.com/en/Bugaboo--Changing-Backpack--Forest-Green/m-178.aspx?PartnerID=578&utm_source=affiliate&utm_medium=affiliatewindow&utm_campaign=UnitedKingdom,,,£149.95,111176,Bugaboo,1,https://www.bundlebaby.com/Images/Models/Full/178-1.jpg,https://www.bundlebaby.com/Images/Models/Full/178-2.jpg,https://www.bundlebaby.com/Images/Models/Full/178-4.jpg,https://www.bundlebaby.com/Images/Models/Original/178.jpg,https://www.bundlebaby.com/Images/Models/Full/178-3.jpg,Changing Bag
https://www.awin1.com/pclick.php?p=43007249807&a=2771700&m=120946,Bugaboo Changing Backpack- Misty Grey,43007249807,188UK,https://www.bundlebaby.com/Images/Models/Full/179.jpg,"The Bugaboo changing backpack in Misty Grey is revolutionising how changing bags should look. It lets you carry all your baby essentials while staying in fashion. Rainproof outside, spillproof inside, with 100% recycled fabrics & fits perfectly on your Bugaboo pushchair.    Key Features:       New stylish design made from 100% certified recycled fabrics   Water repellent outside, wipe-clean inside Multiple pockets, including a 17"" laptop compartment, to organize personal belongings and baby essentials   Detachable, padded and wipe-clean changing mat for diaper changes on any surface   19 L capacity to carry all you need and more      What's in the box?       Complete changing backpack- The complete changing backpack, ready to carry anything you need for your next adventure.   Changing mat wipe-clean and padded changing mat for comfortable diaper changes on the go.   Two clutches- One large insulated clutch and one medium mesh clutch to keep all your essentials organised.   Universal pushchair adapters- Universal adapters for easy connection to Bugaboo pushchairs without integrated attachment points.",Pushchair Accessories,149.95,Bundle Baby,120946,Baby Products,599,https://images2.productserve.com/?w=200&h=200&bg=white&trim=5&t=letterbox&url=ssl%3Awww.bundlebaby.com%2FImages%2FModels%2FFull%2F179.jpg&feedId=111176&k=a9203f6d29617e860510217be6c0daac87c4bb94,GBP,,0,https://www.bundlebaby.com/en/Bugaboo--Changing-Backpack--Misty-Grey/m-179.aspx?PartnerID=578&utm_source=affiliate&utm_medium=affiliatewindow&utm_campaign=UnitedKingdom,,,£149.95,111176,Bugaboo,1,https://www.bundlebaby.com/Images/Models/Full/179-1.jpg,https://www.bundlebaby.com/Images/Models/Full/179-2.jpg,,https://www.bundlebaby.com/Images/Models/Original/179.jpg,,Changing Bag
https://www.awin1.com/pclick.php?p=42997030356&a=2771700&m=120946,Red Kite Baby Sit Me Up Ring Seat with Play Tray and Activities- Rose & Ivy,42997030356,2889UK,https://www.bundlebaby.com/Images/Models/Full/1965.jpg,"The Sit Me Up Rose & Ivy, with its unique seat with a detachable play tray, it’s guaranteed to keep your little ones entertained, while helping them sit up. Includes learning toys for babies’ amusement. Easy to inflate for use and can be handily deflated to store away when not in use.     Helps develop independence whilst sitting to help baby gain confidence with individual play experiences.     Supplied in a lovely colour gift box so makes an ideal gift opportunity.    Key Features:       Suitable from 9 months   Detachable learning toys   Soft fabrics for comfort   Perfect for a gift      Specification:       Suitable from 9 months   Weight: 0.65kg   Dimensions: 21 x 65 x 65",Bouncers + Swings,15.5,Bundle Baby,120946,Baby Products,599,https://images2.productserve.com/?w=200&h=200&bg=white&trim=5&t=letterbox&url=ssl%3Awww.bundlebaby.com%2FImages%2FModels%2FFull%2F1965.jpg&feedId=111176&k=21025f2ba8cd1c5ddfd2af9055a886a3447b7df0,GBP,,4.95,https://www.bundlebaby.com/en/Red-Kite-Baby--Sit-Me-Up-Ring-Seat-with-Play-Tray-and-Activities--Rose-and-Ivy/m-1965.aspx?PartnerID=578&utm_source=affiliate&utm_medium=affiliatewindow&utm_campaign=UnitedKingdom,,,£15.50,111176,Red Kite Baby,1,https://www.bundlebaby.com/Images/Models/Full/1965-1.jpg,https://www.bundlebaby.com/Images/Models/Full/1965-2.jpg,https://www.bundlebaby.com/Images/Models/Full/1965-4.jpg,https://www.bundlebaby.com/Images/Models/Original/1965.jpg,https://www.bundlebaby.com/Images/Models/Full/1965-3.jpg,First Toys
https://www.awin1.com/pclick.php?p=44432600284&a=2771700&m=120946,EnfaSafe Spirit iX i-Size Car Seat,44432600284,4818UK,https://www.bundlebaby.com/Images/Models/Full/2752.jpg,"The Spirit iX is an ECE R129-approved i-Size car seat engineered to grow with your child from 76 cm to 150 cm (approximately 15 months to 12 years).    Designed with both safety and comfort in mind, it offers long-lasting protection and peace of mind for every journey.       Double Anchorage System: Features a secure ISOFIX base and Top Tether for maximum stability   Infant Insert Cushion: Provides extra support and comfort for children up to 87 cm   Adjustable Headrest: Multiple height positions ensure the perfect fit as your child grows   5-Point Safety Harness: Includes an adjustable tightening strap for a snug, secure fit   Premium Materials: Crafted from luxurious, super-soft, and durable fabrics ideal for long trips      Whether you're heading across town or on a road trip, the Spirit iX delivers the safety, support, and style your child deserves.",Car Seats Group 1/2/3 (9 Months - 12 Years),89.95,Bundle Baby,120946,Baby Products,599,https://images2.productserve.com/?w=200&h=200&bg=white&trim=5&t=letterbox&url=ssl%3Awww.bundlebaby.com%2FImages%2FModels%2FFull%2F2752.jpg&feedId=111176&k=e5ad2b94d97caab5d09e470e480a2f2e7b9fe917,GBP,,4.95,https://www.bundlebaby.com/en/EnfaSafe-Spirit-iX-i-Size-Car-Seat/m-2752.aspx?PartnerID=578&utm_source=affiliate&utm_medium=affiliatewindow&utm_campaign=UnitedKingdom,,,£89.95,111176,EnfaSafe,1,https://www.bundlebaby.com/Images/Models/Full/2752-1.jpg,https://www.bundlebaby.com/Images/Models/Full/2752-2.jpg,https://www.bundlebaby.com/Images/Models/Full/2752-4.jpg,https://www.bundlebaby.com/Images/Models/Original/2752.jpg,https://www.bundlebaby.com/Images/Models/Full/2752-3.jpg,Car Seats
https://www.awin1.com/pclick.php?p=44547794530&a=2771700&m=120946,Venicci Upline 3 + Shnuggle Air Lite Crib Bundle,44547794530,5888UK,https://www.bundlebaby.com/Images/Models/Full/3455.jpg,"The ultimate all-in-one travel and sleep solution for modern parents. Combining the latest Venicci Upline 3 Travel System with the thoughtfully designed Shnuggle Air Lite Bedside Crib, this premium bundle offers everything you need from newborn through early months. With innovative features like the Up2Go folding carrycot, 360° rotating car seat base, and breathable bedside crib design, it delivers comfort, safety, and convenience at every stage.    What’s Included:       Upline 3 Pushchair   Upline 3 Carrycot (with Up2Go folding system)   Upline 3 Seat Unit Liner   Upline 3 Footmuff   Upline 3 Mosquito Net   Upline 3 Rain Cover   Upline 3 Backpack   Upline 3 Changing Mat   Upline 3 Car Seat Adapters   Upline 3 Sun Shade (for carrycot)   Venicci Tiago 360 i-Size Car Seat   Venicci Tiago 360 Isofix Base   Shnuggle Air Lite Bedside Crib   Breathable Mattress   Shnuggle 2 Pack Fitted Sheets   Shnuggle Waterproof Crib Mattress Protector   Shnuggle Moonlight Plus Nightlight with Digital Room Temperature Display      Key Features:    Travel & On-the-Go Convenience:       Lightweight aluminium frame with easy-carry strap   Compact folding system including foldable carrycot   Seamless transition between car and pushchair   Complete travel system with all essential accessories      Comfort & Safety:       Ergonomic design supporting baby’s development   i-Size compliant 360° rotating car seat and base   Breathable fabrics and ventilated seat unit   UV50+ and water-repellent carrycot materials      All-Weather Protection:       Includes rain cover, mosquito net, and footmuff   Designed for year-round use in all conditions      Practical Everyday Use:       One-hand adjustments and easy handling   Spacious, stylish matching backpack   Convenient storage solutions for parents on the go      Sleep & Night-Time Comfort:       Dual mesh bedside crib for maximum airflow   Whisper-quiet drop-down side for easy night access   Incline option to help with colic and reflux   Includes fitted sheets and waterproof mattress protector for added convenience and hygiene   Can be used bedside or as a standalone crib      Premium Design:       Coordinated, modern aesthetic across all products   Durable, high-quality materials throughout      Specifications:    Carrycot:       Dimensions: L: 102 cm   W: 60 cm   H: 120 cm   Weight (with chassis): 13.1 kg   Suitability: 0 – 9 kg      Seat Unit:       Dimensions: L: 95 cm   W: 60 cm   H: 117 cm   Weight (with chassis): 12 kg   Suitability: 0 – 22 kg      Chassis:       Dimensions: L: 66 cm   W: 50 cm   H: 22 cm   Weight (with wheels): 7.7 kg   Weight (without wheels): 5.6 kg      Car Seat (Tiago 360):       Standard: i-Size (ECE R129/03)   Suitability: 40 – 87 cm   up to 13 kg      Bedside Crib (Shnuggle Air Lite):       Suitable from birth to 6 months (max 9 kg or until baby rolls/sits up)   6 height adjustments (fits beds up to 68–70 cm)   Safety Standard: BS EN 1130:2019 compliant   Includes breathable, hypoallergenic mattress   Note: Does not convert into a cot",Bundles,1249,Bundle Baby,120946,Baby Products,599,https://images2.productserve.com/?w=200&h=200&bg=white&trim=5&t=letterbox&url=ssl%3Awww.bundlebaby.com%2FImages%2FModels%2FFull%2F3455.jpg&feedId=111176&k=0cc5a1ea1d56c54dc98c75b8ad60b0a92ae7459c,GBP,,0,https://www.bundlebaby.com/en/Venicci--Upline-3--Shnuggle-Air-Lite-Crib-Bundle/k-3455.aspx?PartnerID=578&utm_source=affiliate&utm_medium=affiliatewindow&utm_campaign=UnitedKingdom,,,"£1,249.00",111176,Venicci,1,https://www.bundlebaby.com/Images/Models/Full/3455-1.jpg,https://www.bundlebaby.com/Images/Models/Full/3455-2.jpg,https://www.bundlebaby.com/Images/Models/Full/3455-4.jpg,https://www.bundlebaby.com/Images/Models/Original/3455.jpg,https://www.bundlebaby.com/Images/Models/Full/3455-3.jpg,Travel Bundle
https://www.awin1.com/pclick.php?p=44558187895&a=2771700&m=120946,Venicci Claro 2 + Shnuggle Air Lite Crib Bundle,44558187895,5891UK,https://www.bundlebaby.com/Images/Models/Full/3457.jpg,"The all-in-one travel, sleep, and newborn solution for modern parents. This premium bundle combines the new Venicci Claro 2 Travel System with the Venicci Tiago 360 i-Size Car Seat and ISOFIX Base, alongside the Shnuggle Air Lite Bedside Crib, giving you everything you need from newborn through the early months.    Designed for modern city life, the Claro 2 offers a lightweight frame, smooth handling, and innovative two-stage height adjustment to keep your baby closer and make everyday use easier on your back. Paired with the 360° rotating car seat base for effortless travel and the breathable Shnuggle bedside crib for safe sleep, this bundle delivers comfort, safety, and convenience around the clock.    What’s Included:       Venicci Claro 2 Stroller   Venicci Claro 2 Carrycot   Venicci Claro 2 Stroller Apron   Venicci Claro 2 Changing Bag + Changing Mat   2x Venicci Claro 2 Rain Covers   Venicci Claro 2 Universal Car Seat Adapters   Venicci Tiago i-Size Car Seat   Venicci Tiago 360 ISOFIX Base   Shnuggle Air Lite Bedside Crib- Taupe    Shnuggle Breathable Crib Mattress   Shnuggle 2 Pack Fitted Sheets- Leaf Print    Shnuggle Waterproof Mattress Protector   Shnuggle Moonlight Plus Nightlight with Digital Room Temperature Display      Key Features:    Travel & City Convenience:       Lightweight Claro 2 frame designed for urban living   Compact fold for easy storage and transport   Smooth SoftMotion foam wheels – puncture-resistant and maintenance-free   Easy handling for narrow pavements, lifts, and everyday errands      Comfort & Everyday Ease:       Two-stage height adjustment on carrycot and seat unit for closer bonding   Ultra-light EPP carrycot for effortless lifting   Magnetic harness buckle for quick, secure fastening   Spacious, coordinated changing bag included      Advanced Safety Travel System:       Tiago i-Size car seat (ECE R129/03 approved)   360° rotating ISOFIX base for effortless in-and-out access   Suitable from 40–87 cm (up to 13 kg)   Lightweight and ergonomic infant carrier design   Ventilated shell and extendable sun canopy      Sleep & Night-Time Comfort:       Shnuggle Air Lite bedside crib with breathable dual-mesh sides   Whisper-quiet drop-down side for easy night access   Adjustable height settings to fit most beds   Incline option to help with reflux and colic   Can be used bedside or as a standalone crib   Includes mattress, fitted sheets, and waterproof protector for hygiene and comfort      Specifications:    Claro 2 Carrycot:       Ultra-light EPP material (impact, UV, and water resistant)   Two-stage height adjustment system   Advanced dual ventilation for airflow   Suitable from birth      Claro 2 Seat Unit:       Ergonomic support for growing babies   Integrated smooth recline system   Designed for everyday city use      Chassis:       Lightweight aluminium frame   Compact fold mechanism   Maintenance-free SoftMotion foam wheels      Tiago Car Seat:       Weight: 3.8 kg   Standard: i-Size (ECE R129/03)   Suitability: 40–87 cm / up to 13 kg   Installation: ISOFIX base or seat belt      Shnuggle Air Lite Crib:       Suitable from birth to approx. 6 months (or until baby can roll/sit up)   6 height adjustments   Fits beds up to approx. 68–70 cm   Breathable, hypoallergenic mattress included   Complies with BS EN 1130:2019 safety standard",Bundles,999,Bundle Baby,120946,Baby Products,599,https://images2.productserve.com/?w=200&h=200&bg=white&trim=5&t=letterbox&url=ssl%3Awww.bundlebaby.com%2FImages%2FModels%2FFull%2F3457.jpg&feedId=111176&k=ec957cacdecfdb123c30d4987ef122996c03ab5d,GBP,,0,https://www.bundlebaby.com/en/Venicci--Claro-2--Shnuggle-Air-Lite-Crib-Bundle/k-3457.aspx?PartnerID=578&utm_source=affiliate&utm_medium=affiliatewindow&utm_campaign=UnitedKingdom,,,£999.00,111176,Venicci,1,https://www.bundlebaby.com/Images/Models/Full/3457-1.jpg,https://www.bundlebaby.com/Images/Models/Full/3457-2.jpg,https://www.bundlebaby.com/Images/Models/Full/3457-4.jpg,https://www.bundlebaby.com/Images/Models/Original/3457.jpg,https://www.bundlebaby.com/Images/Models/Full/3457-3.jpg,Travel Bundle
https://www.awin1.com/pclick.php?p=44558187896&a=2771700&m=120946,Joie Finiti Flex + Shnuggle Air Lite Bundle,44558187896,5892UK,https://www.bundlebaby.com/Images/Models/Full/3458.jpg,"This premium bundle combines the Joie Finiti 2in1 Signature Edition Pushchair Travel System with the Joie i-Level Pro Car Seat and i-Base Encore ISOFIX Base, alongside the Shnuggle Air Lite Bedside Crib, giving you everything you need from newborn through the early months.    The Joie Finiti offers a lightweight yet premium pushchair experience with rich woven fabrics, faux leather detailing, and a smooth one-handed fold. With a lie-flat recline suitable from birth up to 22kg, it grows with your child while keeping comfort and practicality at the forefront. Paired with the advanced 90°/360° rotating ISOFIX base for effortless travel and the breathable Shnuggle bedside crib for safe sleep, this bundle delivers comfort, safety, and convenience around the clock.    What’s Included:       Joie Signature Finiti Pushchair   Joie Ramble XL Carrycot   Joie Raincovers (Pushchair + Carrycot)   Joie Car Seat Adaptors   Joie i-Level Pro Car Seat   Joie i-Base Encore ISOFIX Base   Shnuggle Air Lite Bedside Crib – Taupe   Shnuggle Breathable Crib Mattress Shnuggle 2 Pack Fitted Sheets – Leaf Print   Shnuggle Waterproof Mattress Protector   Shnuggle Moonlight Plus Nightlight with Digital Room Temperature Display      Key Features:    Travel & Everyday Convenience:       Lightweight Joie Finiti pushchair designed for modern family life   Compact, one-handed fold with integrated shoulder strap   Free-standing when folded for easy storage   Smooth all-wheel suspension for a comfortable ride   Puncture-proof tyres for hassle-free use   Height-adjustable handlebar for personalised comfort   Spacious, easy-access storage basket   Lockable front wheels and one-touch brake for control      Comfort & Flexibility:       Lie-flat recline suitable from birth up to 4 years (22kg)   4-position seat recline for customised comfort   Flex comfort seat with world and parent-facing options   Adjustable calf support for growing children   5-point magnetic harness for quick, secure fastening   Leatherette bumper bar and premium detailing throughout      Advanced Safety Travel System:       Joie i-Level Pro i-Size car seat (ECE R129 certified)   157° ergonomic near-flat recline for optimal spine and airway support   Tri-Protect™ headrest with Intelli-Fit™ foam for enhanced side-impact protection   Suitable from birth with plush newborn insert   Install with seat belt or click onto i-Base Encore ISOFIX base 90° rotation (infant mode) and 360° spin (toddler-compatible base system) for effortless access   Energy-absorbing load leg and rebound bar for added crash protection   Extendable UPF sun canopy with ventilation panel      Sleep & Night-Time Comfort:       Shnuggle Air Lite bedside crib with breathable dual-mesh sides   Whisper-quiet drop-down side for easy night-time access   6 adjustable height settings to fit most beds   Gentle incline option to help with reflux and colic   Can be used bedside or as a standalone crib Includes breathable mattress, fitted sheets, and waterproof protector for hygiene and comfort      Specifications:    Joie Ramble XL Carrycot:       Suitable from birth to 9kg   UPF 50+ water-repellent canopy   Soft, breathable interior with premium woven fabrics   Faux leather carry handle and detailing Interior storage pockets      Joie i-Level Pro Car Seat:       Weight: approx. 4.7kg   Suitability: 40–87cm (birth to approx. 13kg)   Installation: ISOFIX base or seat belt 157° ergonomic lie-flat recline   Machine washable covers and no-rethread harness      Joie i-Base Encore ISOFIX Base:       90° swivel for infant seat access   360° rotation for compatible toddler seats   Energy-absorbing load leg and rebound bar   Clear installation indicators for secure fit   Quick-release system for easy in-and-out travel      Shnuggle Air Lite Crib:       Suitable from birth to approx. 6 months (or until baby can sit/roll)   6 height adjustments   Breathable, hypoallergenic mattress included   Complies with BS EN 1130:2019 safety standard",Bundles,845,Bundle Baby,120946,Baby Products,599,https://images2.productserve.com/?w=200&h=200&bg=white&trim=5&t=letterbox&url=ssl%3Awww.bundlebaby.com%2FImages%2FModels%2FFull%2F3458.jpg&feedId=111176&k=35f44284055c40746e53ffd7df27d5dac5f8b6dd,GBP,,0,https://www.bundlebaby.com/en/Joie-Finiti-Flex--Shnuggle-Air-Lite-Bundle/k-3458.aspx?PartnerID=578&utm_source=affiliate&utm_medium=affiliatewindow&utm_campaign=UnitedKingdom,,,£845.00,111176,Joie,1,https://www.bundlebaby.com/Images/Models/Full/3458-1.jpg,https://www.bundlebaby.com/Images/Models/Full/3458-2.jpg,https://www.bundlebaby.com/Images/Models/Full/3458-4.jpg,https://www.bundlebaby.com/Images/Models/Original/3458.jpg,https://www.bundlebaby.com/Images/Models/Full/3458-3.jpg,Travel Bundle
https://www.awin1.com/pclick.php?p=44561461451&a=2771700&m=120946,Bugaboo Fox 5 Renew + Shnuggle Air Lite Bundle,44561461451,5893UK,https://www.bundlebaby.com/Images/Models/Full/3459.jpg,"The all-in-one travel, sleep, and newborn solution for modern parents. This bundle combines the Bugaboo Fox 5 Renew Complete Pushchair with the Cybex Cloud T i-Size Travel System, alongside the Shnuggle Air Lite Bedside Crib, giving you everything you need from newborn through the early months.    Designed for effortless everyday adventures, the Fox 5 Renew delivers exceptional manoeuvrability, advanced suspension, and a lightweight yet sturdy frame that glides smoothly across any terrain. Paired with the innovative Cloud T i-Size car seat featuring a lie-flat recline for ergonomic travel and a rotating ISOFIX base for seamless in-and-out access, plus the breathable Shnuggle bedside crib for safe sleep, this bundle brings together comfort, safety, and convenience around the clock.    What’s Included:       Bugaboo Fox 5 Renew Pushchair Base (chassis, wheels, seat & carrycot hardware, underseat basket, carry handle)   Bugaboo Fox 5 Carrycot   Bugaboo Fox 5 Seat Fabric   Bugaboo Fox 5 Sun Canopy   Bugaboo Fox 5 Car Seat Adaptors   Cybex Cloud T i-Size Infant Car Seat   Cybex Base T ISOFIX Base   Shnuggle Air Lite Bedside Crib- Taupe   Shnuggle Breathable Crib Mattress   Shnuggle 2 Pack Fitted Sheets- Leaf Print   Shnuggle Waterproof Mattress Protector   Shnuggle Moonlight Plus Nightlight with Digital Room Temperature Display      Key Features:    Travel & All-Terrain Performance:       Advanced 4-wheel suspension for smooth rides on any surface   Large, puncture-proof wheels for durability and comfort   Lightweight yet robust chassis for effortless pushing   Excellent manoeuvrability for city streets and outdoor adventures   One-hand fold and adjustments for easy everyday use   Ergonomic handlebar with adjustable height (88–108cm)      Comfort & Growth:       Suitable from birth up to 22kg (approx. 4 years)   Spacious, breezy carrycot with enhanced airflow   Extendable seat unit to grow with your child   Premium ergonomic seat offering optimal neck and back support   Extendable canopy with SPF 50+ protection   Footrest and canopy extend by 10cm total for growing toddlers      Advanced Safety Travel System:       Cybex Cloud T i-Size car seat (ECE R129 approved)   Lie-flat recline position for healthier spine and breathing support   Smooth transition from car to pushchair without waking baby   ISOFIX Base T for secure, easy installation   Rotating base for effortless access in and out of the car   Advanced side-impact protection for added safety      Sleep & Night-Time Comfort:       Shnuggle Air Lite bedside crib with breathable dual-mesh sides   Easy-access drop-down side for night feeds   6 adjustable height settings to fit most beds   Gentle incline option to help with reflux and colic   Can be used bedside or as a standalone crib Includes mattress, fitted sheets, and waterproof protector      Specifications:    Bugaboo Fox 5 Renew:       Suitable from birth to approx. 4 years (max. 22kg)   Pushchair weight: 9.9kg   Front wheels: 22cm   Rear wheels: 30cm   One-piece fold: L47 x W60 x H90cm   Two-piece compact fold: L86 x W52 x H34cm   Underseat basket capacity: up to 10kg (30L)      Cybex Cloud T i-Size Car Seat:       Suitable from 45–87cm (birth to approx. 13kg)   Lie-flat ergonomic recline outside the car   Compatible with Base T ISOFIX   Advanced side-impact protection system      Shnuggle Air Lite Crib:       Suitable from birth to approx. 6 months   6 height adjustments   Breathable, hypoallergenic mattress included   Complies with BS EN 1130:2019 safety standard",Bundles,1524.95,Bundle Baby,120946,Baby Products,599,https://images2.productserve.com/?w=200&h=200&bg=white&trim=5&t=letterbox&url=ssl%3Awww.bundlebaby.com%2FImages%2FModels%2FFull%2F3459.jpg&feedId=111176&k=e90a71e1a1e5dafdaa00480ec934f26a867d3b89,GBP,,0,https://www.bundlebaby.com/en/Bugaboo--Fox-5-Renew--Shnuggle-Air-Lite-Bundle/k-3459.aspx?PartnerID=578&utm_source=affiliate&utm_medium=affiliatewindow&utm_campaign=UnitedKingdom,,,"£1,524.95",111176,Bugaboo,1,https://www.bundlebaby.com/Images/Models/Full/3459-1.jpg,https://www.bundlebaby.com/Images/Models/Full/3459-2.jpg,https://www.bundlebaby.com/Images/Models/Full/3459-4.jpg,https://www.bundlebaby.com/Images/Models/Original/3459.jpg,https://www.bundlebaby.com/Images/Models/Full/3459-3.jpg,Travel Bundle
https://www.awin1.com/pclick.php?p=44561461452&a=2771700&m=120946,Bugaboo Dragonfly + Shnuggle Air Lite Bundle,44561461452,5894UK,https://www.bundlebaby.com/Images/Models/Full/3460.jpg,"The all-in-one travel, sleep, and newborn solution for modern parents. This bundle combines the Bugaboo Dragonfly Stroller with Carrycot and the Cybex Cloud T i-Size Travel System, alongside the Shnuggle Air Lite Bedside Crib—giving you everything you need from newborn through the early months.    Designed for urban living, the Bugaboo Dragonfly delivers a compact, lightweight pushchair with an innovative one-hand fold, even with the seat or carrycot attached, making it ideal for busy families on the go. Paired with the Cloud T i-Size car seat, featuring a lie-flat recline for ergonomic comfort, and a rotating ISOFIX base for effortless travel, plus the breathable Shnuggle bedside crib for safe sleep, this bundle offers the perfect balance of flexibility, safety, and everyday convenience.    What’s Included:       Bugaboo Dragonfly Stroller Chassis + Seat Unit   Bugaboo Dragonfly Carrycot   Bugaboo Dragonfly Sun Canopy   Bugaboo Dragonfly Car Seat Adaptors   Cybex Cloud T i-Size Infant Car Seat   Cybex Base T ISOFIX Base   Shnuggle Air Lite Bedside Crib- Taupe   Shnuggle Breathable Crib Mattress   Shnuggle 2 Pack Fitted Sheets- Leaf Print   Shnuggle Waterproof Mattress Protector   Shnuggle Moonlight Plus Nightlight with Digital Room Temperature Display",Bundles,1300,Bundle Baby,120946,Baby Products,599,https://images2.productserve.com/?w=200&h=200&bg=white&trim=5&t=letterbox&url=ssl%3Awww.bundlebaby.com%2FImages%2FModels%2FFull%2F3460.jpg&feedId=111176&k=d8e652966507aee030f95bc7651ec15c1f5181ff,GBP,,0,https://www.bundlebaby.com/en/Bugaboo--Dragonfly--Shnuggle-Air-Lite-Bundle/k-3460.aspx?PartnerID=578&utm_source=affiliate&utm_medium=affiliatewindow&utm_campaign=UnitedKingdom,,,"£1,300.00",111176,Bugaboo,1,https://www.bundlebaby.com/Images/Models/Full/3460-1.jpg,https://www.bundlebaby.com/Images/Models/Full/3460-2.jpg,https://www.bundlebaby.com/Images/Models/Full/3460-4.jpg,https://www.bundlebaby.com/Images/Models/Original/3460.jpg,https://www.bundlebaby.com/Images/Models/Full/3460-3.jpg,Travel Bundle
https://www.awin1.com/pclick.php?p=44568700827&a=2771700&m=120946,Silver Cross Cove + Shnuggle Air Lite Bundle,44568700827,5895UK,https://www.bundlebaby.com/Images/Models/Full/3461.jpg,"The all-in-one travel, sleep, and newborn solution for parents. This bundle combines the Silver Cross Cove Travel System with the Glide Plus 360 Car Seat and Base Plus 360, alongside the Shnuggle Air Lite Bedside Crib, giving you everything you need from newborn through the early months.    Designed to handle everything from busy streets to countryside paths, the Silver Cross Cove delivers a smooth, effortless ride thanks to its advanced suspension and large RideTech wheels. With a built-in elevation system to keep your baby closer, a carrycot suitable for overnight sleeping, and a lie-flat rotating car seat system for seamless travel, this bundle offers the perfect balance of comfort, safety, and everyday practicality.    What’s Included:       Silver Cross Cove Pushchair (seat unit & chassis)   Silver Cross Cove Carrycot with bamboo lining   Silver Cross Vegan Leather Changing Backpack   Silver Cross Footmuff   Silver Cross Cup Holder   Silver Cross Universal Car Seat Adaptors   Silver Cross Rain Cover   Silver Cross Glide Plus 360 Car Seat   Silver Cross Base Plus 360 ISOFIX Base   Shnuggle Air Lite Bedside Crib- Taupe   Shnuggle Breathable Crib Mattress   Shnuggle 2 Pack Fitted Sheets- Leaf Print   Shnuggle Waterproof Mattress Protector   Shnuggle Moonlight Plus Nightlight with Digital Room Temperature Display      Key Features:    Travel & All-Terrain Performance:       Effortless one-hand steering with lightweight, agile frame   RideTech wheels with bump-absorbing suspension for a smooth ride   Suitable for city streets and countryside terrain   One-hand fold with seat attached for quick, easy storage   Self-standing fold for convenience at home or on the go   Height-adjustable handlebar for comfortable pushing      Comfort & Everyday Ease:       Suitable from birth to approx. 4 years   Carrycot approved for overnight sleeping with breathable bamboo lining   Built-in elevation system with 3 height settings to keep baby closer   Reversible, reclining pushchair seat with magnetic buckle and rucksack-style harness   Extendable UPF50+ sun hood with multiple height positions   Spacious 10kg shopping basket for everyday essentials      Advanced Safety Travel System:       Glide Plus 360 lie-flat infant car seat for optimal comfort and support   Base Plus 360 ISOFIX base with rotating function for easy access   Seamless transition from car to pushchair using included adaptors   Designed for safe, ergonomic travel from birth   Compatible with additional car seat options for flexibility      Sleep & Night-Time Comfort:       Shnuggle Air Lite bedside crib with breathable dual-mesh sides   Easy-access drop-down side for night feeds 6 adjustable height settings to suit most beds   Gentle incline option to help with reflux and colic   Can be used bedside or as a standalone crib   Includes mattress, fitted sheets, and waterproof protector      Specifications:    Silver Cross Cove:       Suitable from birth to approx. 4 years   Unfolded: L82.5cm x W59cm x H97–109cm   Folded: L71cm x W61cm x H30.5cm   Weight: 12.2kg   Underseat basket capacity: 10kg      Glide Plus 360 Car Seat:       Lie-flat design for ergonomic newborn positioning   Rotates with Base Plus 360 for easy access   Suitable from birth (infant carrier)   Compatible with Cove using included adaptors      Shnuggle Air Lite Crib:       Suitable from birth to approx. 6 months 6 height adjustments   Breathable, hypoallergenic mattress included   Complies with BS EN 1130:2019 safety standard",Bundles,1419,Bundle Baby,120946,Baby Products,599,https://images2.productserve.com/?w=200&h=200&bg=white&trim=5&t=letterbox&url=ssl%3Awww.bundlebaby.com%2FImages%2FModels%2FFull%2F3461.jpg&feedId=111176&k=f7ecfb37f113d21689ada090a1c39dbbf2cec36a,GBP,,0,https://www.bundlebaby.com/en/Silver-Cross-Cove--Shnuggle-Air-Lite-Bundle/k-3461.aspx?PartnerID=578&utm_source=affiliate&utm_medium=affiliatewindow&utm_campaign=UnitedKingdom,,,"£1,419.00",111176,Silver Cross,1,https://www.bundlebaby.com/Images/Models/Full/3461-1.jpg,https://www.bundlebaby.com/Images/Models/Full/3461-2.jpg,https://www.bundlebaby.com/Images/Models/Full/3461-4.jpg,https://www.bundlebaby.com/Images/Models/Original/3461.jpg,https://www.bundlebaby.com/Images/Models/Full/3461-3.jpg,Travel Bundle
https://www.awin1.com/pclick.php?p=44568700828&a=2771700&m=120946,Silver Cross Breez + Shnuggle Air Lite Bundle,44568700828,5896UK,https://www.bundlebaby.com/Images/Models/Full/3462.jpg,"This premium bundle combines the Silver Cross Breez Travel System with the Glide Plus 360 Car Seat and Base Plus 360, alongside the Shnuggle Air Lite Bedside Crib, giving you everything you need from newborn through the early months.    Compact yet capable, the Silver Cross Breez is designed to handle both city streets and countryside paths with ease. With its innovative folding carrycot, lightweight frame, and one-hand fold, even with the seat or carrycot attached, it’s built for modern families on the move. Paired with the lie-flat Glide Plus 360 car seat and rotating ISOFIX base for seamless travel, plus the breathable Shnuggle bedside crib for safe sleep, this bundle delivers comfort, flexibility, and convenience every day.    What’s Included:       Silver Cross Breez Stroller   Silver Cross Breez Carrycot   Silver Cross Glide Plus 360 Car Seat   Silver Cross Base Plus 360 ISOFIX Base   Silver Cross Breez Seat Liner   Silver Cross Breez Footmuff   Silver Cross Breez Changing Bag   Silver Cross Breez Cup Holder   Silver Cross Breez Rain Cover   Silver Cross Breez Bumper Bar   Silver Cross Breez Universal Car Seat Adaptors   Shnuggle Air Lite Bedside Crib- Taupe   Shnuggle Breathable Crib Mattress   Shnuggle 2 Pack Fitted Sheets- Leaf Print   Shnuggle Waterproof Mattress Protector   Shnuggle Moonlight Plus Nightlight with Digital Room Temperature Display      Key Features:    Travel & Everyday Convenience:       Lightweight, compact design perfect for urban and outdoor use   One-hand, self-standing fold with seat or carrycot attached   Integrated shoulder strap for easy carrying   Slim fold fits easily into smaller car boots and tight spaces   Ride-Tech multi-terrain wheels with advanced suspension for smooth rides   Supersized 10kg storage basket for everyday essentials      Comfort & Flexibility:       Suitable from birth to 22kg (approx. 4 years)   Overnight sleep-approved carrycot with bamboo-lined mattress   Panoramic ventilation panel for airflow and comfort   Reversible lie-flat seat unit for all stages   Magnetic Genius™ 2 buckle for quick, secure fastening   Climate-controlled design with zip-open ventilation panels   Extendable UPF50+ hood with pop-out sun peak      Smart Design & Ease of Use:       Innovative folding carrycot for compact storage   Fold with seat or carrycot still attached for quick pack-ups   2-position height elevation system to keep baby closer   Perfect for bonding moments and taller parents   Coordinated accessories included for convenience on the go      Advanced Safety Travel System:       Glide Plus 360 lie-flat infant car seat for optimal newborn support   Base Plus 360 ISOFIX base with rotating function for easy access   Smooth transition from car to stroller using included adaptors   Designed for safe, ergonomic travel from birth      Sleep & Night-Time Comfort:       Shnuggle Air Lite bedside crib with breathable dual-mesh sides   Drop-down side for easy night-time access   6 adjustable height settings to fit most beds   Gentle incline option to help with reflux and colic   Can be used bedside or as a standalone crib   Includes mattress, fitted sheets, and waterproof protector      Specifications:    Silver Cross Breez:       Suitable from birth to approx. 4 years (max. 22kg)   Unfolded: L71cm x W56cm x H104cm   Folded: L62cm x W41cm x H23cm   Weight: 6.5kg (chassis), 10.5kg (with seat), 11kg (with carrycot)   Underseat basket capacity: 10kg      Glide Plus 360 Car Seat:       Dimensions: W44cm x H57cm x D62cm   Weight: 4.8kg Lie-flat design for ergonomic positioning   Rotates with Base Plus 360 for easy in-and-out access      Base Plus 360:       Weight: 5.9kg   ISOFIX installation with rotating functionality      Shnuggle Air Lite Crib:       Suitable from birth to approx. 6 months   6 height adjustments   Breathable, hypoallergenic mattress included   Complies with BS EN 1130:2019 safety standard",Bundles,1299,Bundle Baby,120946,Baby Products,599,https://images2.productserve.com/?w=200&h=200&bg=white&trim=5&t=letterbox&url=ssl%3Awww.bundlebaby.com%2FImages%2FModels%2FFull%2F3462.jpg&feedId=111176&k=1368d2b3f070fc59896a0a666c663956a8b3f05f,GBP,,0,https://www.bundlebaby.com/en/Silver-Cross-Breez--Shnuggle-Air-Lite-Bundle/k-3462.aspx?PartnerID=578&utm_source=affiliate&utm_medium=affiliatewindow&utm_campaign=UnitedKingdom,,,"£1,299.00",111176,Silver Cross,1,https://www.bundlebaby.com/Images/Models/Full/3462-1.jpg,https://www.bundlebaby.com/Images/Models/Full/3462-2.jpg,https://www.bundlebaby.com/Images/Models/Full/3462-4.jpg,https://www.bundlebaby.com/Images/Models/Original/3462.jpg,https://www.bundlebaby.com/Images/Models/Full/3462-3.jpg,Travel Bundle
https://www.awin1.com/pclick.php?p=44568700829&a=2771700&m=120946,Silver Cross Reef 2 Special Edition + Shnuggle Air Lite Bundle,44568700829,5897UK,https://www.bundlebaby.com/Images/Models/Full/3463.jpg,"The all-in-one travel, sleep, and newborn solution for parents. This bundle combines the Silver Cross Reef 2 Special Edition Ultimate 360 Travel System with the Glide Plus 360 Car Seat and Base Plus 360, alongside the Shnuggle Air Lite Bedside Crib, giving you everything you need from newborn through the early months.    Designed with elegance and practicality in mind, the Reef 2 Special Edition offers a smooth, refined ride with premium finishes and thoughtful features for everyday life. From its overnight sleep-approved bamboo carrycot to its effortless one-hand fold and complete accessory set, this travel system ensures comfort, convenience, and style at every stage. Paired with the lie-flat Glide Plus 360 infant carrier and rotating ISOFIX base, plus the breathable Shnuggle bedside crib for safe sleep, this bundle delivers everything modern families need.    What’s Included:       Silver Cross Reef 2 Special Edition Pushchair (Chassis & Seat)   Silver Cross Reef 2 Folding Carrycot (First Bed)   Silver Cross Universal Car Seat Adaptors   Silver Cross Rain Cover   Silver Cross Changing Backpack   Silver Cross Footmuff   Silver Cross Cup Holder   Silver Cross Phone Holder   Silver Cross Glide Plus 360 Infant Car Seat    Silver Cross Base Plus 360 ISOFIX Base   Shnuggle Air Lite Bedside Crib- Taupe   Shnuggle Breathable Crib Mattress   Shnuggle 2 Pack Fitted Sheets- Leaf Print   Shnuggle Waterproof Mattress Protector   Shnuggle Moonlight Plus Nightlight with Digital Room Temperature Display      Key Features:    Travel & Everyday Convenience:       Effortless one-hand fold—ideal for busy parents   Self-standing fold with seat attached to protect fabrics and handle   Smooth, easy manoeuvrability for everyday use Suitable from birth to 22kg (approx. 4 years)   Includes a full range of premium accessories for convenience on the go      Comfort & Premium Design:       Bamboo-quilted carrycot approved for overnight sleeping   Folding carrycot for easy storage and travel   Auto-adjust harness with integrated head support for growing babies   Soft, high-quality fabrics with removable, machine washable covers (30°C)   Thermal footmuff included for colder weather comfort      Advanced Safety Travel System:       Glide Plus 360 lie-flat infant car seat for optimal newborn support   Base Plus 360 ISOFIX base with rotating function for easy access   Quick and seamless transition from car to pushchair   Designed for safe, ergonomic travel from birth      Smart Accessories & Practical Details:       Premium changing backpack for everyday essentials   Cup holder and phone holder for added convenience   Rain cover included for all-weather protection      Sleep & Night-Time Comfort:       Shnuggle Air Lite bedside crib with breathable dual-mesh sides   Easy-access drop-down side for night feeds   6 adjustable height settings to suit most beds   Gentle incline option to help with reflux and colic   Can be used bedside or as a standalone crib   Includes mattress, fitted sheets, and waterproof protector      Specifications:    Silver Cross Reef 2 Special Edition:       Suitable from birth to approx. 4 years (max. 22kg)   Unfolded: L85 x W61 x H98.5–112cm   Folded: L71 x W61 x H30.5cm   Weight: 13.2kg      Glide Plus 360 Car Seat:       Lie-flat design for ergonomic newborn positioning   Rotates with Base Plus 360 for easy in-and-out access   Suitable from birth (infant carrier)      Base Plus 360:       ISOFIX installation with rotating functionality      Shnuggle Air Lite Crib:       Suitable from birth to approx. 6 months   6 height adjustments   Breathable, hypoallergenic mattress included   Complies with BS EN 1130:2019 safety standard",Bundles,1585.5,Bundle Baby,120946,Baby Products,599,https://images2.productserve.com/?w=200&h=200&bg=white&trim=5&t=letterbox&url=ssl%3Awww.bundlebaby.com%2FImages%2FModels%2FFull%2F3463.jpg&feedId=111176&k=bf40eccc93366e2db0632075ab369de2e43fd006,GBP,,0,https://www.bundlebaby.com/en/Silver-Cross-Reef-2-Special-Edition--Shnuggle-Air-Lite-Bundle/k-3463.aspx?PartnerID=578&utm_source=affiliate&utm_medium=affiliatewindow&utm_campaign=UnitedKingdom,,,"£1,585.50",111176,Silver Cross,1,https://www.bundlebaby.com/Images/Models/Full/3463-1.jpg,https://www.bundlebaby.com/Images/Models/Full/3463-2.jpg,https://www.bundlebaby.com/Images/Models/Full/3463-4.jpg,https://www.bundlebaby.com/Images/Models/Original/3463.jpg,https://www.bundlebaby.com/Images/Models/Full/3463-3.jpg,Travel Bundle
https://www.awin1.com/pclick.php?p=45501304730&a=2771700&m=120946,Red Kite Baby Push Me Pace i 3 in 1 Travel System + Home Bundle,45501304730,6339UK,https://www.bundlebaby.com/Images/Models/Full/3765.jpg,"What's included:       Red Kite Baby Push Me Pace i 2in1 Pushchair- Carrycot, Seat Unit & Frame   Red Kite Baby Reversible Padded Seat Liner    Red Kite Baby Neo Infant Car Seat    Red Kite Baby Pushchair Rain Cover    Red Kite Baby iDock Spin ISOFIX Base    Graco Sweet2Sleep Bedside Crib- Oatmeal   Red Kite Baby Cozy Bounce- Woodland Walks   Shnuggle Baby Bath",Bundles,460,Bundle Baby,120946,Baby Products,599,https://images2.productserve.com/?w=200&h=200&bg=white&trim=5&t=letterbox&url=ssl%3Awww.bundlebaby.com%2FImages%2FModels%2FFull%2F3765.jpg&feedId=111176&k=65ecc8761be7a6aa51fa0272ed66c53dbfea3abe,GBP,,0,https://www.bundlebaby.com/en/Red-Kite-Baby--Push-Me-Pace-i-3-in-1-Travel-System--Home-Bundle/k-3765.aspx?PartnerID=578&utm_source=affiliate&utm_medium=affiliatewindow&utm_campaign=UnitedKingdom,,,£460.00,111176,Red Kite Baby,1,https://www.bundlebaby.com/Images/Models/Full/3765-1.jpg,https://www.bundlebaby.com/Images/Models/Full/3765-2.jpg,https://www.bundlebaby.com/Images/Models/Full/3765-4.jpg,https://www.bundlebaby.com/Images/Models/Original/3765.jpg,https://www.bundlebaby.com/Images/Models/Full/3765-3.jpg,Travel Bundle
https://www.awin1.com/pclick.php?p=45575644616&a=2771700&m=120946,Venicci Upline 3 4-in-1 Cybex Cloud T + Base T Travel System- Truffle,45575644616,6346UK,https://www.bundlebaby.com/Images/Models/Full/3770.jpg,"The third generation of the bestselling Venicci Upline pram, now featuring the innovative Up2Go carrycot folding system.    What's included:       Upline 3 Pushchair    Upline 3 Carrycot   Upline 3 Footmuff   Upline 3 Mosquito Net   Upline 3 Rain Cover   Upline 3 Backpack   Upline 3 Changing Mat   Upline 3 Car Seat Adapters   Upline 3 Seat Unit Liner   Upline 3 Sun Shade for the Upline 3 Carrycot    Cybex Cloud T i-Size Car Seat    Cybex Base T ISOFIX       Key Features:       Lightweight, easy-to-carry design   Compact and travel-friendly folding system   All-weather protection for year-round use   Comfortable and ergonomic for growing babies   Breathable materials for enhanced airflow   Quick and easy adjustments for everyday use   Complete travel system with essential accessories included   Stylish, coordinated design   Practical storage solutions for on-the-go convenience   Easy transition between car and pushchair      Frame:    Built around an ultra-lightweight frame made from durable aluminium, weighing just 5.9 kg. We’ve added a handy integrated strap, making it easy and comfortable to carry when folded. Paired with the folding carrycot and ergonomic seat, it creates a practical, intuitive set that fits perfectly into a busy, on-the-go lifestyle.    Carrycot:    Designed with your baby’s comfort and safety in mind, whatever the weather. Advanced water-repellent materials provide reliable protection from the rain, while on warmer days the UV 50+ fabric helps shield your little one’s delicate skin from harmful UV rays, keeping the interior cool and comfortable. In this latest version, the carrycot features the innovative Up2Go folding system, making it exceptionally compact when folded – ideal for easy storage and transport. Inside, there’s a soft, ergonomic mattress designed to support your baby’s developing spine.    Seat Unit:    The seat unit in the Upline 3 has been designed for even greater comfort on everyday strolls. Compared to the previous version, it’s up to 1.7 kg lighter, making the whole pushchair easier to handle. The ventilated backrest and the 3D fabric, improves airflow and helps keep your child comfortable even on warmer days. For added convenience, the footrest can be adjusted with a single button, allowing you to quickly adapt it to your child’s needs.    Footmuff:    On colder days, your little one needs extra protection from the cold and wind, and the footmuff included with the Upline 3 is the perfect solution. Made from water-repellent material, it keeps your child snug during every walk. If you suddenly step into a warm room, there’s no need to remove it completely – thanks to a handy zip, you can simply unzip the top to quickly adjust to the change in temperature.    Backpack:    The perfect companion for your pram, stylish, spacious and comfortable. It’s big enough to hold all the essentials for you and your baby: nappies, bottles, clothes and accessories. Thoughtfully designed to match the pram, it gives you a coordinated, modern look. Practical and versatile, it’s ideal for both everyday walks and longer outings.    Changing Mat:    Unexpected nappy changes while out and about are no problem with the Upline 3 changing mat. Made from durable, waterproof material that’s safe for your baby’s skin, it allows you to change your little one comfortably wherever you are. Soft and practical, its elegant design complements the pram perfectly. After use, you can easily put it away in the backpack included in the set or in the basket underneath.    Rain Cover:    The Upline 3 rain cover offers reliable protection against unpredictable weather. Its generous size shields the pram from rain, snow and wind. A front section can be unzipped, giving you easy access and full control over your child’s comfort. Special ventilation openings ensure proper airflow, so your little one can breathe easily.    Mosquito Net:    The Upline 3 mosquito net provides reliable protection against insects, allowing your child to enjoy the outdoors safely. The fine mesh prevents mosquitoes and flies from entering the pram while remaining breathable. It is quick and easy to attach, fully covering the pram, and secure drawstrings ensure it stays in place, providing complete protection whether you are walking through the woods, along a meadow, or by the water.    Car Seat Adapters:    Car seat adapters allow you to attach your car seat directly to the pram frame, making the transition from car to pushchair simple and convenient. They are easy to use and ensure your child remains comfortable and undisturbed during transfers, providing peace of mind for parents.    Cybex Cloud T i-Size Car Seat:    Ergonomic and comfortable, wherever you go the Cybex Cloud T i-Size baby car seat is the ultimate all-rounder. When used with the Base T, the baby car seat can recline for blissfully comfortable rides. Outside the car, it can be used with a pushchair as part of a travel system, delivering maximum comfort with its ergonomic lie-flat position. All-round air ventilation provides a consistently pleasant seating temperature in all seasons. And 180° rotation lets you turn the car seat toward the car door, for effortless on and off-boarding. A perfect companion, every step of the way. Age range: From birth up to approx. 24 months. Child height: 45 – 87 cm. Child weight: Max. 13 kg. Approval regulation: UN R129/03.    Cybex Base T ISOFIX:    The Cybex Base T clicks easily into your vehicle, with no vehicle seat belt required. Installation is safe and simplified thanks to optimized ISOFIX release buttons. A rotation mechanism lets you get your child in or out of the car seat with ease. Only compatible with the Cloud T i-Size and Z2 i-Size and the Sirona T i-Size and Z2 i-Size car seats.    Specification:    Carrycot:       L: 102 CM   W: 60 CM   H: 120 CM   Weight(with chassis): 13.1 KG   Suitability: 0 – 9KG      Seat Unit:       L: 95 CM   W: 60 CM   H: 117 CM   Weight(with chassis): 12 KG   Suitability: 0 – 22KG      Chassis:       L: 66 CM   W: 50 CM   H: 22 CM   Weight(chassis with wheels): 7,7 KG   Weight(chassis without wheels): 5,6 KG",Travel Systems,1249,Bundle Baby,120946,Baby Products,599,https://images2.productserve.com/?w=200&h=200&bg=white&trim=5&t=letterbox&url=ssl%3Awww.bundlebaby.com%2FImages%2FModels%2FFull%2F3770.jpg&feedId=111176&k=0629ec8a643580e7de00fa8f2d3e96dce3aecaad,GBP,,0,https://www.bundlebaby.com/en/Venicci--Upline-3-4-in-1-Cybex-Cloud-T--Base-T-Travel-System--Truffle/m-3770.aspx?PartnerID=578&utm_source=affiliate&utm_medium=affiliatewindow&utm_campaign=UnitedKingdom,,,"£1,249.00",111176,Venicci,1,https://www.bundlebaby.com/Images/Models/Full/3770-1.jpg,https://www.bundlebaby.com/Images/Models/Full/3770-2.jpg,https://www.bundlebaby.com/Images/Models/Full/3770-4.jpg,https://www.bundlebaby.com/Images/Models/Original/3770.jpg,https://www.bundlebaby.com/Images/Models/Full/3770-3.jpg,Travel Bundle
https://www.awin1.com/pclick.php?p=45575644617&a=2771700&m=120946,Venicci Upline 3 Essential Bundle- Truffle,45575644617,6347UK,https://www.bundlebaby.com/Images/Models/Full/3771.jpg,"The third generation of the bestselling Venicci Upline pram, now featuring the innovative Up2Go carrycot folding system.    What's included:       Upline 3 Pushchair    Upline 3 Carrycot   Upline 3 Footmuff   Upline 3 Mosquito Net   Upline 3 Rain Cover   Upline 3 Backpack   Upline 3 Changing Mat   Upline 3 Car Seat Adapters   Upline 3 Seat Unit Liner   Upline 3 Sun Shade for the Upline 3 Carrycot       Key Features:       Lightweight, easy-to-carry design   Compact and travel-friendly folding system   All-weather protection for year-round use   Comfortable and ergonomic for growing babies   Breathable materials for enhanced airflow   Quick and easy adjustments for everyday use   Complete travel system with essential accessories included   Stylish, coordinated design   Practical storage solutions for on-the-go convenience   Easy transition between car and pushchair      Frame:    Built around an ultra-lightweight frame made from durable aluminium, weighing just 5.9 kg. We’ve added a handy integrated strap, making it easy and comfortable to carry when folded. Paired with the folding carrycot and ergonomic seat, it creates a practical, intuitive set that fits perfectly into a busy, on-the-go lifestyle.    Carrycot:    Designed with your baby’s comfort and safety in mind, whatever the weather. Advanced water-repellent materials provide reliable protection from the rain, while on warmer days the UV 50+ fabric helps shield your little one’s delicate skin from harmful UV rays, keeping the interior cool and comfortable. In this latest version, the carrycot features the innovative Up2Go folding system, making it exceptionally compact when folded – ideal for easy storage and transport. Inside, there’s a soft, ergonomic mattress designed to support your baby’s developing spine.    Seat Unit:    The seat unit in the Upline 3 has been designed for even greater comfort on everyday strolls. Compared to the previous version, it’s up to 1.7 kg lighter, making the whole pushchair easier to handle. The ventilated backrest and the 3D fabric, improves airflow and helps keep your child comfortable even on warmer days. For added convenience, the footrest can be adjusted with a single button, allowing you to quickly adapt it to your child’s needs.    Footmuff:    On colder days, your little one needs extra protection from the cold and wind, and the footmuff included with the Upline 3 is the perfect solution. Made from water-repellent material, it keeps your child snug during every walk. If you suddenly step into a warm room, there’s no need to remove it completely – thanks to a handy zip, you can simply unzip the top to quickly adjust to the change in temperature.    Backpack:    The perfect companion for your pram, stylish, spacious and comfortable. It’s big enough to hold all the essentials for you and your baby: nappies, bottles, clothes and accessories. Thoughtfully designed to match the pram, it gives you a coordinated, modern look. Practical and versatile, it’s ideal for both everyday walks and longer outings.    Changing Mat:    Unexpected nappy changes while out and about are no problem with the Upline 3 changing mat. Made from durable, waterproof material that’s safe for your baby’s skin, it allows you to change your little one comfortably wherever you are. Soft and practical, its elegant design complements the pram perfectly. After use, you can easily put it away in the backpack included in the set or in the basket underneath.    Rain Cover:    The Upline 3 rain cover offers reliable protection against unpredictable weather. Its generous size shields the pram from rain, snow and wind. A front section can be unzipped, giving you easy access and full control over your child’s comfort. Special ventilation openings ensure proper airflow, so your little one can breathe easily.    Mosquito Net:    The Upline 3 mosquito net provides reliable protection against insects, allowing your child to enjoy the outdoors safely. The fine mesh prevents mosquitoes and flies from entering the pram while remaining breathable. It is quick and easy to attach, fully covering the pram, and secure drawstrings ensure it stays in place, providing complete protection whether you are walking through the woods, along a meadow, or by the water.    Car Seat Adapters:    Car seat adapters allow you to attach your car seat directly to the pram frame, making the transition from car to pushchair simple and convenient. They are easy to use and ensure your child remains comfortable and undisturbed during transfers, providing peace of mind for parents.",Pushchairs,899,Bundle Baby,120946,Baby Products,599,https://images2.productserve.com/?w=200&h=200&bg=white&trim=5&t=letterbox&url=ssl%3Awww.bundlebaby.com%2FImages%2FModels%2FFull%2F3771.jpg&feedId=111176&k=074f2a69b97e84fb758ff8b97603a37e2df3676f,GBP,,0,https://www.bundlebaby.com/en/Venicci--Upline-3-Essential-Bundle--Truffle/m-3771.aspx?PartnerID=578&utm_source=affiliate&utm_medium=affiliatewindow&utm_campaign=UnitedKingdom,,,£899.00,111176,Venicci,1,https://www.bundlebaby.com/Images/Models/Full/3771-1.jpg,https://www.bundlebaby.com/Images/Models/Full/3771-2.jpg,https://www.bundlebaby.com/Images/Models/Full/3771-4.jpg,https://www.bundlebaby.com/Images/Models/Original/3771.jpg,https://www.bundlebaby.com/Images/Models/Full/3771-3.jpg,Pram & Pushchair
https://www.awin1.com/pclick.php?p=45575644618&a=2771700&m=120946,Venicci Upline 3 Comfort Bundle 3in1- Truffle - Tiago Car Seat- Beige,45575644618,6348UK,https://www.bundlebaby.com/Images/Models/Full/3772.jpg,"The third generation of the bestselling Venicci Upline pram, now featuring the innovative Up2Go carrycot folding system.    What's included:       Upline 3 Pushchair    Upline 3 Carrycot   Upline 3 Footmuff   Upline 3 Mosquito Net   Upline 3 Rain Cover   Upline 3 Backpack   Upline 3 Changing Mat   Upline 3 Car Seat Adapters   Upline 3 Seat Unit Liner   Upline 3 Sun Shade for the Upline 3 Carrycot    Venicci Tiago 360 i-Size Car Seat       Key Features:       Lightweight, easy-to-carry design   Compact and travel-friendly folding system   All-weather protection for year-round use   Comfortable and ergonomic for growing babies   Breathable materials for enhanced airflow   Quick and easy adjustments for everyday use   Complete travel system with essential accessories included   Stylish, coordinated design   Practical storage solutions for on-the-go convenience   Easy transition between car and pushchair      Frame:    Built around an ultra-lightweight frame made from durable aluminium, weighing just 5.9 kg. We’ve added a handy integrated strap, making it easy and comfortable to carry when folded. Paired with the folding carrycot and ergonomic seat, it creates a practical, intuitive set that fits perfectly into a busy, on-the-go lifestyle.    Carrycot:    Designed with your baby’s comfort and safety in mind, whatever the weather. Advanced water-repellent materials provide reliable protection from the rain, while on warmer days the UV 50+ fabric helps shield your little one’s delicate skin from harmful UV rays, keeping the interior cool and comfortable. In this latest version, the carrycot features the innovative Up2Go folding system, making it exceptionally compact when folded – ideal for easy storage and transport. Inside, there’s a soft, ergonomic mattress designed to support your baby’s developing spine.    Seat Unit:    The seat unit in the Upline 3 has been designed for even greater comfort on everyday strolls. Compared to the previous version, it’s up to 1.7 kg lighter, making the whole pushchair easier to handle. The ventilated backrest and the 3D fabric, improves airflow and helps keep your child comfortable even on warmer days. For added convenience, the footrest can be adjusted with a single button, allowing you to quickly adapt it to your child’s needs.    Footmuff:    On colder days, your little one needs extra protection from the cold and wind, and the footmuff included with the Upline 3 is the perfect solution. Made from water-repellent material, it keeps your child snug during every walk. If you suddenly step into a warm room, there’s no need to remove it completely – thanks to a handy zip, you can simply unzip the top to quickly adjust to the change in temperature.    Backpack:    The perfect companion for your pram, stylish, spacious and comfortable. It’s big enough to hold all the essentials for you and your baby: nappies, bottles, clothes and accessories. Thoughtfully designed to match the pram, it gives you a coordinated, modern look. Practical and versatile, it’s ideal for both everyday walks and longer outings.    Changing Mat:    Unexpected nappy changes while out and about are no problem with the Upline 3 changing mat. Made from durable, waterproof material that’s safe for your baby’s skin, it allows you to change your little one comfortably wherever you are. Soft and practical, its elegant design complements the pram perfectly. After use, you can easily put it away in the backpack included in the set or in the basket underneath.    Rain Cover:    The Upline 3 rain cover offers reliable protection against unpredictable weather. Its generous size shields the pram from rain, snow and wind. A front section can be unzipped, giving you easy access and full control over your child’s comfort. Special ventilation openings ensure proper airflow, so your little one can breathe easily.    Mosquito Net:    The Upline 3 mosquito net provides reliable protection against insects, allowing your child to enjoy the outdoors safely. The fine mesh prevents mosquitoes and flies from entering the pram while remaining breathable. It is quick and easy to attach, fully covering the pram, and secure drawstrings ensure it stays in place, providing complete protection whether you are walking through the woods, along a meadow, or by the water.    Car Seat Adapters:    Car seat adapters allow you to attach your car seat directly to the pram frame, making the transition from car to pushchair simple and convenient. They are easy to use and ensure your child remains comfortable and undisturbed during transfers, providing peace of mind for parents.    Tiago Car Seat:    The Tiago car seat combines high standards of safety with user comfort. Compliant with the i-Size standard (ECE R129/03), it is suitable for children from 40 to 87 cm in height and up to 13 kg in weight.    Specification:    Carrycot:       L: 102 CM   W: 60 CM   H: 120 CM   Weight(with chassis): 13.1 KG   Suitability: 0 – 9KG      Seat Unit:       L: 95 CM   W: 60 CM   H: 117 CM   Weight(with chassis): 12 KG   Suitability: 0 – 22KG      Chassis:       L: 66 CM   W: 50 CM   H: 22 CM   Weight(chassis with wheels): 7,7 KG   Weight(chassis without wheels): 5,6 KG",Travel Systems,999,Bundle Baby,120946,Baby Products,599,https://images2.productserve.com/?w=200&h=200&bg=white&trim=5&t=letterbox&url=ssl%3Awww.bundlebaby.com%2FImages%2FModels%2FFull%2F3772.jpg&feedId=111176&k=e66cdb46a288c72f9fd785f5347939c207565858,GBP,,0,https://www.bundlebaby.com/en/Venicci--Upline-3-Comfort-Bundle-3in1--Truffle/m-3772.aspx?PartnerID=578&utm_source=affiliate&utm_medium=affiliatewindow&utm_campaign=UnitedKingdom,,,£999.00,111176,Venicci,1,https://www.bundlebaby.com/Images/Models/Full/3772-1.jpg,https://www.bundlebaby.com/Images/Models/Full/3772-2.jpg,https://www.bundlebaby.com/Images/Models/Full/3772-4.jpg,https://www.bundlebaby.com/Images/Models/Original/3772.jpg,https://www.bundlebaby.com/Images/Models/Full/3772-3.jpg,Travel Bundle
https://www.awin1.com/pclick.php?p=45575644619&a=2771700&m=120946,Venicci Upline 3 Comfort Bundle 3in1- Truffle - Tiago Car Seat- Black,45575644619,6349UK,https://www.bundlebaby.com/Images/Models/Full/3772.jpg,"The third generation of the bestselling Venicci Upline pram, now featuring the innovative Up2Go carrycot folding system.    What's included:       Upline 3 Pushchair    Upline 3 Carrycot   Upline 3 Footmuff   Upline 3 Mosquito Net   Upline 3 Rain Cover   Upline 3 Backpack   Upline 3 Changing Mat   Upline 3 Car Seat Adapters   Upline 3 Seat Unit Liner   Upline 3 Sun Shade for the Upline 3 Carrycot    Venicci Tiago 360 i-Size Car Seat       Key Features:       Lightweight, easy-to-carry design   Compact and travel-friendly folding system   All-weather protection for year-round use   Comfortable and ergonomic for growing babies   Breathable materials for enhanced airflow   Quick and easy adjustments for everyday use   Complete travel system with essential accessories included   Stylish, coordinated design   Practical storage solutions for on-the-go convenience   Easy transition between car and pushchair      Frame:    Built around an ultra-lightweight frame made from durable aluminium, weighing just 5.9 kg. We’ve added a handy integrated strap, making it easy and comfortable to carry when folded. Paired with the folding carrycot and ergonomic seat, it creates a practical, intuitive set that fits perfectly into a busy, on-the-go lifestyle.    Carrycot:    Designed with your baby’s comfort and safety in mind, whatever the weather. Advanced water-repellent materials provide reliable protection from the rain, while on warmer days the UV 50+ fabric helps shield your little one’s delicate skin from harmful UV rays, keeping the interior cool and comfortable. In this latest version, the carrycot features the innovative Up2Go folding system, making it exceptionally compact when folded – ideal for easy storage and transport. Inside, there’s a soft, ergonomic mattress designed to support your baby’s developing spine.    Seat Unit:    The seat unit in the Upline 3 has been designed for even greater comfort on everyday strolls. Compared to the previous version, it’s up to 1.7 kg lighter, making the whole pushchair easier to handle. The ventilated backrest and the 3D fabric, improves airflow and helps keep your child comfortable even on warmer days. For added convenience, the footrest can be adjusted with a single button, allowing you to quickly adapt it to your child’s needs.    Footmuff:    On colder days, your little one needs extra protection from the cold and wind, and the footmuff included with the Upline 3 is the perfect solution. Made from water-repellent material, it keeps your child snug during every walk. If you suddenly step into a warm room, there’s no need to remove it completely – thanks to a handy zip, you can simply unzip the top to quickly adjust to the change in temperature.    Backpack:    The perfect companion for your pram, stylish, spacious and comfortable. It’s big enough to hold all the essentials for you and your baby: nappies, bottles, clothes and accessories. Thoughtfully designed to match the pram, it gives you a coordinated, modern look. Practical and versatile, it’s ideal for both everyday walks and longer outings.    Changing Mat:    Unexpected nappy changes while out and about are no problem with the Upline 3 changing mat. Made from durable, waterproof material that’s safe for your baby’s skin, it allows you to change your little one comfortably wherever you are. Soft and practical, its elegant design complements the pram perfectly. After use, you can easily put it away in the backpack included in the set or in the basket underneath.    Rain Cover:    The Upline 3 rain cover offers reliable protection against unpredictable weather. Its generous size shields the pram from rain, snow and wind. A front section can be unzipped, giving you easy access and full control over your child’s comfort. Special ventilation openings ensure proper airflow, so your little one can breathe easily.    Mosquito Net:    The Upline 3 mosquito net provides reliable protection against insects, allowing your child to enjoy the outdoors safely. The fine mesh prevents mosquitoes and flies from entering the pram while remaining breathable. It is quick and easy to attach, fully covering the pram, and secure drawstrings ensure it stays in place, providing complete protection whether you are walking through the woods, along a meadow, or by the water.    Car Seat Adapters:    Car seat adapters allow you to attach your car seat directly to the pram frame, making the transition from car to pushchair simple and convenient. They are easy to use and ensure your child remains comfortable and undisturbed during transfers, providing peace of mind for parents.    Tiago Car Seat:    The Tiago car seat combines high standards of safety with user comfort. Compliant with the i-Size standard (ECE R129/03), it is suitable for children from 40 to 87 cm in height and up to 13 kg in weight.    Specification:    Carrycot:       L: 102 CM   W: 60 CM   H: 120 CM   Weight(with chassis): 13.1 KG   Suitability: 0 – 9KG      Seat Unit:       L: 95 CM   W: 60 CM   H: 117 CM   Weight(with chassis): 12 KG   Suitability: 0 – 22KG      Chassis:       L: 66 CM   W: 50 CM   H: 22 CM   Weight(chassis with wheels): 7,7 KG   Weight(chassis without wheels): 5,6 KG",Travel Systems,999,Bundle Baby,120946,Baby Products,599,https://images2.productserve.com/?w=200&h=200&bg=white&trim=5&t=letterbox&url=ssl%3Awww.bundlebaby.com%2FImages%2FModels%2FFull%2F3772.jpg&feedId=111176&k=e66cdb46a288c72f9fd785f5347939c207565858,GBP,,0,https://www.bundlebaby.com/en/Venicci--Upline-3-Comfort-Bundle-3in1--Truffle/m-3772.aspx?PartnerID=578&utm_source=affiliate&utm_medium=affiliatewindow&utm_campaign=UnitedKingdom,,,£999.00,111176,Venicci,1,https://www.bundlebaby.com/Images/Models/Full/3772-1.jpg,https://www.bundlebaby.com/Images/Models/Full/3772-2.jpg,https://www.bundlebaby.com/Images/Models/Full/3772-4.jpg,https://www.bundlebaby.com/Images/Models/Original/3772.jpg,https://www.bundlebaby.com/Images/Models/Full/3772-3.jpg,Travel Bundle
https://www.awin1.com/pclick.php?p=45575644620&a=2771700&m=120946,Venicci Upline 3 Luxury Bundle 4in1- Truffle - Tiago Car Seat- Beige,45575644620,6350UK,https://www.bundlebaby.com/Images/Models/Full/3773.jpg,"The third generation of the bestselling Venicci Upline pram, now featuring the innovative Up2Go carrycot folding system.    What's included:       Upline 3 Pushchair    Upline 3 Carrycot   Upline 3 Footmuff   Upline 3 Mosquito Net   Upline 3 Rain Cover   Upline 3 Backpack   Upline 3 Changing Mat   Upline 3 Car Seat Adapters   Upline 3 Seat Unit Liner   Upline 3 Sun Shade for the Upline 3 Carrycot    Venicci Tiago 360 i-Size Car Seat    Venicci Tiago 360 base      Key Features:       Lightweight, easy-to-carry design   Compact and travel-friendly folding system   All-weather protection for year-round use   Comfortable and ergonomic for growing babies   Breathable materials for enhanced airflow   Quick and easy adjustments for everyday use   Complete travel system with essential accessories included   Stylish, coordinated design   Practical storage solutions for on-the-go convenience   Easy transition between car and pushchair      Frame:    Built around an ultra-lightweight frame made from durable aluminium, weighing just 5.9 kg. We’ve added a handy integrated strap, making it easy and comfortable to carry when folded. Paired with the folding carrycot and ergonomic seat, it creates a practical, intuitive set that fits perfectly into a busy, on-the-go lifestyle.    Carrycot:    Designed with your baby’s comfort and safety in mind, whatever the weather. Advanced water-repellent materials provide reliable protection from the rain, while on warmer days the UV 50+ fabric helps shield your little one’s delicate skin from harmful UV rays, keeping the interior cool and comfortable. In this latest version, the carrycot features the innovative Up2Go folding system, making it exceptionally compact when folded – ideal for easy storage and transport. Inside, there’s a soft, ergonomic mattress designed to support your baby’s developing spine.    Seat Unit:    The seat unit in the Upline 3 has been designed for even greater comfort on everyday strolls. Compared to the previous version, it’s up to 1.7 kg lighter, making the whole pushchair easier to handle. The ventilated backrest and the 3D fabric, improves airflow and helps keep your child comfortable even on warmer days. For added convenience, the footrest can be adjusted with a single button, allowing you to quickly adapt it to your child’s needs.    Footmuff:    On colder days, your little one needs extra protection from the cold and wind, and the footmuff included with the Upline 3 is the perfect solution. Made from water-repellent material, it keeps your child snug during every walk. If you suddenly step into a warm room, there’s no need to remove it completely – thanks to a handy zip, you can simply unzip the top to quickly adjust to the change in temperature.    Backpack:    The perfect companion for your pram, stylish, spacious and comfortable. It’s big enough to hold all the essentials for you and your baby: nappies, bottles, clothes and accessories. Thoughtfully designed to match the pram, it gives you a coordinated, modern look. Practical and versatile, it’s ideal for both everyday walks and longer outings.    Changing Mat:    Unexpected nappy changes while out and about are no problem with the Upline 3 changing mat. Made from durable, waterproof material that’s safe for your baby’s skin, it allows you to change your little one comfortably wherever you are. Soft and practical, its elegant design complements the pram perfectly. After use, you can easily put it away in the backpack included in the set or in the basket underneath.    Rain Cover:    The Upline 3 rain cover offers reliable protection against unpredictable weather. Its generous size shields the pram from rain, snow and wind. A front section can be unzipped, giving you easy access and full control over your child’s comfort. Special ventilation openings ensure proper airflow, so your little one can breathe easily.    Mosquito Net:    The Upline 3 mosquito net provides reliable protection against insects, allowing your child to enjoy the outdoors safely. The fine mesh prevents mosquitoes and flies from entering the pram while remaining breathable. It is quick and easy to attach, fully covering the pram, and secure drawstrings ensure it stays in place, providing complete protection whether you are walking through the woods, along a meadow, or by the water.    Car Seat Adapters:    Car seat adapters allow you to attach your car seat directly to the pram frame, making the transition from car to pushchair simple and convenient. They are easy to use and ensure your child remains comfortable and undisturbed during transfers, providing peace of mind for parents.    Tiago Car Seat:    The Tiago car seat combines high standards of safety with user comfort. Compliant with the i-Size standard (ECE R129/03), it is suitable for children from 40 to 87 cm in height and up to 13 kg in weight.    Tiago 360 Base:    For added convenience, the Tiago car seat can be used with the rotating Isofix 360° base. The base is i-Size compliant (ECE R129/03) and makes daily use simpler while maintaining the highest safety standards.    Specification:    Carrycot:       L: 102 CM   W: 60 CM   H: 120 CM   Weight(with chassis): 13.1 KG   Suitability: 0 – 9KG      Seat Unit:       L: 95 CM   W: 60 CM   H: 117 CM   Weight(with chassis): 12 KG   Suitability: 0 – 22KG      Chassis:       L: 66 CM   W: 50 CM   H: 22 CM   Weight(chassis with wheels): 7,7 KG   Weight(chassis without wheels): 5,6 KG",Travel Systems,1099,Bundle Baby,120946,Baby Products,599,https://images2.productserve.com/?w=200&h=200&bg=white&trim=5&t=letterbox&url=ssl%3Awww.bundlebaby.com%2FImages%2FModels%2FFull%2F3773.jpg&feedId=111176&k=2f898db1ffa82ff7bc37dbafbe55cef3444f2f22,GBP,,0,https://www.bundlebaby.com/en/Venicci--Upline-3-Luxury-Bundle-4in1--Truffle/m-3773.aspx?PartnerID=578&utm_source=affiliate&utm_medium=affiliatewindow&utm_campaign=UnitedKingdom,,,"£1,099.00",111176,Venicci,1,https://www.bundlebaby.com/Images/Models/Full/3773-1.jpg,https://www.bundlebaby.com/Images/Models/Full/3773-2.jpg,https://www.bundlebaby.com/Images/Models/Full/3773-4.jpg,https://www.bundlebaby.com/Images/Models/Original/3773.jpg,https://www.bundlebaby.com/Images/Models/Full/3773-3.jpg,Travel Bundle
https://www.awin1.com/pclick.php?p=45575644621&a=2771700&m=120946,Venicci Upline 3 Luxury Bundle 4in1- Truffle - Tiago Car Seat- Black,45575644621,6351UK,https://www.bundlebaby.com/Images/Models/Full/3773.jpg,"The third generation of the bestselling Venicci Upline pram, now featuring the innovative Up2Go carrycot folding system.    What's included:       Upline 3 Pushchair    Upline 3 Carrycot   Upline 3 Footmuff   Upline 3 Mosquito Net   Upline 3 Rain Cover   Upline 3 Backpack   Upline 3 Changing Mat   Upline 3 Car Seat Adapters   Upline 3 Seat Unit Liner   Upline 3 Sun Shade for the Upline 3 Carrycot    Venicci Tiago 360 i-Size Car Seat    Venicci Tiago 360 base      Key Features:       Lightweight, easy-to-carry design   Compact and travel-friendly folding system   All-weather protection for year-round use   Comfortable and ergonomic for growing babies   Breathable materials for enhanced airflow   Quick and easy adjustments for everyday use   Complete travel system with essential accessories included   Stylish, coordinated design   Practical storage solutions for on-the-go convenience   Easy transition between car and pushchair      Frame:    Built around an ultra-lightweight frame made from durable aluminium, weighing just 5.9 kg. We’ve added a handy integrated strap, making it easy and comfortable to carry when folded. Paired with the folding carrycot and ergonomic seat, it creates a practical, intuitive set that fits perfectly into a busy, on-the-go lifestyle.    Carrycot:    Designed with your baby’s comfort and safety in mind, whatever the weather. Advanced water-repellent materials provide reliable protection from the rain, while on warmer days the UV 50+ fabric helps shield your little one’s delicate skin from harmful UV rays, keeping the interior cool and comfortable. In this latest version, the carrycot features the innovative Up2Go folding system, making it exceptionally compact when folded – ideal for easy storage and transport. Inside, there’s a soft, ergonomic mattress designed to support your baby’s developing spine.    Seat Unit:    The seat unit in the Upline 3 has been designed for even greater comfort on everyday strolls. Compared to the previous version, it’s up to 1.7 kg lighter, making the whole pushchair easier to handle. The ventilated backrest and the 3D fabric, improves airflow and helps keep your child comfortable even on warmer days. For added convenience, the footrest can be adjusted with a single button, allowing you to quickly adapt it to your child’s needs.    Footmuff:    On colder days, your little one needs extra protection from the cold and wind, and the footmuff included with the Upline 3 is the perfect solution. Made from water-repellent material, it keeps your child snug during every walk. If you suddenly step into a warm room, there’s no need to remove it completely – thanks to a handy zip, you can simply unzip the top to quickly adjust to the change in temperature.    Backpack:    The perfect companion for your pram, stylish, spacious and comfortable. It’s big enough to hold all the essentials for you and your baby: nappies, bottles, clothes and accessories. Thoughtfully designed to match the pram, it gives you a coordinated, modern look. Practical and versatile, it’s ideal for both everyday walks and longer outings.    Changing Mat:    Unexpected nappy changes while out and about are no problem with the Upline 3 changing mat. Made from durable, waterproof material that’s safe for your baby’s skin, it allows you to change your little one comfortably wherever you are. Soft and practical, its elegant design complements the pram perfectly. After use, you can easily put it away in the backpack included in the set or in the basket underneath.    Rain Cover:    The Upline 3 rain cover offers reliable protection against unpredictable weather. Its generous size shields the pram from rain, snow and wind. A front section can be unzipped, giving you easy access and full control over your child’s comfort. Special ventilation openings ensure proper airflow, so your little one can breathe easily.    Mosquito Net:    The Upline 3 mosquito net provides reliable protection against insects, allowing your child to enjoy the outdoors safely. The fine mesh prevents mosquitoes and flies from entering the pram while remaining breathable. It is quick and easy to attach, fully covering the pram, and secure drawstrings ensure it stays in place, providing complete protection whether you are walking through the woods, along a meadow, or by the water.    Car Seat Adapters:    Car seat adapters allow you to attach your car seat directly to the pram frame, making the transition from car to pushchair simple and convenient. They are easy to use and ensure your child remains comfortable and undisturbed during transfers, providing peace of mind for parents.    Tiago Car Seat:    The Tiago car seat combines high standards of safety with user comfort. Compliant with the i-Size standard (ECE R129/03), it is suitable for children from 40 to 87 cm in height and up to 13 kg in weight.    Tiago 360 Base:    For added convenience, the Tiago car seat can be used with the rotating Isofix 360° base. The base is i-Size compliant (ECE R129/03) and makes daily use simpler while maintaining the highest safety standards.    Specification:    Carrycot:       L: 102 CM   W: 60 CM   H: 120 CM   Weight(with chassis): 13.1 KG   Suitability: 0 – 9KG      Seat Unit:       L: 95 CM   W: 60 CM   H: 117 CM   Weight(with chassis): 12 KG   Suitability: 0 – 22KG      Chassis:       L: 66 CM   W: 50 CM   H: 22 CM   Weight(chassis with wheels): 7,7 KG   Weight(chassis without wheels): 5,6 KG",Travel Systems,1099,Bundle Baby,120946,Baby Products,599,https://images2.productserve.com/?w=200&h=200&bg=white&trim=5&t=letterbox&url=ssl%3Awww.bundlebaby.com%2FImages%2FModels%2FFull%2F3773.jpg&feedId=111176&k=2f898db1ffa82ff7bc37dbafbe55cef3444f2f22,GBP,,0,https://www.bundlebaby.com/en/Venicci--Upline-3-Luxury-Bundle-4in1--Truffle/m-3773.aspx?PartnerID=578&utm_source=affiliate&utm_medium=affiliatewindow&utm_campaign=UnitedKingdom,,,"£1,099.00",111176,Venicci,1,https://www.bundlebaby.com/Images/Models/Full/3773-1.jpg,https://www.bundlebaby.com/Images/Models/Full/3773-2.jpg,https://www.bundlebaby.com/Images/Models/Full/3773-4.jpg,https://www.bundlebaby.com/Images/Models/Original/3773.jpg,https://www.bundlebaby.com/Images/Models/Full/3773-3.jpg,Travel Bundle
https://www.awin1.com/pclick.php?p=45575644622&a=2771700&m=120946,Venicci Upline 3 Ultimate Bundle 4in1- Truffle - Tiago Car Seat- Beige,45575644622,6352UK,https://www.bundlebaby.com/Images/Models/Full/3774.jpg,"The third generation of the bestselling Venicci Upline pram, now featuring the innovative Up2Go carrycot folding system.    What's included:       Upline 3 Pushchair    Upline 3 Carrycot   Upline 3 Footmuff   Upline 3 Mosquito Net   Upline 3 Rain Cover   Upline 3 Backpack   Upline 3 Changing Mat   Upline 3 Car Seat Adapters   Upline 3 Seat Unit Liner   Upline 3 Sun Shade for the Upline 3 Carrycot    Venicci Tiago 360 i-Size Car Seat    Venicci Tiago 360 base   Upline 3 Carrycot Stand   Upline 3 Carrycot Stand Adapters   Cup holder      Key Features:       Lightweight, easy-to-carry design   Compact and travel-friendly folding system   All-weather protection for year-round use   Comfortable and ergonomic for growing babies   Breathable materials for enhanced airflow   Quick and easy adjustments for everyday use   Complete travel system with essential accessories included   Stylish, coordinated design   Practical storage solutions for on-the-go convenience   Easy transition between car and pushchair      Frame:    Built around an ultra-lightweight frame made from durable aluminium, weighing just 5.9 kg. We’ve added a handy integrated strap, making it easy and comfortable to carry when folded. Paired with the folding carrycot and ergonomic seat, it creates a practical, intuitive set that fits perfectly into a busy, on-the-go lifestyle.    Carrycot:    Designed with your baby’s comfort and safety in mind, whatever the weather. Advanced water-repellent materials provide reliable protection from the rain, while on warmer days the UV 50+ fabric helps shield your little one’s delicate skin from harmful UV rays, keeping the interior cool and comfortable. In this latest version, the carrycot features the innovative Up2Go folding system, making it exceptionally compact when folded – ideal for easy storage and transport. Inside, there’s a soft, ergonomic mattress designed to support your baby’s developing spine.    Seat Unit:    The seat unit in the Upline 3 has been designed for even greater comfort on everyday strolls. Compared to the previous version, it’s up to 1.7 kg lighter, making the whole pushchair easier to handle. The ventilated backrest and the 3D fabric, improves airflow and helps keep your child comfortable even on warmer days. For added convenience, the footrest can be adjusted with a single button, allowing you to quickly adapt it to your child’s needs.    Footmuff:    On colder days, your little one needs extra protection from the cold and wind, and the footmuff included with the Upline 3 is the perfect solution. Made from water-repellent material, it keeps your child snug during every walk. If you suddenly step into a warm room, there’s no need to remove it completely – thanks to a handy zip, you can simply unzip the top to quickly adjust to the change in temperature.    Backpack:    The perfect companion for your pram, stylish, spacious and comfortable. It’s big enough to hold all the essentials for you and your baby: nappies, bottles, clothes and accessories. Thoughtfully designed to match the pram, it gives you a coordinated, modern look. Practical and versatile, it’s ideal for both everyday walks and longer outings.    Changing Mat:    Unexpected nappy changes while out and about are no problem with the Upline 3 changing mat. Made from durable, waterproof material that’s safe for your baby’s skin, it allows you to change your little one comfortably wherever you are. Soft and practical, its elegant design complements the pram perfectly. After use, you can easily put it away in the backpack included in the set or in the basket underneath.    Rain Cover:    The Upline 3 rain cover offers reliable protection against unpredictable weather. Its generous size shields the pram from rain, snow and wind. A front section can be unzipped, giving you easy access and full control over your child’s comfort. Special ventilation openings ensure proper airflow, so your little one can breathe easily.    Mosquito Net:    The Upline 3 mosquito net provides reliable protection against insects, allowing your child to enjoy the outdoors safely. The fine mesh prevents mosquitoes and flies from entering the pram while remaining breathable. It is quick and easy to attach, fully covering the pram, and secure drawstrings ensure it stays in place, providing complete protection whether you are walking through the woods, along a meadow, or by the water.    Car Seat Adapters:    Car seat adapters allow you to attach your car seat directly to the pram frame, making the transition from car to pushchair simple and convenient. They are easy to use and ensure your child remains comfortable and undisturbed during transfers, providing peace of mind for parents.    Tiago Car Seat:    The Tiago car seat combines high standards of safety with user comfort. Compliant with the i-Size standard (ECE R129/03), it is suitable for children from 40 to 87 cm in height and up to 13 kg in weight.    Tiago 360 Base:    For added convenience, the Tiago car seat can be used with the rotating Isofix 360° base. The base is i-Size compliant (ECE R129/03) and makes daily use simpler while maintaining the highest safety standards.    Specification:    Carrycot:       L: 102 CM   W: 60 CM   H: 120 CM   Weight(with chassis): 13.1 KG   Suitability: 0 – 9KG      Seat Unit:       L: 95 CM   W: 60 CM   H: 117 CM   Weight(with chassis): 12 KG   Suitability: 0 – 22KG      Chassis:       L: 66 CM   W: 50 CM   H: 22 CM   Weight(chassis with wheels): 7,7 KG   Weight(chassis without wheels): 5,6 KG",Travel Systems,1199,Bundle Baby,120946,Baby Products,599,https://images2.productserve.com/?w=200&h=200&bg=white&trim=5&t=letterbox&url=ssl%3Awww.bundlebaby.com%2FImages%2FModels%2FFull%2F3774.jpg&feedId=111176&k=a0f5202cf036c07fe61b05554ccdec8a08d3fcad,GBP,,0,https://www.bundlebaby.com/en/Venicci--Upline-3-Ultimate-Bundle-4in1--Truffle/m-3774.aspx?PartnerID=578&utm_source=affiliate&utm_medium=affiliatewindow&utm_campaign=UnitedKingdom,,,"£1,199.00",111176,Venicci,1,https://www.bundlebaby.com/Images/Models/Full/3774-1.jpg,https://www.bundlebaby.com/Images/Models/Full/3774-2.jpg,https://www.bundlebaby.com/Images/Models/Full/3774-4.jpg,https://www.bundlebaby.com/Images/Models/Original/3774.jpg,https://www.bundlebaby.com/Images/Models/Full/3774-3.jpg,Travel Bundle
https://www.awin1.com/pclick.php?p=44568700832&a=2771700&m=120946,Cybex Platinum Priam Comfort + Shnuggle Air Lite Bundle,44568700832,5900UK,https://www.bundlebaby.com/Images/Models/Full/3466.jpg,"The all-in-one travel, sleep, and newborn solution for parents. This premium bundle combines the Cybex Priam Travel System with the Cloud T i-Size Car Seat and Base T, alongside the Shnuggle Air Lite Bedside Crib, giving you everything you need from newborn through the early months and beyond.    A true design icon, the Cybex Priam blends luxurious comfort with innovative functionality. Featuring a foldable carrycot that compacts even while attached to the frame, a reversible seat unit, and seamless travel system compatibility, it adapts effortlessly as your child grows. Paired with the lie-flat Cloud T i-Size car seat and rotating ISOFIX base, plus the breathable Shnuggle bedside crib for safe sleep, this bundle delivers premium style, comfort, and convenience from day one.    What’s Included:       Cybex Priam Frame (with Wheels & Seat Unit)   Cybex Priam Seat Pack   Cybex Priam Fold Lux Carry Cot   Cybex Priam Carry Cot Adaptors   Cybex Priam Car Seat Adaptors   2x Cybex Priam Rain Covers   Cybex Cloud T i-Size Infant Car Seat   Cybex Base T ISOFIX Base   Shnuggle Air Lite Bedside Crib- Taupe   Shnuggle Breathable Crib Mattress   Shnuggle 2 Pack Fitted Sheets- Leaf Print   Shnuggle Waterproof Mattress Protector   Shnuggle Moonlight Plus Nightlight with Digital Room Temperature Display      Key Features:    Travel & Everyday Convenience:       One-hand fold for quick and easy storage   Compact fold—even with carrycot attached   Smooth all-wheel suspension for comfortable rides   Two-wheel mode for navigating uneven terrain like sand or stairs   One-hand height-adjustable handlebar   Extra-large, colour-coordinated storage basket      Comfort & Growth:       Suitable from birth to approx. 4 years (max. 22kg)   Luxurious Fold Lux Carry Cot with spacious interior   Plush fabrics and breathable mattress for newborn comfort   Reversible seat unit with ergonomic lie-flat position   Adjustable leg rest for growing children   XXL UPF 50+ extendable sun canopy      Advanced Safety Travel System:       Cybex Cloud T i-Size car seat (ECE R129 approved)   Lie-flat recline for optimal spine and breathing support   Easy transition from car to pushchair using adaptors   Base T ISOFIX with rotating functionality for easy access   Advanced side-impact protection for added safety      Smart Design & Luxury Details:       Foldable carrycot reduces to half size for easy storage   Elevated carrycot position for closer bonding   Premium materials and iconic Cybex design   One-pull harness system for quick, secure adjustments      Sleep & Night-Time Comfort:       Shnuggle Air Lite bedside crib with breathable dual-mesh sides   Easy drop-down side for night feeds 6 adjustable height settings to suit most beds   Gentle incline option to help with reflux and colic   Can be used bedside or as a standalone crib   Includes mattress, fitted sheets, and waterproof protector      Specifications:    Cybex Priam:       Suitable from birth to approx. 4 years (max. 22kg)   Carrycot suitable from birth to approx. 6 months (max. 9kg)   Unfolded: L83–92 x W60 x H99–109cm   Folded: L31.5 x W51.5 x H85cm   Weight (frame & seat): 12.9kg      Cybex Cloud T i-Size Car Seat:       Suitable from 45–87cm (birth to approx. 13kg)   Lie-flat ergonomic recline   Compatible with Base T ISOFIX      Cybex Base T:       ISOFIX installation   Rotating mechanism for easy in-and-out access      Shnuggle Air Lite Crib:       Suitable from birth to approx. 6 months   6 height adjustments   Breathable, hypoallergenic mattress included   Complies with BS EN 1130:2019 safety standard",Bundles,1799,Bundle Baby,120946,Baby Products,599,https://images2.productserve.com/?w=200&h=200&bg=white&trim=5&t=letterbox&url=ssl%3Awww.bundlebaby.com%2FImages%2FModels%2FFull%2F3466.jpg&feedId=111176&k=c65b45e09f0ca4f03fe5dc4573f8d02840d97e92,GBP,,0,https://www.bundlebaby.com/en/Cybex-Platinum--Priam-Comfort--Shnuggle-Air-Lite-Bundle/k-3466.aspx?PartnerID=578&utm_source=affiliate&utm_medium=affiliatewindow&utm_campaign=UnitedKingdom,,,"£1,799.00",111176,Cybex Platinum,1,https://www.bundlebaby.com/Images/Models/Full/3466-1.jpg,https://www.bundlebaby.com/Images/Models/Full/3466-2.jpg,https://www.bundlebaby.com/Images/Models/Full/3466-4.jpg,https://www.bundlebaby.com/Images/Models/Original/3466.jpg,https://www.bundlebaby.com/Images/Models/Full/3466-3.jpg,Travel Bundle
https://www.awin1.com/pclick.php?p=44681687876&a=2771700&m=120946,Cybex Sirona G3 i-Size- Almond Beige - Without Base G,44681687876,5954UK,https://www.bundlebaby.com/Images/Models/Full/3487.jpg,"Meet rear-facing travel made simple with the CYBEX Sirona G3 car seat, offering up to 50% higher safety levels* for your child.    Its 360° rotation makes getting your child in and out far easier by positioning them at a much more manageable angle. Specially designed to provide an ergonomic sitting position throughout, it keeps your child’s legs and hips in the posture-friendly M-position to aid their development as they grow.    The advanced Linear Side-Impact Protection System adds 25% more protection in a side collision**. As part of the Modular G3 family, Base G3 used for the Cloud G3 fits this seat perfectly, providing a secure solution for the first four years.    What's included:       Cybex Sirona G3 Toddler car seat   User guide   2 Years Warranty   Optional- Cybex Base G3      Key Features:       UP TO 50% HIGHER SAFETY LEVELS* Children must travel rear-facing until they are 15 months old and the Sirona G3 delivers up to 50% better protection until they are 4 years*. In a frontal collision, the seat’s padded shell absorbs and distributes the impact while holding the child close, limiting motion and reducing strain on their neck.   EASY ON AND OFF-BOARDING A 360° rotation mechanism makes it so easy to get your child in just the right position to get them in or out of the car, even when reclined, making it much quicker and better for your back.   25% MORE SIDE PROTECTION** The advanced Linear Side-impact Protection combined with an energy-absorbing shell and a specially designed headrest gives your child 25% more protection in a side collision2 keeping them safer on every trip. Advanced means it opens automatically when take out of the box, one less thing to worry about. It can easily be folded away when space is limited.   MODULAR SYSTEM As part of the Modular G3 family, both the Cloud G3 and Sirona G3 fit Base G3 and Base G. Once your child has outgrown the infant car seat, the Sirona G3 can simply be installed with just one click. Thanks to ISOFIX connectors, it provides a user-friendly, safe foundation for the first 4 years.   ISOFIX AND LOAD LEG Extra stability and safety in the car, with a load leg to prevent forward rotation in the event of an accident and user-friendly ISOFIX fastenings that connect a separately purchased base directly onto the chassis of your car.   DOUBLE NEWBORN INLAY ACCESSORY*** Two cleverly designed, removable inlays let you use the car seat from day one. The first, newborn inlay is for babies measuring 40 to 60cm. It sits underneath a soft, secondary inlay to keep their legs in a posture-friendly M position to support spine and hip development as they grow.   BELT HOLDERS Cleverly designed belt holders keep the harness straps out of the way to avoid your child accidentally sitting on them when putting them in the car seat, making the whole process so much smoother and simpler for parents.   MULTIPLE RECLINE POSITIONS Always find the perfect traveling position as your child grows. 5 different recline levels, in both front and rear-facing positions are specially designed to provide a comfortable, ergonomic position for those welcome mid-trip naps or on longer journeys.      Specification:       Product dimensions: L 710 mm / W 440 mm / H 750 mm   Product weight: 6 kg, 13 kg (with Base G3)   Packaging dimensions: Depth/Length - 71cm Width - 46cm Height - 38cm   Gross Weight - 8.1kg   Net Weight - 6.4kg   Tech Specs: UN R129/04   Child Height: 61 - 105 cm (From 40 cm with newborn inlay)   Child Weight: Max. 19 kg   Age: From approx. 3 months up to 4 years (From birth with newborn inlay)",Car Seats Group 1/2/3 (9 Months - 12 Years),219.95,Bundle Baby,120946,Baby Products,599,https://images2.productserve.com/?w=200&h=200&bg=white&trim=5&t=letterbox&url=ssl%3Awww.bundlebaby.com%2FImages%2FModels%2FFull%2F3487.jpg&feedId=111176&k=8e28c57ba6aba79c7ba8313e11e0a240c6fde6e0,GBP,,0,https://www.bundlebaby.com/en/Cybex-Sirona-G3-i-Size--Almond-Beige/m-3487.aspx?PartnerID=578&utm_source=affiliate&utm_medium=affiliatewindow&utm_campaign=UnitedKingdom,,,£219.95,111176,Cybex,1,https://www.bundlebaby.com/Images/Models/Full/3487-1.jpg,https://www.bundlebaby.com/Images/Models/Full/3487-2.jpg,https://www.bundlebaby.com/Images/Models/Full/3487-4.jpg,https://www.bundlebaby.com/Images/Models/Original/3487.jpg,https://www.bundlebaby.com/Images/Models/Full/3487-3.jpg,Car Seats
https://www.awin1.com/pclick.php?p=44681687877&a=2771700&m=120946,Cybex Sirona G3 i-Size- Almond Beige - With Base G,44681687877,5955UK,https://www.bundlebaby.com/Images/Models/Full/3487-8.jpg,"Meet rear-facing travel made simple with the CYBEX Sirona G3 car seat, offering up to 50% higher safety levels* for your child.    Its 360° rotation makes getting your child in and out far easier by positioning them at a much more manageable angle. Specially designed to provide an ergonomic sitting position throughout, it keeps your child’s legs and hips in the posture-friendly M-position to aid their development as they grow.    The advanced Linear Side-Impact Protection System adds 25% more protection in a side collision**. As part of the Modular G3 family, Base G3 used for the Cloud G3 fits this seat perfectly, providing a secure solution for the first four years.    What's included:       Cybex Sirona G3 Toddler car seat   User guide   2 Years Warranty   Optional- Cybex Base G3      Key Features:       UP TO 50% HIGHER SAFETY LEVELS* Children must travel rear-facing until they are 15 months old and the Sirona G3 delivers up to 50% better protection until they are 4 years*. In a frontal collision, the seat’s padded shell absorbs and distributes the impact while holding the child close, limiting motion and reducing strain on their neck.   EASY ON AND OFF-BOARDING A 360° rotation mechanism makes it so easy to get your child in just the right position to get them in or out of the car, even when reclined, making it much quicker and better for your back.   25% MORE SIDE PROTECTION** The advanced Linear Side-impact Protection combined with an energy-absorbing shell and a specially designed headrest gives your child 25% more protection in a side collision2 keeping them safer on every trip. Advanced means it opens automatically when take out of the box, one less thing to worry about. It can easily be folded away when space is limited.   MODULAR SYSTEM As part of the Modular G3 family, both the Cloud G3 and Sirona G3 fit Base G3 and Base G. Once your child has outgrown the infant car seat, the Sirona G3 can simply be installed with just one click. Thanks to ISOFIX connectors, it provides a user-friendly, safe foundation for the first 4 years.   ISOFIX AND LOAD LEG Extra stability and safety in the car, with a load leg to prevent forward rotation in the event of an accident and user-friendly ISOFIX fastenings that connect a separately purchased base directly onto the chassis of your car.   DOUBLE NEWBORN INLAY ACCESSORY*** Two cleverly designed, removable inlays let you use the car seat from day one. The first, newborn inlay is for babies measuring 40 to 60cm. It sits underneath a soft, secondary inlay to keep their legs in a posture-friendly M position to support spine and hip development as they grow.   BELT HOLDERS Cleverly designed belt holders keep the harness straps out of the way to avoid your child accidentally sitting on them when putting them in the car seat, making the whole process so much smoother and simpler for parents.   MULTIPLE RECLINE POSITIONS Always find the perfect traveling position as your child grows. 5 different recline levels, in both front and rear-facing positions are specially designed to provide a comfortable, ergonomic position for those welcome mid-trip naps or on longer journeys.      Specification:       Product dimensions: L 710 mm / W 440 mm / H 750 mm   Product weight: 6 kg, 13 kg (with Base G3)   Packaging dimensions: Depth/Length - 71cm Width - 46cm Height - 38cm   Gross Weight - 8.1kg   Net Weight - 6.4kg   Tech Specs: UN R129/04   Child Height: 61 - 105 cm (From 40 cm with newborn inlay)   Child Weight: Max. 19 kg   Age: From approx. 3 months up to 4 years (From birth with newborn inlay)",Car Seats Group 1/2/3 (9 Months - 12 Years),404.9,Bundle Baby,120946,Baby Products,599,https://images2.productserve.com/?w=200&h=200&bg=white&trim=5&t=letterbox&url=ssl%3Awww.bundlebaby.com%2FImages%2FModels%2FFull%2F3487-8.jpg&feedId=111176&k=f3330a2dde27855f7caf78061f024fe8a5fb30ce,GBP,,0,https://www.bundlebaby.com/en/Cybex-Sirona-G3-i-Size--Almond-Beige/m-3487.aspx?PartnerID=578&utm_source=affiliate&utm_medium=affiliatewindow&utm_campaign=UnitedKingdom,,,£404.90,111176,Cybex,1,https://www.bundlebaby.com/Images/Models/Full/3487-1.jpg,https://www.bundlebaby.com/Images/Models/Full/3487-2.jpg,https://www.bundlebaby.com/Images/Models/Full/3487-4.jpg,https://www.bundlebaby.com/Images/Models/Original/3487-8.jpg,https://www.bundlebaby.com/Images/Models/Full/3487-3.jpg,Car Seats
https://www.awin1.com/pclick.php?p=43007249832&a=2771700&m=120946,Snüz Crib Fitted Sheets 2 Pack- White,43007249832,449UK,https://www.bundlebaby.com/Images/Models/Full/436.jpg,"Transform your baby's crib with the 2 Pack of Snuz Crib Fitted Sheets - the perfect combination of cute, stylish, and soft. Made from 100% soft jersey cotton, these sheets offer a comfy and breathable night's sleep, creating the ideal environment for your little one.    Designed with your baby's comfort in mind, these sheets are gentle against their delicate skin, ensuring they stay cozy and relaxed all night long. Plus, their stylish design means they'll look great in any nursery, adding the perfect finishing touch to your baby's sleeping space.    Invest in the 2 Pack of Snuz Crib Fitted Sheets today and enjoy the peace of mind that comes with knowing your baby is sleeping comfortably and safely.     Key Features:       2 Pack   Super soft   Unisex design   Long-lasting quality   Made from 100% Jersey Cotton   Machine washable & can be tumble dried   Fits SnuzPod4 and all bedside cribs (50 x 90cm max)   Light and breathable to help control little ones body temperature",Bedside Cribs,22,Bundle Baby,120946,Baby Products,599,https://images2.productserve.com/?w=200&h=200&bg=white&trim=5&t=letterbox&url=ssl%3Awww.bundlebaby.com%2FImages%2FModels%2FFull%2F436.jpg&feedId=111176&k=516a6d4a20368081706786704bd5f7cd3f42330a,GBP,,4.95,https://www.bundlebaby.com/en/Snüz-Crib-Fitted-Sheets-2-Pack--White/m-436.aspx?PartnerID=578&utm_source=affiliate&utm_medium=affiliatewindow&utm_campaign=UnitedKingdom,,,£22.00,111176,Snüz,1,https://www.bundlebaby.com/Images/Models/Full/436-1.jpg,https://www.bundlebaby.com/Images/Models/Full/436-2.jpg,,https://www.bundlebaby.com/Images/Models/Original/436.jpg,https://www.bundlebaby.com/Images/Models/Full/436-3.jpg,Bedding & Sheets
https://www.awin1.com/pclick.php?p=45563228454&a=2771700&m=120946,Nuna ARRA Flex Infant Car Seat- Caviar - With Base Curv ISOFIX Base,45563228454,6342UK,https://www.bundlebaby.com/Images/Models/Full/2089.jpg,"For those busy days and long journeys, ARRA flex infant car seat provides a smooth transition from crib to carrier. Its three recline positions, including a relaxed 157° recline position, allow baby to lie comfortably whether secured to the BASE next, installed using the vehicle belt or attached to a pushchair.    The lightweight ARRA flex is i-Size approved and offers innovative safety features along with ergonomic advantages that provide you and your baby with the ultimate freedom for every journey.    Key Features:       Vehicle belt path installation   i-Size certified   157° recline angle   NEXT system compatible   Lightweight at 3.9 kg   Meets R129 safety standards    No-rethread harness   5-second True lock™ installation   Heavy duty shell   Removable Merino wool insert- Removable newborn insert provides customisable comfort    EPP energy-absorbing foam   Tailor tech™ foam   Removable full-coverage UPF 50+ canopy    Peek-a-boo window   10-position headrest   Leatherette carry handle   1-handed height-adjustable headrest sports 10 positions to accommodate growth   Travel system ready   EPP energy-absorbing foam takes side impact security to the next level   i-Size certified and meets the highest R129 safety standards that include side impact testing for your peace of mind   Headrest’s patented Tailor tech™ memory foam provides added security for a comfortable custom fit that grows with baby      What's in the box?:       ARRA Next Flex- Caviar    Merino wool insert   Car seat LATCH guides   Optional- Nuna Base Curv ISOFIX       Compatible with Nuna Base Next and Nuna Base Curv isofix bases (Sold Separately)    The 157° recline keeps baby's head, spine, and hips in an ideal position for healthy development, making it exempt from the 2-hour limit usage recommendation    Ergonomic advantages- Converts to a flat reclining seat with a 157° recline in the vehicle or on a pushchair, keeping baby's head, spine, and hips in an ideal position for healthy development.      Installation options- Side and rear belt guides give you a choice of installation method–vehicle belt, BASE next or as a travel system with a compatible pushchair.    NEXT system compatible- The NEXT system offers ultimate flexibility with a variety of solutions for the first 4 years. Stage 1: ARRA Flex, Stage 2: TODL.    Measurements:        Rear-facing only   Child height 40-87 cm   Birth to 13 kg or approx. 24 months   L 72-77 cm, W 43.5 cm, H 58.5 cm   3.9 kg (weight does not include inserts or canopy)",Car Seats Group 0+,490,Bundle Baby,120946,Baby Products,599,https://images2.productserve.com/?w=200&h=200&bg=white&trim=5&t=letterbox&url=ssl%3Awww.bundlebaby.com%2FImages%2FModels%2FFull%2F2089.jpg&feedId=111176&k=226f1f7a13af55550ffdc0cc9b2dca498e678cfa,GBP,,0,https://www.bundlebaby.com/en/Nuna-ARRA-Flex-Infant-Car-Seat--Caviar/m-2089.aspx?PartnerID=578&utm_source=affiliate&utm_medium=affiliatewindow&utm_campaign=UnitedKingdom,,,£490.00,111176,Nuna,1,https://www.bundlebaby.com/Images/Models/Full/2089-1.jpg,https://www.bundlebaby.com/Images/Models/Full/2089-2.jpg,https://www.bundlebaby.com/Images/Models/Full/2089-4.jpg,https://www.bundlebaby.com/Images/Models/Original/2089.jpg,https://www.bundlebaby.com/Images/Models/Full/2089-3.jpg,Car Seats
https://www.awin1.com/pclick.php?p=42997030214&a=2771700&m=120946,Red Kite Baby Sit Me Up Ring Seat with Play Tray and Activities- Woodland Walks,42997030214,2890UK,https://www.bundlebaby.com/Images/Models/Full/1966.jpg,"The Sit Me Up Woodland Walks, with its unique seat with a detachable play tray, it’s guaranteed to keep your little ones entertained, while helping them sit up. Includes learning toys for babies’ amusement. Easy to inflate for use and can be handily deflated to store away when not in use.     Helps develop independence whilst sitting to help baby gain confidence with individual play experiences.     Supplied in a lovely colour gift box so makes an ideal gift opportunity.    Key Features:       Suitable from 9 months   Detachable learning toys   Soft fabrics for comfort   Perfect for a gift      Specification:       Suitable from 9 months   Weight: 0.65kg   Dimensions: 21 x 65 x 65",Bouncers + Swings,15.5,Bundle Baby,120946,Baby Products,599,https://images2.productserve.com/?w=200&h=200&bg=white&trim=5&t=letterbox&url=ssl%3Awww.bundlebaby.com%2FImages%2FModels%2FFull%2F1966.jpg&feedId=111176&k=e8c1ea4a9169432570b40a8ae75bd9cbe9f46d14,GBP,,4.95,https://www.bundlebaby.com/en/Red-Kite-Baby--Sit-Me-Up-Ring-Seat-with-Play-Tray-and-Activities--Woodland-Walks/m-1966.aspx?PartnerID=578&utm_source=affiliate&utm_medium=affiliatewindow&utm_campaign=UnitedKingdom,,,£15.50,111176,Red Kite Baby,1,https://www.bundlebaby.com/Images/Models/Full/1966-1.jpg,https://www.bundlebaby.com/Images/Models/Full/1966-2.jpg,https://www.bundlebaby.com/Images/Models/Full/1966-4.jpg,https://www.bundlebaby.com/Images/Models/Original/1966.jpg,https://www.bundlebaby.com/Images/Models/Full/1966-3.jpg,Play Mat
https://www.awin1.com/pclick.php?p=43007249434&a=2771700&m=120946,Graco Baby Delight Swing - Parade,43007249434,4230UK,https://www.bundlebaby.com/Images/Models/Full/2374.jpg,"Perfect for both naptime and playtime, the Baby Delight Swing offers 3 adjustable recline positions and 2 soothing swing speeds to comfort your infant. Designed for engagement, it includes a rotating toy bar with 2 interactive toys for visual stimulation. Its lightweight build and space-saving foldable design ensure effortless portability and convenient storage.    Key Features       Suitable from Birth to 6 months of age (9kg).   2 swing speeds.   Rotating toy bar with 2 soft toys.   3 recline positions for feeding or resting.   Detachable toy bar with 2 toys.   Features front-to-back swinging and 2 swing speeds.   Multi-position recline seat for baby's comfort; whether they are playing or taking a nap.   5 point safety harness.   Support strap to keep baby secure.              Batteries required 4 x C (not included).   Size H80.2, W63.8, D69.5cm.   Folds for storage.   Manufacturer's 2 year guarantee.",Bouncers + Swings,39.95,Bundle Baby,120946,Baby Products,599,https://images2.productserve.com/?w=200&h=200&bg=white&trim=5&t=letterbox&url=ssl%3Awww.bundlebaby.com%2FImages%2FModels%2FFull%2F2374.jpg&feedId=111176&k=4dc4ceebe0ad8f527835a4e904e6a0eb813a945a,GBP,,4.95,https://www.bundlebaby.com/en/Graco-Baby-Delight-Swing/m-2374.aspx?PartnerID=578&utm_source=affiliate&utm_medium=affiliatewindow&utm_campaign=UnitedKingdom,,,£39.95,111176,Graco,1,https://www.bundlebaby.com/Images/Models/Full/2374-1.jpg,https://www.bundlebaby.com/Images/Models/Full/2374-2.jpg,,https://www.bundlebaby.com/Images/Models/Original/2374.jpg,https://www.bundlebaby.com/Images/Models/Full/2374-3.jpg,Baby Carrier & Sling
https://www.awin1.com/pclick.php?p=42997030193&a=2771700&m=120946,Egg Egg3 + Shnuggle Air Lite Bundle 12,42997030193,2235UK,https://www.bundlebaby.com/Images/Models/Full/1618.jpg,"Egg3 bundle 12, this bundle includes your Egg3 Travel System with Cybex Cloud T Car Seat, Shnuggle bath, accessories, Shnuggle Air Lite Bedside Crib and Nuna Leaf Grow.    What's in the box?:       Egg3 Stroller    Egg3 Stroller Raincover   Egg3 Stroller Incet Net   Egg3 Stroller Apron    Egg3 Carrycot    Egg3 Carrycot Raincover   Egg3 Reversible Fleece Seat Liner   Egg3 Changing Backpack    Egg3 Footmuff    Egg3 Car Seat Adapters   Cybex Cloud T i-Size Car Seat   Cybex Base T ISOFIX Base   Shnuggle Air Lite Bedside Crib   Shnuggle Crib Fitted Sheets 2 Pack   Shnuggle Crib Waterproof Mattress Protector    Shnuggle Baby Bath   Shnuggle Washy Jug    Nuna Leaf Grow Bouncer- Cloud       Key Features of Egg3 Stroller:       Extra large canopy with UPF 50+ protection, featuring a ventilation window   Five position handle height adjustment – 99 – 111cm   Luxury hand-stitched leatherette handlebar   One-pull, 5-point harness for easy adjustment   Removable gated luxury bumper bar   Five position calf adjustment   Concealed storage compartment   Insect net included and stored under calf support   Tru-Ride® Technology tyres with quick release   Shopping basket with 3kg capacity   Swivel or lockable front wheels   All-round suspension   Easy adjustable headrest and harness height   Three-position, one-hand recline parent and world facing seat unit   Convert into tandem mode with the egg2® / egg3® tandem adaptors   Suitable from 6 months to 25kg (from birth with the egg3® carrycot)      Key Features of Egg3 Carrycot:       Extra large canopy with UPF 50+ protection, featuring a ventilation window   Carry handle   Removable apron   Breathable, renewable Sorona® mattress   Luxury inner quilting   Suitable for overnight sleeping (remove apron and put canopy back for airflow   Rocking rails on the base, with stabilising feet   Ergonomic carrycot release handle      Key Features of Cybex Cloud T i-Size Car Seat:       Suitable from Birth to 24 months    180° swivel on Base T   3D mesh fabric for breathability   Ergonomic lie-flat recline inside and outside the car.   Enhanced safety with L.S.P. side-impact protection   12-position adjustable headrest      Key Features of Cybex Base T ISOFIX Base:       Enabling 180° rotation for the infant car seat and 360° rotation for the toddler seat (Sirona T i-Size sold separately)   Easy, one-click installation   Stability-enhancing load leg   Visual indicators for secure correct setup      Key Features of Shnuggle Air Lite Bedside Crib:       Dual breathable mesh side panels with larger outer panel to maximise airflow   Includes supportive, breathable, hypo-allergenic mattress   Whisper quiet drop-down side   Rigid low level safety wall to allow side to remain lowered for safe bedside sleeping   Gentle incline to help ease colic and reflux   Large storage hammock   Removable and washable fabrics   Easily lock the drop side into place for bedside sleeping or use as a standalone crib   Tested to very latest crib safety standard BS EN 1130:2019   6 height adjustments to fit most bed heights up to 68cm+. Max mattress height of 70cm   Compact and lightweight design without compromising on sleep space      Key features of Shnuggle Baby Bath:       Bum Bump helps prevent baby sliding in the water    Foam backrest for added comfort and to keep baby cosy    Handy plug to empty or refresh water    Minimum of 2 litres of water needed   Suitable from newborn to 12 months +      Specification:       Carrycot suitable from newborn- 6 months    Seat unit suitable from 6 months- 4 years   Egg3- 24 Month Warranty",Bundles,1699,Bundle Baby,120946,Baby Products,599,https://images2.productserve.com/?w=200&h=200&bg=white&trim=5&t=letterbox&url=ssl%3Awww.bundlebaby.com%2FImages%2FModels%2FFull%2F1618.jpg&feedId=111176&k=7d7006095374e62623285100942fce1097ce2185,GBP,,0,https://www.bundlebaby.com/en/Egg-Egg3--Shnuggle-Air-Lite-Bundle-12/k-1618.aspx?PartnerID=578&utm_source=affiliate&utm_medium=affiliatewindow&utm_campaign=UnitedKingdom,,,"£1,699.00",111176,Egg,1,https://www.bundlebaby.com/Images/Models/Full/1618-1.jpg,https://www.bundlebaby.com/Images/Models/Full/1618-2.jpg,https://www.bundlebaby.com/Images/Models/Full/1618-4.jpg,https://www.bundlebaby.com/Images/Models/Original/1618.jpg,https://www.bundlebaby.com/Images/Models/Full/1618-3.jpg,Travel Bundle
https://www.awin1.com/pclick.php?p=42997030291&a=2771700&m=120946,Bugaboo Fox 5 Renew + Shnuggle Air Lite Bundle 1,42997030291,2238UK,https://www.bundlebaby.com/Images/Models/Full/1621.jpg,"The perfect all-in-one set for your baby’s first years. This bundle includes the Bugaboo Fox 5 Renew Travel System, Shnuggle Baby Bath, essential accessories, and the Shnuggle Air Lite Bedside Crib – everything you need from day one.    What’s Included:       Bugaboo Fox 5 Stroller + Carrycot   Bugaboo Fox 5 Universal Car Seat Adaptors   Infant Car Seat (your choice): Cybex Aton B2 i-Size + ISOFIX Base Cybex Cloud T i-Size + Cybex Base T Bugaboo Otter by Nuna + Bugaboo 360 ISOFIX Base by Nuna   Shnuggle Air Lite Bedside Crib   Shnuggle 2-Pack Fitted Sheets   Shnuggle Waterproof Mattress Protector   Shnuggle Baby Bath + Washy Jug      Key Features- Bugaboo Fox 5 Renew:       Suitable from birth to 22kg   Spacious bassinet with breezy ventilation   One-hand adjustments for easy handling   Extendable toddler seat, canopy & footrest (+10cm extra length)   Advanced all-terrain suspension with 4-wheel stability   Lightweight yet sturdy frame for effortless manoeuvring   Extra-large puncture-proof wheels for a smooth ride   Expandable under-seat basket (up to 10kg capacity)   Modular design for quick & easy repairs   Built with bio-based materials, cutting CO₂ emissions by 20%   High-quality, non-toxic materials, exceeding safety standards   5-Year Warranty      Infant Car Seats:       Cybex Aton B2 and Base One: Lightweight, safe, and easy to install, perfect for everyday use.   Cybex Cloud T i-Size and Base T: Reclines fully outside the car for ultimate comfort and sleep on the go, rotating isofix base.   Bugaboo Otter and Bugaboo Base: New Bugaboo car seat in collaboration with Nuna, a premium rotating and reclining seat.      Key Features- Shnuggle Air Lite Bedside Crib:       Dual breathable mesh sides for maximum airflow   Includes hypoallergenic breathable mattress   Quiet drop-down side with rigid safety wall   Gentle incline to ease reflux and colic 6 adjustable heights (up to 68cm bed height, 70cm mattress max)   Removable, washable fabrics for easy cleaning Lightweight, compact design with large storage hammock   Certified to BS EN 1130:2019 safety standard      Key Features- Shnuggle Baby Bath:       Bum Bump support to prevent slipping   Foam backrest for comfort and warmth   Water plug for quick emptying/refilling   Uses just 2 litres of water   Suitable from newborn to 12+ months      Specifications:       Carrycot: Newborn – 6 months   Seat Unit: 6 months – 4 years   Warranty: Bugaboo Fox 5 — 5 Years",Bundles,1349,Bundle Baby,120946,Baby Products,599,https://images2.productserve.com/?w=200&h=200&bg=white&trim=5&t=letterbox&url=ssl%3Awww.bundlebaby.com%2FImages%2FModels%2FFull%2F1621.jpg&feedId=111176&k=d9061f69500d366a5a060a5401f120d17a0f77bb,GBP,,0,https://www.bundlebaby.com/en/Bugaboo--Fox-5-Renew--Shnuggle-Air-Lite-Bundle-1/k-1621.aspx?PartnerID=578&utm_source=affiliate&utm_medium=affiliatewindow&utm_campaign=UnitedKingdom,,,"£1,349.00",111176,Bugaboo,1,https://www.bundlebaby.com/Images/Models/Full/1621-1.jpg,https://www.bundlebaby.com/Images/Models/Full/1621-2.jpg,https://www.bundlebaby.com/Images/Models/Full/1621-4.jpg,https://www.bundlebaby.com/Images/Models/Original/1621.jpg,https://www.bundlebaby.com/Images/Models/Full/1621-3.jpg,Travel Bundle
https://www.awin1.com/pclick.php?p=42997029974&a=2771700&m=120946,Bugaboo Fox 5 Renew + Shnuggle Air Lite Bundle 12,42997029974,2240UK,https://www.bundlebaby.com/Images/Models/Full/1623.jpg,"Our essential Bugaboo Fox 5 bundle, this bundle includes your Fox 5 Travel System, Shnuggle bath, accessories and Shnuggle Air Lite Bedside Crib.     What's in the box?:       Fox 5 Stroller + Carrycot   Fox 5 Universal Car Seat Adaptors    Infant Car Seat (your choice): Cybex Aton B2 i-Size + ISOFIX Base, Cybex Cloud T i-Size + Cybex Base T, Bugaboo Otter by Nuna + Bugaboo 360 ISOFIX Base by Nuna   Shnuggle Air Lite Bedside Crib   Shnuggle 2-Pack Fitted Sheets   Shnuggle Waterproof Mattress Protector   Shnuggle Baby Bath   Shnuggle Washy Jug    Clair de Lune Scandi Palm Moses Basket   Clair de Lune Moses Basket Stand   Clair de Lune 2 Pack Moses Basket Fitted Sheets   Nuna Leaf Grow Bouncer       Key Features- Bugaboo Fox 5 Renew:       Suitable from birth to 22kg   Spacious bassinet with breezy ventilation   One-hand adjustments for easy handling   Extendable toddler seat, canopy & footrest (+10cm extra length)   Advanced all-terrain suspension with 4-wheel stability   Lightweight yet sturdy frame for effortless manoeuvring   Extra-large puncture-proof wheels for a smooth ride   Expandable under-seat basket (up to 10kg capacity)   Modular design for quick & easy repairs   Built with bio-based materials, cutting CO₂ emissions by 20%   High-quality, non-toxic materials, exceeding safety standards   5-Year Warranty      Infant Car Seats:       Cybex Aton B2 and Base One: Lightweight, safe, and easy to install, perfect for everyday use.   Cybex Cloud T i-Size and Base T: Reclines fully outside the car for ultimate comfort and sleep on the go, rotating isofix base.   Bugaboo Otter and Bugaboo Base: New Bugaboo car seat in collaboration with Nuna, a premium rotating and reclining seat.      Key Features- Shnuggle Air Lite Bedside Crib:       Dual breathable mesh sides for maximum airflow   Includes hypoallergenic breathable mattress   Quiet drop-down side with rigid safety wall   Gentle incline to ease reflux and colic 6 adjustable heights (up to 68cm bed height, 70cm mattress max)   Removable, washable fabrics for easy cleaning Lightweight, compact design with large storage hammock   Certified to BS EN 1130:2019 safety standard      Key Features- Shnuggle Baby Bath:       Bum Bump support to prevent slipping   Foam backrest for comfort and warmth   Water plug for quick emptying/refilling   Uses just 2 litres of water   Suitable from newborn to 12+ months      Specifications:       Carrycot: Newborn – 6 months   Seat Unit: 6 months – 4 years   Warranty: Bugaboo Fox 5 — 5 Years",Bundles,1499,Bundle Baby,120946,Baby Products,599,https://images2.productserve.com/?w=200&h=200&bg=white&trim=5&t=letterbox&url=ssl%3Awww.bundlebaby.com%2FImages%2FModels%2FFull%2F1623.jpg&feedId=111176&k=dc033665023bbd99ff8d56cd3667e182f58dc83c,GBP,,0,https://www.bundlebaby.com/en/Bugaboo--Fox-5-Renew--Shnuggle-Air-Lite-Bundle-12/k-1623.aspx?PartnerID=578&utm_source=affiliate&utm_medium=affiliatewindow&utm_campaign=UnitedKingdom,,,"£1,499.00",111176,Bugaboo,1,https://www.bundlebaby.com/Images/Models/Full/1623-1.jpg,https://www.bundlebaby.com/Images/Models/Full/1623-2.jpg,https://www.bundlebaby.com/Images/Models/Full/1623-4.jpg,https://www.bundlebaby.com/Images/Models/Original/1623.jpg,https://www.bundlebaby.com/Images/Models/Full/1623-3.jpg,Travel Bundle
https://www.awin1.com/pclick.php?p=42997029975&a=2771700&m=120946,Cybex Balios S Lux + Shnuggle Air Lite Bundle 1,42997029975,2244UK,https://www.bundlebaby.com/Images/Models/Full/1627.jpg,"Our essential Cybex Balios S Lux bundle, this bundle includes your Cybex Balios S Lux Travel System, Shnuggle bath, accessories and Shnuggle Air Lite Bedside Crib.     What's in the box?:       Cybex Balios S Lux Pushchair    Cybex Cot S   Cybex Balios Car Seat Adaptors    Cybex Cloud G Car Seat   Cybex Base G   Shnuggle Air Lite Bedside Crib   Shnuggle Crib Fitted Sheets 2 Pack   Shnuggle Crib Waterproof Mattress Protector    Shnuggle Baby Bath   Shnuggle Washy Jug       Key Features of Cybex Balios S Lux:       One-pull harness   One-hand + free stand fold   Advanced 4 wheel suspension   Ergonomic full lie-flat position   All terrain puncture proof wheels   One hand height adjustable handlebar   Spacious shopping basket 10kg load capacity   Reversible seat unit can have parent-facing or world-facing   The Balios S Lux frame is compatible with a Cot S Lux Carrycot, Cocoon S and Cybex infant Car Seats, a stroller that can adapt for any journey.   XXL sun canopy – UPF50+ protective fabric extendable sun canopy, with mesh window for extra air circulation      Key Features of Cot S Lux:       Inside pocket – safe place to store belongings.   A mesh window improves air circulation and offers a view of the outside world   Springy and soft foam mattress delivers maximum comfort and support for your baby​   Easily attach and remove the Cot S Lux Carrycot from the pushchair frame using the integrated carryhandle   XXL sun canopy – UPF50+ protective fabric extendable sun canopy, with mesh window for extra air circulation   Cosy spacious interior      Key Features of Cybex Cloud G:        XXL sun canopy   One hand recline   Airline compatible   Adjustable harness   All-round air ventilation   Auto release mechanism   Travel system compatible   15% more side impact protection   One-click rotate & release system   Easy 14 adjustable headrest positions   It provides an ergonomic lie-flat position   Designed to provide UPF 50+ sun protection   It can be used with a seatbelt instead of a base   Designed to accommodate newborns from 40cm   The Base G fits both the Cloud G + Sirona G car seats   A newborn inlay ensures a cosy, protected fit for babies as small as 40cm      Specification:       Cot S weight: 4.6 kg   Pushchair weight: 11.7 kg",Bundles,1043,Bundle Baby,120946,Baby Products,599,https://images2.productserve.com/?w=200&h=200&bg=white&trim=5&t=letterbox&url=ssl%3Awww.bundlebaby.com%2FImages%2FModels%2FFull%2F1627.jpg&feedId=111176&k=75aa2055a791b2c28df1165cc7a9b0132b17425a,GBP,,0,https://www.bundlebaby.com/en/Cybex-Balios-S-Lux--Shnuggle-Air-Lite-Bundle-1/k-1627.aspx?PartnerID=578&utm_source=affiliate&utm_medium=affiliatewindow&utm_campaign=UnitedKingdom,,,"£1,043.00",111176,Cybex,1,https://www.bundlebaby.com/Images/Models/Full/1627-1.jpg,https://www.bundlebaby.com/Images/Models/Full/1627-2.jpg,https://www.bundlebaby.com/Images/Models/Full/1627-4.jpg,https://www.bundlebaby.com/Images/Models/Original/1627.jpg,https://www.bundlebaby.com/Images/Models/Full/1627-3.jpg,Travel Bundle
https://www.awin1.com/pclick.php?p=42997029985&a=2771700&m=120946,Cybex Sirona Gi i-Size Car Seat- Moon Black,42997029985,2300UK,https://www.bundlebaby.com/Images/Models/Full/1676.jpg,"The latest car seat from the successful Cybex Sirona line is the most comfortable yet: the Sirona Gi i-Size. Extended rear-facing for safer travel up 20kg, this car seat also features integrated Linear Side-impact Protection for defence from all directions. ​​    A range of innovative features also upgrade your child’s comfort, including 360° rotation in any recline position with the easy rotation handle, for smooth on and off boarding. Innovative all-round air ventilation means the ride stays cool.​    Five recline positions are available in either forward and rear driving direction ‒ tailored comfort for your child, whether they’re a tiny newborn or a fully-grown four-year-old (newborn inlay accessory sold separately). 360° of comfort and safety for their first four years: the Sirona Gi i-Size.       Key Features:       Up to 50% Higher Safety Levels*      Extended rear-facing – one of the safest ways to travel in a car seat. In the critical first moments of a frontal impact, the child’s body is pushed against the padded car seat shell. This keeps movement to a minimum and reduces force acting on the child’s neck. Mandatory up to 15 months (76 cm), we recommend keeping your child rear-facing for as long as possible. The Sirona Gi i-Size is designed for your child to sit comfortably rear-facing until they weigh 20 kg. ​*compared to the same seat forward-facing in a frontal crash. Result of internal testing using 2022 ADAC frontal crash test criteria.​​       Quick and easy onboarding      A stress-free start to your journey. Just swivel the car seat using the easy rotation handle to face the car door and get your child onboard, in any recline position. You can avoid back strain, while your child stays comfortable in the recline position that fits them, whether they’re a newborn or a toddler. Switching from rear to forward-facing travel is just as easy.​​       Optimal Breathability      The all-round air ventilation of Sirona Gi i-Size allows air to flow through ventilation channels within the car seat, carrying away heat and helping avoid a hot and sweaty ride for your little one. The clear choice for comfort in any season.​​       Easy Onboarding      When you’re getting your child strapped into the car seat, you need all the help you can get. The Sirona Gi i-Size features ingenious loops designed to keep the harness out of the way as you get your child onboard.       Grows with your child up to 4 years old      As your baby grows, adjust the Sirona Gi i-Size headrest for a comfortable fit at every stage. 12 positions allow a tailored fit to your child, with the harness lengthening automatically with each adjustment. And it can be adjusted with one hand for extra ease of use.​​       Side-protection ​      The Linear Side-impact Protection defends your child against the force of a side impact. Working together with the energy-absorbing shell, the L.S.P. System significantly reduces the effect of impact force on the child.​​       Always in a comfortable position      For every moment, whether your little one is a newborn or a growing child, the ideal recline setting is available in both riding directions – and in the boarding position, too. And when your child falls asleep in the seat, you can recline it with one hand, letting them dream that little bit longer.​​       Straightforward installation      It only takes moments to set up your Sirona Gi i-Size. Use an ergonomic handle to click the ISOFIX into the vehicle seat and extend the load leg down to the car floor. Both provide stability and extra safety in the event of an accident. Visual indicators help you confirm the seat is ready to protect.​    Specification:​       Regulation: UN R129/03​   Child Height: 61 - 105 cm (From 40 cm with newborn inlay)​   Child Weight: Max. 20 kg; from approx. 3 months up to 4 years (From birth with newborn inlay)​   Child Height: 61 - 105 cm (From 40 cm with newborn inlay)​   Product Dimensions:​ L 710 mm / W 440 mm / H 750 mm",Car Seats Group 1/2/3 (9 Months - 12 Years),219.95,Bundle Baby,120946,Baby Products,599,https://images2.productserve.com/?w=200&h=200&bg=white&trim=5&t=letterbox&url=ssl%3Awww.bundlebaby.com%2FImages%2FModels%2FFull%2F1676.jpg&feedId=111176&k=1debaa98204aa03e9d939ae611fbcc5943aee820,GBP,,0,https://www.bundlebaby.com/en/Cybex-Sirona-Gi-i-Size-Car-Seat--Moon-Black/m-1676.aspx?PartnerID=578&utm_source=affiliate&utm_medium=affiliatewindow&utm_campaign=UnitedKingdom,,,£219.95,111176,Cybex,1,https://www.bundlebaby.com/Images/Models/Full/1676-1.jpg,https://www.bundlebaby.com/Images/Models/Full/1676-2.jpg,https://www.bundlebaby.com/Images/Models/Full/1676-4.jpg,https://www.bundlebaby.com/Images/Models/Original/1676.jpg,https://www.bundlebaby.com/Images/Models/Full/1676-3.jpg,Car Seats
https://www.awin1.com/pclick.php?p=43007249407&a=2771700&m=120946,Joie Elevate R129 Car Seat- Shale,43007249407,2309UK,https://www.bundlebaby.com/Images/Models/Full/1685.jpg,"The Joie Elevate R129 is a streamlined car seat that grows to go the distance. Ready to ride along with your little one from 76 – 150 cm (15 months to approx. 12 years).    Whether you’re on a road trip, or simply on the School run, you want a seat that will keep your child comfortable. On the hottest days the ventilated design will help regulate temperature and the integrated cupholder keeps drinks within tiny arms reach.    With the elevate™ R129 belted booster seat, you’ll get convenience features meant to keep on-the-go mums and dads moving:       A 10 position headrest that will easily adjust to the perfect height with just one hand   Accommodate those unexpected growth spurts with our Grow Together™ headrest and harness system that adjusts simultaneously… even while the seat is installed   Easily clean up messes with removable, machine washable covers   Easy installation with the 3-point vehicle belt       We’ve thought of everything to keep your little one safe and secure, so all you have to do is decide where you want to go:        Meets the highest ECE R129/03 safety standard including side-impact testing   Meets i-Size certification in forward facing belted booster mode   Side impact protection provides added security for the head, body and hips so you can travel worry-free   Well-marked, green colour-coded installation paths take the guesswork out of installation   Get peace of mind that your seatbelt installation is snug and secure with a built-in lock-off device      Specifications:       Product Weight: 5.5 kg     Product Size: l 50 cm x w 47.5 cm x h 59-80 cm   Testing Certification: ECE R129/03   Usage Forward Facing Harness: 76 – 105 cm (15 months to approx. 3.5 years)   Usage Forward Facing Belted Booster: 100 – 150 cm (approx. 3.5 – 12 years)",Car Seats Group 2/3 (4-12 Years old),65,Bundle Baby,120946,Baby Products,599,https://images2.productserve.com/?w=200&h=200&bg=white&trim=5&t=letterbox&url=ssl%3Awww.bundlebaby.com%2FImages%2FModels%2FFull%2F1685.jpg&feedId=111176&k=14651daadaffa8f904d9891cbd6982996bcf1bda,GBP,,4.95,https://www.bundlebaby.com/en/Joie-Elevate-R129-Car-Seat--Shale/m-1685.aspx?PartnerID=578&utm_source=affiliate&utm_medium=affiliatewindow&utm_campaign=UnitedKingdom,,,£65.00,111176,Joie,1,https://www.bundlebaby.com/Images/Models/Full/1685-1.jpg,https://www.bundlebaby.com/Images/Models/Full/1685-2.jpg,https://www.bundlebaby.com/Images/Models/Full/1685-4.jpg,https://www.bundlebaby.com/Images/Models/Original/1685.jpg,https://www.bundlebaby.com/Images/Models/Full/1685-3.jpg,Car Seats
https://www.awin1.com/pclick.php?p=43007249543&a=2771700&m=120946,Nuna Stroller Organiser- Caviar - Caviar,43007249543,3500UK,https://www.bundlebaby.com/Images/Models/Full/2122.jpg,"Everything right where you want it, organised just the way you like it. The Nuna Stroller organiser tucks all your parenting essentials within arm’s reach, giving your tired shoulders and back a well-deserved break.  It’s the organisation you’ve been waiting for to streamline your day with baby. From compartments to pockets, it keeps snacks and sips at the ready so you can stroll through your day without missing a beat.  It’s the simple things that make your parenthood journey a little easier and a lot more stylish.    Key Features:       Keep snacks and sips at the ready so you can stroll through your day without missing a beat   Leatherette straps securely attach to the stroller push bar keeping it within reach   Removable zippered pouch attaches inside with an integrated magnet for safekeeping   Two interior pockets (one mesh) provide space for all baby's necessities   The interior cup holder is adjustable to fit multiple sizes and can be removed      Measurements:       Compatible with Mixx next series, Demi next series and TAVO series strollers   Holds up to 2 lbs   Stroller organizer dimensions: L 15.5 in, W 4 in, H 9.5 in   Weight: 11.4 oz",Pushchair Accessories,50,Bundle Baby,120946,Baby Products,599,https://images2.productserve.com/?w=200&h=200&bg=white&trim=5&t=letterbox&url=ssl%3Awww.bundlebaby.com%2FImages%2FModels%2FFull%2F2122.jpg&feedId=111176&k=80316209aa91683b25a0f0a0abefe5289ef9e756,GBP,,4.95,https://www.bundlebaby.com/en/Nuna-Stroller-Organiser--Caviar/m-2122.aspx?PartnerID=578&utm_source=affiliate&utm_medium=affiliatewindow&utm_campaign=UnitedKingdom,,,£50.00,111176,Nuna,1,https://www.bundlebaby.com/Images/Models/Full/2122-1.jpg,https://www.bundlebaby.com/Images/Models/Full/2122-2.jpg,https://www.bundlebaby.com/Images/Models/Full/2122-4.jpg,https://www.bundlebaby.com/Images/Models/Original/2122.jpg,https://www.bundlebaby.com/Images/Models/Full/2122-3.jpg,Pushchair Organiser
https://www.awin1.com/pclick.php?p=44432600185&a=2771700&m=120946,"Egg Egg3, Cybex Cloud T + SnuzPod 5 Bundle",44432600185,5101UK,https://www.bundlebaby.com/Images/Models/Full/2945.jpg,"What's included:       Egg3 Stroller (incl. Raincover, Incet Net & Apron)   Egg3 Carrycot (incl. Raincover)   Egg3 Reversible Fleece Seat Liner   Egg3 Changing Backpack   Egg3 Footmuff   Egg3 Car Seat Adaptors    Cybex Cloud T i-Size Car Seat   Cybex Base T    SnuzPod 5 Bedside Crib    SnuzPod Crib Fitted Sheets White 2 Pack   SnuzPod Waterproof Mattress Protector    Shnuggle Baby Bath    Shnuggle Washy Bath Jug       Key Features of Egg 3 Stroller and Carrycot:       Extra large canopy with UPF 50+ protection, featuring a ventilation window   Five position handle height adjustment – 99 – 111cm   Luxury hand-stitched leatherette handlebar   One-pull, 5-point harness for easy adjustment   Removable gated luxury bumper bar   Five position calf adjustment   Concealed storage compartment   Insect net included and stored under calf support   Tru-Ride® Technology tyres with quick release   Shopping basket with 3kg capacity   Swivel or lockable front wheels   All-round suspension   Easy adjustable headrest and harness height   Three-position, one-hand recline parent and world-facing seat unit   Convert into tandem mode with the egg2® / egg3® tandem adaptors   Suitable from 6 months to 25kg (from birth with the egg3® carrycot)   Extra-large canopy with UPF 50+ protection, featuring a ventilation window   Breathable, renewable Sorona® mattress   Luxury inner quilting   Suitable for overnight sleeping (remove apron and put canopy back for airflow)   Rocking rails on carrycot base, with stabilising feet   Ergonomic carrycot release handle      Key Features of Cybex Cloud T & Base T:       Car seat suitable from newborn to 24 months    12 headrest positions    360 degrees car seat rotation on Base T   Lie-flat technology    UPF 50+ Sun Canopy    Can be installed in the car by seat belt   Base T: compatible with Cloud T and Sirona T (Second stage car seat)      Key Features of Shnuggle Baby Bath and Jug:       Bum Bump helps prevent baby sliding in the water    Foam backrest for added comfort and to keep baby cosy    Handy plug to empty or refresh water    Minimum of 2 litres of water needed   Suitable from newborn to 12 months +      Key Features of SnuzPod 5 Bedside Crib:       Triple platinum Loved by Parents award-winner   Tested & certified to the latest bedside crib standard BS EN 1130:2019   3 in 1 bedside crib with a zip-down wall, rocking stand, lift-off bassinet & wheels for portability   Dual-view mesh windows   Breathable 3D mesh mattress included   Comfort incline mode to help ease symptoms when needed",Bundles,1749,Bundle Baby,120946,Baby Products,599,https://images2.productserve.com/?w=200&h=200&bg=white&trim=5&t=letterbox&url=ssl%3Awww.bundlebaby.com%2FImages%2FModels%2FFull%2F2945.jpg&feedId=111176&k=49cb39b9cc808cc350397041ab4fce4980afb120,GBP,,0,https://www.bundlebaby.com/en/Egg-Egg3-Cybex-Cloud-T--SnuzPod-5-Bundle/k-2945.aspx?PartnerID=578&utm_source=affiliate&utm_medium=affiliatewindow&utm_campaign=UnitedKingdom,,,"£1,749.00",111176,Egg,1,https://www.bundlebaby.com/Images/Models/Full/2945-1.jpg,https://www.bundlebaby.com/Images/Models/Full/2945-2.jpg,https://www.bundlebaby.com/Images/Models/Full/2945-4.jpg,https://www.bundlebaby.com/Images/Models/Original/2945.jpg,https://www.bundlebaby.com/Images/Models/Full/2945-3.jpg,Travel Bundle
https://www.awin1.com/pclick.php?p=43971197655&a=2771700&m=120946,Joie i-Pivot 360 (Birth to 4 Years)- Shale,43971197655,5122UK,https://www.bundlebaby.com/Images/Models/Full/2956.jpg,"The Joie i-Pivot 360™ is tested to the highest ECE R129 testing standards and is safer than ever, and is also i-Size certified Tri-Protect™ headrest has three layers of foam paired with a side impact pod for ultimate protection. Grow Together™ 6 position headrest and harness system adjusts simultaneously and requires no re-threading of harness    Key Features:       Suitable rear-facing from birth to 4 years 40-105 cm, max. 21 kg   Forward-facing from at the earliest 15 months to 4 years 76-105 cm, max 21 kg   Full 360 swivel with rotating activator on both sides of the seat for easier access   Testing Certification: ECE R129/03 and i-Size   Easy one time ISOFIX install with 10 position ISOFIX connectors   One pull motion easily tightens the 5-point harness   5 tilt positions for naps on the go   Energy absorbing load leg reduces force and absorbs impact in a crash   SmartRide™ lock-off helps keep baby rearward until it's safe to turn forward   Tri-Protect™ headrest with three layers of foam including patented Intelli-Fit™ memory foam   Perfectly placed ventilation keeps baby cool   Machine washable fabrics      Product dimensions:       62.7 cm x w 44 cm x h 55.7-65.3 cm   Product weight: 10.97 kg   Product usage: 40-105 cm, birth to approx. 4 years",Car Seats Group 1/2/3 (9 Months - 12 Years),180,Bundle Baby,120946,Baby Products,599,https://images2.productserve.com/?w=200&h=200&bg=white&trim=5&t=letterbox&url=ssl%3Awww.bundlebaby.com%2FImages%2FModels%2FFull%2F2956.jpg&feedId=111176&k=b356ee34dc655447ff0bb5bc5654061a801a6d85,GBP,,0,https://www.bundlebaby.com/en/Joie-i-Pivot-360-Birth-to-4-Years--Shale/m-2956.aspx?PartnerID=578&utm_source=affiliate&utm_medium=affiliatewindow&utm_campaign=UnitedKingdom,,,£180.00,111176,Joie,1,https://www.bundlebaby.com/Images/Models/Full/2956-1.jpg,https://www.bundlebaby.com/Images/Models/Full/2956-2.jpg,https://www.bundlebaby.com/Images/Models/Full/2956-4.jpg,https://www.bundlebaby.com/Images/Models/Original/2956.jpg,https://www.bundlebaby.com/Images/Models/Full/2956-3.jpg,Car Seats
https://www.awin1.com/pclick.php?p=43133654651&a=2771700&m=120946,Bugaboo Owl by Nuna Car Seat- Black,43133654651,5139UK,https://www.bundlebaby.com/Images/Models/Full/2969.jpg,"Give your little one the best in comfort, safety, and convenience with the Bugaboo Owl by Nuna 360 Car Seat, designed to grow with your child from birth (40 cm) up to approximately 4 years (max. 18 kg / 105 cm).    This innovative seat offers full 360° rotation when used with the Nuna 360 ISOFIX Base (sold separately), making it effortless to place your child in and out of the car and to switch between rear- and forward-facing positions.    Key Features:       Suitable from birth to 4 years (40–105 cm, up to 18 kg)   360° rotation with the Nuna 360 ISOFIX Base (sold separately) for easy access and versatile positioning   Six-position adjustable headrest to adapt as your child grows   Removable newborn support wedge and baby insert for optimal comfort and safety   Five recline positions, including a deep recline for restful naps   Premium bamboo and merino wool fabrics that are soft, breathable, and gentle on delicate skin   Built-in ventilation slots to help regulate your baby’s temperature during every journey   Integrated magnetic buckle holders to keep harness straps neatly in place      Compatibility:       Must be used with the Bugaboo by Nuna 360 ISOFIX Base (sold separately)",Car Seats Group 1/2/3 (9 Months - 12 Years),339,Bundle Baby,120946,Baby Products,599,https://images2.productserve.com/?w=200&h=200&bg=white&trim=5&t=letterbox&url=ssl%3Awww.bundlebaby.com%2FImages%2FModels%2FFull%2F2969.jpg&feedId=111176&k=85f179b2e6c24e1bb26af7af7adb518d96ddb072,GBP,,0,https://www.bundlebaby.com/en/Bugaboo--Owl-by-Nuna-Car-Seat--Black/m-2969.aspx?PartnerID=578&utm_source=affiliate&utm_medium=affiliatewindow&utm_campaign=UnitedKingdom,,,£339.00,111176,Bugaboo,1,https://www.bundlebaby.com/Images/Models/Full/2969-1.jpg,https://www.bundlebaby.com/Images/Models/Full/2969-2.jpg,,https://www.bundlebaby.com/Images/Models/Original/2969.jpg,https://www.bundlebaby.com/Images/Models/Full/2969-3.jpg,Car Seats
https://www.awin1.com/pclick.php?p=44432600255&a=2771700&m=120946,Cosatto Giggle 4 Mega Bundle- Lollop,44432600255,5362UK,https://www.bundlebaby.com/Images/Models/Full/3087.jpg,"The Cosatto Giggle 4 Travel System is a complete, lightweight solution for life on the go, offering everything you need from birth and beyond. The everything bundle includes the Tote i-Size 0+ infant carrier with ISOFIX base for added safety and convenience, plus the Giggle Accessory Pack featuring a coordinating changing bag and cosy footmuff. With a lie-flat carrycot, reversible pushchair seat, compact fold and Tiny Boot Approved chassis, Giggle 4 is designed to make everyday journeys effortless, stylish and comfortable.    What's included:       Cosatto Giggle 4 Stroller    Cosatto Giggle 4 Carrycot    Cosatto Giggle 4 Raincover (fits carrycot and seat unit)   Cosatto Tote i-Size group 0+ infant car seat    Cosatto Tote i-Size ISOFIX Car Seat Base   Cosatto Giggle 4 Car Seat adaptors (Tote / Acorn / multi-brand car seat adaptors)   Cosatto Giggle Accessory Pack with Changing Bag and Footmuff   Cosatto Home and Travel 3-in-1 adjustable stand   Cosatto Come & Go 2 i-Size 360 car seat   Cosatto Pip 0+ highchair   Cosatto Close to Me folding bedside crib   4-year guarantee card      Key Features:    Complete from Birth:       Luxury lie-flat carrycot suitable from birth to 9kg (approx. 6 months)   Cushioned, supportive mattress suitable for occasional overnight sleeping   Reversible pushchair seat suitable from birth up to 25kg   Multiple recline positions for comfort at every stage      Easy Folding & Travel-Friendly:       Folds easily with the seat unit attached in either direction   Lightweight aluminium chassis (approx. 7kg)   Free-standing fold for convenient storage ‘Tiny Boot Approved’ – fits into small car boots such as a Fiat 500      Smooth & Practical Everyday:       Use All-round suspension and puncture-proof multi-terrain wheels   Height-adjustable vegan leather handle   Spacious 8kg capacity storage basket   Flip-flop-friendly brake and lockable swivel wheels      Tote i-Size Safety:       R129 compliant i-Size infant carrier   Rearward facing from birth (40cm) to approx. 15 months (87cm)   Removable newborn liner for optimal fit and comfort   Compatible with Tote i-Size base (sold separately)      Designed for Your Baby:       Sensory hood designs to encourage early development   UPF100+ sun protection with extendable visors   Eco fabrics made from recycled bottles   Industry-leading 4-year Cosatto guarantee      Specification:       Suitable From: Birth to 25kg (pushchair seat)   Carrycot Suitability: Birth to 9kg   Car Seat: Tote i-Size Group 0+ (40–87cm)   Dimensions (Open): 107 x 57 x 78cm   Folded Size: 35 x 57 x 66cm   Basket Capacity: 8kg   Chassis Weight: Approx. 7kg",Bundles,999.95,Bundle Baby,120946,Baby Products,599,https://images2.productserve.com/?w=200&h=200&bg=white&trim=5&t=letterbox&url=ssl%3Awww.bundlebaby.com%2FImages%2FModels%2FFull%2F3087.jpg&feedId=111176&k=8ecd657d130f177b80feecac8fb2c37cbe98a002,GBP,,0,https://www.bundlebaby.com/en/Cosatto-Giggle-4-Mega-Bundle--Lollop/m-3087.aspx?PartnerID=578&utm_source=affiliate&utm_medium=affiliatewindow&utm_campaign=UnitedKingdom,,,£999.95,111176,Cosatto,1,https://www.bundlebaby.com/Images/Models/Full/3087-1.jpg,https://www.bundlebaby.com/Images/Models/Full/3087-2.jpg,https://www.bundlebaby.com/Images/Models/Full/3087-4.jpg,https://www.bundlebaby.com/Images/Models/Original/3087.jpg,https://www.bundlebaby.com/Images/Models/Full/3087-3.jpg,Travel Bundle