aw_deep_link,product_name,aw_product_id,merchant_product_id,merchant_image_url,description,merchant_category,search_price,merchant_name,merchant_id,category_name,category_id,aw_image_url,currency,store_price,delivery_cost,merchant_deep_link,language,last_updated,display_price,data_feed_id,brand_name,in_stock,alternate_image,alternate_image_two,alternate_image_four,large_image,alternate_image_three,category
https://www.awin1.com/pclick.php?p=45414412954&a=2771700&m=6526,Mamas &amp; Papas Soft Toy - Bella Rag Doll,45414412954,GB _GBP_36125022552229,https://cdn.shopify.com/s/files/1/0414/6023/6453/files/mamas-papas-activity-toys-soft-toy-bella-rag-doll-35645267050661.jpg?v=1712139204,"Soft Toy - Bella Rag Doll It's a big, wide world out there. And when you?re small, it can feel a little overwhelming. That's why every child needs a companion: someone to hug, to hold, to bring home. The Mamas &amp; Papas Always Love You range is full of adorable characters just waiting to find their soulmate. There?s Tally Teddy, Ellery the Elephant, Piper Puppy and lots more besides, all embodying our Always Love You story, the journey of your child finding their first friend. Product Features Made with a variety of soft fabrics, these playful pals are designed for cuddles time and again, so your little one is sure to make a companion for life. Perfect Companion Each character comes with a return label in case they go missing. Because in this big, wide world, we all need a little help finding our way home. Made with soft fabrics and stitched detailing, our Bella Rag Doll is a sweet, cuddly companion. Always Love You Collection The Mamas &amp; Papas Always Love You range is full of adorable characters just waiting to find their soulmate. Made with a variety of soft fabrics, these playful pals are designed for cuddles time and again. Each one comes with a return label you can personalise, so your child?s new friend can always find their way home. If your little one is looking for a bit of themselves in their new best friend, then our Bella Rag Doll may be their perfect companion. Made with soft fabrics, she's a sweet, cuddly friend excited to share playtimes with your little one. Bella is one of the characters from our Always Love You collection, so includes not only the signature embroidered heart detail, but a 'if lost please return to...' label so that she can always find her way back to your child. Product Specifications Age Suitability: 0m+ Dimensions: H 44 x W 23 x D 10cm Safety: Please remove the packaging and attachments before giving this toy to a child. Wash Care: Hand wash onlyStandard: EN71 Toys &amp; Games &gt; Toys &gt; Dolls, Playsets &amp; Toy Figures &gt; Stuffed Animals Buy Now, Pay Later With Klarna",,22,Mamas & Papas,6526,,,https://images2.productserve.com/?w=200&h=200&bg=white&trim=5&t=letterbox&url=ssl%3Acdn.shopify.com%2Fs%2Ffiles%2F1%2F0414%2F6023%2F6453%2Ffiles%2Fmamas-papas-activity-toys-soft-toy-bella-rag-doll-35645267050661.jpg%3Fv%3D1712139204&feedId=112637&k=878a17f3155f3c5ecb42dcede5143c1799875ceb,GBP,,4.95 GBP,https://www.mamasandpapas.com/products/soft-toy-bella-rag-doll-48551aw04,,2026-08-07 06:25:09,£22,112637,Mamas & Papas,1,,,,,,First Toys
https://www.awin1.com/pclick.php?p=43477474082&a=2771700&m=6526,Mamas &amp; Papas Soft Toy - Forever Treasured Bunny Pink Pale Pink Plush Newborn Baby Cuddle Companion Ultra Soft Gentle Fabric Floppy Ears Perfect First Gift Nursery Comfort,43477474082,GB _GBP_36125103915173,https://cdn.shopify.com/s/files/1/0414/6023/6453/files/mamas-papas-soft-toys-soft-toy-forever-treasured-bunny-pink-35645314269349.jpg?v=1712139738,"Soft Toy - Forever Treasured Bunny Pink If you're looking for a present for a little one, our Pink Forever Treasured Bunny Soft Toy is the perfect companion in those early years. Made with super soft fabrics, it's incredibly soft and gentle against baby's sensitive skin, while also being perfect for little hands to grab and play with. Product Features Adorable grey bunny soft toy, perfect for cuddles Made with super soft fabrics, gentle against baby's skin Coordinates with our Forever Treasured gift collection Product Specifications Age Suitability: 0 months+. Dimensions: H 16 x W 18 x D 8.5cm Wash Care: Machine washable at 40°C Standard:EN71 Product Features Adorable grey bunny soft toy, perfect for cuddles Made with super soft fabrics, gentle against baby's skin Coordinates with our Forever Treasured gift collection Age Suitability: 0 months+. Dimensions: H 16 x W 18 x D 8.5cm Wash Care: Machine washable at 40°C Standard:EN71Toys &amp; Games &gt; Toys &gt; Dolls, Playsets &amp; Toy Figures &gt; Stuffed Animals Buy Now, Pay Later With Klarna",,10,Mamas & Papas,6526,,,https://images2.productserve.com/?w=200&h=200&bg=white&trim=5&t=letterbox&url=ssl%3Acdn.shopify.com%2Fs%2Ffiles%2F1%2F0414%2F6023%2F6453%2Ffiles%2Fmamas-papas-soft-toys-soft-toy-forever-treasured-bunny-pink-35645314269349.jpg%3Fv%3D1712139738&feedId=112637&k=117e458888f7d17b328b4c9d16d83229c0a8f3cc,GBP,,4.95 GBP,https://www.mamasandpapas.com/products/soft-toy-forever-treasured-bunny-pink-48551tr02,,2026-08-07 06:25:12,£10,112637,Mamas & Papas,1,,,,,,First Toys
https://www.awin1.com/pclick.php?p=43477474094&a=2771700&m=6526,Mamas &amp; Papas Welcome to the World Small Beanie Soft Toy - Archie Elephant Grey Squishy Plush Elephant for Babies &amp; Newborns Cuddly Friend Baby Shower Gift,43477474094,GB _GBP_36125276897445,https://cdn.shopify.com/s/files/1/0414/6023/6453/files/mamas-papas-welcome-to-the-world-small-beanie-soft-toy-archie-elephant-35645430857893.jpg?v=1712140820,"Welcome to the World Small Beanie Soft Toy - Archie Elephant Product Features Luxuriously soft faux fur design perfect for cuddles Small beanie-sized soft toy Playful Archie the Elephant character - exclusive to Mamas &amp; Papas Coordinates with pieces from the Welcome to the World interior and toy collections Product Specifications Age Suitability: 0+. Dimensions: H 16 x W 11 x D 10cm. WARNING: Please remove the packaging and attachments before giving this toy to a child. Wash Care: Hand wash only. British Safety Standard: EN71 Reassuringly soft and playful first friends Mamas &amp; Papas' Welcome to the World toy and gift collection is full of reassuringly soft and friendly characters your child is sure to love. Our bestselling range embraces super soft faux fur for a luxury feel that's perfect for cuddles. Realised in crisp whites and subtle greys, with additional pops of colour, this range embodies stunning contemporary design and breathes new life into traditional soft toys. Your little one is sure to love our Archie the Elephant Beanie toy. The small beanie toy design means it will easily fit in a changing bag, and is perfect for little hands to keep hold of. Made with super soft faux fur, the elephant soft toy has a luxurious feel that is gentle to touch, making it perfect for cuddles at naptime. Made with super soft faux fur, the elephant soft toy has a luxurious feel that is gentle to touch, making it perfect for cuddles at naptime. The exclusive Archie Elephant character is part of the Welcome to the World collection of toys, gifts and nursery interiors. Product Features Luxuriously soft faux fur design perfect for cuddles Small beanie-sized soft toy Playful Archie the Elephant character - exclusive to Mamas &amp; Papas Coordinates with pieces from the Welcome to the World interior and toy collections Age Suitability: 0+. Dimensions: H 16 x W 11 x D 10cm. WARNING: Please remove the packaging and attachments before giving this toy to a child. Wash Care: Hand wash only. British Safety Standard: EN71Toys &amp; Games &gt; Toys &gt; Dolls, Playsets &amp; Toy Figures &gt; Stuffed Animals Buy Now, Pay Later With Klarna",,6,Mamas & Papas,6526,,,https://images2.productserve.com/?w=200&h=200&bg=white&trim=5&t=letterbox&url=ssl%3Acdn.shopify.com%2Fs%2Ffiles%2F1%2F0414%2F6023%2F6453%2Ffiles%2Fmamas-papas-welcome-to-the-world-small-beanie-soft-toy-archie-elephant-35645430857893.jpg%3Fv%3D1712140820&feedId=112637&k=f46e09d8c7b6f0aa3c163191e8994cdb7291ad3c,GBP,,4.95 GBP,https://www.mamasandpapas.com/products/welcome-to-the-world-beanie-archie-elephant-4855ww204,,2026-08-07 06:25:20,£6,112637,Mamas & Papas,1,,,,,,First Toys
https://www.awin1.com/pclick.php?p=43477474138&a=2771700&m=6526,Cybex Base 2 Fix for Aton Car Seats - Black,43477474138,GB _GBP_36125628924069,https://cdn.shopify.com/s/files/1/0414/6023/6453/products/cybex-bases-cybex-base-2-fix-for-aton-car-seats-black-33779068797093.jpg?v=1669125336,"Base 2 Fix for Aton Car Seats - Black Make fitting your car seat (sold separately) fuss-free with the Cybex Aton 2 Fix base. Comes in black and is compatible with Aton, Aton Q &amp; Aton 5 infant carriers.Use this Cybex base to fit your little one's car seat or carrier securely for total peace of mind.Click and goThis car seat base attaches to Isofix anchors for easy installation. Alternatively, the base can be used in non-Isofix cars as a belt tensioning device for added security. A lever release makes getting baby out of the car hassle-free.Colour-coded indicatorsIndicators on the Cybex Isofix base let you know when your car seat is correctly fitted. Check for the green indicator to ensure baby is properly secure.Support legAn adjustable support leg improves the stability of your car seat, ensuring little passengers have a smooth ride.Product SpecificationsDimensions: H:18cm x W:37.5cm x L:53.5cm approx, Weight 5.3kgDimensions: H:18cm x W:37.5cm x L:53.5cm approx, Weight 5.3kg Easily attaches to Isofix anchors for easy installation Colour-coded indicators let you know when car seat is fitted correctly Your little one will enjoy a smooth ride thanks to the stable support leg Baby &amp; Toddler &gt; Baby Transport Accessories &gt; Baby &amp; Toddler Car Seat Accessories Buy Now, Pay Later With Klarna",,65,Mamas & Papas,6526,,,https://images2.productserve.com/?w=200&h=200&bg=white&trim=5&t=letterbox&url=ssl%3Acdn.shopify.com%2Fs%2Ffiles%2F1%2F0414%2F6023%2F6453%2Fproducts%2Fcybex-bases-cybex-base-2-fix-for-aton-car-seats-black-33779068797093.jpg%3Fv%3D1669125336&feedId=112637&k=31fc82ae52ffca0bef2e5541362e5fd7f2e68cd1,GBP,,0 GBP,https://www.mamasandpapas.com/products/cybex-base-2-fix-for-aton-car-seats-black-257725300,,2026-08-07 06:25:24,£65,112637,Cybex,1,,,,,,ISOFIX Base
https://www.awin1.com/pclick.php?p=43477474148&a=2771700&m=6526,Mamas &amp; Papas Elephant Shelves &amp; Nightlight Animal Light Kids Bedroom Decoration Sleeping Light,43477474148,GB _GBP_37804926566565,https://cdn.shopify.com/s/files/1/0414/6023/6453/files/mamas-papas-storage-elephant-shelves-nightlight-34642663506085.jpg?v=1693295899,"Elephant Shelves &amp; Nightlight Animal Light Kids Bedroom Decoration Sleeping Light Why Buy Me?Cute elephant design will suit any nursery stylePerfect for storing your little one's booksThe soft night light will soothe baby to sleepIncludes: Large Elephant shelf, Medium Elephant shelf &amp; Small Elephant Balloon Light with cord to be attachedThis playful set of elephant shaped shelves will look the part in any style of nursery. With 2 different sized shelves, there?s plenty of room for stacking up your little one's favourite storybooks. And thanks to the calm and comforting light up balloon, your baby will enjoy a soft, reassuring nightlight that'll help them drift off to sleep.Product SpecificationsAge Suitability: Birth to 4 yearsFinish &amp; Colour: Painted whiteCompositions: Pine &amp; Engineered BoardSelf-Assembly RequiredCare &amp; Maintenance: Wipe clean with a damp clothHealth &amp; Safety: EN 14749:2016Dimensions: Large Elephant Shelf: H: 28.3cm L: 49.4cm, Medium Elephant Shelf: H: 24.9cm x L: 43.5cm, Small Elephant: H: 16.9cm x L: 20.1cm, Light up balloon to provide a soft night light: H: 15.5cm x L: 14.5cmProduct SpecificationsAge Suitability: Birth to 4 yearsFinish &amp; Colour: Painted whiteCompositions: Pine &amp; Engineered BoardSelf-Assembly RequiredCare &amp; Maintenance: Wipe clean with a damp clothHealth &amp; Safety: EN 14749:2016Dimensions: Large Elephant Shelf: H: 28.3cm L: 49.4cm, Medium Elephant Shelf: H: 24.9cm x L: 43.5cm, Small Elephant: H: 16.9cm x L: 20.1cm, Light up balloon to provide a soft night light: H: 15.5cm x L: 14.5cm Cute elephant design will suit any nursery style Perfect for storing your little one's books The soft night light will soothe baby to sleep Furniture &gt; Baby &amp; Toddler Furniture Buy Now, Pay Later With Klarna",,49,Mamas & Papas,6526,,,https://images2.productserve.com/?w=200&h=200&bg=white&trim=5&t=letterbox&url=ssl%3Acdn.shopify.com%2Fs%2Ffiles%2F1%2F0414%2F6023%2F6453%2Ffiles%2Fmamas-papas-storage-elephant-shelves-nightlight-34642663506085.jpg%3Fv%3D1693295899&feedId=112637&k=41dba5ab8f5e207ca887cf1b02d2f88a19cbcb59,GBP,,4.95 GBP,https://www.mamasandpapas.com/products/elephant-nighlight-shelves-shnl02w00,,2026-08-07 06:25:29,£49,112637,Mamas & Papas,1,,,,,,Night Light
https://www.awin1.com/pclick.php?p=43477474163&a=2771700&m=6526,Love to Dream Swaddle Up™ Transition Bag Cotton Original Grey - Medium,43477474163,GB _GBP_39634727305381,https://cdn.shopify.com/s/files/1/0414/6023/6453/files/love-to-dream-dreampod-sleep-bags-swaddling-love-to-dream-swaddle-up-trade-transition-bag-medium-3-6-months-1-0-tog-grey-1170493167.jpg?v=1748449858,"Swaddle Up™ Transition Bag Cotton Original Grey - Medium Formally known as 50/50, the Love to Dream Stage 2 50/50 Transition Bag Original is perfect for helping your newborn gradually adjust to sleeping independently. Simply unzip one ?wing?, wait a few nights for your baby to adjust to the sensation of sleeping with one arm released, and then remove the second wing. With a 1.0 tog and breathable fabric, it's perfect for keeping baby cool in warmer weather, with no loose or excess material for safer sleeping. The double zip means that changes are fuss-free, whilst the natural sleeping position means they can sleep with their arms by their head. Product Features The certified ?hip healthy? design allows recommended flexion for hips and legs No excess or loose fabric in the cot with your baby for safer sleeping Baby won't overheat thanks to the single layer of breathable fabric Age Suitability: 3 to 6 months approx. (6 - 8.5kg) Maximum Child Height: 68cm Size: L64 x W5 x H31cm Baby can self-soothe by touching their face and sucking on hands The natural sleeping position allows baby to place their arms by their head Night time nappy changes are hassle-free thanks to the double zip Home &amp; Garden &gt; Linens &amp; Bedding &gt; Bedding Buy Now, Pay Later With Klarna",,32.99,Mamas & Papas,6526,,,https://images2.productserve.com/?w=200&h=200&bg=white&trim=5&t=letterbox&url=ssl%3Acdn.shopify.com%2Fs%2Ffiles%2F1%2F0414%2F6023%2F6453%2Ffiles%2Flove-to-dream-dreampod-sleep-bags-swaddling-love-to-dream-swaddle-up-trade-transition-bag-medium-3-6-months-1-0-tog-grey-1170493167.jpg%3Fv%3D1748449858&feedId=112637&k=c07f1a19c01df9c6c580a5296185005e1223d0b8,GBP,,4.95 GBP,https://www.mamasandpapas.com/products/ltd-s2-50-50-transition-bag-1-tog-med-679846803,,2026-08-07 09:21:24,£32.99,112637,Love to Dream,1,,,,,,Swaddles
https://www.awin1.com/pclick.php?p=43477474185&a=2771700&m=6526,Maxi Cosi CabrioFix Baby Car Seat Base - Black,43477474185,GB _GBP_40977007935653,https://cdn.shopify.com/s/files/1/0414/6023/6453/products/maxi-cosi-baby-car-seats-maxi-cosi-tinca-baby-car-seat-base-black-31662864597157.jpg?v=1634196530,"CabrioFix Baby Car Seat Base - Black Maxi-Cosi Tinca Baby Car Seat Base - Black The Maxi-Cosi Tinca Base is an ISOFIX car seat base, that enables ISOFIX installation for the Maxi-Cosi Tinca i-Size baby car seat. Click Maxi-Cosi Tinca onto the Tinca base and use from birth up to approx. 12kg. The ISOFIX base ensures correct installation, complying with the latest i-Size safety standards for excellent safety performance. Discover Maxi-Cosi's Tinca Base, the ISOFIX car seat base that has been designed to make it easier for parents to install the Maxi-Cosi Tinca car seat. Complying with the latest European i-Size safety standard for car seats, this i-Size car seat base gives your little one state-of-the-art safety performance. Simply install the Maxi-Cosi car seat base by attaching it to the ISOFIX connectors in your car, then use the hassle-free Click &amp; Go installation. And thanks to the visual indicators on the base, you?ll always know if you?ve got a secure fit. Product Features ISOFIX installation i-Size (R129) compliant Age Suitability: From birth to 12 months approx. Maximum Child Weight: 12kg Health &amp; Safety: R129 i-Size Safety Warnings: See instruction manual Composition: Shell: Polypropylene ? PP Frame: Metal - Steel Axles, Isofix Connectors &amp; Support Leg: Metal - Steel Dimensions: H19.5 x W33 x L60cm Weight: 5.2kg The simple Click &amp; Go installation easily attaches to your ISOFIX base Inbuilt visual indicators, so you?ll know if it?s installed correctly Compatible with the Maxi-Cosi Tinca i-Size baby car seat Baby &amp; Toddler &gt; Baby Transport Accessories &gt; Baby &amp; Toddler Car Seat Accessories Buy Now, Pay Later With Klarna",,129.99,Mamas & Papas,6526,,,https://images2.productserve.com/?w=200&h=200&bg=white&trim=5&t=letterbox&url=ssl%3Acdn.shopify.com%2Fs%2Ffiles%2F1%2F0414%2F6023%2F6453%2Fproducts%2Fmaxi-cosi-baby-car-seats-maxi-cosi-tinca-baby-car-seat-base-black-31662864597157.jpg%3Fv%3D1634196530&feedId=112637&k=1d40fbaabeddb260b2f4212136d3be97c20287ec,GBP,,0 GBP,https://www.mamasandpapas.com/products/maxi-cosi-cabriofix-i-size-base-blk-3021f3800,,2026-08-07 09:21:28,£129.99,112637,Maxi Cosi,1,,,,,,ISOFIX Base
https://www.awin1.com/pclick.php?p=43477474368&a=2771700&m=6526,Mamas &amp; Papas Hampden Nursery Dresser Changer - White Nappys Changing Topper / Table With Drawers Wooden Furniture For Infants &amp; Children Minimalist &amp; Simple,43477474368,GB _GBP_42023116603557,https://cdn.shoppingiq.com/gallery/Y3VzdG9tX3RlbXBsYXRlLzEzMS90ZW1wbGF0ZV8yNDUzNDQ5X2dvb2dsZV8xNzg1NDgzNjc4LmpwZw==,"Hampden Nursery Dresser Changer - White Nappys Changing Topper / Table With Drawers Wooden Furniture For Infants &amp; Children Minimalist &amp; Simple The Mamas &amp; Papas Hampden Nursery Dresser Changer in white is a stylish and functional piece designed for infants and children. Featuring a convenient changing topper and spacious table with drawers, it provides ample storage for nappys and essentials, making nappy changes easy and organized. Crafted from durable wood, this versatile furniture piece beautifully complements any nursery decor while offering practicality for busy parents. Buy Now, Pay Later With Klarna",,340,Mamas & Papas,6526,,,https://images2.productserve.com/?w=200&h=200&bg=white&trim=5&t=letterbox&url=ssl%3Acdn.shoppingiq.com%2Fgallery%2FY3VzdG9tX3RlbXBsYXRlLzEzMS90ZW1wbGF0ZV8yNDUzNDQ5X2dvb2dsZV8xNzg1NDgzNjc4LmpwZw%3D%3D&feedId=112637&k=c6989e3103098fdfaa7334b8c04556163f6c387b,GBP,,0 GBP,https://www.mamasandpapas.com/products/hampden-dresser-changer-white-dchp02700,,2026-08-07 09:25:32,£340,112637,Mamas & Papas,1,,,,,,Nursery Furniture Piece
https://www.awin1.com/pclick.php?p=43477474475&a=2771700&m=6526,Fraupow Reusable Nursing Pads - Pack of 8,43477474475,GB _GBP_42324340179109,https://cdn.shopify.com/s/files/1/0414/6023/6453/files/fraupow-breastfeeding-fraupow-nursing-pads-pack-of-8-34311989461157.jpg?v=1683039511,"Reusable Nursing Pads - Pack of 8 8 x Reusable Nursing Pads, 1 x Mesh Wash Bag, 1 x Waterproof Wet Bag, Worn inside the bra over the nipple to absorb breast milk, Ultra soft pads made with Bamboo (80%) &amp; Cotton (20%), 3 Layers, waterproof outer layer, leak proof, Large Size: 14cm, Suitable for sensitive skin, Machine washable (&lt;60) and tumble dry (low), Eco-friendly, Multi-colour pack: 2 x White, 2 x Milk, 2 x Blush, 2 x EspressoDimensions:14 cm pads Reusable 80% Bamboo 20% Cotton Large Size 14cm Baby &amp; Toddler &gt; Nursing &amp; Feeding Buy Now, Pay Later With Klarna",,11.99,Mamas & Papas,6526,,,https://images2.productserve.com/?w=200&h=200&bg=white&trim=5&t=letterbox&url=ssl%3Acdn.shopify.com%2Fs%2Ffiles%2F1%2F0414%2F6023%2F6453%2Ffiles%2Ffraupow-breastfeeding-fraupow-nursing-pads-pack-of-8-34311989461157.jpg%3Fv%3D1683039511&feedId=112637&k=4c97a774d2464e19225a209c383540ff6e357732,GBP,,4.95 GBP,https://www.mamasandpapas.com/products/fraupow-reusable-nursing-pads-390909400,,2026-08-07 09:25:52,£11.99,112637,Fraupow,1,,,,,,Breast Pads
https://www.awin1.com/pclick.php?p=43477474483&a=2771700&m=6526,Cybex Base T ISOFIX Car Seat Base in Black,43477474483,GB _GBP_42363317354661,https://cdn.shopify.com/s/files/1/0414/6023/6453/files/cybex-baby-car-seats-cybex-base-t-isofix-car-seat-base-in-black-34382389117093.jpg?v=1685100502,"Base T ISOFIX Car Seat Base in Black The practical and versatile Base T is a safe and secure foundation for the CYBEX T Line Modular System. Its rotation mechanism enables easy on and off-boarding of both the Cloud T i-Size and Sirona T i-Size car seats, while the optimized and user-friendly ISOFIX release buttons visual indicators conﬁrm the correct setup on both the ISOFIX buttons and Load Leg. While the easy one-hand rotation mechanism allows you to rotate both car seats 180° towards the door, it also allows 360° rotation for a quick change between rear and forward-facing travelling directions in the Sirona T i-Size when your little one reaches 15 months old and 76cm tall. Product Features T LINE MODULAR SYSTEM - The ISOFIX Base T is compatible with both Cloud T i-Size and Sirona T i-Size, the CYBEX T Line Modular System offers maximum versatility and a long-lasting solution for your growing child. It is equipped with ISOFIX and a load leg for easy and secure installation. INTUITIVE AND EASY INSTALLATION- Equipped with NEW optimized and user-friendly ISOFIX-Release buttons, the Base T makes the installation of the car seats easier and more intuitive. The tried-and-tested load leg technology also provides extra stability for the Base T. The ISOFIX release buttons visual indicators conﬁrm the correct setup on both the ISOFIX buttons and Load Leg. With these features, setting up your T line car seat is as easy as it gets, reassuring parents and providing a safe and comfortable ride EASY ON AND OFF-BOARDING- The Base T allows the Cloud T i-Size and Sirona T i-Size car seats to be easily rotated 180° towards the car door, contributing to an effortless on and off-boarding. All it takes to swivel your car seat to the ideal boarding position is pulling the easy-to-access handle on the Base T Cybex Base T ISOFIX Car Seat Base Age Suitability: Birth - approx. 4 years Safety Warning: Please see manual Composition: Polyester, Metal, Plastic Care &amp; Maintenance: Wipe down Self-Assembly Required? Fully Assembled Cybex Base T ISOFIX Car Seat Base Dimensions: Unfolded- L 66.5cm / W 40.5cm / H 36.5cm. Folded- L 66.5cm / W 40.5cm / H 36.5cm Weight: 7.7kg T Line modular System Intuitive and Easy Installation Easy On and Off-Boarding Baby &amp; Toddler &gt; Baby Transport Accessories &gt; Baby &amp; Toddler Car Seat Accessories Buy Now, Pay Later With Klarna",,199.95,Mamas & Papas,6526,,,https://images2.productserve.com/?w=200&h=200&bg=white&trim=5&t=letterbox&url=ssl%3Acdn.shopify.com%2Fs%2Ffiles%2F1%2F0414%2F6023%2F6453%2Ffiles%2Fcybex-baby-car-seats-cybex-base-t-isofix-car-seat-base-in-black-34382389117093.jpg%3Fv%3D1685100502&feedId=112637&k=4fad0e755b6b97f2649e5585635b61f83e43f0b0,GBP,,0 GBP,https://www.mamasandpapas.com/products/base-z-t-383325300,,2026-08-07 10:17:24,£199.95,112637,Cybex,1,,,,,,ISOFIX Base
https://www.awin1.com/pclick.php?p=43477474585&a=2771700&m=6526,Purflo Swaddle to Sleepbag 2.5 Tog (0-4m) - White,43477474585,GB _GBP_42453133557925,https://cdn.shopify.com/s/files/1/0414/6023/6453/files/purflo-dreampod-sleep-bags-swaddling-purflo-swaddle-to-sleepbag-0-4-months-2-5-tog-white-1176225083.jpg?v=1751464129,"Swaddle to Sleepbag 2.5 Tog (0-4m) - White Sleep tight from the first night in this all-seasons swaddle and sleep bag with clever breathable technology.The innovative Swaddle to Sleep Bag has been developed to offer parents a safer, healthier bedding solution for newborn babies. It features unique breathable panels and the option to swaddle arms in or out. The Purflo Swaddle to Sleep Bag grows with new babies with an extendable length that is certified hip healthy by International Hip Dysplasia Institute. The Purflo Swaddle to Sleep Bag is a safe alternative to using blankets and loose bedding at sleep time and helps keep little ones at a safe temperature all year round. The versatile design of this baby sleep bag gives you the option to swaddle baby or let baby’s arms out - growing with your baby from a swaddle to a standard baby sleep bag. The 2.5 tog is perfect for all season use, allowing you to tailor the garments underneath to suit the temperature. The All Seasons Swaddle to Sleep Bag features the addition of Dupont Sorona® that is made from 37% plant based ingredients and is Oeko-Tex® 100 Class 1 Certified. Product Features: Super soft cotton body and sustainable, hypoallergenic filling Breathable panels on back of neck and torso to help keep baby’s at a safe and comfortable temperature Safe alternative to loose blankets and traditional swaddling Certified ‘hip healthy’ - no risk of hip dysplasia Length can be used reduced for newborns and then extended as they grow Travel friendly design can be used in car seats and pushchairs (arms out mode) Use from birth - 4 months old Conforms to all aspects of BS EN 16781:2018 safety standard Age Suitability: 0-4 months, Max Child Weight - 7.25kg, Max Child Height - 65cm Safety Warning: WARNING: We strongly recommend that the product should not be used with baby's arms in when they start to roll on their side. Swaddles or structured baby sleep bags are not suitable for premature or babies of low birth weight. We do not recommend this product for babies under 3kg/ 6.6lbs WARNING: Do not sure if the child can climb out of the cot WARNING: Do not use in combination with other bedding items (e.g. cot duvet). If you choose to bed share with baby, do not swaddle your baby Health &amp; Safety: Conforms to all aspects of BS EN 16781:2018 safety standard Composition: Body: 100% Cotton, Mesh Panels: 100% Polyester, Filling: 100% DuPont Sorona® Care &amp; Maintenance: The Purflo Swaddle to Sleep Bag can be washed on a gentle 40c cycle and can be tumble dried on a low heat. We recommend washing your swaddle bag before its first use and always wash it inside out, with the zip fully closed to protect the product and prevent damage. Dimensions: Length 65cm x Width 38cm x Depth 2 cm Weight: 0.22 kg Swaddle arms in or out depending on your little ones preference Can be worn in rooms with a temperature of 14-22 degrees (see the what to wear guide on how to dress underneath) Safe and secure popper fastenings Home &amp; Garden &gt; Linens &amp; Bedding &gt; Bedding Buy Now, Pay Later With Klarna",,29,Mamas & Papas,6526,,,https://images2.productserve.com/?w=200&h=200&bg=white&trim=5&t=letterbox&url=ssl%3Acdn.shopify.com%2Fs%2Ffiles%2F1%2F0414%2F6023%2F6453%2Ffiles%2Fpurflo-dreampod-sleep-bags-swaddling-purflo-swaddle-to-sleepbag-0-4-months-2-5-tog-white-1176225083.jpg%3Fv%3D1751464129&feedId=112637&k=aad1ec094ba20746a458c1dcd537852b25c71898,GBP,,4.95 GBP,https://www.mamasandpapas.com/products/purflo-swaddle-2-5t-white-777302701,,2026-08-07 09:29:41,£29,112637,Purflo,1,,,,,,Swaddles
https://www.awin1.com/pclick.php?p=43477474608&a=2771700&m=6526,Mamas &amp; Papas Cruise Buggy &amp; Footmuff Bundle - Black,43477474608,GB _GBP_42499510829221,https://cdn.shopify.com/s/files/1/0414/6023/6453/files/mamas-papas-pushchairs-cruise-buggy-footmuff-bundle-black-63666923045201.jpg?v=1729295895,"Cruise Buggy &amp; Footmuff Bundle - Black Cruise Pushchair - Black Enjoy the ride, with our comfortable, light and durable buggy. As the name suggests, our Cruise buggy is the perfect companion for daily strolls. Adjustable back and leg rests gives baby a more comfortable journey With easy to steer front suspension for a smoother ride. And it doesn't matter how long you're out, your little one can relax and snooze in the lie-flat seat with adjustable back and leg rests. The lie flat seat lets toddler sleep comfortably on the go The front suspension provides a smooth ride every time while the adjustable back and leg rests offer baby a more comfortable journey, so toddler can sleep on the go Large hood with sun visor The large hood, with pop-out sun visor, offers plenty of shade from the sun and protection from the elements. UPF 50+ fabric protects baby from harmful rays while the peek-a-boo window makes it easy to check on baby. The lightweight frame is easy to manoeuvre Lightweight and easy to get around and manoeuvre, the cruise buggy gives you everything you need. Comfortable chest pads &amp; a deep seat offer baby a more comfy journey. Product Features The lightweight frame is easy to manoeuvre Adjustable back and leg rests off baby a more comfortable journey The front suspension provides a smooth ride every time The large hood with pop out sun visor offers plenty of shade from the elements UPF 50+ fabric protects them from harmful rays The magnetic peek-a-boo window makes it easy to quietly check on your sleeping baby Padded seat and chest pads keep baby comfy on the go All Seasons Footmuff - Black Perfect during hot or cold months, Mamas &amp; Papas' All Seasons Footmuff is ideal all year round. The two-way zipper lets you adjust the temperature too keep baby cool or warm depending on the weather. The new shape means it fits your pushchair even better, while the super soft burshed lining and padded liner keep baby cosy and comfortable on every trip out. Featuring a mutli-position harness which keeps little ones more secure and adapts to their growing size, and a water and dirt-resistant design that's even easier to clean and dry. Cruise Pushchair - Black Age Suitability: Birth - 15kg/33lb All Seasons Footmuff - Black Age Suitability Birth - 15kg 100% Polyester 100% PolyesterCruise Pushchair - Black Dimensions: H109.5 x W49 x L80cm approx. Folded Size: H23 x W30 x L111cm approx. Wheel Size: Front: 6, Rear: 6"" Weight: 8.3kg approx. All Seasons Footmuff - Black Dimensions H:100 x W:50 x D: 10cm Approx. Weight 0.58kg Lie-back seat means your toddler will sleep comfortably on-the-go Lightweight frame is really easy to move through tight spaces Back and leg rests can be adjusted as your little one grows Baby &amp; Toddler &gt; Baby Transport &gt; Pushchairs &amp; Prams Buy Now, Pay Later With Klarna""",,148,Mamas & Papas,6526,,,https://images2.productserve.com/?w=200&h=200&bg=white&trim=5&t=letterbox&url=ssl%3Acdn.shopify.com%2Fs%2Ffiles%2F1%2F0414%2F6023%2F6453%2Ffiles%2Fmamas-papas-pushchairs-cruise-buggy-footmuff-bundle-black-63666923045201.jpg%3Fv%3D1729295895&feedId=112637&k=9439474aee982b711594ad759f363a955adf7d61,GBP,,0 GBP,https://www.mamasandpapas.com/products/cruise-black-fottmuff-2pc-kit-409425300,,2026-08-07 09:29:47,£148,112637,Mamas & Papas,1,,,,,,Pram & Pushchair
https://www.awin1.com/pclick.php?p=45457275818&a=2771700&m=6526,Tonies Musical Storybox Toy - Grey,45457275818,GB _GBP_42521594527909,https://cdn.shopify.com/s/files/1/0414/6023/6453/files/tonies-tonies-musical-storybox-toy-grey-34682449789093.jpg?v=1696236141,"Tonies Musical Storybox Toy - Grey This activity cube is the perfect toy to keep little ones entertained for hours! The 5 different activities include a bead frame, shape sorter, maze, spinning cogs and turning blocks. Encourage children to develop key motor skills and concentration with the variety of activities, with 5 different educational &amp; fun activities to keep little ones engaged &amp; entertained. The bead frame fits inside the box for easy and neat storage. This product is made from sustainable wood. By choosing this product, you are supporting responsible management of the world's forests. This product comes in beautifully designed, fully recyclable packaging. Toniebox: the innovative portable music player system that combines play, learning and listening. It's screen-free and easy for children to operate. Placing Tonies audio characters on the Toniebox begins playback automatically and taking them off stops it. Pressing the ears changes the volume. Tapping the sides of the box changes tracks and the fast-forward or rewind function is activated by tilting the Toniebox. Wi-Fi connection required for initial setup. Age Suitability: Age 3+ Safety Warning: Warning! Not suitable for children under 36 months. Small parts. Choking hazard. Health &amp; Safety: UKCA / CE Care &amp; Maintenance: Sponge Clean Only Composition: Sustainable fabricDimensions: 12 x 12 x 12cm Weight: 0.6 kg Up to 7 hours battery life from 1 charge Easy controls for little hands No screens, cameras or microphones! Baby &amp; Toddler &gt; Baby Toys &amp; Activity Equipment Buy Now, Pay Later With Klarna",,47.99,Mamas & Papas,6526,,,https://images2.productserve.com/?w=200&h=200&bg=white&trim=5&t=letterbox&url=ssl%3Acdn.shopify.com%2Fs%2Ffiles%2F1%2F0414%2F6023%2F6453%2Ffiles%2Ftonies-tonies-musical-storybox-toy-grey-34682449789093.jpg%3Fv%3D1696236141&feedId=112637&k=e8ed8d2d0a50b8ffdb29f8a1b94ed6e5e53fd946,GBP,,4.95 GBP,https://www.mamasandpapas.com/products/tonies-grey-starter-set-9751xn700,,2026-08-07 09:33:23,£47.99,112637,tonies,1,,,,,,First Toys
https://www.awin1.com/pclick.php?p=43477474671&a=2771700&m=6526,"Peach 7 Pushchair Complete Bundle – Coco Newborn/Baby Single to Double Convertible Stroller One-Hand Fold Carrycot, Travel System &amp; Footmuff",43477474671,GB _GBP_42596675289253,https://cdn.shopify.com/s/files/1/0414/6023/6453/files/icandy-icandy-peach-7-complete-pushchair-bundle-coco-34845775331493.jpg?v=1697637720,"ICandy Peach 7 Complete Pushchair Bundle - Coco Combining innovative British design with unsurpassable craftsmanship, iCandy is an award-winning creator of beautiful pushchairs. The family-run business, now in its 4th generation, is the proud winner of two Queen’s Awards - one for Enterprise in International Trade and the other for Innovation. Founded in 1933, iCandy continually pushes the boundaries across design, style and innovation whilst maintaining quality, safety and functionality at the heart of every iCandy product. The ultimate pushchair for first time parents, the world’s definitive, luxury single to double pushchair beautifully engineered, designed to fit perfectly around you and your baby. Suitable from birth due to the spacious carrycot which can also be used for permanent overnight sleeping. With its soft, modern premium knitted jersey fabrics, tailored to perfection and guarantees comfort for baby and style for parents. Now in its seventh generation, every element of the iCandy Peach has been crafted to ensure perfection in functionality, quality and safety and is the choice of parents who demand cutting edge design and style that lasts. Famous for its one-handed fold, incorporated carry strap and fashion forward fabrics, the Peach can easily convert into a twin or double pushchair with the use of innovative adaptors. From the very first push, with its high-quality aluminium frame, puncture proof PU tyres and new integrated Ride-on Board you’ll immediately notice the ultra-smooth ride and effortless manoeuvrability on all terrains. The Peach 7 is with you every step of the way from its ergonomic leatherette handlebar and swivel bumper bar, allowing easy access to your child without full removal of the bar, to the adjustable handlebar heights from 95to 105cm, perfect for partners of different heights. Product Features: Suitable from birth (with carrycot) up to 25kg (15kg on elevators) Carrycot with luxury fleece lining, suitable for permanent overnight sleeping Converts from single to double / twin pushchair Converts to full travel system with included car seat adaptors Parent and world facing modes with integrated Ride-on Board One-handed seat recline with four positions Adjustable calf rest for ultimate comfort Easy slide Pop-Up"" harness with adjustable head support Auto chassis fold lock Adjustable, multi-function water repellent and SPF50+ canopy, with multi position large viewing window with mesh ventilation Ergonomic leatherette handlebar, with matching leatherette swivel bumper bar Handy Pip-Zip carry bag on the back of the seat unit Puncture proof, ultra-smooth rolling PU tyres Adjustable handlebar heights from 95cm to 105cm perfect for partners of different height Spacious 44 litre basket to hold up to 10kg in weight with built in drainage vent Compact, freestanding, one-handed fold Carry strap helps parents carry the pushchair with ease Elevators increase seat unit height to aid interaction with baby and when dining out Choice of 6 fabrics and 3 chassis colour options 5 Year warranty included Awards: Mums &amp; Tots Awards 2022 Winner - Best Buggy/Pushchair Progressive Preschool Awards 2022 Winner - Best Wheeled Goods Range Pushchair Expert 2022 - 5 stars review Lullaby’s Trust 2023 Charity Partnership Product Includes: Pushchair/carrycot, car seat adaptors, elevators, raincover, backpack, footmuff, parasol, screen, cupholder &amp; clamp Age Suitability: Birth - 3 years, 0-25kg, Up to 88cm Health &amp; Safety: EN1888 &amp; EN1466 Safety Warning: Do not leave your child unattended , This product is suitable from birth up to 25kg, This product is not suitable for running or skating Composition: Polyester &amp; Nylon Care &amp; Maintenance: Wipe Clean OnlyDimensions: Length: 75cm, Height:105cm, Width: 61cm Weight: 12.9kg Converts from single to double / twin pushchair One hand fold with easy carry strap Four-wheel suspension that can handle all terrains Baby &amp; Toddler &gt; Baby Transport &gt; Pushchairs &amp; Prams Buy Now, Pay Later With Klarna""",,725,Mamas & Papas,6526,,,https://images2.productserve.com/?w=200&h=200&bg=white&trim=5&t=letterbox&url=ssl%3Acdn.shopify.com%2Fs%2Ffiles%2F1%2F0414%2F6023%2F6453%2Ffiles%2Ficandy-icandy-peach-7-complete-pushchair-bundle-coco-34845775331493.jpg%3Fv%3D1697637720&feedId=112637&k=802e728ddada03c636ecceae1e71828604c035be,GBP,,0 GBP,https://www.mamasandpapas.com/products/icandy-peach-7-coco-summer-2pc-bundle-42362g100,,2026-08-07 09:33:30,£725,112637,iCandy,1,,,,,,Pram & Pushchair
https://www.awin1.com/pclick.php?p=43477474761&a=2771700&m=6526,Cybex Gazelle S Pushchair Almond Beige Single-to-Double Stroller Reversible Seat &amp; Carrycot Compatible Large Storage Basket Baby Pram,43477474761,GB _GBP_42844327084197,https://cdn.shopify.com/s/files/1/0414/6023/6453/files/cybex-pushchairs-cybex-gazelle-s-pushchair-almond-beige-35210215882917.jpg?v=1705481315,"Gazelle S Pushchair Almond Beige Single-to-Double Stroller Reversible Seat &amp; Carrycot Compatible Large Storage Basket Baby Pram Choose from over 20 possible configurations of Gazelle cots, infant car seats or stroller seats. Mix and match to find the configuration that fits. Because every family is different. Despite its size, the Gazelle S folds up compact, fitting handily into almost any car boot, ready for a quick unfold once you’ve reached your destination. Whether you’re planning a picnic, day trip or shopping spree, you can benefit from a generous 23 kilos of shopping capacity. Make full use of a huge lower basket and a free detachable shopper basket that’s included with every Gazelle S stroller. The unique CYBEX one-pull harness lets you fit and secure your child in seconds. With practically endless set-up possibilities, its the family stroller that always has a solution. The Gazelle S: Ready for your family. Product Features: Adapts to fit your family. An all-in 1 modular system lets you attach practically endless combinations of seats, car seats and carrycots. Despite its size, the Gazelle S folds compact enough to fit in the boot of a small car. Ready to use from birth, the huge Gazelle S seat unit is robust, comfortable and can be adjusted to an ergonomic lie-flat position. Age Suitability: Birth - 4 years Composition: Polyester &amp; Cotton Care &amp; Maintenance: Wash fabric at 30 degrees. Line dry. Self-Assembly Required?: Part Dimensions: Length 930 - 1060mm x Width 650mm x Height 1000 - 1100mm Weight: 12.9kg Secure your child in seconds. One hand is all you need to fit the harness to the perfect form-hugging position. Enhanced tailoring and design. A handy extra shopping basket with 10kg capacity. Baby &amp; Toddler &gt; Baby Transport &gt; Pushchairs &amp; Prams Buy Now, Pay Later With Klarna",,699.95,Mamas & Papas,6526,,,https://images2.productserve.com/?w=200&h=200&bg=white&trim=5&t=letterbox&url=ssl%3Acdn.shopify.com%2Fs%2Ffiles%2F1%2F0414%2F6023%2F6453%2Ffiles%2Fcybex-pushchairs-cybex-gazelle-s-pushchair-almond-beige-35210215882917.jpg%3Fv%3D1705481315&feedId=112637&k=6bdefa6278557a54960fd5e484376939c6ed239c,GBP,,0 GBP,https://www.mamasandpapas.com/products/gazelle-s-pushchair-28092g600,,2026-08-07 09:41:21,£699.95,112637,Cybex,1,,,,,,Pram & Pushchair
https://www.awin1.com/pclick.php?p=43477474765&a=2771700&m=6526,Tommee Tippee Advanced Anti-Colic Baby Bottle (Pack of 3) - 150ml,43477474765,GB _GBP_42852963975333,https://cdn.shopify.com/s/files/1/0414/6023/6453/files/tommee-tippee-bottle-feeding-tommee-tippee-advanced-anti-colic-baby-bottle-pack-of-3-150ml-1194693840.jpg?v=1758818096,"Advanced Anti-Colic Baby Bottle (Pack of 3) - 150ml This is no ordinary bottle. Tommee Tippee Advanced Anti-Colic baby bottles work a little differently from regular bottles to help combat colic while ensuring a comfortable feeding experience for you and your baby. It has a teat that’s Closer to Nature because of its breast-like shape to help your baby have the most natural bottle-feeding experience. The unique 2-piece, anti-colic venting system draws air away from milk and the star valve keeps milk from traveling up the tube meaning less wind, reflux and discomfort. Our Advanced Anti-Colic bottles are scientifically proven. Lab tests prove our anti-colic valve is more sensitive than any other† and that’s why 95% of mums using our bottle agree it reduces colic*. Thanks to its brand-new design, the Advanced Anti-Colic baby milk bottle is now self-sterilising, making clean-ups a whole lot easier. Follow these simple steps to sterilise your bottle in the microwave in just 3 minutes** Step 1: Thoroughly clean your bottle in warm, soapy water and rinse Step 2: Fill the bottle with 50ml of cold water Step 3: Fit the teat, screw ring and cap together and loosely place them on the bottle base. Pop in the microwave for 3 minutes Step 4: Remove the water inside the bottle and reassemble Please note that the time to sterilise will change slightly based on how many bottles you place in the microwave at once. For added peace of mind, the Natural Start baby bottle is completely mess-free and leakproof when the screw ring, teat and cap are all secured (even if it’s turned upside down or shaken). It’s also 100% BPA free so it’s safe for your baby. However you choose to feed your baby - whether it’s breast milk, formula or a bit of both - our Natural Start Anti-Colic bottles are #1 for easily switching between bottle and breast*. *Based on an independent survey of 1,006 UK mums of 0-12m who have used bottles, Feb 2023 **Based on placing one bottle in microwaves from 700-1000w. Sterilising time increases with every bottle added to the microwave ***Tested against pseudomonas, E.coli, staphylococcus and aspergillus brasilliensis †In testing vs. 10 leading bottles, AAC valve requires less force to activate, reducing discomfort caused by effort Product Features: Superior relief: Say goodbye to the discomfort caused by colic with Tommee Tippee Advanced Anti-Colic bottles. 95% of babies experience fewer colic symptoms* providing superior performance for parents Innovative technology: Our patented vented wand keeps air away from milk and baby, meaning less air in baby’s tummy and a proven reduction in colic symptoms Comfortable feeding: Our teats are made from soft silicone with a breast-like shape that flexes just like mum. This helps baby get the best latch while reducing air intake and keeping them content with every feed New self-sterilising: Our baby bottles can now be self-sterilised, killing viruses and 99.9% of bacteria***. Simply fill with 50ml of water, replace the teat and cap and heat in the microwave for 3 minutes** 100% leakproof: When the screw ring, teat and cap are all secured, your baby bottle is completely mess-free and leakproof, even if it’s turned upside down or shaken Age Suitability: 0+ Care &amp; Maintenance: Dishwasher safe Self-Assembly Required?: self Dimensions: 23.8cm x 80cm x 15cm Weight: 0.32kg Superior relief, thanks to the innovative wand, 95% of babies experience fewer colic symptoms* Breast-like teats allow baby to feed comfortably at their own natural pace and prevent nipple confusion. Our bottles can now be self-sterilised killing 99.9% of bacteria*** Baby &amp; Toddler &gt; Nursing &amp; Feeding &gt; Baby Bottles Buy Now, Pay Later With Klarna",,22.99,Mamas & Papas,6526,,,https://images2.productserve.com/?w=200&h=200&bg=white&trim=5&t=letterbox&url=ssl%3Acdn.shopify.com%2Fs%2Ffiles%2F1%2F0414%2F6023%2F6453%2Ffiles%2Ftommee-tippee-bottle-feeding-tommee-tippee-advanced-anti-colic-baby-bottle-pack-of-3-150ml-1194693840.jpg%3Fv%3D1758818096&feedId=112637&k=ab495ab7f49c344dfdfa263e11a653fe6508ca37,GBP,,4.95 GBP,https://www.mamasandpapas.com/products/tt-3x150ml-aac-bottles-6282yj500,,2026-08-07 09:41:22,£22.99,112637,Tommee Tippee,1,,,,,,Bottles
https://www.awin1.com/pclick.php?p=43477474766&a=2771700&m=6526,Tommee Tippee Natural Start Anti-Colic Baby Bottle (Pack of 3) - 150ml,43477474766,GB _GBP_42852963909797,https://cdn.shopify.com/s/files/1/0414/6023/6453/files/tommee-tippee-bottle-feeding-tommee-tippee-natural-start-anti-colic-baby-bottle-pack-of-3-150ml-1194693849.jpg?v=1758818221,"Natural Start Anti-Colic Baby Bottle (Pack of 3) - 150ml Inspired by mums and designed by experts, our Natural Start Anti-Colic Baby Bottle has an extra-wide neck and breast-like teat to help your baby have the most natural bottle-feeding experience. Made from super soft silicone, the teat is Closer to Nature because it has a special breast-like shape that encourages a natural latch and prevents nipple confusion when switching between bottle and breast. This works by mimicking the flex and movement of mum’s breast, allowing your baby to feed at a pace that feels comfortable and natural to them. The anti-colic valve is scientifically proven to reduce feeding discomfort† by ensuring your little one ingests more milk and less air. Thanks to its brand-new design, the Natural Start baby milk bottle is now self-sterilising, making clean-ups a whole lot easier. Follow these simple steps to sterilise your bottle in the microwave in just 3 minutes**: Step 1: Thoroughly clean your bottle in warm, soapy water and rinse Step 2: Fill the bottle with 50ml of cold water Step 3: Fit the teat, screw ring and cap together and loosely place them on the bottle base. Pop in the microwave for 3 minutes Step 4: Remove the water inside the bottle and reassemble Please note that the time to sterilise will change slightly based on how many bottles you place in the microwave at once. For added peace of mind, the Natural Start baby bottle is completely mess-free and leakproof when the screw ring, teat and cap are all secured (even if it’s turned upside down or shaken). It’s also 100% BPA free so it’s safe for your baby. However you choose to feed your baby - whether it’s breast milk, formula or a bit of both - our Natural Start Anti-Colic bottles are #1 for easily switching between bottle and breast*. *Based on an independent survey of 1,006 UK mums of 0-12m who have used bottles, Feb 2023 **Based on placing one bottle in microwaves from 700-1000w. Sterilising time increases with every bottle added to the microwave ***Tested against pseudomonas, E.coli, staphylococcus and aspergillus brasilliensis †In testing vs. 10 leading bottles, AAC valve requires less force to activate, reducing discomfort caused by effort Product Features: Natural latch: Our bottle teats are made from soft silicone and have a special breast-like shape that encourages a natural latch, preventing nipple confusion when switching between breast, bottle and back again Anti-colic: The bottle’s teat features an innovative anti-colic valve which reduces air ingestion, helping to reduce the symptoms of colic Pace feeding: The soft silicone teat flexes and stretches just like mum and allows your baby to feed comfortably at their own natural pace New self-sterilising: Our baby bottles can now be self-sterilised, killing viruses and 99.9% of bacteria***. Simply fill with 50ml of water, replace the teat and cap and heat in the microwave for 3 minutes** 100% leakproof: When the screw ring, teat and cap are all secured, your baby bottle is completely mess-free and leakproof, even if it’s turned upside down or shaken Age Suitability: 0+ Care &amp; Maintenance: Dishwasher safe Self-Assembly Required?: self Dimensions: 24cm x 8cm x 15.4cm Weight: 0.27kg Breast-like teats allow baby to feed comfortably at their own natural pace and prevent nipple confusion. Innovative anti-colic valve which reduces air ingestion Our bottles can now be self-sterilised killing 99.9% of bacteria*** Baby &amp; Toddler &gt; Nursing &amp; Feeding &gt; Baby Bottles Buy Now, Pay Later With Klarna",,19.99,Mamas & Papas,6526,,,https://images2.productserve.com/?w=200&h=200&bg=white&trim=5&t=letterbox&url=ssl%3Acdn.shopify.com%2Fs%2Ffiles%2F1%2F0414%2F6023%2F6453%2Ffiles%2Ftommee-tippee-bottle-feeding-tommee-tippee-natural-start-anti-colic-baby-bottle-pack-of-3-150ml-1194693849.jpg%3Fv%3D1758818221&feedId=112637&k=6f152869f3480137bc18880c5ee280111a8cae36,GBP,,4.95 GBP,https://www.mamasandpapas.com/products/tt-3x150ml-ns-bottles-4302yj500,,2026-08-07 09:41:22,£19.99,112637,Tommee Tippee,1,,,,,,Bottles
https://www.awin1.com/pclick.php?p=44002716796&a=2771700&m=6526,Tommee Tippee Natural Start Anti-Colic Baby Bottle (Pack of 3) - 260ml,44002716796,GB _GBP_42852963942565,https://cdn.shopify.com/s/files/1/0414/6023/6453/files/tommee-tippee-bottle-feeding-tommee-tippee-natural-start-anti-colic-baby-bottle-pack-of-3-260ml-35580317499557.jpg?v=1711358370,"Tommee Tippee Natural Start Anti-Colic Baby Bottle (Pack of 3) - 260ml Inspired by mums and designed by experts, our Natural Start Anti-Colic Baby Bottle has an extra-wide neck and breast-like teat to help your baby have the most natural bottle-feeding experience. Made from super soft silicone, the teat is Closer to Nature because it has a special breast-like shape that encourages a natural latch and prevents nipple confusion when switching between bottle and breast. This works by mimicking the flex and movement of mum’s breast, allowing your baby to feed at a pace that feels comfortable and natural to them. The anti-colic valve is scientifically proven to reduce feeding discomfort† by ensuring your little one ingests more milk and less air. Thanks to its brand-new design, the Natural Start baby milk bottle is now self-sterilising, making clean-ups a whole lot easier. Follow these simple steps to sterilise your bottle in the microwave in just 3 minutes**: Step 1: Thoroughly clean your bottle in warm, soapy water and rinse Step 2: Fill the bottle with 50ml of cold water Step 3: Fit the teat, screw ring and cap together and loosely place them on the bottle base. Pop in the microwave for 3 minutes Step 4: Remove the water inside the bottle and reassemble Please note that the time to sterilise will change slightly based on how many bottles you place in the microwave at once. For added peace of mind, the Natural Start baby bottle is completely mess-free and leakproof when the screw ring, teat and cap are all secured (even if it’s turned upside down or shaken). It’s also 100% BPA free so it’s safe for your baby. However you choose to feed your baby - whether it’s breast milk, formula or a bit of both - our Natural Start Anti-Colic bottles are #1 for easily switching between bottle and breast*. *Based on an independent survey of 1,006 UK mums of 0-12m who have used bottles, Feb 2023 **Based on placing one bottle in microwaves from 700-1000w. Sterilising time increases with every bottle added to the microwave ***Tested against pseudomonas, E.coli, staphylococcus and aspergillus brasilliensis †In testing vs. 10 leading bottles, AAC valve requires less force to activate, reducing discomfort caused by effort Product Features: Natural latch: Our bottle teats are made from soft silicone and have a special breast-like shape that encourages a natural latch, preventing nipple confusion when switching between breast, bottle and back again Anti-colic: The bottle’s teat features an innovative anti-colic valve which reduces air ingestion, helping to reduce the symptoms of colic Pace feeding: The soft silicone teat flexes and stretches just like mum and allows your baby to feed comfortably at their own natural pace New self-sterilising: Our baby bottles can now be self-sterilised, killing viruses and 99.9% of bacteria***. Simply fill with 50ml of water, replace the teat and cap and heat in the microwave for 3 minutes** 100% leakproof: When the screw ring, teat and cap are all secured, your baby bottle is completely mess-free and leakproof, even if it’s turned upside down or shaken Age Suitability: 0+ Care &amp; Maintenance: Dishwasher safe Self-Assembly Required?: self Dimensions: 24cm x 8cm x 17.6cm Weight: 0.24kg Breast-like teats allow baby to feed comfortably at their own natural pace and prevent nipple confusion. Innovative anti-colic valve which reduces air ingestion Our bottles can now be self-sterilised killing 99.9% of bacteria*** Baby &amp; Toddler &gt; Nursing &amp; Feeding &gt; Baby Bottles Buy Now, Pay Later With Klarna",,19.99,Mamas & Papas,6526,,,https://images2.productserve.com/?w=200&h=200&bg=white&trim=5&t=letterbox&url=ssl%3Acdn.shopify.com%2Fs%2Ffiles%2F1%2F0414%2F6023%2F6453%2Ffiles%2Ftommee-tippee-bottle-feeding-tommee-tippee-natural-start-anti-colic-baby-bottle-pack-of-3-260ml-35580317499557.jpg%3Fv%3D1711358370&feedId=112637&k=3365d096213f863a6358106c7934c634d6348cfc,GBP,,4.95 GBP,https://www.mamasandpapas.com/products/tt-3x260ml-ns-bottles-4303yj500,,2026-08-07 09:41:22,£19.99,112637,Tommee Tippee,1,,,,,,Bottles
https://www.awin1.com/pclick.php?p=43477474775&a=2771700&m=6526,Mamas &amp; Papas Pillow &amp; Cover Bundle Cream,43477474775,GB _GBP_42948518084773,https://cdn.shopify.com/s/files/1/0414/6023/6453/files/mamas-papas-pregnancy-nursing-pillow-cover-bundle-leaf-35287472210085.jpg?v=1706718857,"Nursing Pillow &amp; Cover Bundle Cream Leaf Print 100% Organic Cotton Shaped For 5-Point Support Integrated Carry Handle Soft &amp; Comfortable Mamas &amp; Papas Pillow &amp; Cover Bundle Buy Now, Pay Later With Klarna",,74,Mamas & Papas,6526,,,https://images2.productserve.com/?w=200&h=200&bg=white&trim=5&t=letterbox&url=ssl%3Acdn.shopify.com%2Fs%2Ffiles%2F1%2F0414%2F6023%2F6453%2Ffiles%2Fmamas-papas-pregnancy-nursing-pillow-cover-bundle-leaf-35287472210085.jpg%3Fv%3D1706718857&feedId=112637&k=7d2ea11fc88b39f12ec394f283be7f44c108c6dc,GBP,,0 GBP,https://www.mamasandpapas.com/products/preg-nrs-pillow-leaf-cover-2pc-439610100,,2026-08-07 09:41:27,£74,112637,Mamas & Papas,1,,,,,,Feeding Pillow
https://www.awin1.com/pclick.php?p=43477474776&a=2771700&m=6526,Mamas &amp; Papas Pillow &amp; Cover Bundle,43477474776,GB _GBP_42948526178469,https://cdn.shopify.com/s/files/1/0414/6023/6453/files/mamas-papas-pregnancy-nursing-pillow-cover-bundle-oatmeal-35287468310693.jpg?v=1706718681,"Nursing Pillow &amp; Cover Bundle Cream Oatmeal Shaped For 5-Point Support Integrated Carry Handle Cotton Cushion Pad Mamas &amp; Papas Pillow &amp; Cover Bundle Buy Now, Pay Later With Klarna",,71,Mamas & Papas,6526,,,https://images2.productserve.com/?w=200&h=200&bg=white&trim=5&t=letterbox&url=ssl%3Acdn.shopify.com%2Fs%2Ffiles%2F1%2F0414%2F6023%2F6453%2Ffiles%2Fmamas-papas-pregnancy-nursing-pillow-cover-bundle-oatmeal-35287468310693.jpg%3Fv%3D1706718681&feedId=112637&k=c0fe9871d7ccfcfbe7f0b78c5b899d7ca0262032,GBP,,0 GBP,https://www.mamasandpapas.com/products/preg-nrs-pillow-oatmeal-cover-2pc-439656800,,2026-08-07 09:41:28,£71,112637,Mamas & Papas,1,,,,,,Feeding Pillow
https://www.awin1.com/pclick.php?p=43477474819&a=2771700&m=6526,Doona X ISOFIX Car Seat Base,43477474819,GB _GBP_43119958458533,https://cdn.shopify.com/s/files/1/0414/6023/6453/files/doona-bases-doona-x-isofix-car-seat-base-63877232361809.jpg?v=1729899798,"Doona X ISOFIX Car Seat Base The Doona X ISOFIX base ensures correct installation every time. Our secure click-in/ click-out system provides effortless mobility for parents on-the-go. The product meets the European i-Size safety regulation (R-129). The Doona X ISOFIX base is a safety product and should only be used in vehicles with ISOFIX anchors and in combination with the Doona X. Operation: Our Doona X ISOFIX Base offers secure one-click installation. Once the Base is secured to the ISOFIX anchors in the vehicle, coming and going is a breeze! Simply click the Doona X Car Seat &amp; Stroller onto the base and the colour indicator will let you know that the seat is secured. When it is time to exit the car, simply release and you are on your way! ** Note: Doona X Car Seat &amp; Stroller is not included. Product Features: ISOFIX system for secure anchorage Compliant with EU regulations UNECE R-129 Height-adjustable support leg Simple one-click vehicle installation Colour indicators for worry-free fitting every time Easy release for effortless removal Length &amp; Weight Suitability: Suitable for infants from 40-85cm height, up to 13kg weight Health &amp; Safety: The Doona X ISOFix Base is compatible with the Doona X Car Seat &amp; Stroller and is intended for rear facing use only Safety Warning: Please see user guide Care &amp; Maintenance: The plastic parts can be cleaned using soapy water. Do not use harsh cleaning agents. Self-Assembly Required?: Fully assembled Dimensions: 71cm x 37cm x 67.7cm Weight: 7kg Secure one click installation Colour indicators for worry free fitting every time Easy release for effortless removal Baby &amp; Toddler &gt; Baby Transport Accessories &gt; Baby &amp; Toddler Car Seat Accessories Buy Now, Pay Later With Klarna",,159,Mamas & Papas,6526,,,https://images2.productserve.com/?w=200&h=200&bg=white&trim=5&t=letterbox&url=ssl%3Acdn.shopify.com%2Fs%2Ffiles%2F1%2F0414%2F6023%2F6453%2Ffiles%2Fdoona-bases-doona-x-isofix-car-seat-base-63877232361809.jpg%3Fv%3D1729899798&feedId=112637&k=b080de9c40598b2109dc8793cd2b0f18700e7571,GBP,,0 GBP,https://www.mamasandpapas.com/products/doona-x-isofix-base-462825300,,2026-08-07 09:45:26,£159,112637,Doona,1,,,,,,ISOFIX Base
https://www.awin1.com/pclick.php?p=43477474974&a=2771700&m=6526,Nuna TRIV Next Urbn Pushchair Bundle with PIPA Urbn Car Seat &amp; LYTL Carrycot (7 Pieces) - Caviar,43477474974,GB _GBP_48909844447569,https://cdn.shopify.com/s/files/1/0414/6023/6453/files/nuna-pushchairs-nuna-triv-next-urbn-pushchair-bundle-with-pipa-urbn-car-seat-lytl-carrycot-7-pieces-caviar-61797470241105.jpg?v=1726373432,"TRIV Next Urbn Pushchair Bundle with PIPA Urbn Car Seat &amp; LYTL Carrycot (7 Pieces) - Caviar This Bundle includes: TRIV next Pushchair, LYTL Carrycot, PIPA Urbn Car Seat, Carry Cot Raincover, Pushchair Raincover, Car Seat Latch Guides &amp; Car Seat Adaptor The Nuna TRIV Next Urbn bundle is a travel system designed for parents who want to travel comfortably and in style with their little ones. This travel system is equipped with top-of-the-line features and a sleek design that guarantees a hassle-free and enjoyable travel experience. The TRIV next pushchair is perfect for a morning stroll to the park or an afternoon spent at your favourite coffee spot with your baby. It is designed to be a natural city dweller that can be quickly converted into a travel system. It is easy to pack up and can stand on its own when folded, making it the perfect companion for your everyday adventures. The pushchair is engineered for convenience and comfort, with all-wheel suspension, a one-touch braking system, and large rear wheels that promise easy manoeuvrability and a smooth ride. This compact fold pushchair is cleverly designed with a seat that can face and fold both ways, no matter which direction your baby is facing. The all-season seat keeps your baby snug in winter and converts to breathable mesh in summer. The rain cover provides extra protection no matter the weather. Nuna's LYTL carry cot offers premium lie-flat comfort for your newborn and becomes a much-needed travel accessory for making your pushchair suitable for strolling right from the start. Attach it to the Nuna TRIV™ next for a stylish pram that’s ready for on-the-go life with the littlest of littles. And when you reach your destination, this compact companion is designed to quickly fold flat for sensible, space-saving storage. The PIPA urbn reimagines the future of travel with baby. This one-of-a-kind, ultra-lightweight infant car seat weighs only 3.3 kg* and installs using an advanced, built-in ISOFIX system. This groundbreaking baseless installation feature is integrated into the car seat, allowing for super secure installs** in seconds when moving from car, to taxi, to rideshare and offering a new generation of journeys. It also features a one-handed, quick release from pushchair and vehicle and Nuna’s iconic Dream drape™ for ultimate privacy - so you and baby can navigate life with modern-day ease. *Without canopy and insert **Refer to the vehicle fitting list Product Features: TRIV Next Urbn Pushchair Full-featured compact pushchair weighs only 8.72 kg (without insert and armbar) 5-position pushbar adjustment for comfortable strolling no matter the parent height Water-repellent UPF 50+ canopy is extendable, features a window and flip-out eyeshade and zip-off removal All-season seat keeps baby cosy in winter and easily converts to mesh in summer Swivel-lock front wheels 4-position recline including a full recline for newborn comfort and adjustable calf support Easy access zippered storage pocket and oversized shopping basket for all the essentials Included rain cover protects your child from the elements as you make your way around Easily converts to a pram - included post adaptor is compatible with the LYTL carry cot LYTL Carrycot Water-repellent, UPF 50+ canopy Non-slip feet on the bottom for added security and fabric protection Top cover and seat pad zip off for quick and easy removal Integrated memory release buttons and carry handle for struggle-free detach from pushchair frame Compact, flat fold for hassle-free travels and space-saving stow aways Dream drape™ pulls down smoothly and attaches quietly with magnets because nothing beats a lovely uninterrupted nap Soft mattress cover and top cover are machine washable Included rain cover provides added protection from the elements Hidden storage compartment for all the extra essentials PIPA Urbn Car Seat Ultralight for on-the-go at just 3.3kg (without canopy and insert) Compatible with all Nuna pushchairs for the ultimate modern-day travel system One-handed vehicle and pushchair release for quick and easy in-and-outs Aeroflex™ foam that is cleverly lightweight and resilient minimises force transferred to baby by absorbing and diffusing energy Side Impact Protection (SIP) for ultimate baby safe keeping Set of included ISOFIX latch guides make it easy to locate and install on the lower anchor bars in vehicle 3-point harness with comfy shoulder and lower buckle covers tightens with one easy pull Removable, full-coverage UPF 50+ canopy with two positions, a flip-out eyeshade and XL peek-a-boo window From fabric to foam and beyond, each element is smartly sourced to be both flame resistant and contain no added fire retardant chemicals making it safer for baby The iconic Dream drape™ provides baby with ultimate privacy for those quiet moments TRIV Next Pushchair Age Suitability: Birth to 4 years old Health &amp; Safety: EN1888-2 Safety Warning: This stroller is suitable for use with children who meet the following requirements: Birth to 22 kg or 4 years whichever comes first. When using the stroller frame with a NUNA infant carrier, refer to the child usage requirements listed in the infant carrier instruction manual. Composition: 40% metals, 35% plastics, 25% softgoods Care &amp; Maintenance: Clean the frame, plastic parts, and fabric with a damp cloth, but do not use abrasives or bleach Do not use silicon lubricants as they will attract dirt and grime Do not store your stroller in a damp place Clean the stroller wheels regularly with water and remove any dirt To ensure long-lasting use, wipe off this product with a soft, absorbent cloth after using it in rainy weather Refer to the care label attached to the fabric for washing and drying instructions It is normal for fabric to colour from sunlight and to show wear and tear after a long period of use, even when used normally Self-Assembly Required?: Part Assembled LYTL Carrycot Age Suitability: Birth to 6 months old Health &amp; Safety: EN1466 Safety Warning: When using the stroller frame with a NUNA infant carrier, refer to the child usage requirements listed in the infant carrier instruction manual. Composition: 15% metals, 25% plastics, 60% softgoods Care &amp; Maintenance: Clean the frame, plastic parts, and fabric with a damp cloth, but do not use abrasives or bleach Self-Assembly Required?: Part Assembled PIPA Urbn Car Seat Age Suitability: Birth to 12 months Health &amp; Safety: ECE R129 Composition: 10% metals, 75% plastics, 15% softgoods Care &amp; Maintenance: Removable fabrics Wash in cold water, delicate cycle Do not bleach Do not tumble dry Do not iron Do not dry clean Self-Assembly Required?: Part Assembled TRIV Next Pushchair Dimensions: Assembled: 85cm x 57.5cm x 105.5cm. Folded: 31.5cm x 57.5cm x 69cm Weight: 9.15kg LYTL Carrycot Dimensions: Assembled: 83cm x 41cm x 58cm. Folded: 83cm x 41cm x 16cm Weight: 3.5kg PIPA Urbn Car Seat Dimensions: 65cm x 43.5cm x 57cm Weight: 4.33kg Full-featured compact pushchair weighs only 8.72 kg (without insert and armbar) Compact, flat fold carrycot for hassle-free travels and space-saving stow aways Ground-breaking car seat with a baseless install using the integrated ISOFIX connectors for 2-second installs Baby &amp; Toddler &gt; Baby Transport &gt; Pushchairs &amp; Prams Buy Now, Pay Later With Klarna",,850,Mamas & Papas,6526,,,https://images2.productserve.com/?w=200&h=200&bg=white&trim=5&t=letterbox&url=ssl%3Acdn.shopify.com%2Fs%2Ffiles%2F1%2F0414%2F6023%2F6453%2Ffiles%2Fnuna-pushchairs-nuna-triv-next-urbn-pushchair-bundle-with-pipa-urbn-car-seat-lytl-carrycot-7-pieces-caviar-61797470241105.jpg%3Fv%3D1726373432&feedId=112637&k=ac49c3ce2ed1f4132e741ec95fbb708911881264,GBP,,0 GBP,https://www.mamasandpapas.com/products/triv-next-caviar-bund-pipa-urbn-6288v1708,,2026-08-07 09:53:31,£850,112637,Nuna,1,,,,,,Travel Bundle
https://www.awin1.com/pclick.php?p=43477475004&a=2771700&m=6526,Medela Ultra-Breathable Nursing Pads,43477475004,GB _GBP_48981723906385,https://cdn.shopify.com/s/files/1/0414/6023/6453/files/medela-breastfeeding-medela-ultra-breathable-nursing-pads-60667865268561.jpg?v=1726255343,"Ultra-Breathable Nursing Pads Ultra-Breathable Nursing Pads x 60 60 x Individually wrapped nursing pads Product Features: Maximum absorbency - Absorbs 50x its own weight Ultra-breathable - 20% more breathable than leading competition Extra-thin &amp; discreet - Only 1.6mm thin Super-soft skin-touch layer with honeycomb lining Soft &amp; flexible leak guards to prevent side leakage Individually wrapped Dermatologically tested Hypoallergenic Maximum absorbency - Absorbs 50x its own weight Ultra-breathable - 20% more breathable than leading competition Super-soft skin-touch layer with honeycomb lining Baby &amp; Toddler &gt; Nursing &amp; Feeding Buy Now, Pay Later With Klarna",,6.99,Mamas & Papas,6526,,,https://images2.productserve.com/?w=200&h=200&bg=white&trim=5&t=letterbox&url=ssl%3Acdn.shopify.com%2Fs%2Ffiles%2F1%2F0414%2F6023%2F6453%2Ffiles%2Fmedela-breastfeeding-medela-ultra-breathable-nursing-pads-60667865268561.jpg%3Fv%3D1726255343&feedId=112637&k=1d2537b6f6d5bcb0d573324a40825bbd25494fcd,GBP,,4.95 GBP,https://www.mamasandpapas.com/products/medela-ultra-breathable-nursing-pads-4163vb401,,2026-08-07 09:53:39,£6.99,112637,Medela,1,,,,,,Breast Pads
https://www.awin1.com/pclick.php?p=43477475082&a=2771700&m=6526,Joie i-Base Encore Signature™ Car Seat Base,43477475082,GB _GBP_49107859013969,https://cdn.shopify.com/s/files/1/0414/6023/6453/files/joie-bases-joie-i-base-encore-signature-trade-car-seat-base-61463866540369.jpg?v=1726339407,"I-Base Encore Signature™ Car Seat Base Joie i-Base Encore Signature™ Car Seat Base Easy install - An effortless install just clicks with ISOFIX connectors that fasten instantly and leave no room for error, and clever colour coded guides ensure your base and car seat have been connected properly. Add a spin - Add a 90º spin to compatible infant carriers, or a 360º spin to the compatible i-Harbour™ to make ins and outs easier than ever as your child grows from birth to four years. i-Size certified - Both your baby and your mind can rest secure. This base boasts the highest R129 safety standards and i-Size certification for safety you can depend through the next four years. Product Features: Easy one-time ISOFIX install comes with 10 positions to perfectly fit into any vehicle Clear install indicator located on top of the load leg ensures you're properly connected Low rebound bar allows for maximum legroom for growing children Easy seat release button allows for quick car seat transfers Energy-absorbing load leg reduces force and absorbs impact in a crash Health &amp; Safety: ECE R129 Safety Warning: See instruction manual Composition: 70% metals, 30% plastics Care &amp; Maintenance: See instruction manual Self-Assembly Required?: Partial assembly required Dimensions: 67.3cm x 40.8cm x 23.4cm Weight: 9.5kg i-Size certified Part of the Encore Spinning System by pairing with calmi™ R129, i-Level™ Recline, i-Harbour™, i-Juva™, i-Gemm™3, and i-Snug™2 One-hand swivel base spins compatible baby car seats 90º, and compatible toddler seat 360º for easier loading and unloading Baby &amp; Toddler &gt; Baby Transport Accessories &gt; Baby &amp; Toddler Car Seat Accessories Buy Now, Pay Later With Klarna",,190,Mamas & Papas,6526,,,https://images2.productserve.com/?w=200&h=200&bg=white&trim=5&t=letterbox&url=ssl%3Acdn.shopify.com%2Fs%2Ffiles%2F1%2F0414%2F6023%2F6453%2Ffiles%2Fjoie-bases-joie-i-base-encore-signature-trade-car-seat-base-61463866540369.jpg%3Fv%3D1726339407&feedId=112637&k=1a0d619ebbdf32ea72e84b245adf997f2cbef822,GBP,,0 GBP,https://www.mamasandpapas.com/products/joie-i-base-encore-353425301,,2026-08-07 10:17:34,£190,112637,Joie,1,,,,,,ISOFIX Base
https://www.awin1.com/pclick.php?p=43477475141&a=2771700&m=6526,ICandy Orange 4 Twin - Latte,43477475141,GB _GBP_49245291053393,https://cdn.shopify.com/s/files/1/0414/6023/6453/files/icandy-pushchairs-icandy-orange-4-twin-latte-62263795024209.jpg?v=1726348937,"Orange 4 Twin - Latte iCandy Orange 4 Twin - Latte Combining innovative British design with unsurpassable craftsmanship, iCandy is an award-winning creator of beautiful pushchairs. The family-run business, now in its 4th generation, is the proud winner of two Queen’s Awards - one for Enterprise in International Trade and the other for Innovation. Founded in 1933, iCandy continually pushes the boundaries across design, style and innovation whilst maintaining quality, safety and functionality at the heart of every iCandy product. Introducing the iCandy Orange 4 Twin Complete Bundle – your ultimate companion for twin parenthood. Ready for any adventure, this pushchair has everything you need to travel with twins, straight out of the box. With enhanced functionality, softer suspension, and superior manoeuvrability, it ensures both parent and child enjoy comfort and a smooth ride. Plus, it exudes sophistication with its refined aesthetics. Product Features: The Orange 4 is appropriate from birth (when used with a carrycot) up to 25kg in certain twin seat modes and is designed for permanent overnight sleeping. The Orange 4 is available as a complete travel system with the optional iCandy Cocoon Car Seat, both upper and lower car seat adaptors are included, allowing the use of 2 car seats on the frame. The Orange 4 comes with a striking Jet Black chassis and offers three stylish canopy colour options – Pistachio, Latte and Black Edition. The canopy is not only water-repellent and breathable but also includes mesh ventilation for added comfort. With a remarkable array of 30 pushchair configurations and combinations, the Orange 4 stands out for its versatility. With multiple positions for twin seat modes. Featuring a cleverly integrated Ride-on Board, a lightweight and streamlined chassis, and an exceptionally spacious basket, the iCandy Orange 4 is prepared right from the start, making it the ultimate choice for twin parents. 5 Year Warranty included This product Includes: Pushchair, 2 x Seat frames, 2 x Canopy, 2 x Seat fabric, 2 x Complete carrycot, 2 x Footmuff, Changing bag, Upper car seat adaptors, Lower car seat adaptors, Elevators, Risers, Converter adaptors &amp; 2 x Rain covers Age Suitability: From Birth to 4 years old Health &amp; Safety: EN1888, EN1466 Composition: Polyester Safety Warning: Do not leave your child unattended This product is suitable from birth up to 25kg This product is not suitable for running or skating Assembly Requried: Part Assembled Care &amp; Maintenance: Wipe Clean Only Weight: 12.3kg Dimensions: Assembled: 83cm x 112cm x 62cm Folded: 87cm x 28cm x 62cm Carrycots suitable for permanent overnight sleeping Converts to a travel system, allowing 2 car seats to be used on the frame An array of 30 pushchair configurations and combinations with multiple twin seat modes Baby &amp; Toddler &gt; Baby Transport &gt; Pushchairs &amp; Prams Buy Now, Pay Later With Klarna",,1499,Mamas & Papas,6526,,,https://images2.productserve.com/?w=200&h=200&bg=white&trim=5&t=letterbox&url=ssl%3Acdn.shopify.com%2Fs%2Ffiles%2F1%2F0414%2F6023%2F6453%2Ffiles%2Ficandy-pushchairs-icandy-orange-4-twin-latte-62263795024209.jpg%3Fv%3D1726348937&feedId=112637&k=3eb0cdec5ca22bc5f6300838d89f68a72551bc3c,GBP,,0 GBP,https://www.mamasandpapas.com/products/icandy-orange4-twin-latte-51912g400,,2026-08-07 10:01:29,"£1,499",112637,iCandy,1,,,,,,Twin Pram
https://www.awin1.com/pclick.php?p=43477475142&a=2771700&m=6526,Baby Brezza Formula Pro Advanced - Black &amp; White,43477475142,GB _GBP_49245662871889,https://cdn.shopify.com/s/files/1/0414/6023/6453/files/brezza-baby-brezza-formula-pro-advanced-black-white-62265538707793.jpg?v=1726328430,"Baby Brezza Formula Pro Advanced - Black &amp; White Baby Brezza Formula Pro Advanced - Black &amp; White Introducing the Baby Brezza Formula Pro Advanced, the cleanest and quickest way to prepare baby formula. In just 15 seconds the Formula Pro Advanced can produce the perfect formula, saving you up to 30 minutes a day, with no need to measure, heat, shake or cool, by hand. Simply set up the formula by the correct setting (listed online), select the measurements for your bottle size and what temperature you want the formula, then press the button and go. With a crying baby in your arms the Formula Pro Advanced really is a lifesaver! Product Features: Automatically produces the perfect baby formula in one clean step, no need for measuring, mixing or mess. Just set up the correct settings and press start. Completely adjustable so you can customise the bottle size, temperature and concentration to make the perfect bottle for your babe. Choose 30 ml increments between 60 - 300 ml Choose from 3 warming settings (Room temp, Body temp, Warmer than body temp.) Choose formula or water only The sleek compact design allows machine to fit seamlessly into your kitchen, whilst the digital controls and LCD control panel allows for easy adjustment and a night-friendly glow. Air-tight formula compartment to ensure the formula being dispensed is kept bacteria free. Holds a large water tank (1.5L) which can make around 20 standard bottles without refill. The tank also has visible maximum and minimum markings so you can check easily if it needs refilling. Easy to clean with the removable parts being dishwasher safe. This item contains the complete Bugaboo Fox 5 Noir Changing Bag, Changing Mat &amp; 3 Clutch Bags Age Suitability: From Birth Composition: Plastic Assembly Requried?: Part Assembly Care &amp; Maintenance: Set up and operate the Formula Pro Advanced following the instructions. For the correct formula settings please check https://babybrezza.co.uk/formula-pro-settings/ Weight: 2.87kg Dimensions: 38cm x 19cm x 29cm Mixes, heats &amp; dispenses formula to the perfect consistency and temperature Choose from 3 temperature settings Tray adjusts to accommodate large and small bottles Baby &amp; Toddler &gt; Nursing &amp; Feeding &gt; Baby Bottles Buy Now, Pay Later With Klarna",,249.99,Mamas & Papas,6526,,,https://images2.productserve.com/?w=200&h=200&bg=white&trim=5&t=letterbox&url=ssl%3Acdn.shopify.com%2Fs%2Ffiles%2F1%2F0414%2F6023%2F6453%2Ffiles%2Fbrezza-baby-brezza-formula-pro-advanced-black-white-62265538707793.jpg%3Fv%3D1726328430&feedId=112637&k=4ab6320defcdd8b47247278e4e8f24d2d81fdc5f,GBP,,0 GBP,https://www.mamasandpapas.com/products/baby-brezza-formula-pro-adv-blkwht-3173kg200,,2026-08-07 10:01:29,£249.99,112637,Brezza,1,,,,,,Formula Prep Machine
https://www.awin1.com/pclick.php?p=43477475174&a=2771700&m=6526,Mamas &amp; Papas Velour Bib - White - 1-Size,43477475174,GB _GBP_49330304090449,https://cdn.shopify.com/s/files/1/0414/6023/6453/files/mamas-papas-bibs-muslins-1-size-velour-bib-white-62640610509137.jpg?v=1726360455,"Velour Bib - White - 1-Size Soft Velour bib, to keep their outfit clean. Popper fastening Pintuck detail 'Welcome to the World' badge detail Composition:90% Cotton, 10% PolyesterWashcare: 40 degree wash Do not bleach Cool tumble dry Cool iron Do not dry clean Wash dark colours seperately Keep Away From Fire Popper fastening easy adjustment Pintuck detail Welcome to the World' badge detail Clothing &amp; Accessories &gt; Clothing &gt; Baby &amp; Toddler Clothing Buy Now, Pay Later With Klarna",,5,Mamas & Papas,6526,,,https://images2.productserve.com/?w=200&h=200&bg=white&trim=5&t=letterbox&url=ssl%3Acdn.shopify.com%2Fs%2Ffiles%2F1%2F0414%2F6023%2F6453%2Ffiles%2Fmamas-papas-bibs-muslins-1-size-velour-bib-white-62640610509137.jpg%3Fv%3D1726360455&feedId=112637&k=06b22481c7590e1d7646c64d3c125cbc6637b3f9,GBP,,4.95 GBP,https://www.mamasandpapas.com/products/velour-bib-1-size-s41gh1tg4,,2026-08-07 10:01:35,£5,112637,Mamas & Papas,1,,,,,,Bibs
https://www.awin1.com/pclick.php?p=43477475245&a=2771700&m=6526,ICandy Orange 4 Double – Latte,43477475245,GB _GBP_49728832078161,https://cdn.shopify.com/s/files/1/0414/6023/6453/files/icandy-pushchairs-icandy-orange-4-double-latte-63303982940497.jpg?v=1728087738,"Orange 4 Double – Latte iCandy Orange 4 Double – Latte Introducing the iCandy Orange 4 Double Complete Bundle – your ultimate companion for navigating the joys of parenting a baby and a toddler together. Prepared for any adventure, this pushchair comes fully equipped to travel with your little ones right out of the box. Boasting enhanced functionality, softer suspension and superior manoeuvrability, it guarantees both parent and children experience comfort and a seamless ride, whilst adding a touch of style to your outings. Product Feautures: The Orange 4 is appropriate from birth (when used with a carrycot) up to 25kg and is designed for permanent overnight sleeping. The single-to-double ready pushchair, straight out of the box* The Orange 4 is available as a complete travel system with the optional iCandy Cocoon Car Seat The Orange 4 comes with a striking Jet Black chassis and offers three stylish canopy colour options – Pistachio, Latte and Black Edition. The canopy is not only water-repellent and breathable but also includes mesh ventilation for added comfort With a remarkable array of 30 pushchair configurations and combinations, the Orange 4 stands out for its versatility. In world-facing mode, the elevator adaptors additionally facilitate the use of the seat unit for Roll Up &amp; Dine, ensuring your baby can participate in family meal times Featuring a cleverly integrated Ride-on Board, a lightweight and streamlined chassis, and an exceptionally spacious basket, the iCandy Orange 4 is prepared right from the start, making it the ultimate choice for both first-time parents and expanding families 5 Year Warranty included *lower car seat adaptors sold separately if required for double mode This product Includes: Pushchair, 2 x seat frames, 2 x canopy, 2 x seat fabric, 1 x complete carrycot, footmuff, changing bag, upper car seat adaptors, elevators, risers , converter adaptors &amp; 2 x Raincover Age Suitability: From birth to 4 years old Health &amp; Safety: EN1888, EN1466 Care &amp; Maintenance: Wipe Clean Only Composition: Polyester Safety Warning: Do not leave your child unattended This product is suitable from birth up to 25kg This product is not suitable for running or skating Assembly Requried: Part Assembled Weight: 12.3kg Dimensions: Unfolded: 83cm x 112cm x 62cm Folded: 87cm x 28cm x 62cm Single to double ready straight out of the box Folds with seat attached An array of 30 pushchair configurations and combinations Baby &amp; Toddler &gt; Baby Transport &gt; Pushchairs &amp; Prams Buy Now, Pay Later With Klarna",,1249,Mamas & Papas,6526,,,https://images2.productserve.com/?w=200&h=200&bg=white&trim=5&t=letterbox&url=ssl%3Acdn.shopify.com%2Fs%2Ffiles%2F1%2F0414%2F6023%2F6453%2Ffiles%2Ficandy-pushchairs-icandy-orange-4-double-latte-63303982940497.jpg%3Fv%3D1728087738&feedId=112637&k=db56ef889f37b94f297f3d17aa6d2eb20c17edbb,GBP,,0 GBP,https://www.mamasandpapas.com/products/icandy-orange4-double-latte-51922g400,,2026-08-07 07:13:41,"£1,249",112637,iCandy,1,,,,,,Twin Pram
https://www.awin1.com/pclick.php?p=43477475321&a=2771700&m=6526,Cybex Balios Essential Bundle (5 Pieces) - Moon Black,43477475321,GB _GBP_50112936018257,https://cdn.shopify.com/s/files/1/0414/6023/6453/files/cybex-pushchairs-cybex-balios-pushchair-bundle-5-pieces-moon-black-1182461213.jpg?v=1753958220,"Balios Essential Bundle (5 Pieces) - Moon Black This Bundle includes: Cybex Balios S Lux Pushchair (Moon Black), Cybex Cot S Lux Carrycot (Moon Black), Cybex Balios S Car Seat Adaptor, Cybex Cupholder &amp; Cybex Gold Pushchair Footmuff (Black) Cybex Balios S Lux Pushchair – Moon Black Love living city life to the max? The all-new, upgraded BALIOS S LUX has all the flexibility and luxurious comfort you and your child could wish for, right from day one. Enjoy peace of mind that your little one is safe and comfortable, while you take charge of your to-do list. Curbs, cobbles or bumpy sidewalks are easy to tackle with its advanced, city-ready suspension. The ergonomic lie-flat recline lets even the smallest babies enjoy the smoothest rides from day one, while the unique one-pull harness supplies a snug fit in seconds. And it looks as good as it handles, with a sleek design and colours for taking on the city in style. AGR is an independent, German organization that evaluates products for their ability to relieve and avoid back-pain, one of the most common health issues worldwide today. CYBEX has been granted their Seal of Approval for this product, recognizing its unique ergonomic design and functionality for both parents and children alike. Product Features: One stroller, three ways to ride. Attach a CYBEX Cot S Lux Carrycot, CYBEX infant car seat or the Balios S Lux seat unit to adapt the stroller for any journey. Enjoy a new level of riding comfort thanks to the combination of front-wheel suspension and innovative frame-based rear suspension. The huge reversible seat unit of the Balios S Lux provides luxurious comfort and coziness, and is fully adjustable into an ergonomic lie-flat position for use from birth and is AGR certified. Secure your child in seconds. One hand is all you need to fit the harness to the perfect form-hugging position. The new curved handlebar shape fits with the sleek design of the Balios S Lux. The height adjustable handlebar allows the steering level to be tailored to the height of the parent, the handlebar height can be easily adjusted with one hand. With one hand the Balios S Lux can be easily folded into a free-standing package, for convenient storage and fit into even the smaller car boots. Go off-road with confidence, with wheels that won’t puncture no matter how tough the terrain. A 10 kg load capacity makes the Balios S Lux an invaluable companion for the weekly shop, day trips and picnics. The new shape and design of the shopping basket ensures easy access and plenty of storage space! Shield your child from the elements with an extendable XXL sun canopy made of UPF50+ protective fabric, featuring a mesh window for breathability and healthy air circulation on hot days. Cybex Cot S Lux Carrycot - Moon Black The new Cot S Lux Carrycot is ideal for babies from birth until they are approximately six months old. Approved for overnight sleeping and with a cosy interior lining and soft foam mattress the Cot S Lux offers maximum comfort and support. Simply click the carrycot to the Cybex Balios S Lux or Talos S Lux pushchair frame and you're ready to go, removing the carrycot from the frame is just as easy using the memory buttons and integrated carrying handle. The new Cot S Lux has an additional internal pocket to keep belongings safe, a panorama sky view window for improved air circulation and a UPF50+ XXL sun canopy, keeping your baby protected from day one. Cybex Balios S Car Seat Adaptor - Black Car seat adapter for the Balios S travel system, fits Cybex and Goodbaby infant carriers Cybex Cupholder – Black The cup holder can be easily attached to the Cybex pushchair. Cybex Gold Pushchair Footmuff – Black Meet the practical companion for your winter strolls: the Cybex Gold Footmuff. It keeps your little one warm when it gets cold outside - with a soft and comfortable fleece lining. Attach it quickly to your Cybex Gold pushchair and also easily remove it for cleaning. Suitable for machine washing using the gentle cycle, then line dry. Cybex Balios S Lux Pushchair – Moon Black Age Suitability: From birth to 4 years old. Composition: Polyester blend Care &amp; Maintenance: Wash fabrics at 30 degrees, line dry Self-Assembly Required?: Part Assembled Cybex Cot S Lux Carrycot - Moon Black Age suitability: Birth - 6 months Composition: Polyester &amp; cotton Maximum child weight: 9kg Assembly: Part assembled Care &amp; maintenance: Wash fabric at 30 and line dry Cybex Gold Pushchair Footmuff – Black Age Suitability: From 6 months to 4 years Composition: Fleece Lining Care &amp; Maintenance: 30 degrees machine washing using gentle cycle &amp; Line dry Cybex Balios S Lux Pushchair – Moon Black Dimensions: Assembled: 87cm x 60cm x 108cm Folded: 29.5cm x 49cm x 71cm Weight: 22kg Cybex Cot S Lux Carrycot - Moon Black Dimensions (unfolded) : 84.5cm x 41cm x 31.5cm Dimensions (folded) : 84.3cm x 41cm x 18cm Weight: 4.6kg Cybex Gold Pushchair Footmuff – Black Weight: 0.8kg Dimensions: 91cm x 37cm x 14cm Travel system ready. One stroller, three ways to ride Advanced suspension Ergonomic lie-flat position Baby &amp; Toddler &gt; Baby Transport &gt; Pushchairs &amp; Prams Buy Now, Pay Later With Klarna",,899.75,Mamas & Papas,6526,,,https://images2.productserve.com/?w=200&h=200&bg=white&trim=5&t=letterbox&url=ssl%3Acdn.shopify.com%2Fs%2Ffiles%2F1%2F0414%2F6023%2F6453%2Ffiles%2Fcybex-pushchairs-cybex-balios-pushchair-bundle-5-pieces-moon-black-1182461213.jpg%3Fv%3D1753958220&feedId=112637&k=00e98e1a251241eb256c064225ce54f9e46e1761,GBP,,0 GBP,https://www.mamasandpapas.com/products/balios-s-lux-5pc-bundle-moon-black-29522b201,,2026-08-07 10:09:32,£899.75,112637,Cybex,1,,,,,,Pram & Pushchair
https://www.awin1.com/pclick.php?p=43477475332&a=2771700&m=6526,Cybex Balios Essential Bundle (5 Pieces) – Almond Beige,43477475332,GB _GBP_50127847522641,https://cdn.shopify.com/s/files/1/0414/6023/6453/files/cybex-pushchairs-cybex-balios-pushchair-bundle-5-pieces-almond-beige-1182479221.jpg?v=1753967573,"Balios Essential Bundle (5 Pieces) – Almond Beige This Bundle includes: Cybex Balios S Lux Pushchair (Almond Beige), Cybex Cot S Lux Carrycot (Almond Beige), Cybex Balios S Car Seat Adaptor, Cybex Cupholder &amp; Cybex Gold Pushchair Footmuff (Almond Beige) Cybex Balios S Lux Pushchair – Almond Beige Love living city life to the max? The all-new, upgraded BALIOS S LUX has all the flexibility and luxurious comfort you and your child could wish for, right from day one. Enjoy peace of mind that your little one is safe and comfortable, while you take charge of your to-do list. Curbs, cobbles or bumpy sidewalks are easy to tackle with its advanced, city-ready suspension. The ergonomic lie-flat recline lets even the smallest babies enjoy the smoothest rides from day one, while the unique one-pull harness supplies a snug fit in seconds. And it looks as good as it handles, with a sleek design and colours for taking on the city in style. AGR is an independent, German organization that evaluates products for their ability to relieve and avoid back-pain, one of the most common health issues worldwide today. CYBEX has been granted their Seal of Approval for this product, recognizing its unique ergonomic design and functionality for both parents and children alike. Product Features: One stroller, three ways to ride. Attach a CYBEX Cot S Lux Carrycot, CYBEX infant car seat or the Balios S Lux seat unit to adapt the stroller for any journey. Enjoy a new level of riding comfort thanks to the combination of front-wheel suspension and innovative frame-based rear suspension. The huge reversible seat unit of the Balios S Lux provides luxurious comfort and coziness, and is fully adjustable into an ergonomic lie-flat position for use from birth and is AGR certified. Secure your child in seconds. One hand is all you need to fit the harness to the perfect form-hugging position. The new curved handlebar shape fits with the sleek design of the Balios S Lux. The height adjustable handlebar allows the steering level to be tailored to the height of the parent, the handlebar height can be easily adjusted with one hand. With one hand the Balios S Lux can be easily folded into a free-standing package, for convenient storage and fit into even the smaller car boots. Go off-road with confidence, with wheels that won’t puncture no matter how tough the terrain. A 10 kg load capacity makes the Balios S Lux an invaluable companion for the weekly shop, day trips and picnics. The new shape and design of the shopping basket ensures easy access and plenty of storage space! Shield your child from the elements with an extendable XXL sun canopy made of UPF50+ protective fabric, featuring a mesh window for breathability and healthy air circulation on hot days. Cybex Cot S Lux Carrycot – Almond Beige The new Cot S Lux Carrycot is ideal for babies from birth until they are approximately six months old. Approved for overnight sleeping and with a cosy interior lining and soft foam mattress the Cot S Lux offers maximum comfort and support. Simply click the carrycot to the Cybex Balios S Lux or Talos S Lux pushchair frame and you're ready to go, removing the carrycot from the frame is just as easy using the memory buttons and integrated carrying handle. The new Cot S Lux has an additional internal pocket to keep belongings safe, a panorama sky view window for improved air circulation and a UPF50+ XXL sun canopy, keeping your baby protected from day one. Cybex Balios S Car Seat Adaptor - Black Car seat adapter for the Balios S travel system, fits Cybex and Goodbaby infant carriers Cybex Cupholder – Black The cup holder can be easily attached to the Cybex pushchair. Cybex Gold Pushchair Footmuff – Almond Beige Meet the practical companion for your winter strolls: the Cybex Gold Footmuff. It keeps your little one warm when it gets cold outside - with a soft and comfortable fleece lining. Attach it quickly to your Cybex Gold pushchair and also easily remove it for cleaning. Suitable for machine washing using the gentle cycle, then Cybex Balios S Lux Pushchair – Almond Beige Age Suitability: From birth to 4 years old. Composition: Polyester blend Care &amp; Maintenance: Wash fabrics at 30 degrees, line dry Self-Assembly Required?: Part Assembled Cybex Cot S Lux Carrycot – Almond Beige Age suitability: Birth - 6 months Composition: Polyester &amp; cotton Maximum child weight: 9kg Assembly: Part assembled Care &amp; maintenance: Wash fabric at 30 and line dry Cybex Gold Pushchair Footmuff – Almond Beige Age Suitability: From 6 months to 4 years Composition: Fleece Lining Care &amp; Maintenance: 30 degrees machine washing using gentle cycle &amp; Line dry Cybex Balios S Lux Pushchair – Almond Beige Dimensions: Assembled: 87cm x 60cm x 108cm Folded: 29.5cm x 49cm x 71cm Weight: 22kg Cybex Cot S Lux Carrycot – Almond Beige Dimensions (unfolded) : 84.5cm x 41cm x 31.5cm Dimensions (folded) : 84.3cm x 41cm x 18cm Weight: 4.6kg Cybex Gold Pushchair Footmuff – Almond Beige Weight: 0.8kg Dimensions: 91cm x 37cm x 14cm Travel system ready. One stroller, three ways to ride Advanced suspension Ergonomic lie-flat position Baby &amp; Toddler &gt; Baby Transport &gt; Pushchairs &amp; Prams Buy Now, Pay Later With Klarna",,899.75,Mamas & Papas,6526,,,https://images2.productserve.com/?w=200&h=200&bg=white&trim=5&t=letterbox&url=ssl%3Acdn.shopify.com%2Fs%2Ffiles%2F1%2F0414%2F6023%2F6453%2Ffiles%2Fcybex-pushchairs-cybex-balios-pushchair-bundle-5-pieces-almond-beige-1182479221.jpg%3Fv%3D1753967573&feedId=112637&k=44ec020312a1bfc8ba30021a7aaa0913e92a25f1,GBP,,0 GBP,https://www.mamasandpapas.com/products/balios-s-lux-5pc-bundle-almond-beige-29522g601,,2026-08-07 10:09:33,£899.75,112637,Cybex,1,,,,,,Pram & Pushchair
https://www.awin1.com/pclick.php?p=43477475803&a=2771700&m=6526,Maxi Cosi Fame Pushchair &amp; Carrycot - Black with Black Wheels,43477475803,GB _GBP_50497269039441,https://cdn.shopify.com/s/files/1/0414/6023/6453/files/maxi-cosi-pushchairs-maxi-cosi-fame-pushchair-carrycot-black-with-black-wheels-1125072696.jpg?v=1738739831,"Fame Pushchair &amp; Carrycot - Black with Black Wheels Maxi-Cosi Fame Pushchair - Twillic Black with Black Wheels A future design icon. Timeless and pioneering, the Maxi-Cosi Fame stroller is designed to give luxurious levels of comfort for both baby and parent. Fame’s premium details, seamless design, modern aesthetics and innovative features have been designed to stand the test of time. A trailblazing stroller pushchair to take today’s families into the future. Product Features: To make family travel even easier, Fame’s iconic frame fits  our most innovative range of 360 Pro car seats, designed with revolutionary SlideTech® technology. In seat mode, Fame continues to ensure the best sleep comfort for your child with a lie-flat position and HD memory foam inlay offering luxurious comfort. Fame’s supportive backrest features ClimaFlow with high performance breathable mesh to maximise ventilation which helps your baby regulate their temperature. Always stay connected. Simply plug your phone in while strolling and the integrated powerbank will ensure your phone battery never runs out.  Memory buttons ensure a quick and easy carrycot/seat/car seat release because every second counts when you’re a parent. Fame’s compact fold makes life easy for parents, as the pushchair folds away quickly to store in small spaces or easily pop in a car trunk. The seat’s easy-open harness makes light work of getting your little one in and out, throughout the day. Plus the 5-point magnetic quick-lock makes for super-easy installation. For every size parent. With an adjustable pushbar on the frame, Fame fits every tall or small parent perfectly. An integrated ventilation window made with ClimaFlow mesh, will ensure your newborn is always at a comfortable temperature in the carrycot. All-terrain puncture-proof wheels and 4-wheel CosiCruise suspension offer the smoothest of rides. A large extendable UPF 50+ canopy with see-through ventilation window &amp; sun visor offer your child maximum protection. Fame’s carrycot and seat feature extra-handy built-in pockets to keep your belongings safe and within arm’s reach. Bring everything you need. Fame’s large storage basket can carry up to 10kg /32L of baby essentials and shopping. Intuitive push-push brake system ensures you have full control of the stroller without scuffing your favourite shoes or hurting your toes. Age Suitability: Stroller: 0 - 22kg (birth to approx. 4 years) Carrycot: 0 - 9kg (birth to approx 6 months) Safety Warning: Please refer to user manual Care &amp; Maintenance: Please refer to user manual Self-Assembly Required?: Assembly required Dimensions: Handle Bar Up: 110 x 61.5 x 155cm Handle Bar Down: 99 x 61.5 x 91cm. Folded: 67.5 x 60 x 47.5cm Weight: Stoller: 22kg. Carrycot: 9kg Luxurious comfort for your baby from birth. Wide spacious carrycot with SoothingSlope Designed for every size parent. The height adjustable carrycot ensures you never get backache while placing your baby in and out. Fame’s iconic frame has an integrated LED light system designed to illuminate darker streets and dimly lit pathways Baby &amp; Toddler &gt; Baby Transport &gt; Pushchairs &amp; Prams Buy Now, Pay Later With Klarna",,1148.99,Mamas & Papas,6526,,,https://images2.productserve.com/?w=200&h=200&bg=white&trim=5&t=letterbox&url=ssl%3Acdn.shopify.com%2Fs%2Ffiles%2F1%2F0414%2F6023%2F6453%2Ffiles%2Fmaxi-cosi-pushchairs-maxi-cosi-fame-pushchair-carrycot-black-with-black-wheels-1125072696.jpg%3Fv%3D1738739831&feedId=112637&k=5c17c9d3280e3fee5e1d1a842d641fbdd2640747,GBP,,0 GBP,https://www.mamasandpapas.com/products/maxicosi-fame-p-chair-c-cot-blk-61592d601,,2026-08-07 10:13:52,"£1,148.99",112637,Maxi Cosi,1,,,,,,Pram & Pushchair
https://www.awin1.com/pclick.php?p=44540165819&a=2771700&m=6526,ICandy Peach 7 STUDIO Complete Bundle - Black,44540165819,GB _GBP_50795227054417,https://cdn.shopify.com/s/files/1/0414/6023/6453/files/icandy-pushchairs-icandy-peach-7-studio-complete-bundle-black-1150019881.jpg?v=1742567110,"Peach 7 STUDIO Complete Bundle - Black The iCandy Peach 7 STUDIO redefines luxury in pushchair design with meticulous craftsmanship, premium materials, and unparalleled functionality. Featuring a sleek ultra matt black chassis, exclusive textured leatherette fabrics and elegant details inspired by high-end fashion, STUDIO offers both style and substance. The spacious, Lullaby Trust-approved carrycot ensures comfort from birth, while innovative features such as the integrated Ride-on Board, lightweight puncture-proof PU tyres and a one-handed fold make parenting effortless. Complete with a matching Roll-top Backpack and stylish leatherette accents, the Peach 7 STUDIO is the ultimate choice for style-conscious parents. Product Features Includes a matching Roll-top Backpack with a stylish design, practical storage, and laptop compatibility. Spacious, Lullaby Trust-approved carrycot suitable for overnight sleeping, with a plush dual-fabric design for baby’s comfort. One-handed fold, lightweight puncture-proof tyres, and an integrated Ride-on Board for smooth manoeuvrability. Ride-on Board for smooth manoeuvrability. Every element, from debossed logos to leatherette piping, the iCandy Peach 7 STUDIO is designed with precision and sophistication. Featuring an ultra matt black chassis, the iCandy Peach 7 STUDIO features textured leatherette fabrics and stylish details inspired by high-end fashion. Item Includes: STUDIO Chassis + Front Wheels STUDIO Seat Unit Fabric STUDIO Carrycot Fabric STUDIO Carrycot Apron STUDIO Carrycot Liner STUDIO Carrycot Mattress STUDIO Carrycot Staybars STUDIO Carrycot Baseboard STUDIO Seat Unit/Carrycot Frame STUDIO Canopy STUDIO Car Seat Adaptors STUDIO Elevator Adaptors STUDIO Bumper Bar STUDIO Raincover STUDIO Rear Wheels x2 STUDIO Roll-top Backpack STUDIO Footmuff &amp; Liner STUDIO Parasol STUDIO Tag iCandy Cupholder iCandy Screen iCandy Clamp Age Suitability: Birth - 3 years Composition: Polyester Care &amp; Maintenance: Wipe clean Self-Assembly Required? Part assembled Safety Warning: Do not leave your child unattended. This product is suitable from birth up to 25kg. This product is not suitable for running or skating Health &amp; Safety: EN1888 (Pushchair), EN1466 (Carrycot) Dimensions: Unfolded: 105 x 75 x 61 cm Folded: 70 x 61 x 29cm Weight: 16.98kg Ultra matt black chassis &amp; textured leatherette fabrics One-handed fold, lightweight puncture-proof tyres Carry cot suitable for overnight sleeping Baby &amp; Toddler &gt; Baby Transport &gt; Pushchairs &amp; Prams Buy Now, Pay Later With Klarna",,849,Mamas & Papas,6526,,,https://images2.productserve.com/?w=200&h=200&bg=white&trim=5&t=letterbox&url=ssl%3Acdn.shopify.com%2Fs%2Ffiles%2F1%2F0414%2F6023%2F6453%2Ffiles%2Ficandy-pushchairs-icandy-peach-7-studio-complete-bundle-black-1150019881.jpg%3Fv%3D1742567110&feedId=112637&k=f388f1d53c60452ee4d66615f8d2defa1b5dbfb1,GBP,,0 GBP,https://www.mamasandpapas.com/products/icandy-studio-complete-pushchair-black-3774w5901,,2026-08-07 07:32:56,£849,112637,iCandy,1,,,,,,Pram & Pushchair
https://www.awin1.com/pclick.php?p=43477476152&a=2771700&m=6526,Nuna BASE Curv Rotating Car Seat Base,43477476152,GB _GBP_50793282765137,https://cdn.shopify.com/s/files/1/0414/6023/6453/files/nuna-bases-nuna-base-curv-rotating-car-seat-base-1150019936.jpg?v=1742568063,"BASE Curv Rotating Car Seat Base The NEXT system™ compatible BASE curv conveniently rotates 360° and glides your child's car seat out towards you in one smooth motion with ProxiPivot™ technology for more comfortable ins and outs. The BASE curve is engineered to better align your child’s car seat with your body's natural movements so you can say goodbye to awkward angles and daily back strain. It conveniently rotates 360° and glides the seat out towards you in one smooth motion with its slide-out ProxiPivot™ technology–providing an ideal position for loading and unloading your little adventurer. And it is NEXT system™ compatible, providing versatility to support their travel solution needs through the first four years. Product Features * Parent-friendly engineering - The BASE curv features 360° rotation and ProxiPivot™ technology that work together to spin the car seat and glide it out towards you in one smooth motion for easier ins and outs. Peace-of-mind indicator - Secure display coloured indication bars on BASE curv provide a clear visual so you can feel confident that your car seat and base are installed correctly and your child is secure. NEXT system compatible - Customised by you, for you–the NEXT system offers ultimate flexibility with multiple car seat solutions for the first four year. Smart-swivel lock Adjustable ISOFIX positions Low rebound bar Steel stability leg True lock™ base installation Crumple zone absorbs impact User guide storage pocket LATCH guides included Composition: 70% metals, 30% plastics Self-Assembly Required? Assembled Health &amp; Safety: Factory certified ISO 14001 ISO 9001 OHSAS 18001. Complies with European standard ECE R129/03. Dimensions: l 66.5 x w 40.5 x h 26.8 Weight: 7.21kg Features 360° rotation and ProxiPivot™ technology* Coloured bars indicate correct installation of car seat and base Customised by you–the NEXT system offers ultimate flexibility Baby &amp; Toddler &gt; Baby Transport Accessories &gt; Baby &amp; Toddler Car Seat Accessories Buy Now, Pay Later With Klarna",,240,Mamas & Papas,6526,,,https://images2.productserve.com/?w=200&h=200&bg=white&trim=5&t=letterbox&url=ssl%3Acdn.shopify.com%2Fs%2Ffiles%2F1%2F0414%2F6023%2F6453%2Ffiles%2Fnuna-bases-nuna-base-curv-rotating-car-seat-base-1150019936.jpg%3Fv%3D1742568063&feedId=112637&k=9b1072fc2a2532ab02457bb57596c178c9ca5b29,GBP,,0 GBP,https://www.mamasandpapas.com/products/nuna-base-curv-6592v1700,,2026-08-07 07:32:55,£240,112637,Nuna,1,,,,,,ISOFIX Base
https://www.awin1.com/pclick.php?p=43477476161&a=2771700&m=6526,Love to Dream Next2Me Armonia Crib - Scandinavian,43477476161,GB _GBP_50822517555537,https://cdn.shopify.com/s/files/1/0414/6023/6453/files/love-to-dream-night-lights-love-to-dream-sleep-machine-1170614115.jpg?v=1748522214,"Next2Me Armonia Crib - Scandinavian The Chicco Next2Me Armonia bedside crib is designed to ensure a safe and comfortable night’s sleep and to match any home environment. It’s a separate bed but can be easily attached to a range of adult beds thanks to its innovative slide system to a ensure a secure fit as well as the 11 adjustable heights, so baby is always by your side. It can be used as a co sleeper or as a traditional crib for added versatility. With a mattress and 4 mesh windows, you get enhanced airflow to keep your baby comfortably cool for a peaceful night’s sleep. There is a smart motion sensor night light, that can go on either end of the crib and automatically dims after 5 minutes, when it goes on to stand-by mode. There are 4 lockable swivel wheels that make it easy to move around the house. Includes a removable mattress cover that’s machine washable or can be cleaned using warm soapy water. There is also storage pockets to store all the night time essentials such as wipes, muslins and soothers to help feeding and attending to baby. Product Features Inspired by home interiors with wood effect legs and soft textured fabrics. The simple lateral slide system and harness allows you to firmly attach the crib to your bed for a guaranteed safe night’s sleep. Includes motion sensor light that turns on as you approach the crib or press the button with 3 levels of light intensity to choose from. Features 11 adjustable height levels that fit a range of bed types and sizes, so you always have baby by your side. Includes a mattress with 4 mesh windows that provide enhanced air circulation, keeping your baby comfortably cool for a peaceful night’s sleep. Has 4 lockable wheels that glide easily across all floor types. They come complete with brakes to provide added safety. Removable cover makes cleaning a breeze. All you need is warm soapy water to wash it and then it’s good to go again in no time. A range of Chicco Next2Me Crib Bedding sold separately. Age Suitability: 0-6 months (9kg) Composition: Polyester Fabric, Steel &amp; Plastic Frame Self-Assembly Required? Self Assembly required (no tools required) Safety Warning: As detailed in instruction manuals – these are attached. Health &amp; Safety: All EU Standards &amp; FR Dimensions: 99L x 55.5W x 69-83H Weight: 13.6kg Sensor night light Convenient storage pockets for night time essentials Patented lateral slide system and harness to attach to your bed Baby &amp; Toddler Buy Now, Pay Later With Klarna",,34.99,Mamas & Papas,6526,,,https://images2.productserve.com/?w=200&h=200&bg=white&trim=5&t=letterbox&url=ssl%3Acdn.shopify.com%2Fs%2Ffiles%2F1%2F0414%2F6023%2F6453%2Ffiles%2Flove-to-dream-night-lights-love-to-dream-sleep-machine-1170614115.jpg%3Fv%3D1748522214&feedId=112637&k=757713b1ab1e5abcd24480be5f903b6bd61bf8b2,GBP,,4.95 GBP,https://www.mamasandpapas.com/products/ltd-sleep-machine-660602700,,2026-08-07 07:32:58,£34.99,112637,Love to Dream,1,,,,,,Next-to-Me Crib
https://www.awin1.com/pclick.php?p=43776280114&a=2771700&m=6526,MAM Easy Start Bottle 3 Piece Bundle (260ml),43776280114,GB _GBP_51221544108369,https://cdn.shopify.com/s/files/1/0414/6023/6453/files/mam-bottle-feeding-mam-easy-start-bottle-3-piece-bundle-260ml-1171461699.jpg?v=1749041226,"MAM Easy Start Bottle 3 Piece Bundle (260ml) This Bundle includes: MAM Easy Start 260ml Bottle (4 Pack), MAM Size 3 Bottle Teats (4 Pack) and MAM Original Night 0-6m Soother (2 Pack) MAM Easy Start 260ml Bottle (4 Pack) MAM Easy Start Anti Colic is the ideal bottle for an easy switch between breast and bottle thanks to the patented SkinSoftTM teat which is silky soft and provides a familiar feel for babies. Market Research confirmed that 94% of babies accepted the teat making it perfect for when mum wants to be a bit more flexible. Thanks to the innovative vented base there is an even drinking flow so that babies can remain calm and relaxed without swallowing air helping to reduce colic in 80% of cases. The Easy Start Bottle self-sterilises in 3 easy steps ensuring simple safe bottle cleaning at home or on the go! Product Features *94% of babies accept the MAM SkinSoftTM Teat (Market research 2009-2023, tested with 1,808 babies) Unique Self Sterilising function - ideal for on the go! 80% less colic and regurgitation thanks to the vented bottle base - for relaxed feeding 160ml MAM Bottles inlcude Slow flow (Size 1) teats All MAM bottles are made from materials free of BPA and BPS MAM Size 3 Bottle Teats (4 Pack) Now available in a handy 4 pack, the symmetric shape of the teat fits perfectly in baby's mouth. MAM offer a number of different flow rates to perfectly suit whichever stage your baby is at. Teat 3 is the MAM Fast flow teat which is suitable from around 4+months. Every baby is different and may take the fast flow sooner or later than this which is perfectly fine. Teats must be replaced every 1-2 months for safety and hygiene reasons. (*Market research 2009-2022, tested with 1,643 babies) Product Features: SkinSoft™ material - calming for babies Symmetric shape - always fits perfectly in baby's mouth Included in all 330ml MAM Easy Active Compatible with all MAM Bottles MAM Original Night 0-6m Soother (2 Pack) MAM Night soothers glow extra bright at night time, making them easy to find in the dark with little disturbance to your little one. The MAM SkinSoft TM teat feels completely familiar with a proud 94% acceptance rate* and is designed with a symmetrically shaped teat, meaning they are always in the right position. Because babies grow quickly, MAM Night Soothers come in three different sizes that are ideal for healthy jaw and teeth development. Packed in the convenient Steriliser box, our MAM Soothers are great for parents on the go as they can be sterilised anywhere. At MAM our mission is to make our products more sustainable without compromising on their quality and safety; which is why MAM soothers are now made with bio-circular** materials. *Market research 2010-2023, tested with 1,588 babies **Soothers: shield, button &amp; steriliser box made from polypropylene linked to bio-circular feedstocks according to mass balance approach certified by ISCC PLUS. (Excludes Comfort) Product Features Symmetric SkinSoftTM Silicone teat - easily accepted by babies BPA/BPS Free Materials Made from bio circular** materials Curved butterfly shape for maximum comfort MAM Easy Start 260ml Bottle (4 Pack) Age Suitability: 0+ Months Composition: Silicone 40.94g, Plastic PP circular 262.52g, Plastic TPE 1.56g Care &amp; Maintenance: Please refer to user manual. Safety Warning: Please refer to user manual. Health &amp; Safety: This product meets the requirements of European Standard EN 14350. MAM Size 3 Bottle Teats (4 Pack) Age Suitability: suitable from around 4+ months Health &amp; Safety: EN 14350:2020 Safety Warning: Please refer to user manutal. Composition: Silicone 38.88g Care &amp; Maintenance: Please refer to manual MAM Original Night 0-6m Soother (2 Pack) Age Suitability: 0-6 Months Composition: 4.74g silicone, 9.76 Plastic PP Care &amp; Maintenance: Please refer to manual Safety Warning: Please refer to manual Health &amp; Safety: The product meets the requirements of EN 1400. 94% of babies accept the MAM SkinSoftTM Teat* 80% less colic and regurgitation thanks to vented bottle base Glow in the dark soothers makes them easier to find at night Baby &amp; Toddler &gt; Nursing &amp; Feeding &gt; Baby Bottles Buy Now, Pay Later With Klarna",,55.3,Mamas & Papas,6526,,,https://images2.productserve.com/?w=200&h=200&bg=white&trim=5&t=letterbox&url=ssl%3Acdn.shopify.com%2Fs%2Ffiles%2F1%2F0414%2F6023%2F6453%2Ffiles%2Fmam-bottle-feeding-mam-easy-start-bottle-3-piece-bundle-260ml-1171461699.jpg%3Fv%3D1749041226&feedId=112637&k=04c98553ad9972b7b755f1e2f9d996270219fda2,GBP,,4.95 GBP,https://www.mamasandpapas.com/products/mam-bottle-set-3pc-bundle-665572201,,2026-08-07 07:37:19,£55.30,112637,MAM,1,,,,,,Bottles
https://www.awin1.com/pclick.php?p=43477476309&a=2771700&m=6526,Babybrezza Formula Pro Advanced - Black,43477476309,GB _GBP_51272220836177,https://cdn.shopify.com/s/files/1/0414/6023/6453/files/brezza-bottle-feeding-babybrezza-formula-pro-advanced-black-1241217952.jpg?v=1780403319,"Babybrezza Formula Pro Advanced - Black The Baby Brezza Formula Pro Advanced is the most advanced way to automatically make a warm, formula bottle instantly. No measuring, no mixing and no fuss. You can customize the perfect bottle for your baby by choosing your increments between and temperature settings or dispensing water only. Patented mixing technology automatically mixes, heats and dispenses formula and water to the perfect consistency. Product Features: More consistent, accurate, hygienic and faster than hand scooping: Formula dispensed from airtight powder container; Number 1 selling formula prep appliance worldwide Customise to your baby’s liking with 3 temperature settings and 9 different oz. levels Easy to set up and use with digital controls Dishwasher safe Works with virtually all formulas and bottles. Saves up to 30 minutes a day feeding your baby Composition: PlasticCare &amp; Maintenance:Parts are dishwasher safe, other wipe clean only. Weight: 2.45kg Dimensions:18.9 x 38.6 x 29.6 cm Advanced way to automatically make a warm, formula bottle instantly. No measuring, no mixing and no fuss, customize the perfect bottle for baby. Patented mixing technology automatically mixes, heats and dispenses formula and water to the perfect consistency. Baby &amp; Toddler &gt; Nursing &amp; Feeding &gt; Baby Bottles Buy Now, Pay Later With Klarna",,249.99,Mamas & Papas,6526,,,https://images2.productserve.com/?w=200&h=200&bg=white&trim=5&t=letterbox&url=ssl%3Acdn.shopify.com%2Fs%2Ffiles%2F1%2F0414%2F6023%2F6453%2Ffiles%2Fbrezza-bottle-feeding-babybrezza-formula-pro-advanced-black-1241217952.jpg%3Fv%3D1780403319&feedId=112637&k=24314ab41b17a16a714c31d004f054fa160ac515,GBP,,0 GBP,https://www.mamasandpapas.com/products/baby-brezza-formula-pro-adv-317325300,,2026-08-07 07:37:25,£249.99,112637,Brezza,1,,,,,,Formula Prep Machine
https://www.awin1.com/pclick.php?p=45462838431&a=2771700&m=6526,"Mamas &amp; Papas Flip XT3 Fawn Pushchair Bundle With Cybex Aton B2 Car Seat 52721FN02 Grey, Kids, Polyester",45462838431,GB _GBP_51277755580753,https://cdn.shopify.com/s/files/1/0414/6023/6453/files/mamas-papas-pushchairs-flip-xt-pushchair-bundle-with-cybex-aton-b-car-seat-base-5-pieces-fawn-1173812462.jpg?v=1750178460,"Flip XT3 Pushchair Bundle with Aton B Car Seat &amp; Base (5 Pieces) - Fawn Lightweight Travel System For Newborns &amp; Toddlers Adjustable Handle &amp; Safety Harness This Bundle Includes: Flip XT³ Pushchair - Fawn, Flip XT³ Pushchair Carrycot – Fawn, Car Seat Adaptors, Cybex Aton B2 i-Size Baby Car Seat and Base – Black. Flip XT³ Pushchair – Fawn If you’re looking for a pushchair that can handle busy city streets, the lightweight Flip XT3 is perfect, with a sleek frame and large, spacious seat that ensures baby is always comfortable and a lie-back position suitable from birth, that supports natural, healthy sleep. . Full of great features like the spacious shopping basket and compact one hand fold, it makes city living with a baby a breeze. The UPF 50+ large hood and air vent offers baby protection from the sun, whilst the peek-a-boo window makes it easy to keep an eye on them whilst they sleep. And because Flip XT3 is compatible with most car seats and carrycots, you can enjoy a full travel system that makes it so easy to get about with baby. In terms of style, the Fawn edition of our Flip XT³ features an ultra-stylish warm neutral colour palette. In an on-trend neutral shade of woven fabric with neutral undertones, soft marl matching seat pad and gorgeous chromes chassis with black leatherette handlebars and bumper bar. Product Features: The lie-flat position supports natural, healthy sleep Attach toys to the toy loop to keep little ones entertained on the go Compatible with car seats and carrycots for a full travel system The UPF 50+ large hood &amp; air vent provides cooling protection from the sun The compact fold in either the forward or parent-facing position saves lots of space The magnetic peek-a-boo window makes it easy, and quiet, to check on baby The seat easily lifts off the chassis with one simple click Flip XT³ Pushchair Carrycot - Fawn Give your newborn a comfy place to sleep whilst you’re out and about with our Fawn carrycot. Designed to co-ordinate with our Flip XT³ Fawn pushchair, it’s crafted from the same beautiful neutral woven fabric as our Fawn pushchair and with soft lining to keep baby cosy. With a cushioned mattress and a lie-flat position that supports a natural sleeping position, it’s ideal for naps on-the-go. The magnetic apron means you can tuck baby away quickly and quietly, whilst the hood's optional air vent keeps them cool and comfortable. Cybex Aton B2 i-Size Baby Car Seat and Base – Black Presenting the Aton B2 i-Size infant car seat. Developed according to the latest safety standards, it features Linear Side impact Protection which protects your baby while traveling. A removable newborn inlay and height-adjustable headrest ensure maximum comfort during your child’s first two years. At 3.8 kg, the Aton B2 i-Size isn’t only lightweight, but easy to handle and is compatible with CYBEX strollers and other select brands. The foldable USF50+ XXL sun canopy of the Aton B2 i-Size protects against the sun and wind. With this car seat you and your baby can get from A to B safely from day one. Product Features: Latest safety standards R129/04 UPF50+ Sun canopy for extra protection from the elements Lightweight and easy to handle at just 3.8kg Removable newborn inlay supports baby up to 60cm Gentle on your child's skin Flip XT³ Pushchair Safety Warning: WARNING: This product is not suitable for running or skating. This vehicle is intended for children from birth up to 22kgs or 4 years whichever comes first. All Mamas &amp; Papas products comply with all the relevant latest British and European Safety Standards and Regulations. Flip XT³ Carrycot Health &amp; Safety: EN 1466:2023 Safety Warning: WARNING: Never use this product on a stand.This product is suitable only for a child who cannot sit up unaided, roll over, and cannot push up on its hands and knees. Maximum weight of the child 9kg. Cybex Aton B2 i-Size Baby Car Seat and Base – Black Age Suitability: Birth – approx. 24 months (45 – 87cm) Max Child Weight: 13kg Care &amp; Maintenance: Wash fabrics at 30 degrees and line dry or wipe down Safety Warning: Do not leave your child in the car unattended Safety Standards: R129/04 Flip XT³ Pushchair Dimensions: Height: 100cm x Width: 59cm x Length: 96cm Approx. Weight: 11.3kg Approx Flip XT³ Pushchair Carrycot Dimensions: Height: 59cm x Width: 39cm x Length: 76cm Approx. Weight: 5.2kg Cybex Aton B2 i-Size Baby Car Seat and Base – Black Dimensions: 66 x 44 x 39cm Product Weight: 3.8kg Lie-back seat can be used from birth The slim frame navigates tight spaces easily The one hand fold is quick, easy and compact Baby &amp; Toddler &gt; Baby Transport &gt; Pushchairs &amp; Prams Buy Now, Pay Later With Klarna",,549,Mamas & Papas,6526,,,https://images2.productserve.com/?w=200&h=200&bg=white&trim=5&t=letterbox&url=ssl%3Acdn.shopify.com%2Fs%2Ffiles%2F1%2F0414%2F6023%2F6453%2Ffiles%2Fmamas-papas-pushchairs-flip-xt-pushchair-bundle-with-cybex-aton-b-car-seat-base-5-pieces-fawn-1173812462.jpg%3Fv%3D1750178460&feedId=112637&k=3710f7a5178bbc4cedbc52a56238c15eeb221b70,GBP,,0 GBP,https://www.mamasandpapas.com/products/flip-xt3-fawn-aton-b2-sale-kit-52721fn02,,2026-08-07 10:05:54,£549,112637,Mamas & Papas,1,,,,,,Travel Bundle
https://www.awin1.com/pclick.php?p=45462838432&a=2771700&m=6526,Mamas &amp; Papas Flip XT³ Pushchair Bundle with Cybex Aton B Car Seat &amp; Base 5 Pieces Black Birth Upto 4 Years Baby Stroller/Pram/Travel System,45462838432,GB _GBP_51277719109969,https://cdn.shopify.com/s/files/1/0414/6023/6453/files/mamas-papas-pushchairs-flip-xt-pushchair-bundle-with-cybex-aton-b-car-seat-base-5-pieces-ink-1173812493.jpg?v=1750179288,"Flip XT3 Pushchair Bundle with Cybex Aton B Car Seat &amp; Base (5 Pieces) - Ink This Bundle Includes: Flip XT³ Pushchair - Ink, Flip XT³ Pushchair Carrycot – Ink, Car Seat Adaptors, Cybex Aton B2 i-Size Baby Car Seat and Base – Black. Flip XT³ Pushchair – Ink If you’re looking for a pushchair that can handle busy city streets, the lightweight Flip XT3 is perfect, with a sleek frame and large, spacious seat that ensures baby is always comfortable and a lie-back position suitable from birth, that supports natural, healthy sleep. . Full of great features like the spacious shopping basket and compact one hand fold, it makes city living with a baby a breeze. The UPF 50+ large hood and air vent offers baby protection from the sun, whilst the peek-a-boo window makes it easy to keep an eye on them whilst they sleep. And because Flip XT3 is compatible with most car seats and carrycots, you can enjoy a full travel system that makes it so easy to get about with baby. In terms of style, the Ink edition of our Flip XT³ features a rich jet black fabric with flat woven black hooded canvas and matching soft black seat pad. Offset with black matte chassis and black leatherette handlebars and bumper bar, giving this pushchair a timeless all-black feel, that has a uniquely different look at different times of day depending on how the light hits it. Product Features: The lie-flat position supports natural, healthy sleep Attach toys to the toy loop to keep little ones entertained on the go Compatible with car seats and carrycots for a full travel system The UPF 50+ large hood &amp; air vent provides cooling protection from the sun The compact fold in either the forward or parent-facing position saves lots of space The magnetic peek-a-boo window makes it easy, and quiet, to check on baby The seat easily lifts off the chassis with one simple click Flip XT³ Pushchair Carrycot - Ink Give your newborn a comfy place to sleep whilst you’re out and about. Designed to co-ordinate with our Flip XT³ pushchair, it’s crafted from the same all-black fabric as our Ink pushchair and with tonal soft lining to keep baby cosy. With a cushioned mattress and a lie-flat position that supports a natural sleeping position, it’s ideal for naps on-the-go. The magnetic apron means you can tuck baby away quickly and quietly, whilst the hood's optional air vent keeps them cool and comfortable. Cybex Aton B2 i-Size Baby Car Seat and Base – Black Presenting the Aton B2 i-Size infant car seat. Developed according to the latest safety standards, it features Linear Side impact Protection which protects your baby while traveling. A removable newborn inlay and height-adjustable headrest ensure maximum comfort during your child’s first two years. At 3.8 kg, the Aton B2 i-Size isn’t only lightweight, but easy to handle and is compatible with CYBEX strollers and other select brands. The foldable USF50+ XXL sun canopy of the Aton B2 i-Size protects against the sun and wind. With this car seat you and your baby can get from A to B safely from day one. Product Features: Latest safety standards R129/04 UPF50+ Sun canopy for extra protection from the elements Lightweight and easy to handle at just 3.8kg Removable newborn inlay supports baby up to 60cm Gentle on your child's skin Flip XT³ Pushchair Safety Warning: WARNING: This product is not suitable for running or skating. This vehicle is intended for children from birth up to 22kgs or 4 years whichever comes first. All Mamas &amp; Papas products comply with all the relevant latest British and European Safety Standards and Regulations. Flip XT³ Carrycot Health &amp; Safety: EN 1466:2023 Safety Warning: WARNING: Never use this product on a stand.This product is suitable only for a child who cannot sit up unaided, roll over, and cannot push up on its hands and knees. Maximum weight of the child 9kg. Cybex Aton B2 i-Size Baby Car Seat and Base – Black Age Suitability: Birth – approx. 24 months (45 – 87cm) Max Child Weight: 13kg Care &amp; Maintenance: Wash fabrics at 30 degrees and line dry or wipe down Safety Warning: Do not leave your child in the car unattended Safety Standards: R129/04 Flip XT³ Pushchair Dimensions: Height: 100cm x Width: 59cm x Length: 96cm Approx. Weight: 11.3kg Approx Flip XT³ Pushchair Carrycot Dimensions: Height: 59cm x Width: 39cm x Length: 76cm Approx. Weight: 5.2kg Cybex Aton B2 i-Size Baby Car Seat and Base – Black Dimensions: 66 x 44 x 39cm Product Weight: 3.8kg Lie-back seat can be used from birth The slim frame navigates tight spaces easily The one hand fold is quick, easy and compact Baby &amp; Toddler &gt; Baby Transport &gt; Pushchairs &amp; Prams Buy Now, Pay Later With Klarna",,549,Mamas & Papas,6526,,,https://images2.productserve.com/?w=200&h=200&bg=white&trim=5&t=letterbox&url=ssl%3Acdn.shopify.com%2Fs%2Ffiles%2F1%2F0414%2F6023%2F6453%2Ffiles%2Fmamas-papas-pushchairs-flip-xt-pushchair-bundle-with-cybex-aton-b-car-seat-base-5-pieces-ink-1173812493.jpg%3Fv%3D1750179288&feedId=112637&k=dd0fbca6a4d2a1fb597973caee3f260b0ffdb1c6,GBP,,0 GBP,https://www.mamasandpapas.com/products/flip-xt3-ink-4pc-aton-b2-sale-kit-52721nk02,,2026-08-07 09:14:04,£549,112637,Mamas & Papas,1,,,,,,Travel Bundle
https://www.awin1.com/pclick.php?p=43477476359&a=2771700&m=6526,Cloud B Dream Buddies® Nightlight Projector - Benny the Bunny,43477476359,GB _GBP_51357597335889,https://cdn.shopify.com/s/files/1/0414/6023/6453/files/cloud-b-night-lights-cloud-b-dream-buddies-nightlight-projector-benny-the-bunny-1176344633.jpg?v=1751550784,"Dream Buddies™ are compact, ultra-plush pals that help ease children’s fear of the dark by projecting a starry night sky onto ceilings and walls. The Plush projects in three calming colours: blue, green and amber, and the option to cycle through all three colours automatically. Cuddly companion projects a starry night sky including The Big Dipper constellation. The 45 minute timer ensures complete darkness during child’s deep sleep, as recommended by paediatricians. Dream Buddies™ are the perfect calming companions that your tiny tots can tote with them wherever they go. With multiple characters to choose from, your little ones can collect them all! Product Features: Projects Stars + 1 constellation 3 colours: green, blue, amber, with automatic colour rotation option 45 Min Sleep Timer Super Soft Calming Helps with sleep Easy to hold and carry Easy to travel with Age Suitability: 0+ Safety / Warnings: See Instructions Care &amp; Maintenance: See Instructions 23 x 13 x 9.5cm Projects stars 3 colours 45 Min Sleep Timer Baby &amp; Toddler",,20,Mamas & Papas,6526,,,https://images2.productserve.com/?w=200&h=200&bg=white&trim=5&t=letterbox&url=ssl%3Acdn.shopify.com%2Fs%2Ffiles%2F1%2F0414%2F6023%2F6453%2Ffiles%2Fcloud-b-night-lights-cloud-b-dream-buddies-nightlight-projector-benny-the-bunny-1176344633.jpg%3Fv%3D1751550784&feedId=112637&k=565aaec0162a6809b3d3205b24bc3fed8918aeec,GBP,,4.95 GBP,https://www.mamasandpapas.com/products/cloudb-dream-buddies-6713b2b00,,2026-08-07 07:45:14,£20,112637,Cloud B,1,,,,,,Night Light
https://www.awin1.com/pclick.php?p=43477476395&a=2771700&m=6526,Mamas &amp; Papas Taupe Dungarees &amp; Top Set (2 Pieces) - 9-12 Months,43477476395,GB _GBP_51358250467665,https://cdn.shopify.com/s/files/1/0414/6023/6453/files/mamas-papas-outfits-sets-taupe-dungarees-top-set-2-pieces-1176358369.jpg?v=1751560504,"Combining style and comfort, these taupe dungarees, make getting dressed a breeze. Dunagrees with adjustable button straps, turn-back cuffs, side pockets, back patch pocket and front pocket with flap 100% cotton Composition: 100% cotton Washcare: 40 degree wash/ do not bleach/ cool tumble dry/ cool iron/ do not dry clean/ wash dark colours seperately/wash &amp; iron inside out Warning: Keep away from fire Muted seasonal colour palette Functional openings for quick changes 100% soft cotton Clothing &amp; Accessories &gt; Clothing &gt; Baby &amp; Toddler Clothing &gt; Baby &amp; Toddler Outfits",,12.5,Mamas & Papas,6526,,,https://images2.productserve.com/?w=200&h=200&bg=white&trim=5&t=letterbox&url=ssl%3Acdn.shopify.com%2Fs%2Ffiles%2F1%2F0414%2F6023%2F6453%2Ffiles%2Fmamas-papas-outfits-sets-taupe-dungarees-top-set-2-pieces-1176358369.jpg%3Fv%3D1751560504&feedId=112637&k=4436c737e2e1af77b8c6e5a0eb9d1143298dba38,GBP,,4.95 GBP,https://www.mamasandpapas.com/products/taupe-dungaree-0-3-s42lk6yb2?variant=51358250467665,,2026-08-07 07:45:15,£12.50,112637,Mamas & Papas,1,,,,,,Baby Outfits
https://www.awin1.com/pclick.php?p=43477476396&a=2771700&m=6526,Mamas &amp; Papas Taupe Dungarees &amp; Top Set (2 Pieces) - 12-18 Months,43477476396,GB _GBP_51358250500433,https://cdn.shopify.com/s/files/1/0414/6023/6453/files/mamas-papas-outfits-sets-taupe-dungarees-top-set-2-pieces-1176358369.jpg?v=1751560504,"Combining style and comfort, these taupe dungarees, make getting dressed a breeze. Dunagrees with adjustable button straps, turn-back cuffs, side pockets, back patch pocket and front pocket with flap 100% cotton Composition: 100% cotton Washcare: 40 degree wash/ do not bleach/ cool tumble dry/ cool iron/ do not dry clean/ wash dark colours seperately/wash &amp; iron inside out Warning: Keep away from fire Muted seasonal colour palette Functional openings for quick changes 100% soft cotton Clothing &amp; Accessories &gt; Clothing &gt; Baby &amp; Toddler Clothing &gt; Baby &amp; Toddler Outfits",,12.5,Mamas & Papas,6526,,,https://images2.productserve.com/?w=200&h=200&bg=white&trim=5&t=letterbox&url=ssl%3Acdn.shopify.com%2Fs%2Ffiles%2F1%2F0414%2F6023%2F6453%2Ffiles%2Fmamas-papas-outfits-sets-taupe-dungarees-top-set-2-pieces-1176358369.jpg%3Fv%3D1751560504&feedId=112637&k=4436c737e2e1af77b8c6e5a0eb9d1143298dba38,GBP,,4.95 GBP,https://www.mamasandpapas.com/products/taupe-dungaree-0-3-s42lk6yb2?variant=51358250500433,,2026-08-07 07:45:15,£12.50,112637,Mamas & Papas,1,,,,,,Baby Outfits
https://www.awin1.com/pclick.php?p=43477476397&a=2771700&m=6526,Mamas &amp; Papas Taupe Dungarees &amp; Top Set (2 Pieces) - 18-24 Months,43477476397,GB _GBP_51358250533201,https://cdn.shopify.com/s/files/1/0414/6023/6453/files/mamas-papas-outfits-sets-taupe-dungarees-top-set-2-pieces-1176358369.jpg?v=1751560504,"Combining style and comfort, these taupe dungarees, make getting dressed a breeze. Dunagrees with adjustable button straps, turn-back cuffs, side pockets, back patch pocket and front pocket with flap 100% cotton Composition: 100% cotton Washcare: 40 degree wash/ do not bleach/ cool tumble dry/ cool iron/ do not dry clean/ wash dark colours seperately/wash &amp; iron inside out Warning: Keep away from fire Muted seasonal colour palette Functional openings for quick changes 100% soft cotton Clothing &amp; Accessories &gt; Clothing &gt; Baby &amp; Toddler Clothing &gt; Baby &amp; Toddler Outfits",,12.5,Mamas & Papas,6526,,,https://images2.productserve.com/?w=200&h=200&bg=white&trim=5&t=letterbox&url=ssl%3Acdn.shopify.com%2Fs%2Ffiles%2F1%2F0414%2F6023%2F6453%2Ffiles%2Fmamas-papas-outfits-sets-taupe-dungarees-top-set-2-pieces-1176358369.jpg%3Fv%3D1751560504&feedId=112637&k=4436c737e2e1af77b8c6e5a0eb9d1143298dba38,GBP,,4.95 GBP,https://www.mamasandpapas.com/products/taupe-dungaree-0-3-s42lk6yb2?variant=51358250533201,,2026-08-07 07:45:15,£12.50,112637,Mamas & Papas,1,,,,,,Baby Outfits
https://www.awin1.com/pclick.php?p=43477476398&a=2771700&m=6526,Mamas &amp; Papas Taupe Dungarees &amp; Top Set (2 Pieces) - 2-3 Years,43477476398,GB _GBP_51358250565969,https://cdn.shopify.com/s/files/1/0414/6023/6453/files/mamas-papas-outfits-sets-taupe-dungarees-top-set-2-pieces-1176358369.jpg?v=1751560504,"Combining style and comfort, these taupe dungarees, make getting dressed a breeze. Dunagrees with adjustable button straps, turn-back cuffs, side pockets, back patch pocket and front pocket with flap 100% cotton Composition: 100% cotton Washcare: 40 degree wash/ do not bleach/ cool tumble dry/ cool iron/ do not dry clean/ wash dark colours seperately/wash &amp; iron inside out Warning: Keep away from fire Muted seasonal colour palette Functional openings for quick changes 100% soft cotton Clothing &amp; Accessories &gt; Clothing &gt; Baby &amp; Toddler Clothing &gt; Baby &amp; Toddler Outfits",,12.5,Mamas & Papas,6526,,,https://images2.productserve.com/?w=200&h=200&bg=white&trim=5&t=letterbox&url=ssl%3Acdn.shopify.com%2Fs%2Ffiles%2F1%2F0414%2F6023%2F6453%2Ffiles%2Fmamas-papas-outfits-sets-taupe-dungarees-top-set-2-pieces-1176358369.jpg%3Fv%3D1751560504&feedId=112637&k=4436c737e2e1af77b8c6e5a0eb9d1143298dba38,GBP,,4.95 GBP,https://www.mamasandpapas.com/products/taupe-dungaree-0-3-s42lk6yb2?variant=51358250565969,,2026-08-07 07:45:15,£12.50,112637,Mamas & Papas,1,,,,,,Baby Outfits
https://www.awin1.com/pclick.php?p=43477476455&a=2771700&m=6526,Mamas &amp; Papas Cable Knit Top &amp; Bottoms Set (2 Pieces) - 6-9 Months,43477476455,GB _GBP_51358393401681,https://cdn.shopify.com/s/files/1/0414/6023/6453/files/mamas-papas-outfits-sets-cable-knit-top-bottoms-set-2-pieces-1176570284.jpg?v=1751654095,"A beautifully neutral two-piece cable knit set to keep little ones snug and cosy on chillier days. Long, raglan-sleeved knit top with ribbed cuff, neck and hem and front button opening Matching knit bottoms with ribbed waistband and cuffs Composition: 48% Polyester, 32% Acrylic, 20% Nylon Washcare: 40 degree machine wash , do not bleach , cool tumble dry , cool iron , do not dry clean Warning: Keep away from fire Soft, cosy everyday set Stretchy waistband for extra comfort Neutral colour palette Clothing &amp; Accessories &gt; Clothing &gt; Baby &amp; Toddler Clothing &gt; Baby &amp; Toddler Outfits",,17.5,Mamas & Papas,6526,,,https://images2.productserve.com/?w=200&h=200&bg=white&trim=5&t=letterbox&url=ssl%3Acdn.shopify.com%2Fs%2Ffiles%2F1%2F0414%2F6023%2F6453%2Ffiles%2Fmamas-papas-outfits-sets-cable-knit-top-bottoms-set-2-pieces-1176570284.jpg%3Fv%3D1751654095&feedId=112637&k=475b36a448c011d80cacd8122b5b8484c6423ca3,GBP,,4.95 GBP,https://www.mamasandpapas.com/products/2pc-cable-knit-set-nb-s42lk3mb0?variant=51358393401681,,2026-08-07 07:45:21,£17.50,112637,Mamas & Papas,1,,,,,,Baby Outfits
https://www.awin1.com/pclick.php?p=43477476456&a=2771700&m=6526,Mamas &amp; Papas Cable Knit Top &amp; Bottoms Set (2 Pieces) - 9-12 Months,43477476456,GB _GBP_51358393434449,https://cdn.shopify.com/s/files/1/0414/6023/6453/files/mamas-papas-outfits-sets-cable-knit-top-bottoms-set-2-pieces-1176570284.jpg?v=1751654095,"A beautifully neutral two-piece cable knit set to keep little ones snug and cosy on chillier days. Long, raglan-sleeved knit top with ribbed cuff, neck and hem and front button opening Matching knit bottoms with ribbed waistband and cuffs Composition: 48% Polyester, 32% Acrylic, 20% Nylon Washcare: 40 degree machine wash , do not bleach , cool tumble dry , cool iron , do not dry clean Warning: Keep away from fire Soft, cosy everyday set Stretchy waistband for extra comfort Neutral colour palette Clothing &amp; Accessories &gt; Clothing &gt; Baby &amp; Toddler Clothing &gt; Baby &amp; Toddler Outfits",,17.5,Mamas & Papas,6526,,,https://images2.productserve.com/?w=200&h=200&bg=white&trim=5&t=letterbox&url=ssl%3Acdn.shopify.com%2Fs%2Ffiles%2F1%2F0414%2F6023%2F6453%2Ffiles%2Fmamas-papas-outfits-sets-cable-knit-top-bottoms-set-2-pieces-1176570284.jpg%3Fv%3D1751654095&feedId=112637&k=475b36a448c011d80cacd8122b5b8484c6423ca3,GBP,,4.95 GBP,https://www.mamasandpapas.com/products/2pc-cable-knit-set-nb-s42lk3mb0?variant=51358393434449,,2026-08-07 07:45:21,£17.50,112637,Mamas & Papas,1,,,,,,Baby Outfits
https://www.awin1.com/pclick.php?p=43477477035&a=2771700&m=6526,Joie finiti 4in1 Signature Pushchair &amp; Ramble XL Signature Carrycot Bundle- Eclipse,43477477035,GB _GBP_51402296787281,https://cdn.shopify.com/s/files/1/0414/6023/6453/files/joie-pushchairs-joie-finiti-4in1-signature-pushchair-joie-ramble-xl-signature-carrycot-bundle-eclipse-1180981023.jpg?v=1753354025,"Joie finiti™ 4in1 Signature Pushchair - Eclipse Meet finiti, the 4in1 pushchair and driver of your dreams with crazy tons of ways to use and crazy fun ways to fold, it’s crafted to roll from baby to big kid. All systems go - Every way to ride is effortless, from cradling, to carrying, to cruising either way. Flat out chill - For brand new baby or sleepy time toddlers, the fully lie-flat tilting seat is ready for rolling and relaxing. Folds with flourish - No need to double over as you fold up, thanks to a handy quick release right on the back of the seat. Let’s bounce - The bumpier the better with a springy flex™ comfort seat that smooths out the bumps right in the seat and right where it matters most. Tyres that rock - Toughest terrain managed with foam-filled and Puncture Proof™ rubber tyres. Enjoying the cool - Full-coverage, expandable hood with visor dims sunlight and provides privacy. Product Features Bullet pointed list 4in1 multitasker cleverly combines carry cot, infant carrier and forward or rearward facing seat all in one (carry cot and infant carrier sold separately) Whether the seat is fastened forward or rearward, this pushchair tucks closed and stands ready to store with a quick tug Handy quick release right on the back of the seat allows for easy fold up Innovative flex comfort suspension in the seat is engineered for the smoothest ride Lie-flat recline creates a cosy haven PunctureProof™ foam-filled rubber tyres Extra-large all-access storage basket Adjustable calf support with two cosy positions UPF 50+ and water repellent canopy Expandable canopy with ventilation Silky smooth all wheel suspension Joie Ramble XL ™ Signature Carrycot - Eclipse Perfect partner - Pairs perfectly with the Finiti using adapters to create an effortless travel system. Infant ready - Baby soft lining and full cot cushioning designed for little ones’ comfort. One sweet ride - Comes complete with a cool weather apron,adjustable canopy, leatherette touches and plush mattress. Product Features Luxury handle and accents in luxe aged faux leather texture Suitable from birth to 9kg Deluxe water repellent canopy retracts for easy access to baby Zip open ventilation panel Wind shield buttons up onto the handle Cool weather apron snaps on and off in an instant Fully lined and cushioned for ultimate comfort Double interior storage pockets Joie finiti™ 4in1 Signature Pushchair - Eclipse Age Suitability: Birth – approx. 4 years Composition: Softgoods, metals, plastics Care &amp; Maintenance: To clean stroller frame, use only household soap and warm water. No bleach or detergent. Please refer to the care label for instructions on cleaning the fabric parts of the stroller. All removable fabric parts may be washed in cold water and drip-dried. No bleach. Any fabric parts which are not removable should be spot-cleaned using a soft cloth and warm soapy water. See instruction manual Self-Assembly Required? Partial assembly required Safety Warning: See instruction manual Health &amp; Safety: EN1888 Joie Ramble XL ™ Signature Carrycot - Eclipse Age Suitability: Birth - approx. 6 months Composition: 15% metals, 25% plastics, 60% softgoods Care &amp; Maintenance: See instruction manual Self-Assembly Required? Partial assembly required Safety Warning: See instruction manual Health &amp; Safety: EN1466 Joie finiti™ 4in1 Signature Pushchair Dimensions: Unfolded: L 91 x W 63 x H 111 cm Folded: L 68 x W 63 x H 43 cm Weight: 11.21kg Joie Ramble XL ™ Signature Carrycot Dimensions: Unfolded: L 880 x W 412 x H 580 mm Folded: L 885 x W 410 x H 190 mm Weight: 3.23kg 4in1 multitasker cleverly combines carry cot, infant carrier and forward or rearward facing seat all in one* infant car seat sold separately Lightweight at just 11.21kg Whether the seat is fastened forward or rearward, this pushchair tucks closed and stands ready to store with a quick tug Baby &amp; Toddler &gt; Baby Transport &gt; Pushchairs &amp; Prams",,500,Mamas & Papas,6526,,,https://images2.productserve.com/?w=200&h=200&bg=white&trim=5&t=letterbox&url=ssl%3Acdn.shopify.com%2Fs%2Ffiles%2F1%2F0414%2F6023%2F6453%2Ffiles%2Fjoie-pushchairs-joie-finiti-4in1-signature-pushchair-joie-ramble-xl-signature-carrycot-bundle-eclipse-1180981023.jpg%3Fv%3D1753354025&feedId=112637&k=7cda804d27d74dd867488e30d4e04219142c6a75,GBP,,0 GBP,https://www.mamasandpapas.com/products/joie-finiti-ramble-xl-bund-eclipse-51611f904,,2026-08-07 10:17:31,£500,112637,Joie,1,,,,,,Pram & Pushchair
https://www.awin1.com/pclick.php?p=43477477046&a=2771700&m=6526,Mam Easy Start Bottle 4 Piece Bundle (160ml),43477477046,GB _GBP_51412797456721,https://cdn.shopify.com/s/files/1/0414/6023/6453/files/mam-bottle-feeding-mam-easy-start-bottle-4-piece-bundle-160ml-1232355641.jpg?v=1776169630,"Simple yet effective the bristles flexibly adapt to different bottle forms and the end of the brush is ideal for cleaning your MAM Teats without damaging them, fitting perfectly in the harder to reach areas. Designed for parents, the long ergonomic shape makes it comfortable to hold and practical for cleaning any item. There is also a hanging hole to keep your Soft bottle brush hygienically stored when not in use. MAM Milk Powder Box Feeding your baby on the go with formula is now quick and easy thanks to the MAM Milk Powder Box with its unique triangular design allowing easy pouring without mess. Designed to offer parent’s a convenient feeding solution while away from home. The Milk powder box is a sleek and flat design making it a portable, lightweight storage container that safely holds up to three separate 8oz bottle feeds. The spill-proof lid offers three easy to open snap covers for each compartment, while the whole lid can be removed for easy cleaning and filling. MAM Size 0 Bottle Teats (4 Pack) Now available in a handy 4 pack, the symmetric shape of the teat fits perfectly in baby's mouth. MAM offer a number of different flow rates to perfectly suit whichever stage your baby is at. Teat 0 is perfect for newborns, smaller and premature babies. This is the slowest and smallest teat in the MAM range. Teats must be replaced every 1-2 months for safety and hygiene reasons. (*Market research 2009-2022, tested with 1,643 babies) Product Features: SkinSoft™ material - calming for babies Symmetric shape - always fits perfectly in baby's mouth Included in all 130ml MAM Bottles Compatible with all MAM Bottles MAM Easy Start 160ml Bottle (4 Pack) Age Suitability: 2+ Months Composition: Silicone 40.94g, Plastic PP circular 262.52g, Plastic TPE 1.56g Care &amp; Maintenance: Please see user manual. Safety Warning: Please see user manual. Health &amp; Safety: This product meets the requirements of European Standard EN 14350. MAM Soft Baby Bottle Brush Safety Warning: The Soft Brush is not a toy. Please keep out of the reach of babies and children. Composition: Plastic PP 20.8g, plastic TPE 20.4g Care &amp; Maintenance: Please see user manual. MAM Milk Powder Box Health &amp; Safety: European Regulation (EC) No. 1935/2004, European Regulation (EC) No. 2023/2006 Safety Warning: Keep product out of the reach of children Composition: Plastic PP 75.7g Care &amp; Maintenance: Please see user manual. MAM Size 0 Bottle Teats (4 Pack) Age Suitability: Suitable for even the smallest of newborns Health &amp; Safety: EN 14350:2020 Safety Warning: Please see user manual. Composition: Silicone 37.24g Care &amp; Maintenance: Please see user manual. 94% of babies accept the MAM SkinSoftTM Teat* 80% less colic and regurgitation thanks to vented bottle base Soft silicone brush means scratch-free cleaning of bottles and feeding equipment Baby &amp; Toddler &gt; Nursing &amp; Feeding &gt; Baby Bottles",,63.2,Mamas & Papas,6526,,,https://images2.productserve.com/?w=200&h=200&bg=white&trim=5&t=letterbox&url=ssl%3Acdn.shopify.com%2Fs%2Ffiles%2F1%2F0414%2F6023%2F6453%2Ffiles%2Fmam-bottle-feeding-mam-easy-start-bottle-4-piece-bundle-160ml-1232355641.jpg%3Fv%3D1776169630&feedId=112637&k=8a946c0e02342ba447daad478a43a7f167eabf7e,GBP,,0 GBP,https://www.mamasandpapas.com/products/mam-bootle-set-4pc-bundle-160m-665672202,,2026-08-07 07:45:33,£63.20,112637,MAM,1,,,,,,Bottles
https://www.awin1.com/pclick.php?p=43477477180&a=2771700&m=6526,Cybex Gazelle S Pushchair &amp; Carrycot Bundle (5 Pieces) - Chocolate Brown.,43477477180,GB _GBP_51529171796305,https://cdn.shopify.com/s/files/1/0414/6023/6453/files/cybex-cybex-gazelle-s-pushchair-carrycot-bundle-5-pieces-chocolate-brown-1182491433.jpg?v=1753970452,"Bundle includes Cybex Gazelle Pushchair, Cybex Gazelle S Carrycot, Cybex Gold Pushchair Footmuff- Black, Cybex Cupholder, Cybex Balios S Car Seat Adaptors. Cybex Gazelle S Pushchair – Chocolate Brown Despite its size, the Cybex Gazelle S folds up compact, fitting handily into almost any car boot, ready for a quick unfold once you’ve reached your destination. Whether you’re planning a picnic, day trip or shopping spree, you can benefit from a generous 23 kilos of shopping capacity. Make full use of a huge lower basket and a free detachable shopper basket that’s included with every Cybex Gazelle S stroller. The new unique Cybex one-pull harness lets you fit and secure your child in seconds. The new recline mechanism makes reclining your little one into a sleeping position smooth and easy. With practically endless set-up possibilities, it’s the family stroller that always has a solution. The Cybex Gazelle S: Ready for your family. Cybex Gazelle S Carrycot – Chocolate Brown The Cybex Gazelle S Carrycot is ideal for babies from birth until they are approximately six months old, compatible with the Cybex Gazelle S and Cybex eGazelle S pushchairs. Approved for overnight sleeping, and with a cosy interior lining and soft foam mattress the carrycot offers maximum comfort and support. Simply click the carrycot to the Cybex Gazelle S pushchair frame and you’re ready to go, removing the carrycot from the frame is just as easy using the memory buttons and integrated carrying handle. The Cybex Gazelle S Cot has a panorama sky view window for improved air circulation and a UPF50+ XXL sun canopy, keeping your baby protected from day one. Cybex Gold Pushchair Footmuff – Black Meet the practical companion for your winter strolls: the Cybex Gold Footmuff. It keeps your little one warm when it gets cold outside - with a soft and comfortable fleece lining. Attach it quickly to your Cybex Gold pushchair and also easily remove it for cleaning. Suitable for machine washing using the gentle cycle, then line dry. Cybex Gazelle S Pushchair – Chocolate Brown Age Suitability: Birth – approx 4 years Weight Suitability: Max 22kg Care &amp; Maintenance: Wash fabrics at 30 and line dry or wipe down Safety / Warnings: Never leave your child in the car unattended Cybex Gazelle S Carrycot – Chocolate Brown Age Suitability: Birth – approx 6 months Weight Suitability: Max 9kg Care &amp; Maintenance: Wash fabrics at 30 and line dry or wipe down Cybex Gold Pushchair Footmuff – Black Age Suitability: From 6 months to 4 years Composition: Fleece Lining Care &amp; Maintenance: 30 degrees machine washing using gentle cycle &amp; Line dry Cybex Gazelle S Pushchair – Chocolate Brown 107 x 66 x 110 Cybex Gazelle S Carrycot – Chocolate Brown 71 x 32 x 23 Cybex Gold Pushchair Footmuff – Black Weight: 0.8kg Dimensions: 91cm x 37cm x 14cm One-pull harness 20+configurations to suit your families needs Folds with one or two seats attached Baby &amp; Toddler &gt; Baby Transport &gt; Pushchairs &amp; Prams",,949.95,Mamas & Papas,6526,,,https://images2.productserve.com/?w=200&h=200&bg=white&trim=5&t=letterbox&url=ssl%3Acdn.shopify.com%2Fs%2Ffiles%2F1%2F0414%2F6023%2F6453%2Ffiles%2Fcybex-cybex-gazelle-s-pushchair-carrycot-bundle-5-pieces-chocolate-brown-1182491433.jpg%3Fv%3D1753970452&feedId=112637&k=89c835f9496271881078536ada1f68069d08f3a2,GBP,,0 GBP,https://www.mamasandpapas.com/products/gazelle-s-5pc-bundle-chocolate-brown-289941501,,2026-08-07 08:32:57,£949.95,112637,Cybex,1,,,,,,Pram & Pushchair
https://www.awin1.com/pclick.php?p=43477477208&a=2771700&m=6526,"Mamas &amp; Papas Ocarro 2 Pushchair Crema All-Terrain Baby Stroller with Upgraded Wheels, Compact One-Piece Fold, Plush Fabrics, Safe Sleep Carrycot, Footmuff, Blanket, Toy &amp; Accessories Birth to 22kg",43477477208,GB _GBP_51599007613265,https://cdn.shopify.com/s/files/1/0414/6023/6453/files/mamas-papas-pushchairs-ocarro-2-pushchair-crema-1183358701.jpg?v=1754498225,Baby &amp; Toddler &gt; Baby Transport &gt; Pushchairs &amp; Prams,,849,Mamas & Papas,6526,,,https://images2.productserve.com/?w=200&h=200&bg=white&trim=5&t=letterbox&url=ssl%3Acdn.shopify.com%2Fs%2Ffiles%2F1%2F0414%2F6023%2F6453%2Ffiles%2Fmamas-papas-pushchairs-ocarro-2-pushchair-crema-1183358701.jpg%3Fv%3D1754498225&feedId=112637&k=429b08b56e2305ad11aebdd909cca15d1f3c57e3,GBP,,0 GBP,https://www.mamasandpapas.com/products/ocarro2-61612cr00,,2026-08-07 07:49:58,£849,112637,Mamas & Papas,1,,,,,,Pram & Pushchair
https://www.awin1.com/pclick.php?p=43477477216&a=2771700&m=6526,Mamas &amp; Papas Ocarro 2 Heritage Teddy Bear Soft Toy Brown Plush Newborn Baby Cuddle Companion Ultra Soft Faux Fur Classic Bear Character Nursery Keepsake Gift,43477477216,GB _GBP_51607987552593,https://cdn.shopify.com/s/files/1/0414/6023/6453/files/mamas-papas-ocarro-2-heritage-bear-1183358756.jpg?v=1754498469,"Designed to coordinate with the Ocarro 2 Heritage range, your little one will love snuggling up with this soft faux fur teddy bear. Crafted using off-cuts of the pushchair fabric, it makes the perfect keepsake. Crafted from super-soft faux fur Classic bear character Designed to co-ordinate with our Ocarro 2 Heritage pushchair Baby &amp; Toddler &gt; Baby Transport Accessories &gt; Baby Pushchair &amp; Pram Accessories",,22,Mamas & Papas,6526,,,https://images2.productserve.com/?w=200&h=200&bg=white&trim=5&t=letterbox&url=ssl%3Acdn.shopify.com%2Fs%2Ffiles%2F1%2F0414%2F6023%2F6453%2Ffiles%2Fmamas-papas-ocarro-2-heritage-bear-1183358756.jpg%3Fv%3D1754498469&feedId=112637&k=0df7df16efdcae4d0ad31e644bc3f62b69870cc7,GBP,,4.95 GBP,https://www.mamasandpapas.com/products/travel-bear-296108100,,2026-08-07 07:49:59,£22,112637,Mamas & Papas,1,,,,,,First Toys
https://www.awin1.com/pclick.php?p=43477477314&a=2771700&m=6526,Mamas &amp; Papas Soft Toy - Grey Bunny Light Grey Plush Newborn Baby Cuddle Companion Ultra Soft Downy Faux Fur Floppy Ears &amp; Tufted Tail Gentle First Gift,43477477314,GB _GBP_51680929841489,https://cdn.shopify.com/s/files/1/0414/6023/6453/files/mamas-papas-soft-toys-soft-toy-grey-bunny-1187312131.jpg?v=1756204385,"An adorable and timeless companion that’s sure to keep them oh-so-hoppy! With super-soft fur, beany texture, sweet, tufted tail and the cutest, oversized ears, cheeks and feet, he’s beautifully tactile and made for snuggles. And because he’s suitable from birth, this floppy-eared bunny bestie can be by their side from day one. Why We Love It: Crafted from soft, plush, downy faux fur that’s gentle on delicate skin. Ultra-soft, long, floppy ears add sensory element as they touch, grasp and stroke. Coordinates with our Bunny print Cotton Essentials range and Bunny toys. Suitable for newborns. Safety Warnings: All Mamas &amp; Papas products comply with all the relevant latest British and European Safety Standards and Regulations. W 21 x L 19 x D 17cm Makes the most adorable first gift Crafted from super-snuggly downy faux fur Suitable from birth Toys &amp; Games &gt; Toys &gt; Dolls, Playsets &amp; Toy Figures &gt; Stuffed Animals",,16,Mamas & Papas,6526,,,https://images2.productserve.com/?w=200&h=200&bg=white&trim=5&t=letterbox&url=ssl%3Acdn.shopify.com%2Fs%2Ffiles%2F1%2F0414%2F6023%2F6453%2Ffiles%2Fmamas-papas-soft-toys-soft-toy-grey-bunny-1187312131.jpg%3Fv%3D1756204385&feedId=112637&k=c20121926cec76780f0b747ec39b8925268d5fa9,GBP,,4.95 GBP,https://www.mamasandpapas.com/products/soft-toy-grey-bunny-4855b2b00,,2026-08-07 07:50:08,£16,112637,Mamas & Papas,1,,,,,,First Toys
https://www.awin1.com/pclick.php?p=43477477315&a=2771700&m=6526,Mamas &amp; Papas Soft Toy - Grey Bunny Beanie Light Grey Plush Newborn Baby Cuddle Friend Ultra Soft Downy Faux Fur Floppy Ears &amp; Tufted Tail Gentle First Gift,43477477315,GB _GBP_51682497036625,https://cdn.shopify.com/s/files/1/0414/6023/6453/files/mamas-papas-soft-toys-soft-toy-grey-bunny-beanie-1186095163.jpg?v=1755611344,"This floppy-eared beanie bunny makes the cutest cuddle companion from birth and beyond. Perfectly sized for little hands, he’s crafted from soft, downy faux fur with a beany texture, sweet, tufted tail, and the cutest, oversized ears, cheeks, and feet, making him beautifully tactile and endlessly lovable. Why We Love It: Crafted from soft, plush, downy faux fur that’s gentle on delicate skin. Ultra-soft, long, floppy ears add sensory element as they touch, grasp and stroke. Coordinates with our Bunny print Cotton Essentials range and Bunny toys. Suitable for newborns. safety warnings: All Mamas &amp; Papas products comply with all the relevant latest British and European Safety Standards and Regulations. Dimensions: W 15 x L 10 x D 10cm Makes the most adorable first gift Crafted from super-snuggly downy faux fur Suitable from birth Toys &amp; Games &gt; Toys &gt; Dolls, Playsets &amp; Toy Figures &gt; Stuffed Animals",,10,Mamas & Papas,6526,,,https://images2.productserve.com/?w=200&h=200&bg=white&trim=5&t=letterbox&url=ssl%3Acdn.shopify.com%2Fs%2Ffiles%2F1%2F0414%2F6023%2F6453%2Ffiles%2Fmamas-papas-soft-toys-soft-toy-grey-bunny-beanie-1186095163.jpg%3Fv%3D1755611344&feedId=112637&k=417ccbfa4848817fb82f7d59d56ab6089d1e47c3,GBP,,4.95 GBP,https://www.mamasandpapas.com/products/soft-toy-grey-bunny-beanie-4855b2b01,,2026-08-07 07:50:08,£10,112637,Mamas & Papas,1,,,,,,First Toys
https://www.awin1.com/pclick.php?p=43477477319&a=2771700&m=6526,Mamas &amp; Papas Mini Rattle - Grey Bunny Light Grey Plush Newborn Baby Sensory Rattle Toy Ultra Soft Faux Fur Long Floppy Ears Encourages Grasping &amp; Motor Skills,43477477319,GB _GBP_51687145537873,https://cdn.shopify.com/s/files/1/0414/6023/6453/files/mamas-papas-activity-toys-mini-rattle-grey-bunny-1186095156.jpg?v=1755611225,"Rattle toys don’t come much cuter than this soft, squishy bunny. With super-tactile downy faux fur, ultra-soft, long ears, and an exciting rattle sound to discover, he’ll keep little ones extra ‘hoppy’ as they grasp, squeeze and shake. Why We Love It: Perfectly sized for little hands to help encourage ‘grabbing’ motor skills. Adorable, tactile bunny character to encourage imagination. Coordinates with our Bunny print Cotton Essentials range and Bunny toys. Suitable from birth. Safety Warnings: All Mamas &amp; Papas products comply with all the relevant latest British and European Safety Standards and Regulations. Dimensions: W 13 x L 11 x D 6cm Cute bunny rattle toy perfect for tiny hands Ultra-soft faux fur fabric that’s gentle on baby’s skin Suitable from birth, so makes an adorable first gift Toys &amp; Games &gt; Toys &gt; Educational Toys",,8,Mamas & Papas,6526,,,https://images2.productserve.com/?w=200&h=200&bg=white&trim=5&t=letterbox&url=ssl%3Acdn.shopify.com%2Fs%2Ffiles%2F1%2F0414%2F6023%2F6453%2Ffiles%2Fmamas-papas-activity-toys-mini-rattle-grey-bunny-1186095156.jpg%3Fv%3D1755611225&feedId=112637&k=9cc462fdfac123964c3c3e6fbca3acbd375b968b,GBP,,4.95 GBP,https://www.mamasandpapas.com/products/mini-rattle-grey-bunny-7558b2b00,,2026-08-07 07:50:08,£8,112637,Mamas & Papas,1,,,,,,First Toys
https://www.awin1.com/pclick.php?p=45457275846&a=2771700&m=6526,Mamas &amp; Papas 0-3m Bunny All In One &amp; Bunny Soft Toy Gift Box,45457275846,GB _GBP_51687240335697,https://cdn.shopify.com/s/files/1/0414/6023/6453/files/mamas-papas-gift-boxes-0-3m-bunny-all-in-one-bunny-soft-toy-gift-box-1186086964.jpg?v=1755606784,"Bunny Print Zip All In One This bunny-print all-in-one ticks boxes for both cuteness and comfort. All-over bunny print Long-sleeved with integrated turn-back mitts Full zip fastening 100% cotton Soft Toy - Grey Bunny An adorable and timeless companion that’s sure to keep them oh-so-hoppy! With super-soft fur, beany texture, sweet, tufted tail and the cutest, oversized ears, cheeks and feet, he’s beautifully tactile and made for snuggles. And because he’s suitable from birth, this floppy-eared bunny bestie can be by their side from day one. Bunny Print Zip All In One Composition: 100% cotton Washcare: 40 degree wash/ do not bleach/ cool tumble dry/ cool iron/ do not dry clean/ wash dark colours seperately Warning: Keep away from fire Soft Toy - Grey Bunny Safety Warnings: All Mamas &amp; Papas products comply with all the relevant latest British and European Safety Standards and Regulations. Soft Toy - Grey Bunny Dimensions: W 21 x L 19 x D 17cm Adorable bunny print Easy zip opening for quick changes Soft cotton fabric that's gentle on newborn skin Baby &amp; Toddler &gt; Baby &amp; Toddler Gift Sets",,39,Mamas & Papas,6526,,,https://images2.productserve.com/?w=200&h=200&bg=white&trim=5&t=letterbox&url=ssl%3Acdn.shopify.com%2Fs%2Ffiles%2F1%2F0414%2F6023%2F6453%2Ffiles%2Fmamas-papas-gift-boxes-0-3m-bunny-all-in-one-bunny-soft-toy-gift-box-1186086964.jpg%3Fv%3D1755606784&feedId=112637&k=135d0cb49168975690b33ef15c2e17cf0d315902,GBP,,4.95 GBP,https://www.mamasandpapas.com/products/giftbox-bunny-aio-bunny-soft-toy-0-3m-8031fk200,,2026-08-07 07:50:09,£39,112637,Mamas & Papas,1,,,,,,First Toys
https://www.awin1.com/pclick.php?p=43477477681&a=2771700&m=6526,Joie finiti™ 4in1 Signature Pushchair &amp; Ramble XL ™ Signature Carrycot Bundle - Maple,43477477681,GB _GBP_51927408968017,https://cdn.shopify.com/s/files/1/0414/6023/6453/files/joie-joie-finiti-4in1-signature-pushchair-ramble-xl-signature-carrycot-bundle-maple-1194813786.jpg?v=1758883126,"Joie finiti™ 4in1 Signature Pushchair – Maple old. Every way to ride is effortless, from cradling, to carrying, to cruising either way. All systems go - Every way to ride is effortless, from cradling, to carrying, to cruising either way. Flat out chill - For brand new baby or sleepy time toddlers, the fully lie-flat tilting seat is ready for rolling and relaxing. Folds with flourish - No need to double over as you fold up, thanks to a handy quick release right on the back of the seat. Let’s bounce - The bumpier the better with a springy flex™ comfort seat that smooths out the bumps right in the seat and right where it matters most. Tyres that rock - Toughest terrain managed with foam-filled and Puncture Proof™ rubber tyres. Enjoying the cool - Full-coverage, expandable hood with visor dims sunlight and provides privacy. Product Features: Handy quick release right on the back of the seat allows for easy fold up Innovative flex comfort suspension in the seat is engineered for the smoothest ride PunctureProof™ foam-filled rubber tyres Quick action one touch brake Detachable bum bag attached to basket Ramble XL ™ Signature Carrycot – Maple Meet the Joie Signature ramble™ xl the Lie-flat carry cot that keeps them comfortable while on the go with plenty of room to grow. 180° lie flat - Ergonomic flat recline helps support proper development while on the go and is approved for overnight sleep. Travel system compatible - Pairs with most Joie pushchairs to create an effortless travel system that keeps your little cosy and cocooned on the go. Lightweight - This 3.67 kg lightweight carry cot can effortlessly be placed on your pushchair with a built-in leatherette carry handle that folds down for easy storage Product Features: Pairs perfectly with Joie Finiti™, Versatrax™, and Versiti™ pushchairs UPF 50+ canopy keeps the sunshine at bay the smart way and retracts for easy access to baby Keep your little one warm and snuggly even in cold weather thanks to a cool weather boot that snaps on and off in an instant Approved for overnight sleeping to keep baby cosy and safe all night long Extendable canopy with added ventilation keeps baby cool and dry Memory button removal from stroller or carrycot stand Carry comfortably thanks to a luxury leatherette handle Joie finiti™ 4in1 Signature Pushchair – Maple Weight Suitability: birth - 22kg Maximum Child Weight (kg): 22kg Safety / Warnings: See instruction manual Standards UK / Europe: EN1888 Care &amp; Maintenance: To clean stroller frame, use only household soap and warm water. No bleach or detergent. Please refer to the care label for instructions on cleaning the fabric parts of the stroller. All removable fabric parts may be washed in cold water and drip-dried. No bleach. Any fabric parts which are not removable should be spot-cleaned using a soft cloth and warm soapy water. See instruction manual Ramble XL ™ Signature Carrycot – Maple Age Suitability: Birth - approx. 6 months Maximum Child Weight (kg): Birth - 9kg Safety / Warnings: See instruction manual Standards UK / Europe: EN1466 Care &amp; Maintenance: See instruction manual for full care instructions Joie finiti™ 4in1 Signature Pushchair – Maple Dimensions: L 91 x W 63 x H 111 cm Ramble XL ™ Signature Carrycot – Maple Dimensions: L 900x W 420 x H 620mm Weight 3.67 kg 4in1 multitasker cleverly combines carry cot, infant carrier and forward or rearward facing seat all in one Lightweight at just 11.21 kg Whether the seat is fastened forward or rearward, this pushchair tucks closed and stands ready to store with a quick tug Baby &amp; Toddler &gt; Baby Transport &gt; Pushchairs &amp; Prams",,500,Mamas & Papas,6526,,,https://images2.productserve.com/?w=200&h=200&bg=white&trim=5&t=letterbox&url=ssl%3Acdn.shopify.com%2Fs%2Ffiles%2F1%2F0414%2F6023%2F6453%2Ffiles%2Fjoie-joie-finiti-4in1-signature-pushchair-ramble-xl-signature-carrycot-bundle-maple-1194813786.jpg%3Fv%3D1758883126&feedId=112637&k=5086e391c4b271fc1841b0061720bffb8ea1ddc8,GBP,,0 GBP,https://www.mamasandpapas.com/products/joie-finiti-ramble-xl-bund-maple-51612j902,,2026-08-07 08:01:36,£500,112637,Joie,1,,,,,,Pram & Pushchair
https://www.awin1.com/pclick.php?p=43477477887&a=2771700&m=6526,Little Green Sheep Furrow Knit Moses Basket &amp; Mattress - Linen,43477477887,GB _GBP_52127840829777,https://cdn.shopify.com/s/files/1/0414/6023/6453/files/little-green-sheep-little-green-sheep-furrow-knit-moses-basket-mattress-linen-1198034249.jpg?v=1760633717,"The home of the Moses basket Moses baskets offer a safe and secure place for your baby during their first six months. Our beautifully crafted collection, made from natural palm leaf, ensures a natural and healthy environment free from harmful chemicals. Product Features: The basket Crafted from strong, natural palm leaf, this robust basket is free from harmful chemicals and nasties, featuring easy-to-pick-up handles for convenient use around the home. All our Moses baskets are rigorously tested for handle strength, ensuring you can lift with peace of mind. The liners Our signature Moses basket collection features beautifully knitted, quilted and muslin cotton options and natural quilted liners in a selection of colours, providing super soft comfort to keep your little one cosy and snug while allowing air to circulate. The natural mattress Our Moses basket includes a luxurious 100% natural £59.95 mattress, crafted with firm support for newborns and featuring natural materials and a herringbone cotton cover for the perfect start. Item Includes: Palm leaf basket, Your chosen liner, 100% natural mattress Age Suitability: Suitable from birth until approx. 6 months (or until your baby can sit up unaided) Weight Suitability: Maximum weight of the child: 9 kg (20lbs) Fabric Composition: Natural mattress: Cover: 100% Natural Cotton, Quilting: 100% Wool, Inside: 100% Coconut Coir. Cotton Muslin Liner: 100% Cotton Liner Base: 100% Polypropylene Maximum Child Weight Maximum weight of the child: 9 kg (20lbs) Safety / Warnings: This product is suitable only for a child who cannot sit up unaided, roll over, and cannot push itself up on its hands and knees. Only use on a firm, horizontal level, and dry surface. Do not let other children play unattended near the carry cot / moses basket and stand. Keep away from fire. This mattress may not soak up vomit. Do not use the mattress if any part is broken, torn or missing and use only replacement or spare parts approved by the manufacturer. Do not add another mattress on top of the mattress provided or recommended by The Little Green Sheep. Be aware of the risk of open fire and other sources of strong heat, such as electric bar fires, gas fires, etc. in the near vicinity of this product. Standards UK / Europe: Meets BS EN 1466:2023 (basket and stand); BS 18700:2023 and BS 7177:2008+A1:2011 (mattress) Care &amp; Maintenance: Machine wash liner (30°C), sponge clean and air-dry basket and mattress. Images are for guidance only. As this product is made using natural materials, colour variations may be present across parts &amp; individual products. A waterproof mattress protector is strongly recommended to keep your mattress in the best condition. Dimensions: Basket: Base edge: 75.5 x 30cm, Top edge: 82 x 42 cm Mattress: Size: 28 x 74cm Natural - Materials to feel good about Beautiful - A colour &amp; texture to suit any home Portable - Lightweight, keeping baby close at home and beyond Please note: Stand sold separately. Home &amp; Garden &gt; Linens &amp; Bedding &gt; Bedding",,125,Mamas & Papas,6526,,,https://images2.productserve.com/?w=200&h=200&bg=white&trim=5&t=letterbox&url=ssl%3Acdn.shopify.com%2Fs%2Ffiles%2F1%2F0414%2F6023%2F6453%2Ffiles%2Flittle-green-sheep-little-green-sheep-furrow-knit-moses-basket-mattress-linen-1198034249.jpg%3Fv%3D1760633717&feedId=112637&k=0146c928c3bd2e622749c71eaf24888a017ad69e,GBP,,0 GBP,https://www.mamasandpapas.com/products/lgs-moses-basket-furrow-ds-264145000,,2026-08-07 08:01:56,£125,112637,Little Green Sheep,1,,,,,,Moses Basket & Mattress
https://www.awin1.com/pclick.php?p=43477477889&a=2771700&m=6526,Little Green Sheep Muslin Moses Basket &amp; Mattress - Ecru,43477477889,GB _GBP_52127875039569,https://cdn.shopify.com/s/files/1/0414/6023/6453/files/little-green-sheep-little-green-sheep-muslin-moses-basket-mattress-ecru-1198034240.jpg?v=1760633710,"The home of the Moses basket Moses baskets offer a safe and secure place for your baby during their first six months. Our beautifully crafted collection, made from natural palm leaf, ensures a natural and healthy environment free from harmful chemicals. Product Features: The basket Crafted from strong, natural palm leaf, this robust basket is free from harmful chemicals and nasties, featuring easy-to-pick-up handles for convenient use around the home. All our Moses baskets are rigorously tested for handle strength, ensuring you can lift with peace of mind. The liners Our signature Moses basket collection features beautifully knitted, quilted and muslin cotton options and natural quilted liners in a selection of colours, providing super soft comfort to keep your little one cosy and snug while allowing air to circulate. The natural mattress Our Moses basket includes a luxurious 100% natural £59.95 mattress, crafted with firm support for newborns and featuring natural materials and a herringbone cotton cover for the perfect start. Item Includes: Palm leaf basket, Your chosen liner, 100% natural mattress Age Suitability: Suitable from birth until approx. 6 months (or until your baby can sit up unaided) Weight Suitability: Maximum weight of the child: 9 kg (20lbs) Fabric Composition: Natural mattress: Cover: 100% Natural Cotton, Quilting: 100% Wool, Inside: 100% Coconut Coir. Cotton Muslin Liner: 100% Cotton Liner Base: 100% Polypropylene Maximum Child Weight Maximum weight of the child: 9 kg (20lbs) Safety / Warnings: This product is suitable only for a child who cannot sit up unaided, roll over, and cannot push itself up on its hands and knees. Only use on a firm, horizontal level, and dry surface. Do not let other children play unattended near the carry cot / moses basket and stand. Keep away from fire. This mattress may not soak up vomit. Do not use the mattress if any part is broken, torn or missing and use only replacement or spare parts approved by the manufacturer. Do not add another mattress on top of the mattress provided or recommended by The Little Green Sheep. Be aware of the risk of open fire and other sources of strong heat, such as electric bar fires, gas fires, etc. in the near vicinity of this product. Standards UK / Europe: Meets BS EN 1466:2023 (basket and stand); BS 18700:2023 and BS 7177:2008+A1:2011 (mattress) Care &amp; Maintenance: Machine wash liner (30°C), sponge clean and air-dry basket and mattress. Images are for guidance only. As this product is made using natural materials, colour variations may be present across parts &amp; individual products. A waterproof mattress protector is strongly recommended to keep your mattress in the best condition. Dimensions: Basket: Base edge: 75.5 x 30cm, Top edge: 82 x 42 cm Mattress: Size: 28 x 74cm Natural - Materials to feel good about Beautiful - A colour &amp; texture to suit any home Portable - Lightweight, keeping baby close at home and beyond Please note: Stand sold separately. Home &amp; Garden &gt; Linens &amp; Bedding &gt; Bedding",,125,Mamas & Papas,6526,,,https://images2.productserve.com/?w=200&h=200&bg=white&trim=5&t=letterbox&url=ssl%3Acdn.shopify.com%2Fs%2Ffiles%2F1%2F0414%2F6023%2F6453%2Ffiles%2Flittle-green-sheep-little-green-sheep-muslin-moses-basket-mattress-ecru-1198034240.jpg%3Fv%3D1760633710&feedId=112637&k=4a045be9171f7d00541e4897478765a3213efca9,GBP,,0 GBP,https://www.mamasandpapas.com/products/lgs-moses-basket-ecru-ds-26412c500,,2026-08-07 08:01:56,£125,112637,Little Green Sheep,1,,,,,,Moses Basket & Mattress
https://www.awin1.com/pclick.php?p=43477477890&a=2771700&m=6526,Little Green Sheep Muslin Moses Basket &amp; Mattress - Truffle,43477477890,GB _GBP_52127887327569,https://cdn.shopify.com/s/files/1/0414/6023/6453/files/little-green-sheep-little-green-sheep-muslin-moses-basket-mattress-truffle-1198034228.jpg?v=1760633602,"The home of the Moses basket Moses baskets offer a safe and secure place for your baby during their first six months. Our beautifully crafted collection, made from natural palm leaf, ensures a natural and healthy environment free from harmful chemicals. Product Features: The basket Crafted from strong, natural palm leaf, this robust basket is free from harmful chemicals and nasties, featuring easy-to-pick-up handles for convenient use around the home. All our Moses baskets are rigorously tested for handle strength, ensuring you can lift with peace of mind. The liners Our signature Moses basket collection features beautifully knitted, quilted and muslin cotton options and natural quilted liners in a selection of colours, providing super soft comfort to keep your little one cosy and snug while allowing air to circulate. The natural mattress Our Moses basket includes a luxurious 100% natural £59.95 mattress, crafted with firm support for newborns and featuring natural materials and a herringbone cotton cover for the perfect start. Item Includes: Palm leaf basket, Your chosen liner, 100% natural mattress Age Suitability: Suitable from birth until approx. 6 months (or until your baby can sit up unaided) Weight Suitability: Maximum weight of the child: 9 kg (20lbs) Fabric Composition: Natural mattress: Cover: 100% Natural Cotton, Quilting: 100% Wool, Inside: 100% Coconut Coir. Cotton Muslin Liner: 100% Cotton Liner Base: 100% Polypropylene Maximum Child Weight Maximum weight of the child: 9 kg (20lbs) Safety / Warnings: This product is suitable only for a child who cannot sit up unaided, roll over, and cannot push itself up on its hands and knees. Only use on a firm, horizontal level, and dry surface. Do not let other children play unattended near the carry cot / moses basket and stand. Keep away from fire. This mattress may not soak up vomit. Do not use the mattress if any part is broken, torn or missing and use only replacement or spare parts approved by the manufacturer. Do not add another mattress on top of the mattress provided or recommended by The Little Green Sheep. Be aware of the risk of open fire and other sources of strong heat, such as electric bar fires, gas fires, etc. in the near vicinity of this product. Standards UK / Europe: Meets BS EN 1466:2023 (basket and stand); BS 18700:2023 and BS 7177:2008+A1:2011 (mattress) Care &amp; Maintenance: Machine wash liner (30°C), sponge clean and air-dry basket and mattress. Images are for guidance only. As this product is made using natural materials, colour variations may be present across parts &amp; individual products. A waterproof mattress protector is strongly recommended to keep your mattress in the best condition. Dimensions: Basket: Base edge: 75.5 x 30cm, Top edge: 82 x 42 cm Mattress: Size: 28 x 74cm Natural - Materials to feel good about Beautiful - A colour &amp; texture to suit any home Portable - Lightweight, keeping baby close at home and beyond Please note: Stand sold separately. Home &amp; Garden &gt; Linens &amp; Bedding &gt; Bedding",,125,Mamas & Papas,6526,,,https://images2.productserve.com/?w=200&h=200&bg=white&trim=5&t=letterbox&url=ssl%3Acdn.shopify.com%2Fs%2Ffiles%2F1%2F0414%2F6023%2F6453%2Ffiles%2Flittle-green-sheep-little-green-sheep-muslin-moses-basket-mattress-truffle-1198034228.jpg%3Fv%3D1760633602&feedId=112637&k=c56198bab7d56e80f12aaa4efcb56dd9149694fa,GBP,,0 GBP,https://www.mamasandpapas.com/products/lgs-moses-basket-truffle-ds-264189200,,2026-08-07 08:01:56,£125,112637,Little Green Sheep,1,,,,,,Moses Basket & Mattress
https://www.awin1.com/pclick.php?p=43477477891&a=2771700&m=6526,Little Green Sheep Quilted Moses Basket &amp; Mattress - Leaves,43477477891,GB _GBP_52127887393105,https://cdn.shopify.com/s/files/1/0414/6023/6453/files/little-green-sheep-little-green-sheep-quilted-moses-basket-mattress-leaves-1198034216.jpg?v=1760633465,"The home of the Moses basket Moses baskets offer a safe and secure place for your baby during their first six months. Our beautifully crafted collection, made from natural palm leaf, ensures a natural and healthy environment free from harmful chemicals. Product Features: The basket Crafted from strong, natural palm leaf, this robust basket is free from harmful chemicals and nasties, featuring easy-to-pick-up handles for convenient use around the home. All our Moses baskets are rigorously tested for handle strength, ensuring you can lift with peace of mind. The liners Our signature Moses basket collection features beautifully knitted, quilted and muslin cotton options and natural quilted liners in a selection of colours, providing super soft comfort to keep your little one cosy and snug while allowing air to circulate. The natural mattress Our Moses basket includes a luxurious 100% natural £59.95 mattress, crafted with firm support for newborns and featuring natural materials and a herringbone cotton cover for the perfect start. Item Includes: Palm leaf basket, Your chosen liner, 100% natural mattress Age Suitability: Suitable from birth until approx. 6 months (or until your baby can sit up unaided) Weight Suitability: Maximum weight of the child: 9 kg (20lbs) Fabric Composition: Natural mattress: Cover: 100% Natural Cotton, Quilting: 100% Wool, Inside: 100% Coconut Coir. Quilted Liner: 100% Cotton, Liner Base: 100% Polypropylene Maximum Child Weight Maximum weight of the child: 9 kg (20lbs) Safety / Warnings: This product is suitable only for a child who cannot sit up unaided, roll over, and cannot push itself up on its hands and knees. Only use on a firm, horizontal level, and dry surface. Do not let other children play unattended near the carry cot / moses basket and stand. Keep away from fire. This mattress may not soak up vomit. Do not use the mattress if any part is broken, torn or missing and use only replacement or spare parts approved by the manufacturer. Do not add another mattress on top of the mattress provided or recommended by The Little Green Sheep. Be aware of the risk of open fire and other sources of strong heat, such as electric bar fires, gas fires, etc. in the near vicinity of this product. Standards UK / Europe: Meets BS EN 1466:2023 (basket and stand); BS 18700:2023 and BS 7177:2008+A1:2011 (mattress) Care &amp; Maintenance: Machine wash liner (30°C), sponge clean and air-dry basket and mattress. Images are for guidance only. As this product is made using natural materials, colour variations may be present across parts &amp; individual products. A waterproof mattress protector is strongly recommended to keep your mattress in the best condition. Dimensions: Basket: Base edge: 75.5 x 30cm, Top edge: 82 x 42 cm Mattress: Size: 28 x 74cm Natural - Materials to feel good about Beautiful - A colour &amp; texture to suit any home Portable - Lightweight, keeping baby close at home and beyond Please note: Stand sold separately. Home &amp; Garden &gt; Linens &amp; Bedding &gt; Bedding",,125,Mamas & Papas,6526,,,https://images2.productserve.com/?w=200&h=200&bg=white&trim=5&t=letterbox&url=ssl%3Acdn.shopify.com%2Fs%2Ffiles%2F1%2F0414%2F6023%2F6453%2Ffiles%2Flittle-green-sheep-little-green-sheep-quilted-moses-basket-mattress-leaves-1198034216.jpg%3Fv%3D1760633465&feedId=112637&k=ed74bf0fa3266a26e0e8bd5c9aaa789b536d0c39,GBP,,0 GBP,https://www.mamasandpapas.com/products/lgs-moses-basket-leaves-ds-26411lf00,,2026-08-07 08:01:57,£125,112637,Little Green Sheep,1,,,,,,Moses Basket & Mattress
https://www.awin1.com/pclick.php?p=43477477919&a=2771700&m=6526,Mamas &amp; Papas Pillow – Peony Comfortable Maternity Cushion,43477477919,GB _GBP_52228298768721,https://cdn.shopify.com/s/files/1/0414/6023/6453/files/mamas-papas-breastfeeding-pregnancy-nursing-pillow-peony-1200416649.jpg?v=1761756176,Mamas &amp; Papas Pillow,,49,Mamas & Papas,6526,,,https://images2.productserve.com/?w=200&h=200&bg=white&trim=5&t=letterbox&url=ssl%3Acdn.shopify.com%2Fs%2Ffiles%2F1%2F0414%2F6023%2F6453%2Ffiles%2Fmamas-papas-breastfeeding-pregnancy-nursing-pillow-peony-1200416649.jpg%3Fv%3D1761756176&feedId=112637&k=4189f770e666df5652a865975c3bb40e7d7a8875,GBP,,4.95 GBP,https://www.mamasandpapas.com/products/pregnancy-nursing-pillow-peony-50211pn00,,2026-08-07 08:05:20,£49,112637,Mamas & Papas,1,,,,,,Feeding Pillow
https://www.awin1.com/pclick.php?p=43582975551&a=2771700&m=6526,Mamas &amp; Papas Knitted White Top - 0-3 Months,43582975551,GB _GBP_52646797214033,https://cdn.shopify.com/s/files/1/0414/6023/6453/files/mamas-papas-jumpers-knitwear-knitted-white-top-1217520436.jpg?v=1768912630,"Super pretty and versatile, this girls white knitted top is perfect for dressy days out. Chevron stitch, scallop edge collar Scallop edge ribbed hem and cuffs Back button fastening 100% cotton Washcare: 40 degree wash, do not bleach, cool tumble dry, cool iron, do not dry clean Safety warnings: Keep away from fire Composition: 100% cotton Girls' pretty white knit top, ideal for dressy days Cute scallop edge detail 100% soft cotton for all-day comfort Clothing &amp; Accessories &gt; Clothing &gt; Baby &amp; Toddler Clothing &gt; Baby &amp; Toddler Tops",,11,Mamas & Papas,6526,,,https://images2.productserve.com/?w=200&h=200&bg=white&trim=5&t=letterbox&url=ssl%3Acdn.shopify.com%2Fs%2Ffiles%2F1%2F0414%2F6023%2F6453%2Ffiles%2Fmamas-papas-jumpers-knitwear-knitted-white-top-1217520436.jpg%3Fv%3D1768912630&feedId=112637&k=dbb037b88a56c60123c150b76ef28fc0028248be,GBP,,4.95 GBP,https://www.mamasandpapas.com/products/knitted-top-0-3-s81mm9bb2?variant=52646797214033,,2026-08-07 08:09:40,£11,112637,Mamas & Papas,1,,,,,,Baby Outfits
https://www.awin1.com/pclick.php?p=43582975552&a=2771700&m=6526,Mamas &amp; Papas Knitted White Top - 3-6 Months,43582975552,GB _GBP_52646797246801,https://cdn.shopify.com/s/files/1/0414/6023/6453/files/mamas-papas-jumpers-knitwear-knitted-white-top-1217520436.jpg?v=1768912630,"Super pretty and versatile, this girls white knitted top is perfect for dressy days out. Chevron stitch, scallop edge collar Scallop edge ribbed hem and cuffs Back button fastening 100% cotton Washcare: 40 degree wash, do not bleach, cool tumble dry, cool iron, do not dry clean Safety warnings: Keep away from fire Composition: 100% cotton Girls' pretty white knit top, ideal for dressy days Cute scallop edge detail 100% soft cotton for all-day comfort Clothing &amp; Accessories &gt; Clothing &gt; Baby &amp; Toddler Clothing &gt; Baby &amp; Toddler Tops",,11,Mamas & Papas,6526,,,https://images2.productserve.com/?w=200&h=200&bg=white&trim=5&t=letterbox&url=ssl%3Acdn.shopify.com%2Fs%2Ffiles%2F1%2F0414%2F6023%2F6453%2Ffiles%2Fmamas-papas-jumpers-knitwear-knitted-white-top-1217520436.jpg%3Fv%3D1768912630&feedId=112637&k=dbb037b88a56c60123c150b76ef28fc0028248be,GBP,,4.95 GBP,https://www.mamasandpapas.com/products/knitted-top-0-3-s81mm9bb2?variant=52646797246801,,2026-08-07 08:09:40,£11,112637,Mamas & Papas,1,,,,,,Baby Outfits
https://www.awin1.com/pclick.php?p=43582975553&a=2771700&m=6526,Mamas &amp; Papas Knitted White Top - 6-9 Months,43582975553,GB _GBP_52646797279569,https://cdn.shopify.com/s/files/1/0414/6023/6453/files/mamas-papas-jumpers-knitwear-knitted-white-top-1217520436.jpg?v=1768912630,"Super pretty and versatile, this girls white knitted top is perfect for dressy days out. Chevron stitch, scallop edge collar Scallop edge ribbed hem and cuffs Back button fastening 100% cotton Washcare: 40 degree wash, do not bleach, cool tumble dry, cool iron, do not dry clean Safety warnings: Keep away from fire Composition: 100% cotton Girls' pretty white knit top, ideal for dressy days Cute scallop edge detail 100% soft cotton for all-day comfort Clothing &amp; Accessories &gt; Clothing &gt; Baby &amp; Toddler Clothing &gt; Baby &amp; Toddler Tops",,11,Mamas & Papas,6526,,,https://images2.productserve.com/?w=200&h=200&bg=white&trim=5&t=letterbox&url=ssl%3Acdn.shopify.com%2Fs%2Ffiles%2F1%2F0414%2F6023%2F6453%2Ffiles%2Fmamas-papas-jumpers-knitwear-knitted-white-top-1217520436.jpg%3Fv%3D1768912630&feedId=112637&k=dbb037b88a56c60123c150b76ef28fc0028248be,GBP,,4.95 GBP,https://www.mamasandpapas.com/products/knitted-top-0-3-s81mm9bb2?variant=52646797279569,,2026-08-07 08:09:40,£11,112637,Mamas & Papas,1,,,,,,Baby Outfits
https://www.awin1.com/pclick.php?p=43582975554&a=2771700&m=6526,Mamas &amp; Papas Knitted White Top - 9-12 Months,43582975554,GB _GBP_52646797312337,https://cdn.shopify.com/s/files/1/0414/6023/6453/files/mamas-papas-jumpers-knitwear-knitted-white-top-1217520436.jpg?v=1768912630,"Super pretty and versatile, this girls white knitted top is perfect for dressy days out. Chevron stitch, scallop edge collar Scallop edge ribbed hem and cuffs Back button fastening 100% cotton Washcare: 40 degree wash, do not bleach, cool tumble dry, cool iron, do not dry clean Safety warnings: Keep away from fire Composition: 100% cotton Girls' pretty white knit top, ideal for dressy days Cute scallop edge detail 100% soft cotton for all-day comfort Clothing &amp; Accessories &gt; Clothing &gt; Baby &amp; Toddler Clothing &gt; Baby &amp; Toddler Tops",,11,Mamas & Papas,6526,,,https://images2.productserve.com/?w=200&h=200&bg=white&trim=5&t=letterbox&url=ssl%3Acdn.shopify.com%2Fs%2Ffiles%2F1%2F0414%2F6023%2F6453%2Ffiles%2Fmamas-papas-jumpers-knitwear-knitted-white-top-1217520436.jpg%3Fv%3D1768912630&feedId=112637&k=dbb037b88a56c60123c150b76ef28fc0028248be,GBP,,4.95 GBP,https://www.mamasandpapas.com/products/knitted-top-0-3-s81mm9bb2?variant=52646797312337,,2026-08-07 08:09:40,£11,112637,Mamas & Papas,1,,,,,,Baby Outfits
https://www.awin1.com/pclick.php?p=43776280302&a=2771700&m=6526,Maxi Cosi Maxi-Cosi FamilyFix 360 Car Seat Base - Black,43776280302,GB _GBP_52646982844753,https://cdn.shopify.com/s/files/1/0414/6023/6453/files/maxi-cosi-bases-maxi-cosi-familyfix-360-car-seat-base-black-1212754482.jpg?v=1767609516,"The next generation rotating car seat system consists of a rotating FamilyFix 360 base and compatible Pebble 360 and Pearl 360 car seats. FlexiSpin technology makes the base rotate in any reclined position. Thanks to the 360° rotation handle on the base, the 360° car seats can be rotated smoothly and easily using only one hand - perfect for busy parents with their hands full. Visual indicators and audio feedback on the base notify you when your car seat is correctly installed and the Anti-misuse rotation lock gives peace of mind knowing your baby travels in a rearward facing direction up to approximately 15 months. Product Features i-Size compliant, thanks to rear-facing travel capability of up to 4 years for extra head and neck protection. Safe rearward facing and forward facing travels possible from birth up to 4 years. Visual indicators and audio feedback notify you when your car seat is correctly installed. ISOFIX Connectors and support leg provide the safest, easiest and quickest way to install a car seat. TravelSafe rotation lock ensures safe rearward facing travels up to at least 15 months. Age Suitability: From 40 - 105cm or 0 - 18 kgSize: L64 x W4 x H64cmWeight: 7.9kg The FamilyFix 360 base has a smart built-in rotational system that enables the Pebble 360 car seat to be easily rotated using one hand. Thanks to the easy in-harness system, it's super quick and hassle free to get your baby in and out of the car. Flexispin technology makes the base rotate in any reclined position. Baby &amp; Toddler &gt; Baby Transport Accessories &gt; Baby &amp; Toddler Car Seat Accessories",,199.99,Mamas & Papas,6526,,,https://images2.productserve.com/?w=200&h=200&bg=white&trim=5&t=letterbox&url=ssl%3Acdn.shopify.com%2Fs%2Ffiles%2F1%2F0414%2F6023%2F6453%2Ffiles%2Fmaxi-cosi-bases-maxi-cosi-familyfix-360-car-seat-base-black-1212754482.jpg%3Fv%3D1767609516&feedId=112637&k=6641abc91662d52660afdb5f94bc2f2269c5ff51,GBP,,0 GBP,https://www.mamasandpapas.com/products/maxi-cosi-family-fix-360-base-black-ds-290525301,,2026-08-07 08:09:40,£199.99,112637,Maxi Cosi,1,,,,,,ISOFIX Base
https://www.awin1.com/pclick.php?p=43597672680&a=2771700&m=6526,Mamas &amp; Papas Knitted Girls Waistcoat &amp; Top Set - 9-12 Months,43597672680,GB _GBP_52725837562193,https://cdn.shopify.com/s/files/1/0414/6023/6453/files/mamas-papas-outfits-sets-knitted-girls-waistcoat-top-set-1215326740.jpg?v=1767804130,"Dressing them is made easy with this adorable girls' waistcoat and top set. Knit waistcoat with embroidery detail on front, scallop neck and sleeve hem and front button fastening Micro gingham, long-sleeved blouse with elasticated cuffs and back button opening 100% soft cotton Washcare: 40 degree wash, do not bleach, cool tumble dry, cool iron, do not dry clean, wash dark colours separately, wash &amp; iron inside out Safety warnings: Keep away from fire Composition: Top: 100% Cotton, Waistcoat: 100% Cotton Girls' waistcoat and blouse set for easy dressing Pretty scallop and embroidery detail 100% soft cotton for all-day comfort Clothing &amp; Accessories &gt; Clothing &gt; Baby &amp; Toddler Clothing &gt; Baby &amp; Toddler Outfits",,17.5,Mamas & Papas,6526,,,https://images2.productserve.com/?w=200&h=200&bg=white&trim=5&t=letterbox&url=ssl%3Acdn.shopify.com%2Fs%2Ffiles%2F1%2F0414%2F6023%2F6453%2Ffiles%2Fmamas-papas-outfits-sets-knitted-girls-waistcoat-top-set-1215326740.jpg%3Fv%3D1767804130&feedId=112637&k=f232a052a464a90d2b1081a49fff30c1763809d2,GBP,,4.95 GBP,https://www.mamasandpapas.com/products/2pc-waistcoat-top-set-0-3-s42lm6ib2?variant=52725837562193,,2026-08-07 08:09:46,£17.50,112637,Mamas & Papas,1,,,,,,Baby Outfits
https://www.awin1.com/pclick.php?p=43630157903&a=2771700&m=6526,Mamas &amp; Papas Pink Strawberry Cardigan White Newborn Cotton Knit Long Sleeve Layering Piece Cute Baby Girl Clothing Winter Sweater 6-9 Months,43630157903,GB _GBP_52763931967825,https://cdn.shopify.com/s/files/1/0414/6023/6453/files/mamas-papas-jumpers-knitwear-pink-strawberry-cardigan-1217317425.jpg?v=1768847649,"Top off their outfit with optimum cuteness with this adorable girls' white cardigan with embroidered detail. Strawberry embroidery detail Pearl button front opening Ribbed hem, neck and cuffs 100% cotton knit Washcare: 40 degree wash, do not bleach, cool tumble dry, cool iron, do not dry clean, wash dark colours separately, wash &amp; iron inside out Safety warnings: Keep away from fire Composition: 100% cotton Cute girls' knit cardigan, perfect for layering Pretty strawberry embroidered detail 100% soft cotton knit Clothing &amp; Accessories &gt; Clothing &gt; Baby &amp; Toddler Clothing &gt; Baby &amp; Toddler Tops",,26,Mamas & Papas,6526,,,https://images2.productserve.com/?w=200&h=200&bg=white&trim=5&t=letterbox&url=ssl%3Acdn.shopify.com%2Fs%2Ffiles%2F1%2F0414%2F6023%2F6453%2Ffiles%2Fmamas-papas-jumpers-knitwear-pink-strawberry-cardigan-1217317425.jpg%3Fv%3D1768847649&feedId=112637&k=f395be004f2baa4a9e96ec41852c705fb11a9ff0,GBP,,4.95 GBP,https://www.mamasandpapas.com/products/pink-strawberry-cardigan-nb-s738l9hb0?variant=52763931967825,,2026-08-07 08:09:49,£26,112637,Mamas & Papas,1,,,,,,Baby Outfits
https://www.awin1.com/pclick.php?p=43630157904&a=2771700&m=6526,Mamas &amp; Papas Pink Strawberry Cardigan White Newborn Cotton Knit Long Sleeve Layering Piece Cute Baby Girl Clothing Winter Sweater 9-12 Months,43630157904,GB _GBP_52763932000593,https://cdn.shopify.com/s/files/1/0414/6023/6453/files/mamas-papas-jumpers-knitwear-pink-strawberry-cardigan-1217317425.jpg?v=1768847649,"Top off their outfit with optimum cuteness with this adorable girls' white cardigan with embroidered detail. Strawberry embroidery detail Pearl button front opening Ribbed hem, neck and cuffs 100% cotton knit Washcare: 40 degree wash, do not bleach, cool tumble dry, cool iron, do not dry clean, wash dark colours separately, wash &amp; iron inside out Safety warnings: Keep away from fire Composition: 100% cotton Cute girls' knit cardigan, perfect for layering Pretty strawberry embroidered detail 100% soft cotton knit Clothing &amp; Accessories &gt; Clothing &gt; Baby &amp; Toddler Clothing &gt; Baby &amp; Toddler Tops",,26,Mamas & Papas,6526,,,https://images2.productserve.com/?w=200&h=200&bg=white&trim=5&t=letterbox&url=ssl%3Acdn.shopify.com%2Fs%2Ffiles%2F1%2F0414%2F6023%2F6453%2Ffiles%2Fmamas-papas-jumpers-knitwear-pink-strawberry-cardigan-1217317425.jpg%3Fv%3D1768847649&feedId=112637&k=f395be004f2baa4a9e96ec41852c705fb11a9ff0,GBP,,4.95 GBP,https://www.mamasandpapas.com/products/pink-strawberry-cardigan-nb-s738l9hb0?variant=52763932000593,,2026-08-07 08:09:49,£26,112637,Mamas & Papas,1,,,,,,Baby Outfits
https://www.awin1.com/pclick.php?p=43630157918&a=2771700&m=6526,Mamas &amp; Papas Striped Dungarees &amp; Ribbed Top - 0-3 Months,43630157918,GB _GBP_52764106457425,https://cdn.shopify.com/s/files/1/0414/6023/6453/files/mamas-papas-outfits-sets-stripped-dungarees-ribbed-top-1215326743.jpg?v=1767803737,"Style meets fun in this boys' green stripe dungaree outfit set. Stripe dungaree with side pockets, badge detail, adjustable button straps and popper crotch opening Long-sleeved, 100% cotton rib jersey T-shirt with drop shoulder and shoulder popper opening Washcare: 40 degree wash, do not bleach, cool tumble dry, cool iron, do not dry clean, wash dark colours separately, wash &amp; iron inside out Safety warnings: Keep away from fire Composition:Top: 100% Cotton. Dungaree: 98% Cotton, 2% Elastane Boys' complete outfit in one set Fun stripe design Soft and comfy everyday wear Clothing &amp; Accessories &gt; Clothing &gt; Baby &amp; Toddler Clothing &gt; Baby &amp; Toddler Outfits",,16,Mamas & Papas,6526,,,https://images2.productserve.com/?w=200&h=200&bg=white&trim=5&t=letterbox&url=ssl%3Acdn.shopify.com%2Fs%2Ffiles%2F1%2F0414%2F6023%2F6453%2Ffiles%2Fmamas-papas-outfits-sets-stripped-dungarees-ribbed-top-1215326743.jpg%3Fv%3D1767803737&feedId=112637&k=3f80db25c3949fd1f36ffae5913d706f34554eec,GBP,,4.95 GBP,https://www.mamasandpapas.com/products/2pc-stripe-dungaree-set-0-3-s42lm4db2?variant=52764106457425,,2026-08-07 08:09:49,£16,112637,Mamas & Papas,1,,,,,,Baby Outfits
https://www.awin1.com/pclick.php?p=43630157919&a=2771700&m=6526,Mamas &amp; Papas Striped Dungarees &amp; Ribbed Top - 3-6 Months,43630157919,GB _GBP_52764106490193,https://cdn.shopify.com/s/files/1/0414/6023/6453/files/mamas-papas-outfits-sets-stripped-dungarees-ribbed-top-1215326743.jpg?v=1767803737,"Style meets fun in this boys' green stripe dungaree outfit set. Stripe dungaree with side pockets, badge detail, adjustable button straps and popper crotch opening Long-sleeved, 100% cotton rib jersey T-shirt with drop shoulder and shoulder popper opening Washcare: 40 degree wash, do not bleach, cool tumble dry, cool iron, do not dry clean, wash dark colours separately, wash &amp; iron inside out Safety warnings: Keep away from fire Composition:Top: 100% Cotton. Dungaree: 98% Cotton, 2% Elastane Boys' complete outfit in one set Fun stripe design Soft and comfy everyday wear Clothing &amp; Accessories &gt; Clothing &gt; Baby &amp; Toddler Clothing &gt; Baby &amp; Toddler Outfits",,16,Mamas & Papas,6526,,,https://images2.productserve.com/?w=200&h=200&bg=white&trim=5&t=letterbox&url=ssl%3Acdn.shopify.com%2Fs%2Ffiles%2F1%2F0414%2F6023%2F6453%2Ffiles%2Fmamas-papas-outfits-sets-stripped-dungarees-ribbed-top-1215326743.jpg%3Fv%3D1767803737&feedId=112637&k=3f80db25c3949fd1f36ffae5913d706f34554eec,GBP,,4.95 GBP,https://www.mamasandpapas.com/products/2pc-stripe-dungaree-set-0-3-s42lm4db2?variant=52764106490193,,2026-08-07 08:09:49,£16,112637,Mamas & Papas,1,,,,,,Baby Outfits
https://www.awin1.com/pclick.php?p=43630157920&a=2771700&m=6526,Mamas &amp; Papas Striped Dungarees &amp; Ribbed Top - 6-9 Months,43630157920,GB _GBP_52764106522961,https://cdn.shopify.com/s/files/1/0414/6023/6453/files/mamas-papas-outfits-sets-stripped-dungarees-ribbed-top-1215326743.jpg?v=1767803737,"Style meets fun in this boys' green stripe dungaree outfit set. Stripe dungaree with side pockets, badge detail, adjustable button straps and popper crotch opening Long-sleeved, 100% cotton rib jersey T-shirt with drop shoulder and shoulder popper opening Washcare: 40 degree wash, do not bleach, cool tumble dry, cool iron, do not dry clean, wash dark colours separately, wash &amp; iron inside out Safety warnings: Keep away from fire Composition:Top: 100% Cotton. Dungaree: 98% Cotton, 2% Elastane Boys' complete outfit in one set Fun stripe design Soft and comfy everyday wear Clothing &amp; Accessories &gt; Clothing &gt; Baby &amp; Toddler Clothing &gt; Baby &amp; Toddler Outfits",,16,Mamas & Papas,6526,,,https://images2.productserve.com/?w=200&h=200&bg=white&trim=5&t=letterbox&url=ssl%3Acdn.shopify.com%2Fs%2Ffiles%2F1%2F0414%2F6023%2F6453%2Ffiles%2Fmamas-papas-outfits-sets-stripped-dungarees-ribbed-top-1215326743.jpg%3Fv%3D1767803737&feedId=112637&k=3f80db25c3949fd1f36ffae5913d706f34554eec,GBP,,4.95 GBP,https://www.mamasandpapas.com/products/2pc-stripe-dungaree-set-0-3-s42lm4db2?variant=52764106522961,,2026-08-07 08:09:49,£16,112637,Mamas & Papas,1,,,,,,Baby Outfits
https://www.awin1.com/pclick.php?p=43630157921&a=2771700&m=6526,Mamas &amp; Papas Striped Dungarees &amp; Ribbed Top - 9-12 Months,43630157921,GB _GBP_52764106555729,https://cdn.shopify.com/s/files/1/0414/6023/6453/files/mamas-papas-outfits-sets-stripped-dungarees-ribbed-top-1215326743.jpg?v=1767803737,"Style meets fun in this boys' green stripe dungaree outfit set. Stripe dungaree with side pockets, badge detail, adjustable button straps and popper crotch opening Long-sleeved, 100% cotton rib jersey T-shirt with drop shoulder and shoulder popper opening Washcare: 40 degree wash, do not bleach, cool tumble dry, cool iron, do not dry clean, wash dark colours separately, wash &amp; iron inside out Safety warnings: Keep away from fire Composition:Top: 100% Cotton. Dungaree: 98% Cotton, 2% Elastane Boys' complete outfit in one set Fun stripe design Soft and comfy everyday wear Clothing &amp; Accessories &gt; Clothing &gt; Baby &amp; Toddler Clothing &gt; Baby &amp; Toddler Outfits",,16,Mamas & Papas,6526,,,https://images2.productserve.com/?w=200&h=200&bg=white&trim=5&t=letterbox&url=ssl%3Acdn.shopify.com%2Fs%2Ffiles%2F1%2F0414%2F6023%2F6453%2Ffiles%2Fmamas-papas-outfits-sets-stripped-dungarees-ribbed-top-1215326743.jpg%3Fv%3D1767803737&feedId=112637&k=3f80db25c3949fd1f36ffae5913d706f34554eec,GBP,,4.95 GBP,https://www.mamasandpapas.com/products/2pc-stripe-dungaree-set-0-3-s42lm4db2?variant=52764106555729,,2026-08-07 08:09:49,£16,112637,Mamas & Papas,1,,,,,,Baby Outfits
https://www.awin1.com/pclick.php?p=43642337354&a=2771700&m=6526,Mamas &amp; Papas Denim Dungarees - 0-3 Months,43642337354,GB _GBP_52771915170129,https://cdn.shopify.com/s/files/1/0414/6023/6453/files/mamas-papas-outfits-sets-denim-dungarees-1215738747.jpg?v=1767889896,"These boys' denim dungarees make a perfect staple for your little one's seasonal wardrobe. Adjustable straps with button fastenings Popper crotch opening 100% cotton Washcare: 40 degree wash, do not bleach, cool tumble dry, cool iron, do not dry clean, wash dark colours seperately, iron on reverse, Due to the nature of this fabric, the finish may fade after washing. This is not to be considered a fault Safety warnings: Keep away from fire Composition: 100% cotton Boys' classic dungarees, perfect for everyday wear Adjustable button straps 100% cotton Clothing &amp; Accessories &gt; Clothing &gt; Baby &amp; Toddler Clothing &gt; Baby &amp; Toddler Bottoms",,25,Mamas & Papas,6526,,,https://images2.productserve.com/?w=200&h=200&bg=white&trim=5&t=letterbox&url=ssl%3Acdn.shopify.com%2Fs%2Ffiles%2F1%2F0414%2F6023%2F6453%2Ffiles%2Fmamas-papas-outfits-sets-denim-dungarees-1215738747.jpg%3Fv%3D1767889896&feedId=112637&k=596f3452945b5e79dd6e5f669c87cd2204413e8a,GBP,,4.95 GBP,https://www.mamasandpapas.com/products/denim-dungaree-0-3-s760m4ib2?variant=52771915170129,,2026-08-07 08:09:50,£25,112637,Mamas & Papas,1,,,,,,Baby Outfits
https://www.awin1.com/pclick.php?p=43642337355&a=2771700&m=6526,Mamas &amp; Papas Denim Dungarees - 3-6 Months,43642337355,GB _GBP_52771915202897,https://cdn.shopify.com/s/files/1/0414/6023/6453/files/mamas-papas-outfits-sets-denim-dungarees-1215738747.jpg?v=1767889896,"These boys' denim dungarees make a perfect staple for your little one's seasonal wardrobe. Adjustable straps with button fastenings Popper crotch opening 100% cotton Washcare: 40 degree wash, do not bleach, cool tumble dry, cool iron, do not dry clean, wash dark colours seperately, iron on reverse, Due to the nature of this fabric, the finish may fade after washing. This is not to be considered a fault Safety warnings: Keep away from fire Composition: 100% cotton Boys' classic dungarees, perfect for everyday wear Adjustable button straps 100% cotton Clothing &amp; Accessories &gt; Clothing &gt; Baby &amp; Toddler Clothing &gt; Baby &amp; Toddler Bottoms",,25,Mamas & Papas,6526,,,https://images2.productserve.com/?w=200&h=200&bg=white&trim=5&t=letterbox&url=ssl%3Acdn.shopify.com%2Fs%2Ffiles%2F1%2F0414%2F6023%2F6453%2Ffiles%2Fmamas-papas-outfits-sets-denim-dungarees-1215738747.jpg%3Fv%3D1767889896&feedId=112637&k=596f3452945b5e79dd6e5f669c87cd2204413e8a,GBP,,4.95 GBP,https://www.mamasandpapas.com/products/denim-dungaree-0-3-s760m4ib2?variant=52771915202897,,2026-08-07 08:09:50,£25,112637,Mamas & Papas,1,,,,,,Baby Outfits
https://www.awin1.com/pclick.php?p=43642337356&a=2771700&m=6526,Mamas &amp; Papas Denim Dungarees - 6-9 Months,43642337356,GB _GBP_52771915235665,https://cdn.shopify.com/s/files/1/0414/6023/6453/files/mamas-papas-outfits-sets-denim-dungarees-1215738747.jpg?v=1767889896,"These boys' denim dungarees make a perfect staple for your little one's seasonal wardrobe. Adjustable straps with button fastenings Popper crotch opening 100% cotton Washcare: 40 degree wash, do not bleach, cool tumble dry, cool iron, do not dry clean, wash dark colours seperately, iron on reverse, Due to the nature of this fabric, the finish may fade after washing. This is not to be considered a fault Safety warnings: Keep away from fire Composition: 100% cotton Boys' classic dungarees, perfect for everyday wear Adjustable button straps 100% cotton Clothing &amp; Accessories &gt; Clothing &gt; Baby &amp; Toddler Clothing &gt; Baby &amp; Toddler Bottoms",,25,Mamas & Papas,6526,,,https://images2.productserve.com/?w=200&h=200&bg=white&trim=5&t=letterbox&url=ssl%3Acdn.shopify.com%2Fs%2Ffiles%2F1%2F0414%2F6023%2F6453%2Ffiles%2Fmamas-papas-outfits-sets-denim-dungarees-1215738747.jpg%3Fv%3D1767889896&feedId=112637&k=596f3452945b5e79dd6e5f669c87cd2204413e8a,GBP,,4.95 GBP,https://www.mamasandpapas.com/products/denim-dungaree-0-3-s760m4ib2?variant=52771915235665,,2026-08-07 08:09:50,£25,112637,Mamas & Papas,1,,,,,,Baby Outfits
https://www.awin1.com/pclick.php?p=43651326545&a=2771700&m=6526,Mamas &amp; Papas Seahorse Long Sleeve Swim Top and Bottoms - 0-3 Months,43651326545,GB _GBP_52781490110801,https://cdn.shopify.com/s/files/1/0414/6023/6453/files/mamas-papas-outfits-sets-seahorse-long-sleeve-swim-top-bottoms-1217520422.jpg?v=1768912297,"They’ll be ready for any water adventure in this sweet seahorse print girls' swimwear set. Long, raglan-sleeved top with frill detailing and back zip fastening Coordinating bottoms with elasticated waistband and frill detailing Washcare: 30 degree wash, do not bleach, do not tumble dry, do not iron, do not dry clean, wash with similar colours and inside out, rinse in fresh water immediately after use, dry garment away from direct heat and sunlight, part of a set Safety warnings: Keep away from fire Composition:Outer: 95% Polyamide, 5% Elastane. Lining: 100% polyester Girls' pink swimwear set with cute seahorse print Pretty frill detail Zip fastening for easy dressing Clothing &amp; Accessories &gt; Clothing &gt; Baby &amp; Toddler Clothing &gt; Baby &amp; Toddler Swimwear",,22,Mamas & Papas,6526,,,https://images2.productserve.com/?w=200&h=200&bg=white&trim=5&t=letterbox&url=ssl%3Acdn.shopify.com%2Fs%2Ffiles%2F1%2F0414%2F6023%2F6453%2Ffiles%2Fmamas-papas-outfits-sets-seahorse-long-sleeve-swim-top-bottoms-1217520422.jpg%3Fv%3D1768912297&feedId=112637&k=2f166bf42fc061b1710336574a9a126b0f783b76,GBP,,4.95 GBP,https://www.mamasandpapas.com/products/seahorse-aop-2pc-set-0-3-s93ml8lb2?variant=52781490110801,,2026-08-07 08:09:53,£22,112637,Mamas & Papas,1,,,,,,Baby Outfits
https://www.awin1.com/pclick.php?p=43651326546&a=2771700&m=6526,Mamas &amp; Papas Seahorse Long Sleeve Swim Top and Bottoms - 3-6 Months,43651326546,GB _GBP_52781490143569,https://cdn.shopify.com/s/files/1/0414/6023/6453/files/mamas-papas-outfits-sets-seahorse-long-sleeve-swim-top-bottoms-1217520422.jpg?v=1768912297,"They’ll be ready for any water adventure in this sweet seahorse print girls' swimwear set. Long, raglan-sleeved top with frill detailing and back zip fastening Coordinating bottoms with elasticated waistband and frill detailing Washcare: 30 degree wash, do not bleach, do not tumble dry, do not iron, do not dry clean, wash with similar colours and inside out, rinse in fresh water immediately after use, dry garment away from direct heat and sunlight, part of a set Safety warnings: Keep away from fire Composition:Outer: 95% Polyamide, 5% Elastane. Lining: 100% polyester Girls' pink swimwear set with cute seahorse print Pretty frill detail Zip fastening for easy dressing Clothing &amp; Accessories &gt; Clothing &gt; Baby &amp; Toddler Clothing &gt; Baby &amp; Toddler Swimwear",,22,Mamas & Papas,6526,,,https://images2.productserve.com/?w=200&h=200&bg=white&trim=5&t=letterbox&url=ssl%3Acdn.shopify.com%2Fs%2Ffiles%2F1%2F0414%2F6023%2F6453%2Ffiles%2Fmamas-papas-outfits-sets-seahorse-long-sleeve-swim-top-bottoms-1217520422.jpg%3Fv%3D1768912297&feedId=112637&k=2f166bf42fc061b1710336574a9a126b0f783b76,GBP,,4.95 GBP,https://www.mamasandpapas.com/products/seahorse-aop-2pc-set-0-3-s93ml8lb2?variant=52781490143569,,2026-08-07 08:09:53,£22,112637,Mamas & Papas,1,,,,,,Baby Outfits
https://www.awin1.com/pclick.php?p=43651326547&a=2771700&m=6526,Mamas &amp; Papas Seahorse Long Sleeve Swim Top and Bottoms - 6-9 Months,43651326547,GB _GBP_52781490176337,https://cdn.shopify.com/s/files/1/0414/6023/6453/files/mamas-papas-outfits-sets-seahorse-long-sleeve-swim-top-bottoms-1217520422.jpg?v=1768912297,"They’ll be ready for any water adventure in this sweet seahorse print girls' swimwear set. Long, raglan-sleeved top with frill detailing and back zip fastening Coordinating bottoms with elasticated waistband and frill detailing Washcare: 30 degree wash, do not bleach, do not tumble dry, do not iron, do not dry clean, wash with similar colours and inside out, rinse in fresh water immediately after use, dry garment away from direct heat and sunlight, part of a set Safety warnings: Keep away from fire Composition:Outer: 95% Polyamide, 5% Elastane. Lining: 100% polyester Girls' pink swimwear set with cute seahorse print Pretty frill detail Zip fastening for easy dressing Clothing &amp; Accessories &gt; Clothing &gt; Baby &amp; Toddler Clothing &gt; Baby &amp; Toddler Swimwear",,22,Mamas & Papas,6526,,,https://images2.productserve.com/?w=200&h=200&bg=white&trim=5&t=letterbox&url=ssl%3Acdn.shopify.com%2Fs%2Ffiles%2F1%2F0414%2F6023%2F6453%2Ffiles%2Fmamas-papas-outfits-sets-seahorse-long-sleeve-swim-top-bottoms-1217520422.jpg%3Fv%3D1768912297&feedId=112637&k=2f166bf42fc061b1710336574a9a126b0f783b76,GBP,,4.95 GBP,https://www.mamasandpapas.com/products/seahorse-aop-2pc-set-0-3-s93ml8lb2?variant=52781490176337,,2026-08-07 08:09:53,£22,112637,Mamas & Papas,1,,,,,,Baby Outfits
https://www.awin1.com/pclick.php?p=43651326548&a=2771700&m=6526,Mamas &amp; Papas Seahorse Long Sleeve Swim Top and Bottoms - 9-12 Months,43651326548,GB _GBP_52781490209105,https://cdn.shopify.com/s/files/1/0414/6023/6453/files/mamas-papas-outfits-sets-seahorse-long-sleeve-swim-top-bottoms-1217520422.jpg?v=1768912297,"They’ll be ready for any water adventure in this sweet seahorse print girls' swimwear set. Long, raglan-sleeved top with frill detailing and back zip fastening Coordinating bottoms with elasticated waistband and frill detailing Washcare: 30 degree wash, do not bleach, do not tumble dry, do not iron, do not dry clean, wash with similar colours and inside out, rinse in fresh water immediately after use, dry garment away from direct heat and sunlight, part of a set Safety warnings: Keep away from fire Composition:Outer: 95% Polyamide, 5% Elastane. Lining: 100% polyester Girls' pink swimwear set with cute seahorse print Pretty frill detail Zip fastening for easy dressing Clothing &amp; Accessories &gt; Clothing &gt; Baby &amp; Toddler Clothing &gt; Baby &amp; Toddler Swimwear",,22,Mamas & Papas,6526,,,https://images2.productserve.com/?w=200&h=200&bg=white&trim=5&t=letterbox&url=ssl%3Acdn.shopify.com%2Fs%2Ffiles%2F1%2F0414%2F6023%2F6453%2Ffiles%2Fmamas-papas-outfits-sets-seahorse-long-sleeve-swim-top-bottoms-1217520422.jpg%3Fv%3D1768912297&feedId=112637&k=2f166bf42fc061b1710336574a9a126b0f783b76,GBP,,4.95 GBP,https://www.mamasandpapas.com/products/seahorse-aop-2pc-set-0-3-s93ml8lb2?variant=52781490209105,,2026-08-07 08:09:53,£22,112637,Mamas & Papas,1,,,,,,Baby Outfits
https://www.awin1.com/pclick.php?p=45039743261&a=2771700&m=6526,Maxi Cosi Maxi-Cosi FamilyFix Slide Pro Base - Black,45039743261,GB _GBP_52913442455889,https://cdn.shopify.com/s/files/1/0414/6023/6453/files/maxi-cosi-bases-maxi-cosi-familyfix-slide-pro-base-black-1218384468.jpg?v=1770034869,"ISOFIX car seat base that slides out further than ever No more backaches, head bumps or awkward reaching. The FamilyFix Slide Pro ISOFIX base slides further and more smoothly out of the car than ever before. From birth up to 4 years old, it’s the only base you’ll ever need. Getting your child in and out of the car has never been this easy. Product Features: Paired with FamilyFix Slide Pro, SLIDETECH®2 brings the car seat to you — sliding out 27 cm and making it easier than ever to get your little one in and out of the car. Enjoy safe travels and easy installations from day one up to 4 years old with FamilyFix Slide Pro, the base for your baby and follow up toddler/child car seats. Your little one travels safely and comfortably in the recommended rearward-facing position from birth up to 4 years old and forward-facing if preferred as of 15 months. Installing your base and car seat is clearer and easier than ever. The visual indicators let you know when both are correctly installed. There’s no risk of mistakes with the anti-misuse rotation lock that ensures the seat is locked into the correct rearward-facing position. Meets the highest and latest i-Size safety standards (R129/04), offering maximum safety for your child.  A 360° rotational system that allows easy one-hand rotation in any reclined position in harness mode, up to 4 years old (105 cm). The intuitive Click &amp; Go mechanism ensures a quick, safe, and secure car seat attachment to the FamilyFix Slide Pro ISOFIX base, with a simple click”, you’re ready to go.   The Slide Pro Family has you covered with the safest, most comfortable, and lightest car seats throughout childhood, from birth up to 12 years old. The FamilyFix Slide Pro base is compatible with all car seats in the Slide Pro Family collection.   AGR is the independent agency that promotes back health. Their seal of approval certifies this product as back-friendly for parents and children. Item Code Includes: Maxi-Cosi FamilyFix Slide Pro Base Age Suitability: Birth - 4 Years Weight Suitability: 0-16.5kg Care &amp; Maintenance: Clean using a wet cloth Safety / Warnings: Please read the user manually careful and keep for future reference Standards UK / Europe: R129/04 Dimensions: 63.2 x 43.2 x 75cm Weight (kg): 8.1kg Paired with FamilyFix Slide Pro, SLIDETECH®2 brings the car seat to you — sliding out 27 cm and making it easier than ever to get your little one in and out of the car. Enjoy safe travels and easy installations from day one up to 4 years old with FamilyFix Slide Pro, the base for your baby and follow up toddler/child car seats. Your little one travels safely and comfortably in the recommended rearward-facing position from birth up to 4 years old and forward-facing if preferred as of 15 months. Baby &amp; Toddler &gt; Baby Transport Accessories &gt; Baby &amp; Toddler Car Seat Accessories""",,219.99,Mamas & Papas,6526,,,https://images2.productserve.com/?w=200&h=200&bg=white&trim=5&t=letterbox&url=ssl%3Acdn.shopify.com%2Fs%2Ffiles%2F1%2F0414%2F6023%2F6453%2Ffiles%2Fmaxi-cosi-bases-maxi-cosi-familyfix-slide-pro-base-black-1218384468.jpg%3Fv%3D1770034869&feedId=112637&k=d69cae49d12a598b11d2584ead39fe025038e49f,GBP,,0 GBP,https://www.mamasandpapas.com/products/maxi-cosi-familyfix-slide-pro-base-681125300,,2026-08-07 10:17:37,£219.99,112637,Maxi Cosi,1,,,,,,ISOFIX Base
https://www.awin1.com/pclick.php?p=43949521184&a=2771700&m=6526,Joie Signature Valora Pushchair &amp; Carrycot Bundle - Maple,43949521184,GB _GBP_53023461343569,https://cdn.shopify.com/s/files/1/0414/6023/6453/files/joie-pushchairs-joie-signature-valora-pushchair-carrycot-bundle-maple-1221340140.jpg?v=1771411570,"Joie Signature valora pushchair – Maple Meet Valora, the ideal pushchair for modern families navigating compact urban spaces. Engineered with first time parents in mind, Valora blends intelligent design, lightweight performance, and sleek sophistication—without the premium price tag. Product Features: This 4in1 multitasking pram gives you four strollers in one when you combine with an infant car seat* and carry cot* Infant car seat compatibility: i-Level™ Pro, gemm™, sprint™, i-Gemm™ 3, i-Snug™ 2, i-Jemini™ Carry cot compatibility: ramble™, ramble™ xl Car cot compatibility: calmi™ R129 Pushchair seat faces rearward and forward Use the included Maxi-Cosi® style adapters to pair with infant car seats from other brands All-wheel suspension High-quality woven fabrics provide a sophisticated look and feel while still easy to clean Height-adjustable parent pushbar Lie-flat recline ensures pushchair is suitable from birth 3-position recline 2-position leg rest Full-size UPF 50+ and water repellent canopy Expandable canopy with mesh sides for more ventilation Front, swivel-lock wheels EVA tyres Compact frame with a width of only 51.5 cm Lightweight at only 8.8 kg Easy, one-hand fold with seat rearward or forward facing, and stays freestanding when folded Large, all-access storage basket Parent cupholder included Autoclick™ magnetic buckles One-touch brake SoftTouch™ 5-point harness Joie Ramble XL ™ Signature Carrycot – Maple Perfect partner - Pairs perfectly with Versatrax, Alore, Finiti and Vinca using adapters to create an effortless travel system. Infant ready - Baby soft lining and full cot cushioning designed for little ones’ comfort. One sweet ride - Comes complete with a cool weather apron, tailored raincover, adjustable canopy, leatherette touches and plush mattress. Product Features Luxury handle and accents in luxe aged faux leather texture Suitable from birth to 9kg Deluxe water repellent canopy retracts for easy access to baby Zip open ventilation panel Wind shield buttons up onto the handle Cool weather apron snaps on and off in an instant Fully lined and cushioned for ultimate comfort Double interior storage pockets Joie Signature valora pushchair – Maple Age Suitability: birth - approx. 4 years Weight Suitability: birth - 22kg Item Includes: pushchair, raincover, bumper bar, adapters, cupholder Care &amp; Maintenance: To clean stroller frame, use only household soap and warm water. No bleach or detergent. Please refer to the care label for instructions on cleaning the fabric parts of the stroller. All removable fabric parts may be washed in cold water and drip-dried. No bleach. Any fabric parts which are not removable should be spot-cleaned using a soft cloth and warm soapy water Standards UK/Europe: EN1888-2 Joie Ramble XL ™ Signature Carrycot – Maple Age Suitability: Birth - approx. 6 months Composition: 15% metals, 25% plastics, 60% softgoods Care &amp; Maintenance: See instruction manual Self-Assembly Required? Partial assembly required Safety Warning: See instruction manual Health &amp; Safety: EN1466 Joie Signature valora pushchair – Maple Dimensions: 91 x 63 x 111 Weight (kg): 11.21 Joie Ramble XL ™ Signature Carrycot – Maple Dimensions: Unfolded: L 880 x W 412 x H 580 mm Folded: L 885 x W 410 x H 190 mm Weight: 3.23kg Compact frame with a width of only 51.5 cm This 4in1 multitasking pram gives you four strollers in one when you combine with an infant car seat* and carry cot* Lightweight at only 8.8 kg Baby &amp; Toddler &gt; Baby Transport &gt; Pushchairs &amp; Prams",,500,Mamas & Papas,6526,,,https://images2.productserve.com/?w=200&h=200&bg=white&trim=5&t=letterbox&url=ssl%3Acdn.shopify.com%2Fs%2Ffiles%2F1%2F0414%2F6023%2F6453%2Ffiles%2Fjoie-pushchairs-joie-signature-valora-pushchair-carrycot-bundle-maple-1221340140.jpg%3Fv%3D1771411570&feedId=112637&k=7f116f1ddcdac1943e9ae6b9d263b418d51f44bc,GBP,,0 GBP,https://www.mamasandpapas.com/products/joie-signature-valora-pc-cc-maple-68022j904,,2026-08-07 08:13:52,£500,112637,Joie,1,,,,,,Pram & Pushchair
https://www.awin1.com/pclick.php?p=43956475379&a=2771700&m=6526,iCandy Core 2 Pushchair &amp; Carrycot Bundle - Black,43956475379,GB _GBP_53030718079313,https://cdn.shopify.com/s/files/1/0414/6023/6453/files/icandy-pushchairs-icandy-core-2-pushchair-carrycot-bundle-black-1221489725.jpg?v=1771576691,"ICandy Core 2 Pushchair - Black The iCandy Core 2 is a lightweight, stylish single pushchair for modern families. Designed for all terrains, it features a lie-flat seat from birth, dynamic suspension and an extendable UPF 50+ canopy. With premium materials, practical touches and three trend-led colours, it offers comfort, style and effortless functionality. Product Features: iCandy’s most premium single pushchair Simple fold with seat unit attached (in both parent and world-facing positions) Suitable from birth with the lie-flat seat unit Seat unit pocket for added storage Even larger extendable canopy with UPF 50+ protection Shaped, easily adjustable head-hugger for added comfort Integrated Ride-on Board (holds up to 20kg) Dynamic suspension for a smooth ride Car Seat compatible with infant car seats including the iCandy Cocoon 360 car seat and base (not included in bundle) 5 Year Warranty included iCandy Core 2 Pushchair - Black Item Includes: Item Code Includes: Pushchair Chassis, Seat Unit, Raincover, Elevator Adaptors &amp; Car Seat Adaptors, Age Suitability: Birth to 4 Years Weight Suitability: Seat Unit 0-25kg Safety / Warnings: Don't leave your child unattended. Always use the restraint form. Standards UK / Europe: EN 1888 iCandy Core 2 Pushchair - Black Dimensions Unfolded: 84 x 61 x 94cm Dimensions Folded: 37 x 61 x 68cm Weight (kg): Complete Weight 12.7kg, Chassis Weight without seat 7.8kg Suitable from birth using the lie flat seat Folds as a complete with seat attached Integrated ride on board holding up to 20kg Baby &amp; Toddler &gt; Baby Transport &gt; Pushchairs &amp; Prams",,999,Mamas & Papas,6526,,,https://images2.productserve.com/?w=200&h=200&bg=white&trim=5&t=letterbox&url=ssl%3Acdn.shopify.com%2Fs%2Ffiles%2F1%2F0414%2F6023%2F6453%2Ffiles%2Ficandy-pushchairs-icandy-core-2-pushchair-carrycot-bundle-black-1221489725.jpg%3Fv%3D1771576691&feedId=112637&k=1701e8d2dc694fb577f1b56c2c48ac05a3c60d00,GBP,,0 GBP,https://www.mamasandpapas.com/products/icandy-core-2-complete-bundle-black-683025302,,2026-08-07 08:17:20,£999,112637,iCandy,1,,,,,,Pram & Pushchair
https://www.awin1.com/pclick.php?p=43987831454&a=2771700&m=6526,iCandy Core 2 Complete Travel Bundle with Cocoon 360 - Sandstone,43987831454,GB _GBP_53068085559633,https://cdn.shopify.com/s/files/1/0414/6023/6453/files/icandy-pushchairs-icandy-core-2-complete-travel-bundle-with-cocoon-360-sandstone-1230636556.jpg?v=1774952976,"The iCandy Core 2 is a premium single pushchair for modern families. Paired with the included iCandy Cocoon 360 car seat and base, it offers effortless 360° rotation, plush support, and seamless car-to-pushchair transitions. With dynamic suspension, UPF 50+ canopy, and coordinated accessories, the Core 2 and Cocoon 360 create a complete, comfortable travel solution from birth to toddlerhood. Product Features: iCandy’s most premium single pushchair Luxury fleece-lined carrycot, suitable for overnight sleeping Carrycot with external ventilation panels for improved airflow Simple fold with seat unit attached (in both parent and world-facing positions) Suitable from birth with the included carrycot, lie-flat seat unit or Cocoon 360 car seat Seat unit pocket for added storage Even larger extendable canopy with UPF 50+ protection Shaped, easily adjustable head-hugger for added comfort Integrated Ride-on Board (holds up to 20kg) Easily transfer your baby from the car to the pushchair without disturbing their sleep with the included Cocoon 360 car seat 5 Year Warranty included iCandy Cocoon 360 Infant Car Seat &amp; Base Introducing the iCandy Cocoon 360, the next-generation child restraint system designed for safety, comfort and style from birth. The iCandy Cocoon 360 infant carrier is lightweight at just 4.2kg, featuring improved side ventilation and a fully adjustable headrest for newborn comfort. It attaches effortlessly to the 360° ISOFIX base, which rotates, locks automatically, and includes a foldable support leg for compact storage. Crafted with fabrics that coordinate with iCandy’s three trend-led colourways - Storm Grey, Sandstone and Black the Cocoon 360 delivers seamless style and ultimate convenience. Product Features: Lightweight infant carrier at just 4.2kg Improved side ventilation for newborn comfort Fully adjustable headrest with one pull ring Attaches to 360 ISOFIX base with automatic lock and foldable support leg. Available in three trend-led colourways Age Suitability: Birth to 4 Years Weight Suitability: Carrycot 0-9kg , Seat Unit 0-25kg Safety Warnings: Don't leave your child unattended. Always use the restraint form. Standards UK Europe: EN 1888 iCandy Cocoon 360 Infant Car Seat &amp; Base p&gt;Age Suitability: Birth to 18 months Weight Suitability: 0-13kg Standards UK / Europe: R129/04 Dimensions – Unfolded: 84 x 61 x 94cm Dimensions – Folded 37 x 61 x 68cm Weight (kg): Complete Weight 12.7kg, Chassis Weight without seat 7.8kg iCandy Cocoon 360 Infant Car Seat &amp; Base Dimensions: 84 x 61 x 94cm Weight (Kg): Car Seat 4.2kg Base 11kg Carrycot suitable for permanent overnight sleeping Suitable from birth using the car seat, carrycot or lie flat seat Folds as a complete with seat attached Baby &amp; Toddler &gt; Baby Transport &gt; Pushchairs &amp; Prams",,1299,Mamas & Papas,6526,,,https://images2.productserve.com/?w=200&h=200&bg=white&trim=5&t=letterbox&url=ssl%3Acdn.shopify.com%2Fs%2Ffiles%2F1%2F0414%2F6023%2F6453%2Ffiles%2Ficandy-pushchairs-icandy-core-2-complete-travel-bundle-with-cocoon-360-sandstone-1230636556.jpg%3Fv%3D1774952976&feedId=112637&k=1bca5111c4202cb2077e3284a97f5e959cf3274b,GBP,,0 GBP,https://www.mamasandpapas.com/products/core2-with-cocoon360-c-seat-sands-sands-6831m0101,,2026-08-07 08:17:25,"£1,299",112637,iCandy,1,,,,,,Travel Bundle
https://www.awin1.com/pclick.php?p=43987831455&a=2771700&m=6526,iCandy Core 2 Pushchair &amp; Carrycot Bundle - Sandstone,43987831455,GB _GBP_53068085395793,https://cdn.shopify.com/s/files/1/0414/6023/6453/files/icandy-pushchairs-icandy-core-2-pushchair-carrycot-bundle-sandstone-1221501210.jpg?v=1771581430,"The iCandy Core 2 is a premium single pushchair built for all terrains. Featuring a fleece-lined carrycot, lie-flat seat, dynamic suspension, extendable UPF 50+ canopy and integrated Ride-on Board, it blends luxury and practicality. Available in three trend-led colourways, the complete bundle includes matching accessories for effortless family adventures. Product Features: iCandy’s most premium single pushchair Luxury fleece-lined carrycot, suitable for overnight sleeping Carrycot with external ventilation panels for improved airflow Simple fold with seat unit attached (in both parent and world-facing positions) Suitable from birth with the carrycot or lie-flat seat unit Seat unit pocket for added storage Even larger extendable canopy with UPF 50+ protection Shaped, easily adjustable head-hugger for added comfort Integrated Ride-on Board (holds up to 20kg) Car Seat compatible with infant car seats including the iCandy Cocoon 360 car seat and base (not included in bundle) 5 Year Warranty included Age Suitability: Birth to 4 Years Weight Suitability: Carrycot 0-9kg Seat Unit 0-25kg Safety Warnings: Don't leave your child unattended. Always use the restraint form. Standards UK Europe: EN 1888 Dimensions Unfolded: 84 x 61 x 94cm Dimensions Folded: 37 x 61 x 68cm Weight (kg): Complete Weight 12.7kg Chassis Weight without seat 7.8kg Carrycot suitable for permanent overnight sleeping Suitable from birth using the carrycot or lie flat seat Folds as a complete with seat attached Baby &amp; Toddler &gt; Baby Transport &gt; Pushchairs &amp; Prams",,850,Mamas & Papas,6526,,,https://images2.productserve.com/?w=200&h=200&bg=white&trim=5&t=letterbox&url=ssl%3Acdn.shopify.com%2Fs%2Ffiles%2F1%2F0414%2F6023%2F6453%2Ffiles%2Ficandy-pushchairs-icandy-core-2-pushchair-carrycot-bundle-sandstone-1221501210.jpg%3Fv%3D1771581430&feedId=112637&k=b0792daac191505f099df8f538afb9ab9b571e51,GBP,,0 GBP,https://www.mamasandpapas.com/products/icandy-core-2-complete-bundle-sandstone-6830m0101,,2026-08-07 08:17:24,£850,112637,iCandy,1,,,,,,Pram & Pushchair
https://www.awin1.com/pclick.php?p=43996802880&a=2771700&m=6526,iCandy Core 2 Complete Travel Bundle with Cocoon 360 - Storm Grey,43996802880,GB _GBP_53075020120401,https://cdn.shopify.com/s/files/1/0414/6023/6453/files/icandy-pushchairs-icandy-core-2-complete-travel-bundle-with-cocoon-360-storm-grey-1221501143.jpg?v=1771579569,"The iCandy Core 2 is a premium single pushchair for modern families. Paired with the included iCandy Cocoon 360 car seat and base, it offers effortless 360° rotation, plush support, and seamless car-to-pushchair transitions. With dynamic suspension, UPF 50+ canopy, and coordinated accessories, the Core 2 and Cocoon 360 create a complete, comfortable travel solution from birth to toddlerhood. Product Features: iCandy’s most premium single pushchair Luxury fleece-lined carrycot, suitable for overnight sleeping Carrycot with external ventilation panels for improved airflow Simple fold with seat unit attached (in both parent and world-facing positions) Suitable from birth with the included carrycot, lie-flat seat unit or Cocoon 360 car seat Seat unit pocket for added storage Even larger extendable canopy with UPF 50+ protection Shaped, easily adjustable head-hugger for added comfort Integrated Ride-on Board (holds up to 20kg) Easily transfer your baby from the car to the pushchair without disturbing their sleep with the included Cocoon 360 car seat 5 Year Warranty included iCandy Cocoon 360 Infant Car Seat &amp; Base Introducing the iCandy Cocoon 360, the next-generation child restraint system designed for safety, comfort and style from birth. The iCandy Cocoon 360 infant carrier is lightweight at just 4.2kg, featuring improved side ventilation and a fully adjustable headrest for newborn comfort. It attaches effortlessly to the 360° ISOFIX base, which rotates, locks automatically, and includes a foldable support leg for compact storage. Crafted with fabrics that coordinate with iCandy’s three trend-led colourways - Storm Grey, Sandstone and Black the Cocoon 360 delivers seamless style and ultimate convenience. Product Features: Lightweight infant carrier at just 4.2kg Improved side ventilation for newborn comfort Fully adjustable headrest with one pull ring Attaches to 360 ISOFIX base with automatic lock and foldable support leg. Available in three trend-led colourways Age Suitability: Birth to 4 Years Weight Suitability: Carrycot 0-9kg , Seat Unit 0-25kg Safety Warnings: Don't leave your child unattended. Always use the restraint form. Standards UK Europe: EN 1888 iCandy Cocoon 360 Infant Car Seat &amp; Base p&gt;Age Suitability: Birth to 18 months Weight Suitability: 0-13kg Standards UK / Europe: R129/04 Dimensions – Unfolded: 84 x 61 x 94cm Dimensions – Folded 37 x 61 x 68cm Weight (kg): Complete Weight 12.7kg, Chassis Weight without seat 7.8kg iCandy Cocoon 360 Infant Car Seat &amp; Base Dimensions: 84 x 61 x 94cm Weight (Kg): Car Seat 4.2kg Base 11kg Carrycot suitable for permanent overnight sleeping Suitable from birth using the car seat, carrycot or lie flat seat Folds as a complete with seat attached Baby &amp; Toddler &gt; Baby Transport &gt; Pushchairs &amp; Prams",,1299,Mamas & Papas,6526,,,https://images2.productserve.com/?w=200&h=200&bg=white&trim=5&t=letterbox&url=ssl%3Acdn.shopify.com%2Fs%2Ffiles%2F1%2F0414%2F6023%2F6453%2Ffiles%2Ficandy-pushchairs-icandy-core-2-complete-travel-bundle-with-cocoon-360-storm-grey-1221501143.jpg%3Fv%3D1771579569&feedId=112637&k=f7d2136e14d80a8a8909894f10ef654c9d945fa1,GBP,,0 GBP,https://www.mamasandpapas.com/products/core2-with-cocoon360-carseat-strom-grey-6831v6601,,2026-08-07 08:17:26,"£1,299",112637,iCandy,1,,,,,,Travel Bundle
https://www.awin1.com/pclick.php?p=44002716869&a=2771700&m=6526,Joie Signature Valora Pushchair &amp; Carrycot Bundle - Eclipse,44002716869,GB _GBP_53080623317329,https://cdn.shopify.com/s/files/1/0414/6023/6453/files/joie-pushchairs-joie-signature-valora-pushchair-carrycot-bundle-eclipse-1221483150.jpg?v=1771417957,"Joie Signature valora pushchair – Eclipse Meet Valora, the ideal pushchair for modern families navigating compact urban spaces. Engineered with first time parents in mind, Valora blends intelligent design, lightweight performance, and sleek sophistication—without the premium price tag. Product Features: This 4in1 multitasking pram gives you four strollers in one when you combine with an infant car seat* and carry cot* Infant car seat compatibility: i-Level™ Pro, gemm™, sprint™, i-Gemm™ 3, i-Snug™ 2, i-Jemini™ Carry cot compatibility: ramble™, ramble™ xl Car cot compatibility: calmi™ R129 Pushchair seat faces rearward and forward Use the included Maxi-Cosi® style adapters to pair with infant car seats from other brands All-wheel suspension High-quality woven fabrics provide a sophisticated look and feel while still easy to clean Height-adjustable parent pushbar Lie-flat recline ensures pushchair is suitable from birth 3-position recline 2-position leg rest Full-size UPF 50+ and water repellent canopy Expandable canopy with mesh sides for more ventilation Front, swivel-lock wheels EVA tyres Compact frame with a width of only 51.5 cm Lightweight at only 8.8 kg Easy, one-hand fold with seat rearward or forward facing, and stays freestanding when folded Large, all-access storage basket Parent cupholder included Autoclick™ magnetic buckles One-touch brake SoftTouch™ 5-point harness Joie Ramble XL ™ Signature Carrycot – Eclipse Perfect partner - Pairs perfectly with Versatrax, Alore, Finiti and Vinca using adapters to create an effortless travel system. Infant ready - Baby soft lining and full cot cushioning designed for little ones’ comfort. One sweet ride - Comes complete with a cool weather apron, tailored raincover, adjustable canopy, leatherette touches and plush mattress. Product Features Luxury handle and accents in luxe aged faux leather texture Suitable from birth to 9kg Deluxe water repellent canopy retracts for easy access to baby Zip open ventilation panel Wind shield buttons up onto the handle Cool weather apron snaps on and off in an instant Fully lined and cushioned for ultimate comfort Double interior storage pockets Joie Signature valora pushchair – Eclipse Age Suitability: birth - approx. 4 years Weight Suitability: birth - 22kg Item Includes: pushchair, raincover, bumper bar, adapters, cupholder Care &amp; Maintenance: To clean stroller frame, use only household soap and warm water. No bleach or detergent. Please refer to the care label for instructions on cleaning the fabric parts of the stroller. All removable fabric parts may be washed in cold water and drip-dried. No bleach. Any fabric parts which are not removable should be spot-cleaned using a soft cloth and warm soapy water Standards UK/Europe: EN1888-2 Joie Ramble XL ™ Signature Carrycot – Eclipse Age Suitability: Birth - approx. 6 months Composition: 15% metals, 25% plastics, 60% softgoods Care &amp; Maintenance: See instruction manual Self-Assembly Required? Partial assembly required Safety Warning: See instruction manual Health &amp; Safety: EN1466 Joie Signature valora pushchair – Eclipse Dimensions: 91 x 63 x 111 Weight (kg): 11.21 Joie Ramble XL ™ Signature Carrycot – Eclipse Dimensions: Unfolded: L 880 x W 412 x H 580 mm Folded: L 885 x W 410 x H 190 mm Weight: 3.23kg Compact frame with a width of only 51.5 cm This 4in1 multitasking pram gives you four strollers in one when you combine with an infant car seat* and carry cot* Lightweight at only 8.8 kg Baby &amp; Toddler &gt; Baby Transport &gt; Pushchairs &amp; Prams",,500,Mamas & Papas,6526,,,https://images2.productserve.com/?w=200&h=200&bg=white&trim=5&t=letterbox&url=ssl%3Acdn.shopify.com%2Fs%2Ffiles%2F1%2F0414%2F6023%2F6453%2Ffiles%2Fjoie-pushchairs-joie-signature-valora-pushchair-carrycot-bundle-eclipse-1221483150.jpg%3Fv%3D1771417957&feedId=112637&k=964ab16c3857e1c6e6300a60a04e4bafb7535a3b,GBP,,0 GBP,https://www.mamasandpapas.com/products/joie-signature-pc-cc-eclipse-68021f903,,2026-08-07 08:17:27,£500,112637,Joie,1,,,,,,Pram & Pushchair
https://www.awin1.com/pclick.php?p=44008550204&a=2771700&m=6526,Joie finiti™ 4in1 Signature Pushchair &amp; Carrycot Bundle - Evergreen,44008550204,GB _GBP_53081060082001,https://cdn.shopify.com/s/files/1/0414/6023/6453/files/joie-pushchairs-joie-finiti-4in1-signature-pushchair-carrycot-bundle-evergreen-1221483093.jpg?v=1771489930,"Joie finiti™ 4in1 Signature Pushchair – Evergreen Meet the Joie finiti™ signature, the driver of your dreams with tons of ways to use and fun ways to fold. Every way to ride is effortless, from cradling, to carrying, to cruising either way. All systems go - Every way to ride is effortless, from cradling, to carrying, to cruising either way. Flat out chill - For brand new baby or sleepy time toddlers, the fully lie-flat tilting seat is ready for rolling and relaxing. Folds with flourish - No need to double over as you fold up, thanks to a handy quick release right on the back of the seat. Let’s bounce - The bumpier the better with a springy flex™ comfort seat that smooths out the bumps right in the seat and right where it matters most. Tyres that rock - Toughest terrain managed with foam-filled and Puncture Proof™ rubber tyres. Enjoying the cool - Full-coverage, expandable hood with visor dims sunlight and provides privacy. Product Features: Handy quick release right on the back of the seat allows for easy fold up Innovative flex comfort suspension in the seat is engineered for the smoothest ride Lightweight at just 11.21 kg UPF 50+ and water repellent canopy PunctureProof™ foam-filled rubber tyres Detachable bum bag attached to basket Cupholder Joie Ramble XL ™ Signature Carrycot – Evergreen Perfect partner - Pairs perfectly with Versatrax, Alore, Finiti and Vinca using adapters to create an effortless travel system. Infant ready - Baby soft lining and full cot cushioning designed for little ones’ comfort. One sweet ride - Comes complete with a cool weather apron, tailored raincover, adjustable canopy, leatherette touches and plush mattress. Product Features Luxury handle and accents in luxe aged faux leather texture Suitable from birth to 9kg Deluxe water repellent canopy retracts for easy access to baby Zip open ventilation panel Wind shield buttons up onto the handle Cool weather apron snaps on and off in an instant Fully lined and cushioned for ultimate comfort Double interior storage pockets Joie finiti™ 4in1 Signature Pushchair – Evergreen Weight Suitability: birth - 22kg Maximum Child Weight (kg): 22kg Safety / Warnings: See instruction manual Standards UK / Europe: EN1888 Care &amp; Maintenance: To clean stroller frame, use only household soap and warm water. No bleach or detergent. Please refer to the care label for instructions on cleaning the fabric parts of the stroller. All removable fabric parts may be washed in cold water and drip-dried. No bleach. Any fabric parts which are not removable should be spot-cleaned using a soft cloth and warm soapy water. See instruction manual Joie Ramble XL ™ Signature Carrycot – Evergreen Age Suitability: Birth - approx. 6 months Composition: 15% metals, 25% plastics, 60% softgoods Care &amp; Maintenance: See instruction manual Self-Assembly Required? Partial assembly required Safety Warning: See instruction manual Health &amp; Safety: EN1466 Joie finiti™ 4in1 Signature Pushchair – Evergreen Dimensions: L 91 x W 63 x H 111 cm Joie Ramble XL ™ Signature Carrycot – Evergreen Dimensions: Unfolded: L 880 x W 412 x H 580 mm Folded: L 885 x W 410 x H 190 mm Weight: 3.23kg 4in1 multitasker cleverly combines carry cot, infant carrier and forward or rearward facing seat all in one* * Infant car seat sold separately Lightweight at just 11.21 kg Whether the seat is fastened forward or rearward, this pushchair tucks closed and stands ready to store with a quick tug Baby &amp; Toddler &gt; Baby Transport &gt; Pushchairs &amp; Prams",,500,Mamas & Papas,6526,,,https://images2.productserve.com/?w=200&h=200&bg=white&trim=5&t=letterbox&url=ssl%3Acdn.shopify.com%2Fs%2Ffiles%2F1%2F0414%2F6023%2F6453%2Ffiles%2Fjoie-pushchairs-joie-finiti-4in1-signature-pushchair-carrycot-bundle-evergreen-1221483093.jpg%3Fv%3D1771489930&feedId=112637&k=a87d95e03f3422bea064244917b806d3978673cc,GBP,,0 GBP,https://www.mamasandpapas.com/products/joie-sig-finiti-pc-cc-everg-51612l702,,2026-08-07 08:17:28,£500,112637,Joie,1,,,,,,Pram & Pushchair
https://www.awin1.com/pclick.php?p=44018587663&a=2771700&m=6526,Nuna MIXX Next Pushchair Bundle with PIPA Urbn Car Seat – Caviar Travel System with Carrycot ISOFIX Infant Car Seat One-Hand Fold All-Terrain Suspension Reversible Seat From Birth,44018587663,GB _GBP_53094054592849,https://cdn.shopify.com/s/files/1/0414/6023/6453/files/nuna-nuna-mixx-next-pushchair-bundle-with-nuna-pipa-urbn-car-seat-caviar-1221861011.jpg?v=1771598290,"Nuna Mixx Next Pushchair The MIXX next pushchair is the unsung hero of everyday parenting. It’s a trusty sidekick, effortlessly gliding with one-handed finesse and featuring a lovely true flat recline for those impromptu naps. Not too big, not too small – it's the Goldilocks of pushchairs, ticking all the boxes. Stylish? Check. Packed with handy features? Double-check. Manoeuvre it through tight spots with ease and add a dash of style to your daily routine. Because, let's face it, parenting is an adventure. The MIXX next is here to make it a smoother ride. Consider it an everyday accomplice that's ready to carry you, and baby, through whatever life brings your way. Product Features: Automatic quick-click fold lock with trolley function for seamless stows and tows Easy to flip the seat so baby faces you or the world Switch to carry cot or car seat mode options in seconds Five-position recline easily adjusts with one hand Removable seat insert grows with baby for a perfect fit Rear-wheel Free-flex suspension™ and front-wheel progressive suspension technology MagneTech secure snap™ is a self-guiding magnetic buckle that automatically locks into place No-rethread 3 to 5-point harness for easy adjustments Water-repellent UPF 50+ canopy is extendable and features a flip-out eyeshade, ventilation panel, and window Tyres are tough, foam filled and ready for any terrain Height-adjustable pushbar to accommodate varying heights All-season seat keeps baby cosy in winter and easily converts to mesh in summer Nuna Mixx Carrycot Play more, get more things done, and enjoy the journey through the wonder years! The MIXX carry cot connects to its pushchair frame with just a click, outsmarting naptime so your day can remain uninterrupted. Product Features: UPF 50+ canopy with Dream drape™ Dream drape™ pulls down smoothly and attaches quietly with magnets, because nothing beats a lovely, uninterrupted nap Additional mesh panels for all-season comfort Compact, flat fold Luxe hand-sewn leather-look carry handle Soft mattress cover and top cover are machine washable Hidden storage compartment Non-slip feet for added security and cleanliness Top cover is easily removable via zip Connects easily to the MIXX Next pushchair frame Nuna PIPA Urbn Car Seat – Caviar The PIPA Urbn reimagines the future of travel with baby. This one-of-a-kind, ultra-lightweight infant car seat weighs only 3.3 kg* and installs using an advanced, built-in ISOFIX system. This groundbreaking baseless installation feature is integrated into the car seat, allowing for super secure installs** in seconds when moving from car, to taxi, to rideshare and offering a new generation of journeys. It also features a one-handed, quick release from pushchair and vehicle and Nuna’s iconic Dream drape™ for ultimate privacy–so you and baby can navigate life with modern-day ease. *Without canopy and insert **Refer to the vehicle fitting list Nuna Mixx Next Pushchair Item Includes: Pushchair, raincover, adapters, footmuff Age Suitability: Birth – approx. 4 years Weight Suitability: Birth – 22kg Fabric Composition: Polyester Standards UK / Europe: EN1888 Nuna Mixx Carrycot Age Suitability: Birth – approx. 6 months Weight Suitability: Birth – 9kg Fabric Composition: Polyester Standards UK / Europe: EN1466 Nuna PIPA Urbn Car Seat – Caviar Nuna Mixx Next Pushchair Dimensions – Unfolded/Assembled: 84 x 60 x 106 Dimensions – Folded/Unassembled 76 x 60 x 43 Weight (kg): 12.4kg Nuna Mixx Carrycot Dimensions – Unfolded/Assembled: 90 x 43 x 63 Dimensions – Folded/Unassembled: 90 x 43 x 14 Weight (kg): 3.95kg Nuna PIPA Urbn Car Seat – Caviar Easy to flip the seat so baby faces you or the world Rear-wheel Free-flex suspension™ Tyres are tough, foam filled and ready for any terrain Baby &amp; Toddler &gt; Baby Transport &gt; Pushchairs &amp; Prams",,1000,Mamas & Papas,6526,,,https://images2.productserve.com/?w=200&h=200&bg=white&trim=5&t=letterbox&url=ssl%3Acdn.shopify.com%2Fs%2Ffiles%2F1%2F0414%2F6023%2F6453%2Ffiles%2Fnuna-nuna-mixx-next-pushchair-bundle-with-nuna-pipa-urbn-car-seat-caviar-1221861011.jpg%3Fv%3D1771598290&feedId=112637&k=d34405735a22d1370afce5af6c45b434512fc292,GBP,,0 GBP,https://www.mamasandpapas.com/products/kit-mixx-next-bundle-caviar-2349v1716,,2026-08-07 08:17:29,"£1,000",112637,Nuna,1,,,,,,Travel Bundle
https://www.awin1.com/pclick.php?p=44018587664&a=2771700&m=6526,Nuna MIXX Next Pushchair Bundle with PIPA Urbn Car Seat – Chateau/Caviar Travel System with Carrycot ISOFIX Infant Car Seat One-Hand Fold All-Terrain Suspension Reversible Seat from Birth,44018587664,GB _GBP_53094054429009,https://cdn.shopify.com/s/files/1/0414/6023/6453/files/nuna-nuna-mixx-next-pushchair-bundle-with-nuna-pipa-urbn-car-seat-chateau-caviar-1221866957.jpg?v=1771598256,"Nuna Mixx Next Pushchair The MIXX next pushchair is the unsung hero of everyday parenting. It’s a trusty sidekick, effortlessly gliding with one-handed finesse and featuring a lovely true flat recline for those impromptu naps. Not too big, not too small – it's the Goldilocks of pushchairs, ticking all the boxes. Stylish? Check. Packed with handy features? Double-check. Manoeuvre it through tight spots with ease and add a dash of style to your daily routine. Because, let's face it, parenting is an adventure. The MIXX next is here to make it a smoother ride. Consider it an everyday accomplice that's ready to carry you, and baby, through whatever life brings your way. Product Features: Automatic quick-click fold lock with trolley function for seamless stows and tows Easy to flip the seat so baby faces you or the world Switch to carry cot or car seat mode options in seconds Five-position recline easily adjusts with one hand Removable seat insert grows with baby for a perfect fit Rear-wheel Free-flex suspension™ and front-wheel progressive suspension technology MagneTech secure snap™ is a self-guiding magnetic buckle that automatically locks into place No-rethread 3 to 5-point harness for easy adjustments Water-repellent UPF 50+ canopy is extendable and features a flip-out eyeshade, ventilation panel, and window Tyres are tough, foam filled and ready for any terrain Height-adjustable pushbar to accommodate varying heights All-season seat keeps baby cosy in winter and easily converts to mesh in summer Nuna Mixx Carrycot Play more, get more things done, and enjoy the journey through the wonder years! The MIXX carry cot connects to its pushchair frame with just a click, outsmarting naptime so your day can remain uninterrupted. Product Features: UPF 50+ canopy with Dream drape™ Dream drape™ pulls down smoothly and attaches quietly with magnets, because nothing beats a lovely, uninterrupted nap Additional mesh panels for all-season comfort Compact, flat fold Luxe hand-sewn leather-look carry handle Soft mattress cover and top cover are machine washable Hidden storage compartment Non-slip feet for added security and cleanliness Top cover is easily removable via zip Connects easily to the MIXX Next pushchair frame Nuna PIPA Urbn Car Seat The PIPA Urbn reimagines the future of travel with baby. This one-of-a-kind, ultra-lightweight infant car seat weighs only 3.3 kg* and installs using an advanced, built-in ISOFIX system. This groundbreaking baseless installation feature is integrated into the car seat, allowing for super secure installs** in seconds when moving from car, to taxi, to rideshare and offering a new generation of journeys. It also features a one-handed, quick release from pushchair and vehicle and Nuna’s iconic Dream drape™ for ultimate privacy–so you and baby can navigate life with modern-day ease. *Without canopy and insert **Refer to the vehicle fitting list Nuna Mixx Next Pushchair Item Includes: Pushchair, raincover, adapters, footmuff Age Suitability: Birth – approx. 4 years Weight Suitability: Birth – 22kg Fabric Composition: Polyester Standards UK / Europe: EN1888 Nuna Mixx Carrycot Age Suitability: Birth – approx. 6 months Weight Suitability: Birth – 9kg Fabric Composition: Polyester Standards UK / Europe: EN1466 Nuna PIPA Urbn Car Seat Nuna Mixx Next Pushchair Dimensions – Unfolded/Assembled: 84 x 60 x 106 Dimensions – Folded/Unassembled 76 x 60 x 43 Weight (kg): 12.4kg Nuna Mixx Carrycot Dimensions – Unfolded/Assembled: 90 x 43 x 63 Dimensions – Folded/Unassembled: 90 x 43 x 14 Weight (kg): 3.95kg Nuna PIPA Urbn Car Seat Easy to flip the seat so baby faces you or the world Rear-wheel Free-flex suspension™ Tyres are tough, foam filled and ready for any terrain Baby &amp; Toddler &gt; Baby Transport &gt; Pushchairs &amp; Prams",,1000,Mamas & Papas,6526,,,https://images2.productserve.com/?w=200&h=200&bg=white&trim=5&t=letterbox&url=ssl%3Acdn.shopify.com%2Fs%2Ffiles%2F1%2F0414%2F6023%2F6453%2Ffiles%2Fnuna-nuna-mixx-next-pushchair-bundle-with-nuna-pipa-urbn-car-seat-chateau-caviar-1221866957.jpg%3Fv%3D1771598256&feedId=112637&k=0fb956bd6bc9db3b7989321c6896aad920edc5e4,GBP,,0 GBP,https://www.mamasandpapas.com/products/mixx-next-bundle-chateau-pip-23492m917,,2026-08-07 08:17:29,"£1,000",112637,Nuna,1,,,,,,Travel Bundle
https://www.awin1.com/pclick.php?p=44018587665&a=2771700&m=6526,Nuna MIXX Next Pushchair Bundle with PIPA Urbn Car Seat – Chestnut Travel System with Carrycot ISOFIX Infant Car Seat One-Hand Fold All-Terrain Suspension Reversible Seat,44018587665,GB _GBP_53094111445329,https://cdn.shopify.com/s/files/1/0414/6023/6453/files/nuna-pushchairs-nuna-mixx-next-pushchair-bundle-with-nuna-pipa-urbn-car-seat-chestnut-1221861029.jpg?v=1771598317,"Nuna Mixx Next Pushchair The MIXX next pushchair is the unsung hero of everyday parenting. It’s a trusty sidekick, effortlessly gliding with one-handed finesse and featuring a lovely true flat recline for those impromptu naps. Not too big, not too small – it's the Goldilocks of pushchairs, ticking all the boxes. Stylish? Check. Packed with handy features? Double-check. Manoeuvre it through tight spots with ease and add a dash of style to your daily routine. Because, let's face it, parenting is an adventure. The MIXX next is here to make it a smoother ride. Consider it an everyday accomplice that's ready to carry you, and baby, through whatever life brings your way. Product Features: Automatic quick-click fold lock with trolley function for seamless stows and tows Easy to flip the seat so baby faces you or the world Switch to carry cot or car seat mode options in seconds Five-position recline easily adjusts with one hand Removable seat insert grows with baby for a perfect fit Rear-wheel Free-flex suspension™ and front-wheel progressive suspension technology MagneTech secure snap™ is a self-guiding magnetic buckle that automatically locks into place No-rethread 3 to 5-point harness for easy adjustments Water-repellent UPF 50+ canopy is extendable and features a flip-out eyeshade, ventilation panel, and window Tyres are tough, foam filled and ready for any terrain Height-adjustable pushbar to accommodate varying heights All-season seat keeps baby cosy in winter and easily converts to mesh in summer Nuna Mixx Carrycot Play more, get more things done, and enjoy the journey through the wonder years! The MIXX carry cot connects to its pushchair frame with just a click, outsmarting naptime so your day can remain uninterrupted. Product Features: UPF 50+ canopy with Dream drape™ Dream drape™ pulls down smoothly and attaches quietly with magnets, because nothing beats a lovely, uninterrupted nap Additional mesh panels for all-season comfort Compact, flat fold Luxe hand-sewn leather-look carry handle Soft mattress cover and top cover are machine washable Hidden storage compartment Non-slip feet for added security and cleanliness Top cover is easily removable via zip Connects easily to the MIXX Next pushchair frame Nuna PIPA Urbn Car Seat The PIPA Urbn reimagines the future of travel with baby. This one-of-a-kind, ultra-lightweight infant car seat weighs only 3.3 kg* and installs using an advanced, built-in ISOFIX system. This groundbreaking baseless installation feature is integrated into the car seat, allowing for super secure installs** in seconds when moving from car, to taxi, to rideshare and offering a new generation of journeys. It also features a one-handed, quick release from pushchair and vehicle and Nuna’s iconic Dream drape™ for ultimate privacy–so you and baby can navigate life with modern-day ease. *Without canopy and insert **Refer to the vehicle fitting list Nuna Mixx Next Pushchair Item Includes: Pushchair, raincover, adapters, footmuff Age Suitability: Birth – approx. 4 years Weight Suitability: Birth – 22kg Fabric Composition: Polyester Standards UK / Europe: EN1888 Nuna Mixx Carrycot Age Suitability: Birth – approx. 6 months Weight Suitability: Birth – 9kg Fabric Composition: Polyester Standards UK / Europe: EN1466 Nuna PIPA Urbn Car Seat Age Suitability: From Birth to 13kg Safety Warning: The enhanced child restraint system soft goods should not be replaced with any other than the ones recommended by the manufacturer, because the soft goods constitutes an integral part of the restraint performance To avoid the risk of falling out, always secure the child using the child harness when the child is placed in infant carrier module, even when the enhanced child restraint is not in the vehicle. To avoid serious injury or death, NEVER place infant carrier module on elevated surface seat with child in it The parts of this enhanced child restraint should not be lubricated in any way Remove this infant carrier module and base from the vehicle seat when it is not in regular use ALWAYS secure child in enhanced child restraint, even on short trips, as this is when most accidents occur NEVER leave your child unattended with this enhanced child restraint NEVER use a second-hand enhanced child restraint or an enhanced child restraint whose history you do not know because it may have structural damage that endangers your child’s safety NEVER use ropes or any other substitutes to secure enhanced child restraint in vehicle or to secure child into enhanced child restraint NO enhanced child restraint can guarantee full protection from injury in an accident. However, proper use of this enhanced child restraint will reduce the risk of serious injury or death to your child DO NOT use the rearward-facing enhanced child restraint systems in seating positions where there is an active frontal airbag installed. Death or serious injury may occur. Please reference vehicle owner’s manual for more information DO NOT place any objects in the load leg area in front of your base DO NOT use any load-bearing contact points other than those described in the instructions and marked on the enhanced child restraint DO NOT continue to use this enhanced child restraint after it has suffered any type of crash, even a minor one. Replace immediately as there may be invisible, structural damage from the crash DO NOT install this enhanced child restraint without following the instructions in this manual or you may put your child at serious risk of injury or death DO NOT make any modification to this enhanced child restraint or use it along with component parts from other manufacturers DO NOT use the enhanced child restraint system without the soft goods DO NOT use this enhanced child restraint if it has damaged or missing parts DO NOT have your child in large/oversized clothes because this may prevent your child from being properly and securely fastened by the shoulder harness straps and the crotch strap between the legs DO NOT leave this enhanced child restraint, or other items unbelted or unsecured in your vehicle because an unsecured enhanced child restraint can be thrown around and may injure occupants in a sharp turn, sudden stop, or collision Care &amp; Maintenance:Seat pad: Machine wash in cold water, delicate cycle, Drip dry. DO NOT Tumble Dry, Iron, Dry Clean OR Bleach. Plastic, handle and harness: Use mild detergent, water and a soft cloth and Air dry Buckle: Rinse using warm water. DO NOT use any soaps, solvents OR lubricants Self-Assembly Required?: Part Assembled Nuna Mixx Next Pushchair Dimensions – Unfolded/Assembled: 84 x 60 x 106 Dimensions – Folded/Unassembled 76 x 60 x 43 Weight (kg): 12.4kg Nuna Mixx Carrycot Dimensions – Unfolded/Assembled: 90 x 43 x 63 Dimensions – Folded/Unassembled: 90 x 43 x 14 Weight (kg): 3.95kg Nuna PIPA Urbn Car Seat Dimensions: 65cm x 43.5cm x 57cm Weight: 3.3kg (Without insert or canopy) Easy to flip the seat so baby faces you or the world Rear-wheel Free-flex suspension™ Tyres are tough, foam filled and ready for any terrain Baby &amp; Toddler &gt; Baby Transport &gt; Pushchairs &amp; Prams",,1000,Mamas & Papas,6526,,,https://images2.productserve.com/?w=200&h=200&bg=white&trim=5&t=letterbox&url=ssl%3Acdn.shopify.com%2Fs%2Ffiles%2F1%2F0414%2F6023%2F6453%2Ffiles%2Fnuna-pushchairs-nuna-mixx-next-pushchair-bundle-with-nuna-pipa-urbn-car-seat-chestnut-1221861029.jpg%3Fv%3D1771598317&feedId=112637&k=ff6016add290446d7df050cebf3c8496211ab730,GBP,,0 GBP,https://www.mamasandpapas.com/products/mixx-next-bundle-chestnut-pi-2349j9216,,2026-08-07 08:17:29,"£1,000",112637,Nuna,1,,,,,,Travel Bundle
https://www.awin1.com/pclick.php?p=44033739811&a=2771700&m=6526,Mamas &amp; Papas Bunny Dreampod Swaddle &amp; All In One With Soft Toy Gift Box - Newborn,44033739811,GB _GBP_53105236672849,https://cdn.shopify.com/s/files/1/0414/6023/6453/files/mamas-papas-gift-boxes-bunny-dreampod-swaddle-all-in-one-with-soft-toy-gift-box-1221879604.jpg?v=1771850110,"Dreampod Swaddle (1.0 Tog) – Bunny Help your little one develop positive sleep habits from day one with our thoughtfully designed Dreampod Swaddle. Inspired by how babies sleep best, our cocoon-like swaddle mimics the snug, secure feeling of the womb and calms startle reflexes to encourage self-soothing and longer, deeper sleep. Crafted in soft, breathable fabric for a healthy night’s sleep, it’s finished with a delicate bunny print and ‘Hello World’ embroidery on the chest. Why we love it: Every element has been designed with safety, comfort and ease in mind; from the zip opening for fuss-free changes to the soft, stretchy material that keeps baby snug without being too restrictive. Good to know Adjustable poppers mean baby’s arms can be swaddled in or out, depending on their preference, giving them more freedom as they grow and making the next-step transition to a Dreampod Sleep Bag smoother. Match it up: Team with our coordinating bunny print Cotton Essentials, including cellular blanket, sleep bag and sheets, for a perfectly cohesive nursery. Bunny Print Zip All In One This bunny-print all-in-one ticks boxes for both cuteness and comfort. All-over bunny print Long-sleeved with integrated turn-back mitts Full zip fastening 100% cotton Soft Toy - Grey Bunny Beanie This floppy-eared beanie bunny makes the cutest cuddle companion from birth and beyond. Perfectly sized for little hands, he’s crafted from soft, downy faux fur with a beany texture, sweet, tufted tail, and the cutest, oversized ears, cheeks, and feet, making him beautifully tactile and endlessly lovable. Why We Love It: Crafted from soft, plush, downy faux fur that’s gentle on delicate skin. Ultra-soft, long, floppy ears add sensory element as they touch, grasp and stroke. Coordinates with our Bunny print Cotton Essentials range and Bunny toys. Suitable for newborns. Dreampod Swaddle (1.0 Tog) – Bunny Age suitability: Newborn Height 45cm to 55cm 0-3m Height 50cm to 65cm Composition: 70% Viscose from Bamboo; 30% Cotton Safety warnings: WARNING! Do not use if the child's head can pass through the neck opening when fastened for use. WARNING! Do not use in combination with a cot duvet or blanket. WARNING! When your child starts to roll over, ensure you use with arms out. All Mamas &amp; Papas products comply with all the relevant latest British and European Safety Standards and Regulations. Care &amp; Maintenance: Machine washable Bunny Print Zip All In One Composition: 100% cotton Washcare: 40 degree wash/ do not bleach/ cool tumble dry/ cool iron/ do not dry clean/ wash dark colours separately Warning: Keep away from fire Soft Toy - Grey Bunny Beanie Safety Warnings: All Mamas &amp; Papas products comply with all the relevant latest British and European Safety Standards and Regulations. Dreampod Swaddle (1.0 Tog) – Bunny Dimensions Newborn: W 27 x L 60cm Dimensions 0-3M: W 29 x L 70cm Soft Toy - Grey Bunny Beanie Dimensions: W 15 x L 10 x D 10cm Soft, breathable fabric for optimum comfort Adjustable poppers to give baby more arm freedom as they grow Part of our specially designed safer-sleep Dreampod range Baby &amp; Toddler &gt; Baby &amp; Toddler Gift Sets",,56,Mamas & Papas,6526,,,https://images2.productserve.com/?w=200&h=200&bg=white&trim=5&t=letterbox&url=ssl%3Acdn.shopify.com%2Fs%2Ffiles%2F1%2F0414%2F6023%2F6453%2Ffiles%2Fmamas-papas-gift-boxes-bunny-dreampod-swaddle-all-in-one-with-soft-toy-gift-box-1221879604.jpg%3Fv%3D1771850110&feedId=112637&k=b91604a7cb35d4c824e75b8bff13010525312656,GBP,,4.95 GBP,https://www.mamasandpapas.com/products/giftbox-bunny-aio-swaddle-beanie-nb-8031b2b02?variant=53105236672849,,2026-08-07 08:17:30,£56,112637,Mamas & Papas,1,,,,,,Swaddles
https://www.awin1.com/pclick.php?p=44033739812&a=2771700&m=6526,Mamas &amp; Papas Bunny Dreampod Swaddle &amp; All In One With Soft Toy Gift Box - 0-3 Months,44033739812,GB _GBP_53105236705617,https://cdn.shopify.com/s/files/1/0414/6023/6453/files/mamas-papas-gift-boxes-bunny-dreampod-swaddle-all-in-one-with-soft-toy-gift-box-1221879604.jpg?v=1771850110,"Dreampod Swaddle (1.0 Tog) – Bunny Help your little one develop positive sleep habits from day one with our thoughtfully designed Dreampod Swaddle. Inspired by how babies sleep best, our cocoon-like swaddle mimics the snug, secure feeling of the womb and calms startle reflexes to encourage self-soothing and longer, deeper sleep. Crafted in soft, breathable fabric for a healthy night’s sleep, it’s finished with a delicate bunny print and ‘Hello World’ embroidery on the chest. Why we love it: Every element has been designed with safety, comfort and ease in mind; from the zip opening for fuss-free changes to the soft, stretchy material that keeps baby snug without being too restrictive. Good to know Adjustable poppers mean baby’s arms can be swaddled in or out, depending on their preference, giving them more freedom as they grow and making the next-step transition to a Dreampod Sleep Bag smoother. Match it up: Team with our coordinating bunny print Cotton Essentials, including cellular blanket, sleep bag and sheets, for a perfectly cohesive nursery. Bunny Print Zip All In One This bunny-print all-in-one ticks boxes for both cuteness and comfort. All-over bunny print Long-sleeved with integrated turn-back mitts Full zip fastening 100% cotton Soft Toy - Grey Bunny Beanie This floppy-eared beanie bunny makes the cutest cuddle companion from birth and beyond. Perfectly sized for little hands, he’s crafted from soft, downy faux fur with a beany texture, sweet, tufted tail, and the cutest, oversized ears, cheeks, and feet, making him beautifully tactile and endlessly lovable. Why We Love It: Crafted from soft, plush, downy faux fur that’s gentle on delicate skin. Ultra-soft, long, floppy ears add sensory element as they touch, grasp and stroke. Coordinates with our Bunny print Cotton Essentials range and Bunny toys. Suitable for newborns. Dreampod Swaddle (1.0 Tog) – Bunny Age suitability: Newborn Height 45cm to 55cm 0-3m Height 50cm to 65cm Composition: 70% Viscose from Bamboo; 30% Cotton Safety warnings: WARNING! Do not use if the child's head can pass through the neck opening when fastened for use. WARNING! Do not use in combination with a cot duvet or blanket. WARNING! When your child starts to roll over, ensure you use with arms out. All Mamas &amp; Papas products comply with all the relevant latest British and European Safety Standards and Regulations. Care &amp; Maintenance: Machine washable Bunny Print Zip All In One Composition: 100% cotton Washcare: 40 degree wash/ do not bleach/ cool tumble dry/ cool iron/ do not dry clean/ wash dark colours separately Warning: Keep away from fire Soft Toy - Grey Bunny Beanie Safety Warnings: All Mamas &amp; Papas products comply with all the relevant latest British and European Safety Standards and Regulations. Dreampod Swaddle (1.0 Tog) – Bunny Dimensions Newborn: W 27 x L 60cm Dimensions 0-3M: W 29 x L 70cm Soft Toy - Grey Bunny Beanie Dimensions: W 15 x L 10 x D 10cm Soft, breathable fabric for optimum comfort Adjustable poppers to give baby more arm freedom as they grow Part of our specially designed safer-sleep Dreampod range Baby &amp; Toddler &gt; Baby &amp; Toddler Gift Sets",,56,Mamas & Papas,6526,,,https://images2.productserve.com/?w=200&h=200&bg=white&trim=5&t=letterbox&url=ssl%3Acdn.shopify.com%2Fs%2Ffiles%2F1%2F0414%2F6023%2F6453%2Ffiles%2Fmamas-papas-gift-boxes-bunny-dreampod-swaddle-all-in-one-with-soft-toy-gift-box-1221879604.jpg%3Fv%3D1771850110&feedId=112637&k=b91604a7cb35d4c824e75b8bff13010525312656,GBP,,4.95 GBP,https://www.mamasandpapas.com/products/giftbox-bunny-aio-swaddle-beanie-nb-8031b2b02?variant=53105236705617,,2026-08-07 08:17:30,£56,112637,Mamas & Papas,1,,,,,,Swaddles
https://www.awin1.com/pclick.php?p=44066068253&a=2771700&m=6526,Bugaboo Donkey 6 Twin - Fern Green,44066068253,GB _GBP_53140977582417,https://cdn.shopify.com/s/files/1/0414/6023/6453/files/bugaboo-pushchairs-bugaboo-donkey-6-twin-fern-green-1223809123.jpg?v=1772544610,"Bugaboo Donkey 6 Pushchair The go-anywhere convertible stroller that carries everything. The Bugaboo Donkey 6 is the all-terrain stroller designed to grow with your family while offering unmatched storage space. Easy to maneuver on any terrain. Large puncture-proof wheels and a tight turning radius make the stroller easy to push, steer, and maneuver one-handed on any terrain, even when fully loaded with kids and groceries. It has a slimline design, measuring only 60 cm (23.6 inches) – as narrow as a typical full-size stroller. In double mode, it also fits through standard doorways, at 74 cm (29.1 inches). Double storage space. The spacious underseat basket is now 50% larger than before, holding up to 15 kg (33 lbs) or 70 L. The newly redesigned side bag doubles as a changing bag, keeping must-haves within easy reach. In single mode, it carries up to 10 kg (22 lbs) on the chassis. In double mode, it attaches securely to the handlebar and holds up to 4 kg (8.8 lbs). Crafted for superior comfort. The spacious all-season bassinet features new soft 100% organic cotton linings for your baby’s sensitive skins. It also has 2x larger breezy panels to help regulate airflow, while letting your baby take in new sights and sounds. Grows with your family, side by side. The Bugaboo Donkey 6 is future-ready and adapts effortlessly as your family grows. Its unique patented design converts from a single stroller to double in just three clicks. The side-by-side setup helps your children feel close and connected with each other and with you – from the very start. Materials for the future. To reduce its impact on our planet, the stroller is more sustainably crafted with durable recycled fabrics, bio-based material, and recycled aluminum. It’s also adopted a more sustainable dyeing technology with a higher color quality and lower resource consumption. By making these conscious choices, we’ve cut the stroller’s CO2 footprint by 17% compared to previous Bugaboo Donkey models. Product Features: XL all-terrain puncture-proof wheels for comfort on any terrain Easy to push, steer, and maneuver with one hand, even when fully loaded Slimline design, only 60 cm (23.6 inches) wide, as narrow as a single stroller Underseat basket is 50% bigger (than previous model), carries up to 15 kg (33 lbs) or 70 L (18.4 gal) New side bag holds up to 10 kg (22 lbs), can double as changing bag for extra convenience Spacious all-season bassinet with 2x larger breezy panels (than previous model) for better airflow and comfort Naturally white 100% organic cotton linings are soft on your baby’s skin Breathable, dual-sided PureBreeze™ mattress for optimal newborn support Patented convertible design, switch from single to side-by-side double (and back) in three clicks Over 20 configurations available when adding car seat(s) and wheeled board Bugaboo Donkey 6 Sibling Seat The Bugaboo Donkey 6 sibling seat lets you easily transform your Bugaboo Donkey 6 into a side-by-side double stroller in a few clicks. Combine this with the Bugaboo Donkey 6 base to create a complete stroller for two children of different ages. This sibling seat comes with all the elements to make your Bugaboo Donkey 6 ready for your growing family, including the sun canopy fabric. Product Features: Converts the Bugaboo Donkey 6 into a side-by-side stroller for a second child For toddlers from 6 months to 22 kg (50 lbs) Sibling seat accommodates the same child weight and height as the main seat Reversible, facing parent or facing the world One-hand seat recline with 3 positions Available in different colors to match your stroller Easy to attach to the stroller frame Bugaboo Donkey 6 Twin Carrycot The Bugaboo Donkey 6 twin bassinet fabric lets you easily transform your Bugaboo Donkey 6 into a side-by-side stroller for twins in a few clicks. Combine this with the Bugaboo Donkey 6 base to create a complete stroller for two twins from birth. This twin bassinet fabric complete comes with all the elements to make your Bugaboo Donkey 6 ready for your newborns Product Features: Naturally white 100% organic cotton linings are soft on sensitive skins Available in different colours to match your stroller Easy to attach to the stroller frame  Bugaboo Donkey 6 Pushchair Age Suitability: Birth – 4 years Weight Suitability: Birth – 22KG Bugaboo Donkey 6 Sibling Seat Age Suitability: 6 months – 4 years Weight Suitability: 22kg Bugaboo Donkey 6 Twin Carrycot Age Suitability: Birth – 6 months   Weight Suitability: 9 Kg Bugaboo Donkey 6 Pushchair Dimensions – Unfolded/Assembled: 56cm×61.5cm×90cm Dimensions – Folded/Unassembled: 66.1 cm × 60.5 cm× 21.5cm Weight (kg): 15.2KG Bugaboo Donkey 6 Sibling Seat Dimensions: 88cm x 38cm x 25cm Bugaboo Donkey 6 Twin Carrycot Weight (kg): 2.2 Kg XL all-terrain puncture-proof wheels for comfort on any terrain Easy to push, steer, and maneuver with one hand, even when fully loaded Slimline design, only 60 cm (23.6 inches) wide, as narrow as a single stroller Baby &amp; Toddler &gt; Baby Transport &gt; Pushchairs &amp; Prams",,1690,Mamas & Papas,6526,,,https://images2.productserve.com/?w=200&h=200&bg=white&trim=5&t=letterbox&url=ssl%3Acdn.shopify.com%2Fs%2Ffiles%2F1%2F0414%2F6023%2F6453%2Ffiles%2Fbugaboo-pushchairs-bugaboo-donkey-6-twin-fern-green-1223809123.jpg%3Fv%3D1772544610&feedId=112637&k=f63a8fcfdb255bbf51b00e2a2828668307d81828,GBP,,0 GBP,https://www.mamasandpapas.com/products/donkey-6-twin-fern-green-68182n104,,2026-08-07 08:17:36,"£1,690",112637,Bugaboo,1,,,,,,Twin Pram
https://www.awin1.com/pclick.php?p=44066068254&a=2771700&m=6526,Bugaboo Donkey 6 Double - Cocoa Brown,44066068254,GB _GBP_53140977615185,https://cdn.shopify.com/s/files/1/0414/6023/6453/files/bugaboo-pushchairs-bugaboo-donkey-6-double-cocoa-brown-1223809121.jpg?v=1772544492,"Bugaboo Donkey 6 Pushchair The go-anywhere convertible stroller that carries everything. The Bugaboo Donkey 6 is the all-terrain stroller designed to grow with your family while offering unmatched storage space. Easy to maneuver on any terrain. Large puncture-proof wheels and a tight turning radius make the stroller easy to push, steer, and maneuver one-handed on any terrain, even when fully loaded with kids and groceries. It has a slimline design, measuring only 60 cm (23.6 inches) – as narrow as a typical full-size stroller. In double mode, it also fits through standard doorways, at 74 cm (29.1 inches). Double storage space. The spacious underseat basket is now 50% larger than before, holding up to 15 kg (33 lbs) or 70 L. The newly redesigned side bag doubles as a changing bag, keeping must-haves within easy reach. In single mode, it carries up to 10 kg (22 lbs) on the chassis. In double mode, it attaches securely to the handlebar and holds up to 4 kg (8.8 lbs). Crafted for superior comfort. The spacious all-season bassinet features new soft 100% organic cotton linings for your baby’s sensitive skins. It also has 2x larger breezy panels to help regulate airflow, while letting your baby take in new sights and sounds. Grows with your family, side by side. The Bugaboo Donkey 6 is future-ready and adapts effortlessly as your family grows. Its unique patented design converts from a single stroller to double in just three clicks. The side-by-side setup helps your children feel close and connected with each other and with you – from the very start. Materials for the future. To reduce its impact on our planet, the stroller is more sustainably crafted with durable recycled fabrics, bio-based material, and recycled aluminum. It’s also adopted a more sustainable dyeing technology with a higher color quality and lower resource consumption. By making these conscious choices, we’ve cut the stroller’s CO2 footprint by 17% compared to previous Bugaboo Donkey models. Product Features: XL all-terrain puncture-proof wheels for comfort on any terrain Easy to push, steer, and maneuver with one hand, even when fully loaded Slimline design, only 60 cm (23.6 inches) wide, as narrow as a single stroller Underseat basket is 50% bigger (than previous model), carries up to 15 kg (33 lbs) or 70 L (18.4 gal) New side bag holds up to 10 kg (22 lbs), can double as changing bag for extra convenience Spacious all-season bassinet with 2x larger breezy panels (than previous model) for better airflow and comfort Naturally white 100% organic cotton linings are soft on your baby’s skin Breathable, dual-sided PureBreeze™ mattress for optimal newborn support Patented convertible design, switch from single to side-by-side double (and back) in three clicks Over 20 configurations available when adding car seat(s) and wheeled board Bugaboo Donkey 6 Sibling Seat The Bugaboo Donkey 6 sibling seat lets you easily transform your Bugaboo Donkey 6 into a side-by-side double stroller in a few clicks. Combine this with the Bugaboo Donkey 6 base to create a complete stroller for two children of different ages. This sibling seat comes with all the elements to make your Bugaboo Donkey 6 ready for your growing family, including the sun canopy fabric. Product Features: Converts the Bugaboo Donkey 6 into a side-by-side stroller for a second child For toddlers from 6 months to 22 kg (50 lbs) Sibling seat accommodates the same child weight and height as the main seat Reversible, facing parent or facing the world One-hand seat recline with 3 positions Available in different colors to match your stroller Easy to attach to the stroller frame Bugaboo Donkey 6 Pushchair Age Suitability: Birth – 4 years Weight Suitability: Birth – 22KG Bugaboo Donkey 6 Sibling Seat Age Suitability: 6 months – 4 years Weight Suitability: 22kg Bugaboo Donkey 6 Pushchair Dimensions – Unfolded/Assembled: 56cm×61.5cm×90cm Dimensions – Folded/Unassembled: 66.1 cm × 60.5 cm× 21.5cm Weight (kg): 15.2KG Bugaboo Donkey 6 Sibling Seat Dimensions: 88cm x 38cm x 25cm XL all-terrain puncture-proof wheels for comfort on any terrain Easy to push, steer, and maneuver with one hand, even when fully loaded Slimline design, only 60 cm (23.6 inches) wide, as narrow as a single stroller Baby &amp; Toddler &gt; Baby Transport &gt; Pushchairs &amp; Prams",,1560,Mamas & Papas,6526,,,https://images2.productserve.com/?w=200&h=200&bg=white&trim=5&t=letterbox&url=ssl%3Acdn.shopify.com%2Fs%2Ffiles%2F1%2F0414%2F6023%2F6453%2Ffiles%2Fbugaboo-pushchairs-bugaboo-donkey-6-double-cocoa-brown-1223809121.jpg%3Fv%3D1772544492&feedId=112637&k=09aa318da0026627128e0426aa4de905beccb992,GBP,,0 GBP,https://www.mamasandpapas.com/products/donkey-6-duo-cocoa-brown-68172n204,,2026-08-07 08:37:50,"£1,560",112637,Bugaboo,1,,,,,,Twin Pram
https://www.awin1.com/pclick.php?p=44066068263&a=2771700&m=6526,Bugaboo Donkey 6 Twin Essential Bundle (6 Pieces) - Cocoa Brown,44066068263,GB _GBP_53141018214737,https://cdn.shopify.com/s/files/1/0414/6023/6453/files/bugaboo-pushchairs-donkey-6-twin-essential-bundle-6-pieces-cocoa-brown-1224639663.jpg?v=1772535788,"This bundle includes: Bugaboo Donkey 6 Pushchair, Bugaboo Donkey 6 Sibling Seat, Bugaboo Donkey 6 Twin Carrycot, Bugaboo Footmuff x2, Cupholder The go-anywhere convertible stroller that carries everything. The Bugaboo Donkey 6 is the all-terrain stroller designed to grow with your family while offering unmatched storage space. Easy to maneuver on any terrain. Large puncture-proof wheels and a tight turning radius make the stroller easy to push, steer, and maneuver one-handed on any terrain, even when fully loaded with kids and groceries. It has a slimline design, measuring only 60 cm (23.6 inches) – as narrow as a typical full-size stroller. In double mode, it also fits through standard doorways, at 74 cm (29.1 inches). Double storage space. The spacious underseat basket is now 50% larger than before, holding up to 15 kg (33 lbs) or 70 L. The newly redesigned side bag doubles as a changing bag, keeping must-haves within easy reach. In single mode, it carries up to 10 kg (22 lbs) on the chassis. In double mode, it attaches securely to the handlebar and holds up to 4 kg (8.8 lbs). Crafted for superior comfort. The spacious all-season bassinet features new soft 100% organic cotton linings for your baby’s sensitive skins. It also has 2x larger breezy panels to help regulate airflow, while letting your baby take in new sights and sounds. Grows with your family, side by side. The Bugaboo Donkey 6 is future-ready and adapts effortlessly as your family grows. Its unique patented design converts from a single stroller to double in just three clicks. The side-by-side setup helps your children feel close and connected with each other and with you – from the very start. Materials for the future. To reduce its impact on our planet, the stroller is more sustainably crafted with durable recycled fabrics, bio-based material, and recycled aluminum. It’s also adopted a more sustainable dyeing technology with a higher color quality and lower resource consumption. By making these conscious choices, we’ve cut the stroller’s CO2 footprint by 17% compared to previous Bugaboo Donkey models. Product Features: XL all-terrain puncture-proof wheels for comfort on any terrain Easy to push, steer, and maneuver with one hand, even when fully loaded Slimline design, only 60 cm (23.6 inches) wide, as narrow as a single stroller Underseat basket is 50% bigger (than previous model), carries up to 15 kg (33 lbs) or 70 L (18.4 gal) New side bag holds up to 10 kg (22 lbs), can double as changing bag for extra convenience Spacious all-season bassinet with 2x larger breezy panels (than previous model) for better airflow and comfort Naturally white 100% organic cotton linings are soft on your baby’s skin Breathable, dual-sided PureBreeze™ mattress for optimal newborn support Patented convertible design, switch from single to side-by-side double (and back) in three clicks Over 20 configurations available when adding car seat(s) and wheeled board Bugaboo Donkey 6 Sibling Seat The Bugaboo Donkey 6 sibling seat lets you easily transform your Bugaboo Donkey 6 into a side-by-side double stroller in a few clicks. Combine this with the Bugaboo Donkey 6 base to create a complete stroller for two children of different ages. This sibling seat comes with all the elements to make your Bugaboo Donkey 6 ready for your growing family, including the sun canopy fabric. Product Features: Converts the Bugaboo Donkey 6 into a side-by-side stroller for a second child For toddlers from 6 months to 22 kg (50 lbs) Sibling seat accommodates the same child weight and height as the main seat Reversible, facing parent or facing the world One-hand seat recline with 3 positions Available in different colors to match your stroller Easy to attach to the stroller frame Bugaboo Donkey 6 Twin Carrycot The Bugaboo Donkey 6 twin bassinet fabric lets you easily transform your Bugaboo Donkey 6 into a side-by-side stroller for twins in a few clicks. Combine this with the Bugaboo Donkey 6 base to create a complete stroller for two twins from birth. This twin bassinet fabric complete comes with all the elements to make your Bugaboo Donkey 6 ready for your newborns Product Features: Naturally white 100% organic cotton linings are soft on sensitive skins Available in different colours to match your stroller Easy to attach to the stroller frame  Bugaboo Donkey 6 Pushchair Age Suitability: Birth – 4 years Weight Suitability: Birth – 22KG Bugaboo Donkey 6 Sibling Seat Age Suitability: 6 months – 4 years Weight Suitability: 22kg Bugaboo Donkey 6 Twin Carrycot Age Suitability: Birth – 6 months   Weight Suitability: 9 Kg Bugaboo Footmuff Age Suitability: 6 months - 22kg Composition: Outside: 100% polyester Lining 1: 74% polyester, 26% rayon Lining 2: 100% polyester Filling: 100% polyester Care &amp; Maintenance: All fabrics are machine washable at 30°C/ 86°F Wash separately Always refer to the washing label for the exact instructions Bugaboo Donkey 6 Pushchair Dimensions – Unfolded/Assembled: 56cm×61.5cm×90cm Dimensions – Folded/Unassembled: 66.1 cm × 60.5 cm× 21.5cm Weight (kg): 15.2KG Bugaboo Donkey 6 Sibling Seat Dimensions: 88cm x 38cm x 25cm Bugaboo Donkey 6 Twin Carrycot Weight (kg): 2.2 Kg Bugaboo Footmuff Dimensions: 58cm x 42.6cm x 7.5cm XL all-terrain puncture-proof wheels for comfort on any terrain Easy to push, steer, and maneuver with one hand, even when fully loaded Slimline design, only 60 cm (23.6 inches) wide, as narrow as a single stroller Baby &amp; Toddler &gt; Baby Transport &gt; Pushchairs &amp; Prams",,1785,Mamas & Papas,6526,,,https://images2.productserve.com/?w=200&h=200&bg=white&trim=5&t=letterbox&url=ssl%3Acdn.shopify.com%2Fs%2Ffiles%2F1%2F0414%2F6023%2F6453%2Ffiles%2Fbugaboo-pushchairs-donkey-6-twin-essential-bundle-6-pieces-cocoa-brown-1224639663.jpg%3Fv%3D1772535788&feedId=112637&k=d300fea2aef8091b878407bf5813838ab91889ba,GBP,,0 GBP,https://www.mamasandpapas.com/products/donkey6-twin-essentialkit-coacoa-brown-68182n201,,2026-08-07 08:37:50,"£1,785",112637,Bugaboo,1,,,,,,Pram & Pushchair
https://www.awin1.com/pclick.php?p=44066068272&a=2771700&m=6526,Bugaboo Donkey 6 Twin Essential Bundle (6 Pieces) - Fern Green,44066068272,GB _GBP_53141018509649,https://cdn.shopify.com/s/files/1/0414/6023/6453/files/bugaboo-donkey-6-twin-essential-bundle-6-pieces-fern-green-1224688248.jpg?v=1772527089,"This bundle includes: Bugaboo Donkey 6 Pushchair, Bugaboo Donkey 6 Sibling Seat, Bugaboo Donkey 6 Twin Carrycot, Bugaboo Footmuff x2, Cupholder The go-anywhere convertible stroller that carries everything. The Bugaboo Donkey 6 is the all-terrain stroller designed to grow with your family while offering unmatched storage space. Easy to maneuver on any terrain. Large puncture-proof wheels and a tight turning radius make the stroller easy to push, steer, and maneuver one-handed on any terrain, even when fully loaded with kids and groceries. It has a slimline design, measuring only 60 cm (23.6 inches) – as narrow as a typical full-size stroller. In double mode, it also fits through standard doorways, at 74 cm (29.1 inches). Double storage space. The spacious underseat basket is now 50% larger than before, holding up to 15 kg (33 lbs) or 70 L. The newly redesigned side bag doubles as a changing bag, keeping must-haves within easy reach. In single mode, it carries up to 10 kg (22 lbs) on the chassis. In double mode, it attaches securely to the handlebar and holds up to 4 kg (8.8 lbs). Crafted for superior comfort. The spacious all-season bassinet features new soft 100% organic cotton linings for your baby’s sensitive skins. It also has 2x larger breezy panels to help regulate airflow, while letting your baby take in new sights and sounds. Grows with your family, side by side. The Bugaboo Donkey 6 is future-ready and adapts effortlessly as your family grows. Its unique patented design converts from a single stroller to double in just three clicks. The side-by-side setup helps your children feel close and connected with each other and with you – from the very start. Materials for the future. To reduce its impact on our planet, the stroller is more sustainably crafted with durable recycled fabrics, bio-based material, and recycled aluminum. It’s also adopted a more sustainable dyeing technology with a higher color quality and lower resource consumption. By making these conscious choices, we’ve cut the stroller’s CO2 footprint by 17% compared to previous Bugaboo Donkey models. Product Features: XL all-terrain puncture-proof wheels for comfort on any terrain Easy to push, steer, and maneuver with one hand, even when fully loaded Slimline design, only 60 cm (23.6 inches) wide, as narrow as a single stroller Underseat basket is 50% bigger (than previous model), carries up to 15 kg (33 lbs) or 70 L (18.4 gal) New side bag holds up to 10 kg (22 lbs), can double as changing bag for extra convenience Spacious all-season bassinet with 2x larger breezy panels (than previous model) for better airflow and comfort Naturally white 100% organic cotton linings are soft on your baby’s skin Breathable, dual-sided PureBreeze™ mattress for optimal newborn support Patented convertible design, switch from single to side-by-side double (and back) in three clicks Over 20 configurations available when adding car seat(s) and wheeled board Bugaboo Donkey 6 Sibling Seat The Bugaboo Donkey 6 sibling seat lets you easily transform your Bugaboo Donkey 6 into a side-by-side double stroller in a few clicks. Combine this with the Bugaboo Donkey 6 base to create a complete stroller for two children of different ages. This sibling seat comes with all the elements to make your Bugaboo Donkey 6 ready for your growing family, including the sun canopy fabric. Product Features: Converts the Bugaboo Donkey 6 into a side-by-side stroller for a second child For toddlers from 6 months to 22 kg (50 lbs) Sibling seat accommodates the same child weight and height as the main seat Reversible, facing parent or facing the world One-hand seat recline with 3 positions Available in different colors to match your stroller Easy to attach to the stroller frame Bugaboo Donkey 6 Twin Carrycot The Bugaboo Donkey 6 twin bassinet fabric lets you easily transform your Bugaboo Donkey 6 into a side-by-side stroller for twins in a few clicks. Combine this with the Bugaboo Donkey 6 base to create a complete stroller for two twins from birth. This twin bassinet fabric complete comes with all the elements to make your Bugaboo Donkey 6 ready for your newborns Product Features: Naturally white 100% organic cotton linings are soft on sensitive skins Available in different colours to match your stroller Easy to attach to the stroller frame  Bugaboo Donkey 6 Pushchair Age Suitability: Birth – 4 years Weight Suitability: Birth – 22KG Bugaboo Donkey 6 Sibling Seat Age Suitability: 6 months – 4 years Weight Suitability: 22kg Bugaboo Donkey 6 Twin Carrycot Age Suitability: Birth – 6 months   Weight Suitability: 9 Kg Bugaboo Footmuff Age Suitability: 6 months - 22kg Composition: Outside: 100% polyester Lining 1: 74% polyester, 26% rayon Lining 2: 100% polyester Filling: 100% polyester Care &amp; Maintenance: All fabrics are machine washable at 30°C/ 86°F Wash separately Always refer to the washing label for the exact instructions Bugaboo Donkey 6 Pushchair Dimensions – Unfolded/Assembled: 56cm×61.5cm×90cm Dimensions – Folded/Unassembled: 66.1 cm × 60.5 cm× 21.5cm Weight (kg): 15.2KG Bugaboo Donkey 6 Sibling Seat Dimensions: 88cm x 38cm x 25cm Bugaboo Donkey 6 Twin Carrycot Weight (kg): 2.2 Kg Bugaboo Footmuff Dimensions: 58cm x 42.6cm x 7.5cm XL all-terrain puncture-proof wheels for comfort on any terrain Easy to push, steer, and maneuver with one hand, even when fully loaded Slimline design, only 60 cm (23.6 inches) wide, as narrow as a single stroller Baby &amp; Toddler &gt; Baby Transport &gt; Pushchairs &amp; Prams",,1785,Mamas & Papas,6526,,,https://images2.productserve.com/?w=200&h=200&bg=white&trim=5&t=letterbox&url=ssl%3Acdn.shopify.com%2Fs%2Ffiles%2F1%2F0414%2F6023%2F6453%2Ffiles%2Fbugaboo-donkey-6-twin-essential-bundle-6-pieces-fern-green-1224688248.jpg%3Fv%3D1772527089&feedId=112637&k=19775a7c09687118b3fc369bfdf3618767c34c3e,GBP,,0 GBP,https://www.mamasandpapas.com/products/donkey-6-twin-essential-kit-fern-green-68182n101,,2026-08-07 08:17:38,"£1,785",112637,Bugaboo,1,,,,,,Pram & Pushchair
https://www.awin1.com/pclick.php?p=44066068280&a=2771700&m=6526,Bugaboo Donkey 6 Twin Essential Bundle (6 Pieces) - Heritage Black,44066068280,GB _GBP_53141019361617,https://cdn.shopify.com/s/files/1/0414/6023/6453/files/bugaboo-donkey-6-twin-essential-bundle-6-pieces-heritage-black-1224688273.jpg?v=1772526729,"This bundle includes: Bugaboo Donkey 6 Pushchair, Bugaboo Donkey 6 Sibling Seat, Bugaboo Donkey 6 Twin Carrycot, Bugaboo Footmuff x2, Cupholder The go-anywhere convertible stroller that carries everything. The Bugaboo Donkey 6 is the all-terrain stroller designed to grow with your family while offering unmatched storage space. Easy to maneuver on any terrain. Large puncture-proof wheels and a tight turning radius make the stroller easy to push, steer, and maneuver one-handed on any terrain, even when fully loaded with kids and groceries. It has a slimline design, measuring only 60 cm (23.6 inches) – as narrow as a typical full-size stroller. In double mode, it also fits through standard doorways, at 74 cm (29.1 inches). Double storage space. The spacious underseat basket is now 50% larger than before, holding up to 15 kg (33 lbs) or 70 L. The newly redesigned side bag doubles as a changing bag, keeping must-haves within easy reach. In single mode, it carries up to 10 kg (22 lbs) on the chassis. In double mode, it attaches securely to the handlebar and holds up to 4 kg (8.8 lbs). Crafted for superior comfort. The spacious all-season bassinet features new soft 100% organic cotton linings for your baby’s sensitive skins. It also has 2x larger breezy panels to help regulate airflow, while letting your baby take in new sights and sounds. Grows with your family, side by side. The Bugaboo Donkey 6 is future-ready and adapts effortlessly as your family grows. Its unique patented design converts from a single stroller to double in just three clicks. The side-by-side setup helps your children feel close and connected with each other and with you – from the very start. Materials for the future. To reduce its impact on our planet, the stroller is more sustainably crafted with durable recycled fabrics, bio-based material, and recycled aluminum. It’s also adopted a more sustainable dyeing technology with a higher color quality and lower resource consumption. By making these conscious choices, we’ve cut the stroller’s CO2 footprint by 17% compared to previous Bugaboo Donkey models. Product Features: XL all-terrain puncture-proof wheels for comfort on any terrain Easy to push, steer, and maneuver with one hand, even when fully loaded Slimline design, only 60 cm (23.6 inches) wide, as narrow as a single stroller Underseat basket is 50% bigger (than previous model), carries up to 15 kg (33 lbs) or 70 L (18.4 gal) New side bag holds up to 10 kg (22 lbs), can double as changing bag for extra convenience Spacious all-season bassinet with 2x larger breezy panels (than previous model) for better airflow and comfort Naturally white 100% organic cotton linings are soft on your baby’s skin Breathable, dual-sided PureBreeze™ mattress for optimal newborn support Patented convertible design, switch from single to side-by-side double (and back) in three clicks Over 20 configurations available when adding car seat(s) and wheeled board Bugaboo Donkey 6 Sibling Seat The Bugaboo Donkey 6 sibling seat lets you easily transform your Bugaboo Donkey 6 into a side-by-side double stroller in a few clicks. Combine this with the Bugaboo Donkey 6 base to create a complete stroller for two children of different ages. This sibling seat comes with all the elements to make your Bugaboo Donkey 6 ready for your growing family, including the sun canopy fabric. Product Features: Converts the Bugaboo Donkey 6 into a side-by-side stroller for a second child For toddlers from 6 months to 22 kg (50 lbs) Sibling seat accommodates the same child weight and height as the main seat Reversible, facing parent or facing the world One-hand seat recline with 3 positions Available in different colors to match your stroller Easy to attach to the stroller frame Bugaboo Donkey 6 Twin Carrycot The Bugaboo Donkey 6 twin bassinet fabric lets you easily transform your Bugaboo Donkey 6 into a side-by-side stroller for twins in a few clicks. Combine this with the Bugaboo Donkey 6 base to create a complete stroller for two twins from birth. This twin bassinet fabric complete comes with all the elements to make your Bugaboo Donkey 6 ready for your newborns Product Features: Naturally white 100% organic cotton linings are soft on sensitive skins Available in different colours to match your stroller Easy to attach to the stroller frame  Bugaboo Donkey 6 Pushchair Age Suitability: Birth – 4 years Weight Suitability: Birth – 22KG Bugaboo Donkey 6 Sibling Seat Age Suitability: 6 months – 4 years Weight Suitability: 22kg Bugaboo Donkey 6 Twin Carrycot Age Suitability: Birth – 6 months   Weight Suitability: 9 Kg Bugaboo Footmuff Age Suitability: 6 months - 22kg Composition: Outside: 100% polyester Lining 1: 74% polyester, 26% rayon Lining 2: 100% polyester Filling: 100% polyester Care &amp; Maintenance: All fabrics are machine washable at 30°C/ 86°F Wash separately Always refer to the washing label for the exact instructions Bugaboo Donkey 6 Pushchair Dimensions – Unfolded/Assembled: 56cm×61.5cm×90cm Dimensions – Folded/Unassembled: 66.1 cm × 60.5 cm× 21.5cm Weight (kg): 15.2KG Bugaboo Donkey 6 Sibling Seat Dimensions: 88cm x 38cm x 25cm Bugaboo Donkey 6 Twin Carrycot Weight (kg): 2.2 Kg Bugaboo Footmuff Dimensions: 58cm x 42.6cm x 7.5cm XL all-terrain puncture-proof wheels for comfort on any terrain Easy to push, steer, and maneuver with one hand, even when fully loaded Slimline design, only 60 cm (23.6 inches) wide, as narrow as a single stroller H2Baby &amp; Toddler &gt; Baby Transport &gt; Pushchairs &amp; Prams",,1785,Mamas & Papas,6526,,,https://images2.productserve.com/?w=200&h=200&bg=white&trim=5&t=letterbox&url=ssl%3Acdn.shopify.com%2Fs%2Ffiles%2F1%2F0414%2F6023%2F6453%2Ffiles%2Fbugaboo-donkey-6-twin-essential-bundle-6-pieces-heritage-black-1224688273.jpg%3Fv%3D1772526729&feedId=112637&k=52ec78f573c395ee4cb6434465a339cfe704ceb0,GBP,,0 GBP,https://www.mamasandpapas.com/products/donkey6-twin-essen-bundle-midnight-blk-681834201,,2026-08-07 08:17:39,"£1,785",112637,Bugaboo,1,,,,,,Pram & Pushchair
https://www.awin1.com/pclick.php?p=44066068329&a=2771700&m=6526,Bugaboo Donkey 6 Double - Fern Green,44066068329,GB _GBP_53143369580881,https://cdn.shopify.com/s/files/1/0414/6023/6453/files/bugaboo-pushchairs-bugaboo-donkey-6-double-fern-green-1224216177.jpg?v=1772544309,"Bugaboo Donkey 6 Pushchair The go-anywhere convertible stroller that carries everything. The Bugaboo Donkey 6 is the all-terrain stroller designed to grow with your family while offering unmatched storage space. Easy to maneuver on any terrain. Large puncture-proof wheels and a tight turning radius make the stroller easy to push, steer, and maneuver one-handed on any terrain, even when fully loaded with kids and groceries. It has a slimline design, measuring only 60 cm (23.6 inches) – as narrow as a typical full-size stroller. In double mode, it also fits through standard doorways, at 74 cm (29.1 inches). Double storage space. The spacious underseat basket is now 50% larger than before, holding up to 15 kg (33 lbs) or 70 L. The newly redesigned side bag doubles as a changing bag, keeping must-haves within easy reach. In single mode, it carries up to 10 kg (22 lbs) on the chassis. In double mode, it attaches securely to the handlebar and holds up to 4 kg (8.8 lbs). Crafted for superior comfort. The spacious all-season bassinet features new soft 100% organic cotton linings for your baby’s sensitive skins. It also has 2x larger breezy panels to help regulate airflow, while letting your baby take in new sights and sounds. Grows with your family, side by side. The Bugaboo Donkey 6 is future-ready and adapts effortlessly as your family grows. Its unique patented design converts from a single stroller to double in just three clicks. The side-by-side setup helps your children feel close and connected with each other and with you – from the very start. Materials for the future. To reduce its impact on our planet, the stroller is more sustainably crafted with durable recycled fabrics, bio-based material, and recycled aluminum. It’s also adopted a more sustainable dyeing technology with a higher color quality and lower resource consumption. By making these conscious choices, we’ve cut the stroller’s CO2 footprint by 17% compared to previous Bugaboo Donkey models. Product Features: XL all-terrain puncture-proof wheels for comfort on any terrain Easy to push, steer, and maneuver with one hand, even when fully loaded Slimline design, only 60 cm (23.6 inches) wide, as narrow as a single stroller Underseat basket is 50% bigger (than previous model), carries up to 15 kg (33 lbs) or 70 L (18.4 gal) New side bag holds up to 10 kg (22 lbs), can double as changing bag for extra convenience Spacious all-season bassinet with 2x larger breezy panels (than previous model) for better airflow and comfort Naturally white 100% organic cotton linings are soft on your baby’s skin Breathable, dual-sided PureBreeze™ mattress for optimal newborn support Patented convertible design, switch from single to side-by-side double (and back) in three clicks Over 20 configurations available when adding car seat(s) and wheeled board Bugaboo Donkey 6 Sibling Seat The Bugaboo Donkey 6 sibling seat lets you easily transform your Bugaboo Donkey 6 into a side-by-side double stroller in a few clicks. Combine this with the Bugaboo Donkey 6 base to create a complete stroller for two children of different ages. This sibling seat comes with all the elements to make your Bugaboo Donkey 6 ready for your growing family, including the sun canopy fabric. Product Features: Converts the Bugaboo Donkey 6 into a side-by-side stroller for a second child For toddlers from 6 months to 22 kg (50 lbs) Sibling seat accommodates the same child weight and height as the main seat Reversible, facing parent or facing the world One-hand seat recline with 3 positions Available in different colors to match your stroller Easy to attach to the stroller frame Bugaboo Donkey 6 Pushchair Age Suitability: Birth – 4 years Weight Suitability: Birth – 22KG Bugaboo Donkey 6 Sibling Seat Age Suitability: 6 months – 4 years Weight Suitability: 22kg Bugaboo Donkey 6 Pushchair Dimensions – Unfolded/Assembled: 56cm×61.5cm×90cm Dimensions – Folded/Unassembled: 66.1 cm × 60.5 cm× 21.5cm Weight (kg): 15.2KG Bugaboo Donkey 6 Sibling Seat Dimensions: 88cm x 38cm x 25cm XL all-terrain puncture-proof wheels for comfort on any terrain Easy to push, steer, and maneuver with one hand, even when fully loaded Slimline design, only 60 cm (23.6 inches) wide, as narrow as a single stroller Baby &amp; Toddler &gt; Baby Transport &gt; Pushchairs &amp; Prams",,1560,Mamas & Papas,6526,,,https://images2.productserve.com/?w=200&h=200&bg=white&trim=5&t=letterbox&url=ssl%3Acdn.shopify.com%2Fs%2Ffiles%2F1%2F0414%2F6023%2F6453%2Ffiles%2Fbugaboo-pushchairs-bugaboo-donkey-6-double-fern-green-1224216177.jpg%3Fv%3D1772544309&feedId=112637&k=684d0e3c0a38fdaf1337618ec41857ae4eb3e2e1,GBP,,0 GBP,https://www.mamasandpapas.com/products/bugaboo-donkey-6-duo-fern-green-68172n104,,2026-08-07 08:17:40,"£1,560",112637,Bugaboo,1,,,,,,Twin Pram
https://www.awin1.com/pclick.php?p=44066068330&a=2771700&m=6526,Bugaboo Donkey 6 Double - Heritage Black,44066068330,GB _GBP_53143369122129,https://cdn.shopify.com/s/files/1/0414/6023/6453/files/bugaboo-pushchairs-bugaboo-donkey-6-double-heritage-black-1249163402.jpg?v=1784113781,"Bugaboo Donkey 6 Pushchair The go-anywhere convertible stroller that carries everything. The Bugaboo Donkey 6 is the all-terrain stroller designed to grow with your family while offering unmatched storage space. Easy to maneuver on any terrain. Large puncture-proof wheels and a tight turning radius make the stroller easy to push, steer, and maneuver one-handed on any terrain, even when fully loaded with kids and groceries. It has a slimline design, measuring only 60 cm (23.6 inches) – as narrow as a typical full-size stroller. In double mode, it also fits through standard doorways, at 74 cm (29.1 inches). Double storage space. The spacious underseat basket is now 50% larger than before, holding up to 15 kg (33 lbs) or 70 L. The newly redesigned side bag doubles as a changing bag, keeping must-haves within easy reach. In single mode, it carries up to 10 kg (22 lbs) on the chassis. In double mode, it attaches securely to the handlebar and holds up to 4 kg (8.8 lbs). Crafted for superior comfort. The spacious all-season bassinet features new soft 100% organic cotton linings for your baby’s sensitive skins. It also has 2x larger breezy panels to help regulate airflow, while letting your baby take in new sights and sounds. Grows with your family, side by side. The Bugaboo Donkey 6 is future-ready and adapts effortlessly as your family grows. Its unique patented design converts from a single stroller to double in just three clicks. The side-by-side setup helps your children feel close and connected with each other and with you – from the very start. Materials for the future. To reduce its impact on our planet, the stroller is more sustainably crafted with durable recycled fabrics, bio-based material, and recycled aluminum. It’s also adopted a more sustainable dyeing technology with a higher color quality and lower resource consumption. By making these conscious choices, we’ve cut the stroller’s CO2 footprint by 17% compared to previous Bugaboo Donkey models. Product Features: XL all-terrain puncture-proof wheels for comfort on any terrain Easy to push, steer, and maneuver with one hand, even when fully loaded Slimline design, only 60 cm (23.6 inches) wide, as narrow as a single stroller Underseat basket is 50% bigger (than previous model), carries up to 15 kg (33 lbs) or 70 L (18.4 gal) New side bag holds up to 10 kg (22 lbs), can double as changing bag for extra convenience Spacious all-season bassinet with 2x larger breezy panels (than previous model) for better airflow and comfort Naturally white 100% organic cotton linings are soft on your baby’s skin Breathable, dual-sided PureBreeze™ mattress for optimal newborn support Patented convertible design, switch from single to side-by-side double (and back) in three clicks Over 20 configurations available when adding car seat(s) and wheeled board Bugaboo Donkey 6 Sibling Seat The Bugaboo Donkey 6 sibling seat lets you easily transform your Bugaboo Donkey 6 into a side-by-side double stroller in a few clicks. Combine this with the Bugaboo Donkey 6 base to create a complete stroller for two children of different ages. This sibling seat comes with all the elements to make your Bugaboo Donkey 6 ready for your growing family, including the sun canopy fabric. Product Features: Converts the Bugaboo Donkey 6 into a side-by-side stroller for a second child For toddlers from 6 months to 22 kg (50 lbs) Sibling seat accommodates the same child weight and height as the main seat Reversible, facing parent or facing the world One-hand seat recline with 3 positions Available in different colors to match your stroller Easy to attach to the stroller frame Bugaboo Donkey 6 Pushchair Age Suitability: Birth – 4 years Weight Suitability: Birth – 22KG Bugaboo Donkey 6 Sibling Seat Age Suitability: 6 months – 4 years Weight Suitability: 22kg Bugaboo Donkey 6 Pushchair Dimensions – Unfolded/Assembled: 56cm×61.5cm×90cm Dimensions – Folded/Unassembled: 66.1 cm × 60.5 cm× 21.5cm Weight (kg): 15.2KG Bugaboo Donkey 6 Sibling Seat Dimensions: 88cm x 38cm x 25cm XL all-terrain puncture-proof wheels for comfort on any terrain Easy to push, steer, and maneuver with one hand, even when fully loaded Slimline design, only 60 cm (23.6 inches) wide, as narrow as a single stroller Baby &amp; Toddler &gt; Baby Transport &gt; Pushchairs &amp; Prams",,1560,Mamas & Papas,6526,,,https://images2.productserve.com/?w=200&h=200&bg=white&trim=5&t=letterbox&url=ssl%3Acdn.shopify.com%2Fs%2Ffiles%2F1%2F0414%2F6023%2F6453%2Ffiles%2Fbugaboo-pushchairs-bugaboo-donkey-6-double-heritage-black-1249163402.jpg%3Fv%3D1784113781&feedId=112637&k=f14ce0b87e5be633f0bbeec171c12e805bef81d3,GBP,,0 GBP,https://www.mamasandpapas.com/products/donkey-6-duo-heritage-black-681734204,,2026-08-07 08:17:40,"£1,560",112637,Bugaboo,1,,,,,,Twin Pram
https://www.awin1.com/pclick.php?p=44066068335&a=2771700&m=6526,Bugaboo Donkey 6 Twin - Cocoa Brown,44066068335,GB _GBP_53143593746769,https://cdn.shopify.com/s/files/1/0414/6023/6453/files/bugaboo-pushchairs-bugaboo-donkey-6-twin-cocoa-brown-1223809072.jpg?v=1772548329,"Bugaboo Donkey 6 Pushchair The go-anywhere convertible stroller that carries everything. The Bugaboo Donkey 6 is the all-terrain stroller designed to grow with your family while offering unmatched storage space. Easy to maneuver on any terrain. Large puncture-proof wheels and a tight turning radius make the stroller easy to push, steer, and maneuver one-handed on any terrain, even when fully loaded with kids and groceries. It has a slimline design, measuring only 60 cm (23.6 inches) – as narrow as a typical full-size stroller. In double mode, it also fits through standard doorways, at 74 cm (29.1 inches). Double storage space. The spacious underseat basket is now 50% larger than before, holding up to 15 kg (33 lbs) or 70 L. The newly redesigned side bag doubles as a changing bag, keeping must-haves within easy reach. In single mode, it carries up to 10 kg (22 lbs) on the chassis. In double mode, it attaches securely to the handlebar and holds up to 4 kg (8.8 lbs). Crafted for superior comfort. The spacious all-season bassinet features new soft 100% organic cotton linings for your baby’s sensitive skins. It also has 2x larger breezy panels to help regulate airflow, while letting your baby take in new sights and sounds. Grows with your family, side by side. The Bugaboo Donkey 6 is future-ready and adapts effortlessly as your family grows. Its unique patented design converts from a single stroller to double in just three clicks. The side-by-side setup helps your children feel close and connected with each other and with you – from the very start. Materials for the future. To reduce its impact on our planet, the stroller is more sustainably crafted with durable recycled fabrics, bio-based material, and recycled aluminum. It’s also adopted a more sustainable dyeing technology with a higher color quality and lower resource consumption. By making these conscious choices, we’ve cut the stroller’s CO2 footprint by 17% compared to previous Bugaboo Donkey models. Product Features: XL all-terrain puncture-proof wheels for comfort on any terrain Easy to push, steer, and maneuver with one hand, even when fully loaded Slimline design, only 60 cm (23.6 inches) wide, as narrow as a single stroller Underseat basket is 50% bigger (than previous model), carries up to 15 kg (33 lbs) or 70 L (18.4 gal) New side bag holds up to 10 kg (22 lbs), can double as changing bag for extra convenience Spacious all-season bassinet with 2x larger breezy panels (than previous model) for better airflow and comfort Naturally white 100% organic cotton linings are soft on your baby’s skin Breathable, dual-sided PureBreeze™ mattress for optimal newborn support Patented convertible design, switch from single to side-by-side double (and back) in three clicks Over 20 configurations available when adding car seat(s) and wheeled board Bugaboo Donkey 6 Sibling Seat The Bugaboo Donkey 6 sibling seat lets you easily transform your Bugaboo Donkey 6 into a side-by-side double stroller in a few clicks. Combine this with the Bugaboo Donkey 6 base to create a complete stroller for two children of different ages. This sibling seat comes with all the elements to make your Bugaboo Donkey 6 ready for your growing family, including the sun canopy fabric. Product Features: Converts the Bugaboo Donkey 6 into a side-by-side stroller for a second child For toddlers from 6 months to 22 kg (50 lbs) Sibling seat accommodates the same child weight and height as the main seat Reversible, facing parent or facing the world One-hand seat recline with 3 positions Available in different colors to match your stroller Easy to attach to the stroller frame Bugaboo Donkey 6 Twin Carrycot The Bugaboo Donkey 6 twin bassinet fabric lets you easily transform your Bugaboo Donkey 6 into a side-by-side stroller for twins in a few clicks. Combine this with the Bugaboo Donkey 6 base to create a complete stroller for two twins from birth. This twin bassinet fabric complete comes with all the elements to make your Bugaboo Donkey 6 ready for your newborns Product Features: Naturally white 100% organic cotton linings are soft on sensitive skins Available in different colours to match your stroller Easy to attach to the stroller frame  Bugaboo Donkey 6 Pushchair Age Suitability: Birth – 4 years Weight Suitability: Birth – 22KG Bugaboo Donkey 6 Sibling Seat Age Suitability: 6 months – 4 years Weight Suitability: 22kg Bugaboo Donkey 6 Twin Carrycot Age Suitability: Birth – 6 months   Weight Suitability: 9 Kg Bugaboo Donkey 6 Pushchair Dimensions – Unfolded/Assembled: 56cm×61.5cm×90cm Dimensions – Folded/Unassembled: 66.1 cm × 60.5 cm× 21.5cm Weight (kg): 15.2KG Bugaboo Donkey 6 Sibling Seat Dimensions: 88cm x 38cm x 25cm Bugaboo Donkey 6 Twin Carrycot Weight (kg): 2.2 Kg XL all-terrain puncture-proof wheels for comfort on any terrain Easy to push, steer, and maneuver with one hand, even when fully loaded Slimline design, only 60 cm (23.6 inches) wide, as narrow as a single stroller Baby &amp; Toddler &gt; Baby Transport &gt; Pushchairs &amp; Prams",,1690,Mamas & Papas,6526,,,https://images2.productserve.com/?w=200&h=200&bg=white&trim=5&t=letterbox&url=ssl%3Acdn.shopify.com%2Fs%2Ffiles%2F1%2F0414%2F6023%2F6453%2Ffiles%2Fbugaboo-pushchairs-bugaboo-donkey-6-twin-cocoa-brown-1223809072.jpg%3Fv%3D1772548329&feedId=112637&k=9e60d8582d54f31473bb8f37379de4f31987201e,GBP,,0 GBP,https://www.mamasandpapas.com/products/donkey-6-twin-cocoa-brown-68182n204,,2026-08-07 08:41:37,"£1,690",112637,Bugaboo,1,,,,,,Twin Pram
https://www.awin1.com/pclick.php?p=44104210427&a=2771700&m=6526,Bugaboo Donkey 6 Twin - Heritage Black,44104210427,GB _GBP_53181572120913,https://cdn.shopify.com/s/files/1/0414/6023/6453/files/bugaboo-pushchairs-bugaboo-donkey-6-twin-heritage-black-1224677339.jpg?v=1772544011,"Bugaboo Donkey 6 Pushchair The go-anywhere convertible stroller that carries everything. The Bugaboo Donkey 6 is the all-terrain stroller designed to grow with your family while offering unmatched storage space. Easy to maneuver on any terrain. Large puncture-proof wheels and a tight turning radius make the stroller easy to push, steer, and maneuver one-handed on any terrain, even when fully loaded with kids and groceries. It has a slimline design, measuring only 60 cm (23.6 inches) – as narrow as a typical full-size stroller. In double mode, it also fits through standard doorways, at 74 cm (29.1 inches). Double storage space. The spacious underseat basket is now 50% larger than before, holding up to 15 kg (33 lbs) or 70 L. The newly redesigned side bag doubles as a changing bag, keeping must-haves within easy reach. In single mode, it carries up to 10 kg (22 lbs) on the chassis. In double mode, it attaches securely to the handlebar and holds up to 4 kg (8.8 lbs). Crafted for superior comfort. The spacious all-season bassinet features new soft 100% organic cotton linings for your baby’s sensitive skins. It also has 2x larger breezy panels to help regulate airflow, while letting your baby take in new sights and sounds. Grows with your family, side by side. The Bugaboo Donkey 6 is future-ready and adapts effortlessly as your family grows. Its unique patented design converts from a single stroller to double in just three clicks. The side-by-side setup helps your children feel close and connected with each other and with you – from the very start. Materials for the future. To reduce its impact on our planet, the stroller is more sustainably crafted with durable recycled fabrics, bio-based material, and recycled aluminum. It’s also adopted a more sustainable dyeing technology with a higher color quality and lower resource consumption. By making these conscious choices, we’ve cut the stroller’s CO2 footprint by 17% compared to previous Bugaboo Donkey models. Product Features: XL all-terrain puncture-proof wheels for comfort on any terrain Easy to push, steer, and maneuver with one hand, even when fully loaded Slimline design, only 60 cm (23.6 inches) wide, as narrow as a single stroller Underseat basket is 50% bigger (than previous model), carries up to 15 kg (33 lbs) or 70 L (18.4 gal) New side bag holds up to 10 kg (22 lbs), can double as changing bag for extra convenience Spacious all-season bassinet with 2x larger breezy panels (than previous model) for better airflow and comfort Naturally white 100% organic cotton linings are soft on your baby’s skin Breathable, dual-sided PureBreeze™ mattress for optimal newborn support Patented convertible design, switch from single to side-by-side double (and back) in three clicks Over 20 configurations available when adding car seat(s) and wheeled board Bugaboo Donkey 6 Sibling Seat The Bugaboo Donkey 6 sibling seat lets you easily transform your Bugaboo Donkey 6 into a side-by-side double stroller in a few clicks. Combine this with the Bugaboo Donkey 6 base to create a complete stroller for two children of different ages. This sibling seat comes with all the elements to make your Bugaboo Donkey 6 ready for your growing family, including the sun canopy fabric. Product Features: Converts the Bugaboo Donkey 6 into a side-by-side stroller for a second child For toddlers from 6 months to 22 kg (50 lbs) Sibling seat accommodates the same child weight and height as the main seat Reversible, facing parent or facing the world One-hand seat recline with 3 positions Available in different colors to match your stroller Easy to attach to the stroller frame Bugaboo Donkey 6 Twin Carrycot The Bugaboo Donkey 6 twin bassinet fabric lets you easily transform your Bugaboo Donkey 6 into a side-by-side stroller for twins in a few clicks. Combine this with the Bugaboo Donkey 6 base to create a complete stroller for two twins from birth. This twin bassinet fabric complete comes with all the elements to make your Bugaboo Donkey 6 ready for your newborns Product Features: Naturally white 100% organic cotton linings are soft on sensitive skins Available in different colours to match your stroller Easy to attach to the stroller frame  Bugaboo Donkey 6 Pushchair Age Suitability: Birth – 4 years Weight Suitability: Birth – 22KG Bugaboo Donkey 6 Sibling Seat Age Suitability: 6 months – 4 years Weight Suitability: 22kg Bugaboo Donkey 6 Twin Carrycot Age Suitability: Birth – 6 months   Weight Suitability: 9 Kg Bugaboo Donkey 6 Pushchair Dimensions – Unfolded/Assembled: 56cm×61.5cm×90cm Dimensions – Folded/Unassembled: 66.1 cm × 60.5 cm× 21.5cm Weight (kg): 15.2KG Bugaboo Donkey 6 Sibling Seat Dimensions: 88cm x 38cm x 25cm Bugaboo Donkey 6 Twin Carrycot Weight (kg): 2.2 Kg XL all-terrain puncture-proof wheels for comfort on any terrain Easy to push, steer, and maneuver with one hand, even when fully loaded Slimline design, only 60 cm (23.6 inches) wide, as narrow as a single stroller Baby &amp; Toddler &gt; Baby Transport &gt; Pushchairs &amp; Prams",,1690,Mamas & Papas,6526,,,https://images2.productserve.com/?w=200&h=200&bg=white&trim=5&t=letterbox&url=ssl%3Acdn.shopify.com%2Fs%2Ffiles%2F1%2F0414%2F6023%2F6453%2Ffiles%2Fbugaboo-pushchairs-bugaboo-donkey-6-twin-heritage-black-1224677339.jpg%3Fv%3D1772544011&feedId=112637&k=7ca37ddbadf1b26370fbc3634faa1dfd90f31d24,GBP,,0 GBP,https://www.mamasandpapas.com/products/donkey-6-twin-heritage-black-681834204,,2026-08-07 08:17:41,"£1,690",112637,Bugaboo,1,,,,,,Twin Pram
https://www.awin1.com/pclick.php?p=44139551826&a=2771700&m=6526,Mamas &amp; Papas Blue Striped Knitted Top &amp; Shorts - Up To 1 Month,44139551826,GB _GBP_53207413653841,https://cdn.shopify.com/s/files/1/0414/6023/6453/files/mamas-papas-outfits-sets-blue-striped-knitted-top-shorts-1225736004.jpg?v=1773327789,"Made from 100% cotton, this easy-to-wear girls' 2-piece knitted set is both comfortable and cute. Matching blue stripe knitted top and bloomer-style shorts Top with back-button fastening and scallop edge arms and hem Stretchy waistband bottoms with scallop edge leg cuffs Composition: 100% cotton Washcare: 40 degree wash/ do not bleach/ cool tumble dry/ cool iron/ do not dry clean/ wash dark colours separately/wash &amp; iron inside out Safety Warnings:Keep away from fire Girls' adorable knitted outfit in one handy set Ideal holiday wear for little ones 100% soft cotton for all-day comfort Clothing &amp; Accessories &gt; Clothing &gt; Baby &amp; Toddler Clothing &gt; Baby &amp; Toddler Outfits",,32,Mamas & Papas,6526,,,https://images2.productserve.com/?w=200&h=200&bg=white&trim=5&t=letterbox&url=ssl%3Acdn.shopify.com%2Fs%2Ffiles%2F1%2F0414%2F6023%2F6453%2Ffiles%2Fmamas-papas-outfits-sets-blue-striped-knitted-top-shorts-1225736004.jpg%3Fv%3D1773327789&feedId=112637&k=9d937ecac24657194073fcf06b86f3247bb7f929,GBP,,4.95 GBP,https://www.mamasandpapas.com/products/2pc-blue-stripe-knit-set-up-to-1-month-s42ln4qb1?variant=53207413653841,,2026-08-07 08:17:46,£32,112637,Mamas & Papas,1,,,,,,Baby Outfits
https://www.awin1.com/pclick.php?p=44139551827&a=2771700&m=6526,Mamas &amp; Papas Blue Striped Knitted Top &amp; Shorts - 0-3 Months,44139551827,GB _GBP_53207413686609,https://cdn.shopify.com/s/files/1/0414/6023/6453/files/mamas-papas-outfits-sets-blue-striped-knitted-top-shorts-1225736004.jpg?v=1773327789,"Made from 100% cotton, this easy-to-wear girls' 2-piece knitted set is both comfortable and cute. Matching blue stripe knitted top and bloomer-style shorts Top with back-button fastening and scallop edge arms and hem Stretchy waistband bottoms with scallop edge leg cuffs Composition: 100% cotton Washcare: 40 degree wash/ do not bleach/ cool tumble dry/ cool iron/ do not dry clean/ wash dark colours separately/wash &amp; iron inside out Safety Warnings:Keep away from fire Girls' adorable knitted outfit in one handy set Ideal holiday wear for little ones 100% soft cotton for all-day comfort Clothing &amp; Accessories &gt; Clothing &gt; Baby &amp; Toddler Clothing &gt; Baby &amp; Toddler Outfits",,32,Mamas & Papas,6526,,,https://images2.productserve.com/?w=200&h=200&bg=white&trim=5&t=letterbox&url=ssl%3Acdn.shopify.com%2Fs%2Ffiles%2F1%2F0414%2F6023%2F6453%2Ffiles%2Fmamas-papas-outfits-sets-blue-striped-knitted-top-shorts-1225736004.jpg%3Fv%3D1773327789&feedId=112637&k=9d937ecac24657194073fcf06b86f3247bb7f929,GBP,,4.95 GBP,https://www.mamasandpapas.com/products/2pc-blue-stripe-knit-set-up-to-1-month-s42ln4qb1?variant=53207413686609,,2026-08-07 08:17:46,£32,112637,Mamas & Papas,1,,,,,,Baby Outfits
https://www.awin1.com/pclick.php?p=44139551828&a=2771700&m=6526,Mamas &amp; Papas Blue Striped Knitted Top &amp; Shorts - 3-6 Months,44139551828,GB _GBP_53207413719377,https://cdn.shopify.com/s/files/1/0414/6023/6453/files/mamas-papas-outfits-sets-blue-striped-knitted-top-shorts-1225736004.jpg?v=1773327789,"Made from 100% cotton, this easy-to-wear girls' 2-piece knitted set is both comfortable and cute. Matching blue stripe knitted top and bloomer-style shorts Top with back-button fastening and scallop edge arms and hem Stretchy waistband bottoms with scallop edge leg cuffs Composition: 100% cotton Washcare: 40 degree wash/ do not bleach/ cool tumble dry/ cool iron/ do not dry clean/ wash dark colours separately/wash &amp; iron inside out Safety Warnings:Keep away from fire Girls' adorable knitted outfit in one handy set Ideal holiday wear for little ones 100% soft cotton for all-day comfort Clothing &amp; Accessories &gt; Clothing &gt; Baby &amp; Toddler Clothing &gt; Baby &amp; Toddler Outfits",,32,Mamas & Papas,6526,,,https://images2.productserve.com/?w=200&h=200&bg=white&trim=5&t=letterbox&url=ssl%3Acdn.shopify.com%2Fs%2Ffiles%2F1%2F0414%2F6023%2F6453%2Ffiles%2Fmamas-papas-outfits-sets-blue-striped-knitted-top-shorts-1225736004.jpg%3Fv%3D1773327789&feedId=112637&k=9d937ecac24657194073fcf06b86f3247bb7f929,GBP,,4.95 GBP,https://www.mamasandpapas.com/products/2pc-blue-stripe-knit-set-up-to-1-month-s42ln4qb1?variant=53207413719377,,2026-08-07 08:17:46,£32,112637,Mamas & Papas,1,,,,,,Baby Outfits
https://www.awin1.com/pclick.php?p=44139551829&a=2771700&m=6526,Mamas &amp; Papas Blue Striped Knitted Top &amp; Shorts - 6-9 Months,44139551829,GB _GBP_53207413752145,https://cdn.shopify.com/s/files/1/0414/6023/6453/files/mamas-papas-outfits-sets-blue-striped-knitted-top-shorts-1225736004.jpg?v=1773327789,"Made from 100% cotton, this easy-to-wear girls' 2-piece knitted set is both comfortable and cute. Matching blue stripe knitted top and bloomer-style shorts Top with back-button fastening and scallop edge arms and hem Stretchy waistband bottoms with scallop edge leg cuffs Composition: 100% cotton Washcare: 40 degree wash/ do not bleach/ cool tumble dry/ cool iron/ do not dry clean/ wash dark colours separately/wash &amp; iron inside out Safety Warnings:Keep away from fire Girls' adorable knitted outfit in one handy set Ideal holiday wear for little ones 100% soft cotton for all-day comfort Clothing &amp; Accessories &gt; Clothing &gt; Baby &amp; Toddler Clothing &gt; Baby &amp; Toddler Outfits",,32,Mamas & Papas,6526,,,https://images2.productserve.com/?w=200&h=200&bg=white&trim=5&t=letterbox&url=ssl%3Acdn.shopify.com%2Fs%2Ffiles%2F1%2F0414%2F6023%2F6453%2Ffiles%2Fmamas-papas-outfits-sets-blue-striped-knitted-top-shorts-1225736004.jpg%3Fv%3D1773327789&feedId=112637&k=9d937ecac24657194073fcf06b86f3247bb7f929,GBP,,4.95 GBP,https://www.mamasandpapas.com/products/2pc-blue-stripe-knit-set-up-to-1-month-s42ln4qb1?variant=53207413752145,,2026-08-07 08:17:46,£32,112637,Mamas & Papas,1,,,,,,Baby Outfits
https://www.awin1.com/pclick.php?p=44139551830&a=2771700&m=6526,Mamas &amp; Papas Blue Striped Knitted Top &amp; Shorts - 9-12 Months,44139551830,GB _GBP_53207413784913,https://cdn.shopify.com/s/files/1/0414/6023/6453/files/mamas-papas-outfits-sets-blue-striped-knitted-top-shorts-1225736004.jpg?v=1773327789,"Made from 100% cotton, this easy-to-wear girls' 2-piece knitted set is both comfortable and cute. Matching blue stripe knitted top and bloomer-style shorts Top with back-button fastening and scallop edge arms and hem Stretchy waistband bottoms with scallop edge leg cuffs Composition: 100% cotton Washcare: 40 degree wash/ do not bleach/ cool tumble dry/ cool iron/ do not dry clean/ wash dark colours separately/wash &amp; iron inside out Safety Warnings:Keep away from fire Girls' adorable knitted outfit in one handy set Ideal holiday wear for little ones 100% soft cotton for all-day comfort Clothing &amp; Accessories &gt; Clothing &gt; Baby &amp; Toddler Clothing &gt; Baby &amp; Toddler Outfits",,32,Mamas & Papas,6526,,,https://images2.productserve.com/?w=200&h=200&bg=white&trim=5&t=letterbox&url=ssl%3Acdn.shopify.com%2Fs%2Ffiles%2F1%2F0414%2F6023%2F6453%2Ffiles%2Fmamas-papas-outfits-sets-blue-striped-knitted-top-shorts-1225736004.jpg%3Fv%3D1773327789&feedId=112637&k=9d937ecac24657194073fcf06b86f3247bb7f929,GBP,,4.95 GBP,https://www.mamasandpapas.com/products/2pc-blue-stripe-knit-set-up-to-1-month-s42ln4qb1?variant=53207413784913,,2026-08-07 08:17:46,£32,112637,Mamas & Papas,1,,,,,,Baby Outfits
https://www.awin1.com/pclick.php?p=44139551943&a=2771700&m=6526,Mamas &amp; Papas Denim Dungarees and White T Shirt - 2 Piece Set - 12-18 Months,44139551943,GB _GBP_53207482466641,https://cdn.shopify.com/s/files/1/0414/6023/6453/files/mamas-papas-outfits-sets-denim-dungarees-and-white-t-shirt-2-piece-set-1227048699.jpg?v=1773321611,"Inspired by the spirit of a global nomad and designed to encourage their inner adventurer. With woven stripes in soft pastels; cool blue washed chambrays evocative of the vast sky; lightweight cheesecloth perfect for sandy shores; and towelling co-ords to take them from city to beach; this mix-and-match collection was made to explore their world in. The ultimate holiday duo! This pairing of white t-shirt and denim dungarees is the epitome of stylish fun daytime holiday dressing! Short-sleeved white t-shirt in soft jersey cotton. Has popper shoulder on fastening for quick easy comfy dressing/undressing, sleeveless denim dungarees feature cute mock buttons. An easy outfit they'll wear over and over again.Their first holiday wardrobe is sorted, thanks to the arrival of this new range. A capsule collection of going-out pieces, extra-special daily outifts, separates to mix and match and outfits and accessories perfect for the beach or pool. From days lounging to evenings out, we've covered every special moment of their first family holiday.Composition: 100% CottonWashcare: 40 degree wash/ do not bleach/ cool tumble dry/ cool iron/ do not dry clean/ wash dark colours seperately/ iron on reverseKeep Away From Fire Easy pairing that can be worn together or as separates Popper fastening on shoulders of top for easy quick comfy dressing/undressing Mock button detail on dungarees Clothing &amp; Accessories &gt; Clothing &gt; Baby &amp; Toddler Clothing &gt; Baby &amp; Toddler Outfits",,30,Mamas & Papas,6526,,,https://images2.productserve.com/?w=200&h=200&bg=white&trim=5&t=letterbox&url=ssl%3Acdn.shopify.com%2Fs%2Ffiles%2F1%2F0414%2F6023%2F6453%2Ffiles%2Fmamas-papas-outfits-sets-denim-dungarees-and-white-t-shirt-2-piece-set-1227048699.jpg%3Fv%3D1773321611&feedId=112637&k=bd49bf3c3dc68dc7fa8c85baa136ff9a3de0a737,GBP,,4.95 GBP,https://www.mamasandpapas.com/products/2pc-denim-dungaree-set-0-3-s42lvr8b2?variant=53207482466641,,2026-08-07 08:21:31,£30,112637,Mamas & Papas,1,,,,,,Baby Outfits
https://www.awin1.com/pclick.php?p=44139551944&a=2771700&m=6526,Mamas &amp; Papas Denim Dungarees and White T Shirt - 2 Piece Set - 18-24 Months,44139551944,GB _GBP_53207482499409,https://cdn.shopify.com/s/files/1/0414/6023/6453/files/mamas-papas-outfits-sets-denim-dungarees-and-white-t-shirt-2-piece-set-1227048699.jpg?v=1773321611,"Inspired by the spirit of a global nomad and designed to encourage their inner adventurer. With woven stripes in soft pastels; cool blue washed chambrays evocative of the vast sky; lightweight cheesecloth perfect for sandy shores; and towelling co-ords to take them from city to beach; this mix-and-match collection was made to explore their world in. The ultimate holiday duo! This pairing of white t-shirt and denim dungarees is the epitome of stylish fun daytime holiday dressing! Short-sleeved white t-shirt in soft jersey cotton. Has popper shoulder on fastening for quick easy comfy dressing/undressing, sleeveless denim dungarees feature cute mock buttons. An easy outfit they'll wear over and over again.Their first holiday wardrobe is sorted, thanks to the arrival of this new range. A capsule collection of going-out pieces, extra-special daily outifts, separates to mix and match and outfits and accessories perfect for the beach or pool. From days lounging to evenings out, we've covered every special moment of their first family holiday.Composition: 100% CottonWashcare: 40 degree wash/ do not bleach/ cool tumble dry/ cool iron/ do not dry clean/ wash dark colours seperately/ iron on reverseKeep Away From Fire Easy pairing that can be worn together or as separates Popper fastening on shoulders of top for easy quick comfy dressing/undressing Mock button detail on dungarees Clothing &amp; Accessories &gt; Clothing &gt; Baby &amp; Toddler Clothing &gt; Baby &amp; Toddler Outfits",,30,Mamas & Papas,6526,,,https://images2.productserve.com/?w=200&h=200&bg=white&trim=5&t=letterbox&url=ssl%3Acdn.shopify.com%2Fs%2Ffiles%2F1%2F0414%2F6023%2F6453%2Ffiles%2Fmamas-papas-outfits-sets-denim-dungarees-and-white-t-shirt-2-piece-set-1227048699.jpg%3Fv%3D1773321611&feedId=112637&k=bd49bf3c3dc68dc7fa8c85baa136ff9a3de0a737,GBP,,4.95 GBP,https://www.mamasandpapas.com/products/2pc-denim-dungaree-set-0-3-s42lvr8b2?variant=53207482499409,,2026-08-07 08:21:31,£30,112637,Mamas & Papas,1,,,,,,Baby Outfits
https://www.awin1.com/pclick.php?p=44139551945&a=2771700&m=6526,Mamas &amp; Papas Denim Dungarees and White T Shirt - 2 Piece Set - 2-3 Years,44139551945,GB _GBP_53207482532177,https://cdn.shopify.com/s/files/1/0414/6023/6453/files/mamas-papas-outfits-sets-denim-dungarees-and-white-t-shirt-2-piece-set-1227048699.jpg?v=1773321611,"Inspired by the spirit of a global nomad and designed to encourage their inner adventurer. With woven stripes in soft pastels; cool blue washed chambrays evocative of the vast sky; lightweight cheesecloth perfect for sandy shores; and towelling co-ords to take them from city to beach; this mix-and-match collection was made to explore their world in. The ultimate holiday duo! This pairing of white t-shirt and denim dungarees is the epitome of stylish fun daytime holiday dressing! Short-sleeved white t-shirt in soft jersey cotton. Has popper shoulder on fastening for quick easy comfy dressing/undressing, sleeveless denim dungarees feature cute mock buttons. An easy outfit they'll wear over and over again.Their first holiday wardrobe is sorted, thanks to the arrival of this new range. A capsule collection of going-out pieces, extra-special daily outifts, separates to mix and match and outfits and accessories perfect for the beach or pool. From days lounging to evenings out, we've covered every special moment of their first family holiday.Composition: 100% CottonWashcare: 40 degree wash/ do not bleach/ cool tumble dry/ cool iron/ do not dry clean/ wash dark colours seperately/ iron on reverseKeep Away From Fire Easy pairing that can be worn together or as separates Popper fastening on shoulders of top for easy quick comfy dressing/undressing Mock button detail on dungarees Clothing &amp; Accessories &gt; Clothing &gt; Baby &amp; Toddler Clothing &gt; Baby &amp; Toddler Outfits",,30,Mamas & Papas,6526,,,https://images2.productserve.com/?w=200&h=200&bg=white&trim=5&t=letterbox&url=ssl%3Acdn.shopify.com%2Fs%2Ffiles%2F1%2F0414%2F6023%2F6453%2Ffiles%2Fmamas-papas-outfits-sets-denim-dungarees-and-white-t-shirt-2-piece-set-1227048699.jpg%3Fv%3D1773321611&feedId=112637&k=bd49bf3c3dc68dc7fa8c85baa136ff9a3de0a737,GBP,,4.95 GBP,https://www.mamasandpapas.com/products/2pc-denim-dungaree-set-0-3-s42lvr8b2?variant=53207482532177,,2026-08-07 08:21:31,£30,112637,Mamas & Papas,1,,,,,,Baby Outfits
https://www.awin1.com/pclick.php?p=44139552066&a=2771700&m=6526,Mamas &amp; Papas Striped Dungarees - 0-3 Months,44139552066,GB _GBP_53207456481617,https://cdn.shopify.com/s/files/1/0414/6023/6453/files/mamas-papas-outfits-sets-striped-dungarees-1225892988.jpg?v=1773324937,"Bring style and fun to their wardrobe with these boys' blue striped twill dungarees. Adjustable front strap button fastening Side button opening Turn-back leg cuffs Composition: 98% Cotton, 2% Elastane Washcare: 40 degree wash/ do not bleach/ cool tumble dry/ cool iron/ do not dry clean/ wash dark colours separately/wash &amp; iron inside out Safety Warnings:Keep away from fire Sweet and stylish boys' striped dungarees Adjustable strap fastenings Easy everyday wear for little ones Clothing &amp; Accessories &gt; Clothing &gt; Baby &amp; Toddler Clothing &gt; Baby &amp; Toddler Bottoms",,15,Mamas & Papas,6526,,,https://images2.productserve.com/?w=200&h=200&bg=white&trim=5&t=letterbox&url=ssl%3Acdn.shopify.com%2Fs%2Ffiles%2F1%2F0414%2F6023%2F6453%2Ffiles%2Fmamas-papas-outfits-sets-striped-dungarees-1225892988.jpg%3Fv%3D1773324937&feedId=112637&k=eb70f76a2e04335790a7c5ff964dddaed5024623,GBP,,4.95 GBP,https://www.mamasandpapas.com/products/stripe-dungaree-0-3-s761n4kb2?variant=53207456481617,,2026-08-07 08:21:28,£15,112637,Mamas & Papas,1,,,,,,Baby Outfits
https://www.awin1.com/pclick.php?p=44139552067&a=2771700&m=6526,Mamas &amp; Papas Striped Dungarees - 3-6 Months,44139552067,GB _GBP_53207456514385,https://cdn.shopify.com/s/files/1/0414/6023/6453/files/mamas-papas-outfits-sets-striped-dungarees-1225892988.jpg?v=1773324937,"Bring style and fun to their wardrobe with these boys' blue striped twill dungarees. Adjustable front strap button fastening Side button opening Turn-back leg cuffs Composition: 98% Cotton, 2% Elastane Washcare: 40 degree wash/ do not bleach/ cool tumble dry/ cool iron/ do not dry clean/ wash dark colours separately/wash &amp; iron inside out Safety Warnings:Keep away from fire Sweet and stylish boys' striped dungarees Adjustable strap fastenings Easy everyday wear for little ones Clothing &amp; Accessories &gt; Clothing &gt; Baby &amp; Toddler Clothing &gt; Baby &amp; Toddler Bottoms",,15,Mamas & Papas,6526,,,https://images2.productserve.com/?w=200&h=200&bg=white&trim=5&t=letterbox&url=ssl%3Acdn.shopify.com%2Fs%2Ffiles%2F1%2F0414%2F6023%2F6453%2Ffiles%2Fmamas-papas-outfits-sets-striped-dungarees-1225892988.jpg%3Fv%3D1773324937&feedId=112637&k=eb70f76a2e04335790a7c5ff964dddaed5024623,GBP,,4.95 GBP,https://www.mamasandpapas.com/products/stripe-dungaree-0-3-s761n4kb2?variant=53207456514385,,2026-08-07 08:21:28,£15,112637,Mamas & Papas,1,,,,,,Baby Outfits
https://www.awin1.com/pclick.php?p=44139552068&a=2771700&m=6526,Mamas &amp; Papas Striped Dungarees - 6-9 Months,44139552068,GB _GBP_53207456547153,https://cdn.shopify.com/s/files/1/0414/6023/6453/files/mamas-papas-outfits-sets-striped-dungarees-1225892988.jpg?v=1773324937,"Bring style and fun to their wardrobe with these boys' blue striped twill dungarees. Adjustable front strap button fastening Side button opening Turn-back leg cuffs Composition: 98% Cotton, 2% Elastane Washcare: 40 degree wash/ do not bleach/ cool tumble dry/ cool iron/ do not dry clean/ wash dark colours separately/wash &amp; iron inside out Safety Warnings:Keep away from fire Sweet and stylish boys' striped dungarees Adjustable strap fastenings Easy everyday wear for little ones Clothing &amp; Accessories &gt; Clothing &gt; Baby &amp; Toddler Clothing &gt; Baby &amp; Toddler Bottoms",,15,Mamas & Papas,6526,,,https://images2.productserve.com/?w=200&h=200&bg=white&trim=5&t=letterbox&url=ssl%3Acdn.shopify.com%2Fs%2Ffiles%2F1%2F0414%2F6023%2F6453%2Ffiles%2Fmamas-papas-outfits-sets-striped-dungarees-1225892988.jpg%3Fv%3D1773324937&feedId=112637&k=eb70f76a2e04335790a7c5ff964dddaed5024623,GBP,,4.95 GBP,https://www.mamasandpapas.com/products/stripe-dungaree-0-3-s761n4kb2?variant=53207456547153,,2026-08-07 08:21:28,£15,112637,Mamas & Papas,1,,,,,,Baby Outfits
https://www.awin1.com/pclick.php?p=44139552069&a=2771700&m=6526,Mamas &amp; Papas Striped Dungarees - 9-12 Months,44139552069,GB _GBP_53207456579921,https://cdn.shopify.com/s/files/1/0414/6023/6453/files/mamas-papas-outfits-sets-striped-dungarees-1225892988.jpg?v=1773324937,"Bring style and fun to their wardrobe with these boys' blue striped twill dungarees. Adjustable front strap button fastening Side button opening Turn-back leg cuffs Composition: 98% Cotton, 2% Elastane Washcare: 40 degree wash/ do not bleach/ cool tumble dry/ cool iron/ do not dry clean/ wash dark colours separately/wash &amp; iron inside out Safety Warnings:Keep away from fire Sweet and stylish boys' striped dungarees Adjustable strap fastenings Easy everyday wear for little ones Clothing &amp; Accessories &gt; Clothing &gt; Baby &amp; Toddler Clothing &gt; Baby &amp; Toddler Bottoms",,15,Mamas & Papas,6526,,,https://images2.productserve.com/?w=200&h=200&bg=white&trim=5&t=letterbox&url=ssl%3Acdn.shopify.com%2Fs%2Ffiles%2F1%2F0414%2F6023%2F6453%2Ffiles%2Fmamas-papas-outfits-sets-striped-dungarees-1225892988.jpg%3Fv%3D1773324937&feedId=112637&k=eb70f76a2e04335790a7c5ff964dddaed5024623,GBP,,4.95 GBP,https://www.mamasandpapas.com/products/stripe-dungaree-0-3-s761n4kb2?variant=53207456579921,,2026-08-07 08:21:28,£15,112637,Mamas & Papas,1,,,,,,Baby Outfits
https://www.awin1.com/pclick.php?p=44143943481&a=2771700&m=6526,Mamas &amp; Papas Stripe Knitted Top &amp; Shorts - Newborn,44143943481,GB _GBP_53207440359761,https://cdn.shopify.com/s/files/1/0414/6023/6453/files/mamas-papas-outfits-sets-stripe-knitted-top-shorts-1225883076.jpg?v=1773325718,"Easy everyday wear doesn't get any cuter than this 100% cotton, unisex stripe knit set. Sleeveless, loose-fit top with front rib placket with button opening, and ribbed armholes, neck and hem Matching shorts with rib leg openings and waistband Composition: 100% cotton Washcare: 40 degree wash/ do not bleach/ cool tumble dry/ cool iron/ do not dry clean/ wash dark colours separately/wash &amp; iron inside out Safety Warnings:Keep away from fire Adorable unisex knitted outfit in one handy set Soft, neutral colour palette 100% gentle cotton for all-day comfort Clothing &amp; Accessories &gt; Clothing &gt; Baby &amp; Toddler Clothing &gt; Baby &amp; Toddler Outfits",,15,Mamas & Papas,6526,,,https://images2.productserve.com/?w=200&h=200&bg=white&trim=5&t=letterbox&url=ssl%3Acdn.shopify.com%2Fs%2Ffiles%2F1%2F0414%2F6023%2F6453%2Ffiles%2Fmamas-papas-outfits-sets-stripe-knitted-top-shorts-1225883076.jpg%3Fv%3D1773325718&feedId=112637&k=57b1104ed599a5788e9c2948614aeec453c85365,GBP,,4.95 GBP,https://www.mamasandpapas.com/products/stripe-knit-set-nb-s42ln3ib0?variant=53207440359761,,2026-08-07 08:21:27,£15,112637,Mamas & Papas,1,,,,,,Baby Outfits
https://www.awin1.com/pclick.php?p=44143943482&a=2771700&m=6526,Mamas &amp; Papas Stripe Knitted Top &amp; Shorts - Up To 1 Month,44143943482,GB _GBP_53207440392529,https://cdn.shopify.com/s/files/1/0414/6023/6453/files/mamas-papas-outfits-sets-stripe-knitted-top-shorts-1225883076.jpg?v=1773325718,"Easy everyday wear doesn't get any cuter than this 100% cotton, unisex stripe knit set. Sleeveless, loose-fit top with front rib placket with button opening, and ribbed armholes, neck and hem Matching shorts with rib leg openings and waistband Composition: 100% cotton Washcare: 40 degree wash/ do not bleach/ cool tumble dry/ cool iron/ do not dry clean/ wash dark colours separately/wash &amp; iron inside out Safety Warnings:Keep away from fire Adorable unisex knitted outfit in one handy set Soft, neutral colour palette 100% gentle cotton for all-day comfort Clothing &amp; Accessories &gt; Clothing &gt; Baby &amp; Toddler Clothing &gt; Baby &amp; Toddler Outfits",,15,Mamas & Papas,6526,,,https://images2.productserve.com/?w=200&h=200&bg=white&trim=5&t=letterbox&url=ssl%3Acdn.shopify.com%2Fs%2Ffiles%2F1%2F0414%2F6023%2F6453%2Ffiles%2Fmamas-papas-outfits-sets-stripe-knitted-top-shorts-1225883076.jpg%3Fv%3D1773325718&feedId=112637&k=57b1104ed599a5788e9c2948614aeec453c85365,GBP,,4.95 GBP,https://www.mamasandpapas.com/products/stripe-knit-set-nb-s42ln3ib0?variant=53207440392529,,2026-08-07 08:21:27,£15,112637,Mamas & Papas,1,,,,,,Baby Outfits
https://www.awin1.com/pclick.php?p=44143943483&a=2771700&m=6526,Mamas &amp; Papas Stripe Knitted Top &amp; Shorts - 0-3 Months,44143943483,GB _GBP_53207440425297,https://cdn.shopify.com/s/files/1/0414/6023/6453/files/mamas-papas-outfits-sets-stripe-knitted-top-shorts-1225883076.jpg?v=1773325718,"Easy everyday wear doesn't get any cuter than this 100% cotton, unisex stripe knit set. Sleeveless, loose-fit top with front rib placket with button opening, and ribbed armholes, neck and hem Matching shorts with rib leg openings and waistband Composition: 100% cotton Washcare: 40 degree wash/ do not bleach/ cool tumble dry/ cool iron/ do not dry clean/ wash dark colours separately/wash &amp; iron inside out Safety Warnings:Keep away from fire Adorable unisex knitted outfit in one handy set Soft, neutral colour palette 100% gentle cotton for all-day comfort Clothing &amp; Accessories &gt; Clothing &gt; Baby &amp; Toddler Clothing &gt; Baby &amp; Toddler Outfits",,15,Mamas & Papas,6526,,,https://images2.productserve.com/?w=200&h=200&bg=white&trim=5&t=letterbox&url=ssl%3Acdn.shopify.com%2Fs%2Ffiles%2F1%2F0414%2F6023%2F6453%2Ffiles%2Fmamas-papas-outfits-sets-stripe-knitted-top-shorts-1225883076.jpg%3Fv%3D1773325718&feedId=112637&k=57b1104ed599a5788e9c2948614aeec453c85365,GBP,,4.95 GBP,https://www.mamasandpapas.com/products/stripe-knit-set-nb-s42ln3ib0?variant=53207440425297,,2026-08-07 08:21:27,£15,112637,Mamas & Papas,1,,,,,,Baby Outfits
https://www.awin1.com/pclick.php?p=44143943484&a=2771700&m=6526,Mamas &amp; Papas Stripe Knitted Top &amp; Shorts - 3-6 Months,44143943484,GB _GBP_53207440458065,https://cdn.shopify.com/s/files/1/0414/6023/6453/files/mamas-papas-outfits-sets-stripe-knitted-top-shorts-1225883076.jpg?v=1773325718,"Easy everyday wear doesn't get any cuter than this 100% cotton, unisex stripe knit set. Sleeveless, loose-fit top with front rib placket with button opening, and ribbed armholes, neck and hem Matching shorts with rib leg openings and waistband Composition: 100% cotton Washcare: 40 degree wash/ do not bleach/ cool tumble dry/ cool iron/ do not dry clean/ wash dark colours separately/wash &amp; iron inside out Safety Warnings:Keep away from fire Adorable unisex knitted outfit in one handy set Soft, neutral colour palette 100% gentle cotton for all-day comfort Clothing &amp; Accessories &gt; Clothing &gt; Baby &amp; Toddler Clothing &gt; Baby &amp; Toddler Outfits",,15,Mamas & Papas,6526,,,https://images2.productserve.com/?w=200&h=200&bg=white&trim=5&t=letterbox&url=ssl%3Acdn.shopify.com%2Fs%2Ffiles%2F1%2F0414%2F6023%2F6453%2Ffiles%2Fmamas-papas-outfits-sets-stripe-knitted-top-shorts-1225883076.jpg%3Fv%3D1773325718&feedId=112637&k=57b1104ed599a5788e9c2948614aeec453c85365,GBP,,4.95 GBP,https://www.mamasandpapas.com/products/stripe-knit-set-nb-s42ln3ib0?variant=53207440458065,,2026-08-07 08:21:27,£15,112637,Mamas & Papas,1,,,,,,Baby Outfits
https://www.awin1.com/pclick.php?p=44143943485&a=2771700&m=6526,Mamas &amp; Papas Stripe Knitted Top &amp; Shorts - 6-9 Months,44143943485,GB _GBP_53207440490833,https://cdn.shopify.com/s/files/1/0414/6023/6453/files/mamas-papas-outfits-sets-stripe-knitted-top-shorts-1225883076.jpg?v=1773325718,"Easy everyday wear doesn't get any cuter than this 100% cotton, unisex stripe knit set. Sleeveless, loose-fit top with front rib placket with button opening, and ribbed armholes, neck and hem Matching shorts with rib leg openings and waistband Composition: 100% cotton Washcare: 40 degree wash/ do not bleach/ cool tumble dry/ cool iron/ do not dry clean/ wash dark colours separately/wash &amp; iron inside out Safety Warnings:Keep away from fire Adorable unisex knitted outfit in one handy set Soft, neutral colour palette 100% gentle cotton for all-day comfort Clothing &amp; Accessories &gt; Clothing &gt; Baby &amp; Toddler Clothing &gt; Baby &amp; Toddler Outfits",,15,Mamas & Papas,6526,,,https://images2.productserve.com/?w=200&h=200&bg=white&trim=5&t=letterbox&url=ssl%3Acdn.shopify.com%2Fs%2Ffiles%2F1%2F0414%2F6023%2F6453%2Ffiles%2Fmamas-papas-outfits-sets-stripe-knitted-top-shorts-1225883076.jpg%3Fv%3D1773325718&feedId=112637&k=57b1104ed599a5788e9c2948614aeec453c85365,GBP,,4.95 GBP,https://www.mamasandpapas.com/products/stripe-knit-set-nb-s42ln3ib0?variant=53207440490833,,2026-08-07 08:21:27,£15,112637,Mamas & Papas,1,,,,,,Baby Outfits
https://www.awin1.com/pclick.php?p=44143943486&a=2771700&m=6526,Mamas &amp; Papas Stripe Knitted Top &amp; Shorts - 9-12 Months,44143943486,GB _GBP_53207440523601,https://cdn.shopify.com/s/files/1/0414/6023/6453/files/mamas-papas-outfits-sets-stripe-knitted-top-shorts-1225883076.jpg?v=1773325718,"Easy everyday wear doesn't get any cuter than this 100% cotton, unisex stripe knit set. Sleeveless, loose-fit top with front rib placket with button opening, and ribbed armholes, neck and hem Matching shorts with rib leg openings and waistband Composition: 100% cotton Washcare: 40 degree wash/ do not bleach/ cool tumble dry/ cool iron/ do not dry clean/ wash dark colours separately/wash &amp; iron inside out Safety Warnings:Keep away from fire Adorable unisex knitted outfit in one handy set Soft, neutral colour palette 100% gentle cotton for all-day comfort Clothing &amp; Accessories &gt; Clothing &gt; Baby &amp; Toddler Clothing &gt; Baby &amp; Toddler Outfits",,15,Mamas & Papas,6526,,,https://images2.productserve.com/?w=200&h=200&bg=white&trim=5&t=letterbox&url=ssl%3Acdn.shopify.com%2Fs%2Ffiles%2F1%2F0414%2F6023%2F6453%2Ffiles%2Fmamas-papas-outfits-sets-stripe-knitted-top-shorts-1225883076.jpg%3Fv%3D1773325718&feedId=112637&k=57b1104ed599a5788e9c2948614aeec453c85365,GBP,,4.95 GBP,https://www.mamasandpapas.com/products/stripe-knit-set-nb-s42ln3ib0?variant=53207440523601,,2026-08-07 08:21:27,£15,112637,Mamas & Papas,1,,,,,,Baby Outfits
https://www.awin1.com/pclick.php?p=44143943505&a=2771700&m=6526,Mamas &amp; Papas Mock Skirt Romper With Headband - Up To 1 Month,44143943505,GB _GBP_53207445733713,https://cdn.shopify.com/s/files/1/0414/6023/6453/files/mamas-papas-outfits-sets-mock-skirt-romper-with-headband-1225893016.jpg?v=1773325330,"This girls' mock skirt romper and matching headband with pretty daisy print will make a beautiful addition to their wardrobe. Romper with frill detail, embroidery placement on chest, neckline and arm hole binding and back popper opening Internal gusset with popper opening Matching elasticated waistband with soft-touch Velcro fastening 100% cotton Composition: 100% cotton Washcare: 40 degree wash/ do not bleach/ cool tumble dry/ cool iron/ do not dry clean/ wash dark colours separately/wash &amp; iron inside out Safety Warnings:Keep away from fire Adorable girls' dress with matching headband Pretty daisy print 100% soft cotton Clothing &amp; Accessories &gt; Clothing &gt; Baby &amp; Toddler Clothing &gt; Baby &amp; Toddler Outfits",,25,Mamas & Papas,6526,,,https://images2.productserve.com/?w=200&h=200&bg=white&trim=5&t=letterbox&url=ssl%3Acdn.shopify.com%2Fs%2Ffiles%2F1%2F0414%2F6023%2F6453%2Ffiles%2Fmamas-papas-outfits-sets-mock-skirt-romper-with-headband-1225893016.jpg%3Fv%3D1773325330&feedId=112637&k=72af5e62d0a20a6bc0c97a63a855ddb4e3160e02,GBP,,4.95 GBP,https://www.mamasandpapas.com/products/mock-skirt-romper-with-headband-up-to-1-month-s42ln2hb1?variant=53207445733713,,2026-08-07 08:21:28,£25,112637,Mamas & Papas,1,,,,,,Baby Outfits
https://www.awin1.com/pclick.php?p=44143943506&a=2771700&m=6526,Mamas &amp; Papas Mock Skirt Romper With Headband - 0-3 Months,44143943506,GB _GBP_53207445766481,https://cdn.shopify.com/s/files/1/0414/6023/6453/files/mamas-papas-outfits-sets-mock-skirt-romper-with-headband-1225893016.jpg?v=1773325330,"This girls' mock skirt romper and matching headband with pretty daisy print will make a beautiful addition to their wardrobe. Romper with frill detail, embroidery placement on chest, neckline and arm hole binding and back popper opening Internal gusset with popper opening Matching elasticated waistband with soft-touch Velcro fastening 100% cotton Composition: 100% cotton Washcare: 40 degree wash/ do not bleach/ cool tumble dry/ cool iron/ do not dry clean/ wash dark colours separately/wash &amp; iron inside out Safety Warnings:Keep away from fire Adorable girls' dress with matching headband Pretty daisy print 100% soft cotton Clothing &amp; Accessories &gt; Clothing &gt; Baby &amp; Toddler Clothing &gt; Baby &amp; Toddler Outfits",,25,Mamas & Papas,6526,,,https://images2.productserve.com/?w=200&h=200&bg=white&trim=5&t=letterbox&url=ssl%3Acdn.shopify.com%2Fs%2Ffiles%2F1%2F0414%2F6023%2F6453%2Ffiles%2Fmamas-papas-outfits-sets-mock-skirt-romper-with-headband-1225893016.jpg%3Fv%3D1773325330&feedId=112637&k=72af5e62d0a20a6bc0c97a63a855ddb4e3160e02,GBP,,4.95 GBP,https://www.mamasandpapas.com/products/mock-skirt-romper-with-headband-up-to-1-month-s42ln2hb1?variant=53207445766481,,2026-08-07 08:21:28,£25,112637,Mamas & Papas,1,,,,,,Baby Outfits
https://www.awin1.com/pclick.php?p=44143943507&a=2771700&m=6526,Mamas &amp; Papas Mock Skirt Romper With Headband - 3-6 Months,44143943507,GB _GBP_53207445799249,https://cdn.shopify.com/s/files/1/0414/6023/6453/files/mamas-papas-outfits-sets-mock-skirt-romper-with-headband-1225893016.jpg?v=1773325330,"This girls' mock skirt romper and matching headband with pretty daisy print will make a beautiful addition to their wardrobe. Romper with frill detail, embroidery placement on chest, neckline and arm hole binding and back popper opening Internal gusset with popper opening Matching elasticated waistband with soft-touch Velcro fastening 100% cotton Composition: 100% cotton Washcare: 40 degree wash/ do not bleach/ cool tumble dry/ cool iron/ do not dry clean/ wash dark colours separately/wash &amp; iron inside out Safety Warnings:Keep away from fire Adorable girls' dress with matching headband Pretty daisy print 100% soft cotton Clothing &amp; Accessories &gt; Clothing &gt; Baby &amp; Toddler Clothing &gt; Baby &amp; Toddler Outfits",,25,Mamas & Papas,6526,,,https://images2.productserve.com/?w=200&h=200&bg=white&trim=5&t=letterbox&url=ssl%3Acdn.shopify.com%2Fs%2Ffiles%2F1%2F0414%2F6023%2F6453%2Ffiles%2Fmamas-papas-outfits-sets-mock-skirt-romper-with-headband-1225893016.jpg%3Fv%3D1773325330&feedId=112637&k=72af5e62d0a20a6bc0c97a63a855ddb4e3160e02,GBP,,4.95 GBP,https://www.mamasandpapas.com/products/mock-skirt-romper-with-headband-up-to-1-month-s42ln2hb1?variant=53207445799249,,2026-08-07 08:21:28,£25,112637,Mamas & Papas,1,,,,,,Baby Outfits
https://www.awin1.com/pclick.php?p=44143943508&a=2771700&m=6526,Mamas &amp; Papas Mock Skirt Romper With Headband - 6-9 Months,44143943508,GB _GBP_53207445832017,https://cdn.shopify.com/s/files/1/0414/6023/6453/files/mamas-papas-outfits-sets-mock-skirt-romper-with-headband-1225893016.jpg?v=1773325330,"This girls' mock skirt romper and matching headband with pretty daisy print will make a beautiful addition to their wardrobe. Romper with frill detail, embroidery placement on chest, neckline and arm hole binding and back popper opening Internal gusset with popper opening Matching elasticated waistband with soft-touch Velcro fastening 100% cotton Composition: 100% cotton Washcare: 40 degree wash/ do not bleach/ cool tumble dry/ cool iron/ do not dry clean/ wash dark colours separately/wash &amp; iron inside out Safety Warnings:Keep away from fire Adorable girls' dress with matching headband Pretty daisy print 100% soft cotton Clothing &amp; Accessories &gt; Clothing &gt; Baby &amp; Toddler Clothing &gt; Baby &amp; Toddler Outfits",,25,Mamas & Papas,6526,,,https://images2.productserve.com/?w=200&h=200&bg=white&trim=5&t=letterbox&url=ssl%3Acdn.shopify.com%2Fs%2Ffiles%2F1%2F0414%2F6023%2F6453%2Ffiles%2Fmamas-papas-outfits-sets-mock-skirt-romper-with-headband-1225893016.jpg%3Fv%3D1773325330&feedId=112637&k=72af5e62d0a20a6bc0c97a63a855ddb4e3160e02,GBP,,4.95 GBP,https://www.mamasandpapas.com/products/mock-skirt-romper-with-headband-up-to-1-month-s42ln2hb1?variant=53207445832017,,2026-08-07 08:21:28,£25,112637,Mamas & Papas,1,,,,,,Baby Outfits
https://www.awin1.com/pclick.php?p=44143943509&a=2771700&m=6526,Mamas &amp; Papas Mock Skirt Romper With Headband - 9-12 Months,44143943509,GB _GBP_53207445864785,https://cdn.shopify.com/s/files/1/0414/6023/6453/files/mamas-papas-outfits-sets-mock-skirt-romper-with-headband-1225893016.jpg?v=1773325330,"This girls' mock skirt romper and matching headband with pretty daisy print will make a beautiful addition to their wardrobe. Romper with frill detail, embroidery placement on chest, neckline and arm hole binding and back popper opening Internal gusset with popper opening Matching elasticated waistband with soft-touch Velcro fastening 100% cotton Composition: 100% cotton Washcare: 40 degree wash/ do not bleach/ cool tumble dry/ cool iron/ do not dry clean/ wash dark colours separately/wash &amp; iron inside out Safety Warnings:Keep away from fire Adorable girls' dress with matching headband Pretty daisy print 100% soft cotton Clothing &amp; Accessories &gt; Clothing &gt; Baby &amp; Toddler Clothing &gt; Baby &amp; Toddler Outfits",,25,Mamas & Papas,6526,,,https://images2.productserve.com/?w=200&h=200&bg=white&trim=5&t=letterbox&url=ssl%3Acdn.shopify.com%2Fs%2Ffiles%2F1%2F0414%2F6023%2F6453%2Ffiles%2Fmamas-papas-outfits-sets-mock-skirt-romper-with-headband-1225893016.jpg%3Fv%3D1773325330&feedId=112637&k=72af5e62d0a20a6bc0c97a63a855ddb4e3160e02,GBP,,4.95 GBP,https://www.mamasandpapas.com/products/mock-skirt-romper-with-headband-up-to-1-month-s42ln2hb1?variant=53207445864785,,2026-08-07 08:21:28,£25,112637,Mamas & Papas,1,,,,,,Baby Outfits
https://www.awin1.com/pclick.php?p=44189901976&a=2771700&m=6526,Mamas &amp; Papas Dreampod Sleep Bag 0 to 6 Months Cosmic Sky,44189901976,GB _GBP_53259744018769,https://cdn.shopify.com/s/files/1/0414/6023/6453/files/mamas-papas-dreampod-sleep-bags-swaddling-dreampod-sleep-bag-0-6-months-1-0-tog-cosmic-sky-1228854676.jpg?v=1774369958,Clothing &amp; Accessories &gt; Clothing &gt; Baby &amp; Toddler Clothing &gt; Baby &amp; Toddler Sleepwear,,25,Mamas & Papas,6526,,,https://images2.productserve.com/?w=200&h=200&bg=white&trim=5&t=letterbox&url=ssl%3Acdn.shopify.com%2Fs%2Ffiles%2F1%2F0414%2F6023%2F6453%2Ffiles%2Fmamas-papas-dreampod-sleep-bags-swaddling-dreampod-sleep-bag-0-6-months-1-0-tog-cosmic-sky-1228854676.jpg%3Fv%3D1774369958&feedId=112637&k=e24e7b12e0499ce772988bd6f390872c9a7e76e2,GBP,,4.95 GBP,https://www.mamasandpapas.com/products/dreampod-0-6m-1-0-tog-cosmic-sky-733974900,,2026-08-07 10:09:50,£25,112637,Mamas & Papas,1,,,,,,Baby Sleeping Bags
https://www.awin1.com/pclick.php?p=44282797104&a=2771700&m=6526,Maxi Cosi Maxi-Cosi Fame Cabin Pushchair with Carrycot &amp; Raincover - Sapphire Sand Lightweight Newborn Travel System Baby Stroller Lie-Flat Seat,44282797104,GB _GBP_53366666002769,https://cdn.shopify.com/s/files/1/0414/6023/6453/files/maxi-cosi-maxi-cosi-fame-cabin-pushchair-with-carrycot-raincover-sapphire-sand-1228692772.jpg?v=1774284456,"Maxi-Cosi Fame Cabin Pushchair - Sapphire Sand Get ready to touch down in a world of new adventures with the Maxi-Cosi Fame Cabin. It’s the lightweight premium stroller that’s made to let your little one travel in first-class comfort. It’s even designed to fit in the overhead storage compartment on the plane. Whether you’re heading to the boarding gate or exploring a new destination, Fame Cabin makes your trip a vacation. Ease of use When it’s time to get out there and explore the world, the Maxi-Cosi Fame Cabin brings lightweight ease, and flexibility to every adventure. It’s IATA-compliant for air travel, and lightweight and compact enough to fit in the overhead storage compartments. When you’re ready to board, effortlessly fold Fame Cabin with one hand and carry it with the integrated carry strap, keeping both your hands free for your little adventurer. Age range Paired with the Maxi-Cosi Coral Slide Pro car seat, you’ve got the ZERO-G Travel System — the travel system that redefines lightweight. Your little one can ride in Coral Slide Pro from birth up to 24 months (40 – 87 cm). You can also attach the matching Maxi-Cosi Cabin Cot to your stroller for first-class comfort from birth. It folds with the stroller and stands upright afterwards. Your little one can use it up to 9 kg (approx. 6 months). When using the stroller seat, Fame Cabin is suitable from birth up to 22 kg (approx. 4 years old). Comfort Maxi-Cosi’s Fame Cabin’s ergonomic and spacious seat delivers first-class comfort, wherever the destination. Your little one can nap comfortably with the integrated leg-rest in all recline positions, including the lie-flat position. Fame Cabin also features a high-density foam inlay for best-in-class comfort for your baby. When you remove the inlay, your child can enjoy all four seasons in comfort thanks to the ClimaFlow backrest and breathable mesh fabrics. The extendable sun canopy has a see-through ventilation window for protection and breathability in even the warmest holiday spots. Made for convenience The Maxi-Cosi Fame Cabin goes with your family by plane, train, or car. It’s there on every adventure, offering first-class comfort for your little one and the ultimate convenience — perfect for when you’re crossing borders and exploring the world. And you don’t just travel, you travel in style with Fame Cabin’s premium detailing and high-quality Eco Care fabrics. When you’re out and about, the USB-C port means you can keep your phone charged, while the LumiRide LED system keeps you safe and visible after the sun goes down. Product Features: Designed for air travel, Fame Cabin offers a lightweight and compact design, allowing it to fit into overhead compartment storage. When you’re ready to board, Fame Cabin folds for easy carrying with the integrated carry strap, keeping both your hands free for your little adventurer. Fame Cabin delivers first-class comfort on every adventure with its spacious lie-flat position and ClimaFlow backrest, keeping your little one comfortable, no matter the destination. An integrated LED light system designed to illuminate darker streets and dimly lit pathways, keeping you and baby safe and visible at all times. At just 8.5 kg, Fame Cabin and Coral Slide Pro form our lightest travel system ever to combine a cabin stroller with a reclining baby car seat. Or pair it with Cabin Cot for extended first-class comfort. The seat removes completely when you want to attach your Cabin Cot or Coral Slide Pro car seat. Bring everything you need. Fame Cabin’s large storage basket can carry up to 8 kg of shopping and essentials. The pocket found at the back of the seat is the perfect storage spot for essentials, such as your phone. You can store it there while charging via the integrated USB-C port. Intuitive brake system ensures you always have full control of the stroller. The 5-point harness and buckle make getting your child into the stroller as easy as can be. And with a slide adjust system, the shoulder pads can be kept at the right position for your growing child. Fame Cabin features suspension on all 4 wheels — springs in the front wheels and rotative bi-lateral suspension on the back wheels. Adjust the integrated leg rest as your little one grows to keep them sitting comfortably on every adventure. A large extendable UPF 50+ canopy with see-through ventilation window offers your child maximum protection. Best-in-class comfort for your little one. Sitting cushioned on an ultra-padded high-density memory foam inlay, they’ll enjoy a smooth, comfortable ride. The vegan leatherette push bar offers a good grip and a comfortable high position for ergonomic strolling with your little one. The high-quality wheels feature wear-resistant rubber on the outside and a soft EVA core on the inside. Power up on the go. Simply plug your phone into the easily accessible, integrated USB-C charging port to ensure your phone battery never runs out mid-adventure. Maxi-Cosi Cabin Cot - Sapphire Sand The Maxi-Cosi Cabin Cot delivers first-class comfort and seamless folding, all while remaining attached to your Fame Cabin stroller. It’s the carrycot designed to make your very first outings with your little one as comfortable as can be. Delivering the compact convenience and limitless possibilities that make exploring the city and beyond totally effortless. Ease of use The Maxi-Cosi Cabin Cot folds and unfolds together with your Fame Cabin stroller frame — there’s no need to remove it until you want to swap the carrycot out for a car seat or the Maxi-Cosi Fame Cabin seat. That makes folding and storage quicker and easier than ever. It’s the only carrycot that folds compactly along with the stroller and then stays standing on its own. It’s then easy to lift and carry thanks to the lightweight design and integrated carry strap. Age range Your little one enjoys first-class comfort from day one with Maxi-Cosi Cabin Cot. Designed for newborn comfort, it carries them from birth up to 6 months old. Comfort The Maxi-Cosi Cabin Cot’s reversible memory foam mattress features soft 100% organic cotton on one side and breathable mesh on the other, so your baby can enjoy the most luxurious comfort from day one. The spacious carrycot also features ClimaFlow panels for optimal ventilation, helping to keep your little one comfortable even on warmer days. The UPF-50+ extendable canopy offers extra protection on those warmer days too. Gently raise your baby with the SoothingSlope to reduce reflux and aid your baby’s digestion. Made for convenience The Maxi-Cosi Cabin Cot is made for parents looking for convenience and endless possibilities when exploring the city and beyond, all while ensuring their little one’s comfort. It’s the carrycot that offers the best of both worlds – first-class comfort and a compact fold, without needing to remove it from the stroller frame. Keep your valuable items safe by storing them in the integrated secret pocket while out with your little one. Product Features: ClimaFlow ventilation panels integrated into Cabin Cot keep your little one comfortable all-year round. Minimise reflux and aid your baby’s digestion by gently raising them into an inclined sleeping position. Your baby stays comfortable year-round in Cabin Cot with a reversible memory foam mattress featuring 100% organic cotton on one side and breathable mesh on the other. Effortlessly fold Cabin Cot together with your Fame Cabin stroller frame in seconds. Once folded, it’s both compact and self-standing. Release Cabin Cot from the frame of the Fame Cabin stroller with the quick release mechanism. A large extendable UPF 50+ canopy with see-through ventilation window offers your child maximum protection. The padded boot cover features an integrated parent pocket and wind shield to protect baby from the elements. Keep essentials close at hand when you’re out and about with your little one. Featuring soft 100% recycled fabrics made from recycled rPET bottles, Eco Care fabrics are gentle on your baby’s sensitive skin. Maxi-Cosi Fame Cabin Pushchair - Sapphire Sand Age Suitability: Birth – 4 Years Weight Suitability: 0 – 22kg Safety / Warnings: This pushchair is intended for children from 0 months and up to 22kg or 4 years, whichever comes first. This product is not suitable for running and skating. Important: Read the instructions carefully before use and keep for future reference. Standards UK / Europe EN1888-1:2018+A1:2022 &amp; EN1888-2:2018+A1:2022 Maxi-Cosi Cabin Cot - Sapphire Sand Age Suitability: Birth – 6 Months Weight Suitability: 0 – 9kg Safety / Warnings: This vehicle is intended for children from 0 months and up to 9kg or 6 months, whichever comes first. Never use the carry cot on a stand. The carry cot is only suitable for one child that cannot sit up unaided, roll over or push itself up on hands and knees. Maximum weight of the child in the carry cot is 9 kgImportant: Read the instructions carefully before use and keep for future reference. Standards UK / Europe: EN 1466: 2014 Maxi-Cosi Fame Cabin Pushchair - Sapphire Sand Dimensions: H105 x W44.5 x D84cm Maxi-Cosi Cabin Cot - Sapphire Sand strong&gt; Dimensions unfolded/Assembled: 84 x 38.5 x 55cm strong&gt;Dimensions Folded/Unassembled: 84 x 39 x 30cm Fame Cabin offers a lightweight and compact design, fitting into overhead storage. Fame Cabin delivers first-class comfort with spacious lie-flat position and ClimaFlow backrest. An integrated LED light system, keeping you and baby safe and visible at all times. Baby &amp; Toddler &gt; Baby Transport &gt; Pushchairs &amp; Prams",,699.99,Mamas & Papas,6526,,,https://images2.productserve.com/?w=200&h=200&bg=white&trim=5&t=letterbox&url=ssl%3Acdn.shopify.com%2Fs%2Ffiles%2F1%2F0414%2F6023%2F6453%2Ffiles%2Fmaxi-cosi-maxi-cosi-fame-cabin-pushchair-with-carrycot-raincover-sapphire-sand-1228692772.jpg%3Fv%3D1774284456&feedId=112637&k=ace77e072948ca695467eea175fc93daf7f3828f,GBP,,0 GBP,https://www.mamasandpapas.com/products/kit-fame-cabin-with-c-c-rain-68232l802,,2026-08-07 08:21:46,£699.99,112637,Maxi Cosi,1,,,,,,Lightweight Stroller
https://www.awin1.com/pclick.php?p=44281767710&a=2771700&m=6526,Maxi Cosi Maxi-Cosi Fame Cabin Pushchair With Carrycot &amp; Raincover - Onyx Black,44281767710,GB _GBP_53366757753169,https://cdn.shopify.com/s/files/1/0414/6023/6453/files/maxi-cosi-maxi-cosi-fame-cabin-pushchair-with-carrycot-raincover-black-1228692736.jpg?v=1774284037,"Maxi-Cosi Fame Cabin Pushchair Get ready to touch down in a world of new adventures with the Maxi-Cosi Fame Cabin. It’s the lightweight premium stroller that’s made to let your little one travel in first-class comfort. It’s even designed to fit in the overhead storage compartment on the plane. Whether you’re heading to the boarding gate or exploring a new destination, Fame Cabin makes your trip a vacation. Ease of use When it’s time to get out there and explore the world, the Maxi-Cosi Fame Cabin brings lightweight ease, and flexibility to every adventure. It’s IATA-compliant for air travel, and lightweight and compact enough to fit in the overhead storage compartments. When you’re ready to board, effortlessly fold Fame Cabin with one hand and carry it with the integrated carry strap, keeping both your hands free for your little adventurer. Age range Paired with the Maxi-Cosi Coral Slide Pro car seat, you’ve got the ZERO-G Travel System — the travel system that redefines lightweight. Your little one can ride in Coral Slide Pro from birth up to 24 months (40 – 87 cm). You can also attach the matching Maxi-Cosi Cabin Cot to your stroller for first-class comfort from birth. It folds with the stroller and stands upright afterwards. Your little one can use it up to 9 kg (approx. 6 months). When using the stroller seat, Fame Cabin is suitable from birth up to 22 kg (approx. 4 years old). Comfort Maxi-Cosi’s Fame Cabin’s ergonomic and spacious seat delivers first-class comfort, wherever the destination. Your little one can nap comfortably with the integrated leg-rest in all recline positions, including the lie-flat position. Fame Cabin also features a high-density foam inlay for best-in-class comfort for your baby. When you remove the inlay, your child can enjoy all four seasons in comfort thanks to the ClimaFlow backrest and breathable mesh fabrics. The extendable sun canopy has a see-through ventilation window for protection and breathability in even the warmest holiday spots. Made for convenience The Maxi-Cosi Fame Cabin goes with your family by plane, train, or car. It’s there on every adventure, offering first-class comfort for your little one and the ultimate convenience — perfect for when you’re crossing borders and exploring the world. And you don’t just travel, you travel in style with Fame Cabin’s premium detailing and high-quality Eco Care fabrics. When you’re out and about, the USB-C port means you can keep your phone charged, while the LumiRide LED system keeps you safe and visible after the sun goes down. Product Features: Designed for air travel, Fame Cabin offers a lightweight and compact design, allowing it to fit into overhead compartment storage. When you’re ready to board, Fame Cabin folds for easy carrying with the integrated carry strap, keeping both your hands free for your little adventurer. Fame Cabin delivers first-class comfort on every adventure with its spacious lie-flat position and ClimaFlow backrest, keeping your little one comfortable, no matter the destination. An integrated LED light system designed to illuminate darker streets and dimly lit pathways, keeping you and baby safe and visible at all times. At just 8.5 kg, Fame Cabin and Coral Slide Pro form our lightest travel system ever to combine a cabin stroller with a reclining baby car seat. Or pair it with Cabin Cot for extended first-class comfort. The seat removes completely when you want to attach your Cabin Cot or Coral Slide Pro car seat. Bring everything you need. Fame Cabin’s large storage basket can carry up to 8 kg of shopping and essentials. The pocket found at the back of the seat is the perfect storage spot for essentials, such as your phone. You can store it there while charging via the integrated USB-C port. Intuitive brake system ensures you always have full control of the stroller. The 5-point harness and buckle make getting your child into the stroller as easy as can be. And with a slide adjust system, the shoulder pads can be kept at the right position for your growing child. Fame Cabin features suspension on all 4 wheels — springs in the front wheels and rotative bi-lateral suspension on the back wheels. Adjust the integrated leg rest as your little one grows to keep them sitting comfortably on every adventure. A large extendable UPF 50+ canopy with see-through ventilation window offers your child maximum protection. Best-in-class comfort for your little one. Sitting cushioned on an ultra-padded high-density memory foam inlay, they’ll enjoy a smooth, comfortable ride. The vegan leatherette push bar offers a good grip and a comfortable high position for ergonomic strolling with your little one. The high-quality wheels feature wear-resistant rubber on the outside and a soft EVA core on the inside. Power up on the go. Simply plug your phone into the easily accessible, integrated USB-C charging port to ensure your phone battery never runs out mid-adventure. Maxi-Cosi Cabin Cot The Maxi-Cosi Cabin Cot delivers first-class comfort and seamless folding, all while remaining attached to your Fame Cabin stroller. It’s the carrycot designed to make your very first outings with your little one as comfortable as can be. Delivering the compact convenience and limitless possibilities that make exploring the city and beyond totally effortless. Ease of use The Maxi-Cosi Cabin Cot folds and unfolds together with your Fame Cabin stroller frame — there’s no need to remove it until you want to swap the carrycot out for a car seat or the Maxi-Cosi Fame Cabin seat. That makes folding and storage quicker and easier than ever. It’s the only carrycot that folds compactly along with the stroller and then stays standing on its own. It’s then easy to lift and carry thanks to the lightweight design and integrated carry strap. Age range Your little one enjoys first-class comfort from day one with Maxi-Cosi Cabin Cot. Designed for newborn comfort, it carries them from birth up to 6 months old. Comfort The Maxi-Cosi Cabin Cot’s reversible memory foam mattress features soft 100% organic cotton on one side and breathable mesh on the other, so your baby can enjoy the most luxurious comfort from day one. The spacious carrycot also features ClimaFlow panels for optimal ventilation, helping to keep your little one comfortable even on warmer days. The UPF-50+ extendable canopy offers extra protection on those warmer days too. Gently raise your baby with the SoothingSlope to reduce reflux and aid your baby’s digestion. Made for convenience The Maxi-Cosi Cabin Cot is made for parents looking for convenience and endless possibilities when exploring the city and beyond, all while ensuring their little one’s comfort. It’s the carrycot that offers the best of both worlds – first-class comfort and a compact fold, without needing to remove it from the stroller frame. Keep your valuable items safe by storing them in the integrated secret pocket while out with your little one. Product Features: ClimaFlow ventilation panels integrated into Cabin Cot keep your little one comfortable all-year round. Minimise reflux and aid your baby’s digestion by gently raising them into an inclined sleeping position. Your baby stays comfortable year-round in Cabin Cot with a reversible memory foam mattress featuring 100% organic cotton on one side and breathable mesh on the other. Effortlessly fold Cabin Cot together with your Fame Cabin stroller frame in seconds. Once folded, it’s both compact and self-standing. Release Cabin Cot from the frame of the Fame Cabin stroller with the quick release mechanism. A large extendable UPF 50+ canopy with see-through ventilation window offers your child maximum protection. The padded boot cover features an integrated parent pocket and wind shield to protect baby from the elements. Keep essentials close at hand when you’re out and about with your little one. Featuring soft 100% recycled fabrics made from recycled rPET bottles, Eco Care fabrics are gentle on your baby’s sensitive skin. Maxi-Cosi Fame Cabin Pushchair Age Suitability: Birth – 4 Years Weight Suitability: 0 – 22kg Safety / Warnings: This pushchair is intended for children from 0 months and up to 22kg or 4 years, whichever comes first. This product is not suitable for running and skating. Important: Read the instructions carefully before use and keep for future reference. Standards UK / Europe EN1888-1:2018+A1:2022 &amp; EN1888-2:2018+A1:2022 Maxi-Cosi Cabin Cot Age Suitability: Birth – 6 Months Weight Suitability: 0 – 9kg Safety / Warnings: This vehicle is intended for children from 0 months and up to 9kg or 6 months, whichever comes first. Never use the carry cot on a stand. The carry cot is only suitable for one child that cannot sit up unaided, roll over or push itself up on hands and knees. Maximum weight of the child in the carry cot is 9 kgImportant: Read the instructions carefully before use and keep for future reference. Standards UK / Europe: EN 1466: 2014 Maxi-Cosi Fame Cabin Pushchair Dimensions: H105 x W44.5 x D84cm Maxi-Cosi Cabin Cot strong&gt; Dimensions unfolded/Assembled: 84 x 38.5 x 55cm strong&gt;Dimensions Folded/Unassembled: 84 x 39 x 30cm Fame Cabin offers a lightweight and compact design, fitting into overhead storage. Fame Cabin delivers first-class comfort with spacious lie-flat position and ClimaFlow backrest. An integrated LED light system, keeping you and baby safe and visible at all times. Baby &amp; Toddler &gt; Baby Transport &gt; Pushchairs &amp; Prams",,699.99,Mamas & Papas,6526,,,https://images2.productserve.com/?w=200&h=200&bg=white&trim=5&t=letterbox&url=ssl%3Acdn.shopify.com%2Fs%2Ffiles%2F1%2F0414%2F6023%2F6453%2Ffiles%2Fmaxi-cosi-maxi-cosi-fame-cabin-pushchair-with-carrycot-raincover-black-1228692736.jpg%3Fv%3D1774284037&feedId=112637&k=6a87a5fffc28cd434169407f0ceedc2faa8f7e9c,GBP,,0 GBP,https://www.mamasandpapas.com/products/fame-cabin-with-c-c-raincove-6823w9002,,2026-08-07 08:21:46,£699.99,112637,Maxi Cosi,1,,,,,,Lightweight Stroller
https://www.awin1.com/pclick.php?p=44311769619&a=2771700&m=6526,Cybex COYA Pushchair &amp; Carry Cot - Cozy Beige Airline-Compatible Travel Stroller Foldable Carrycot Lightweight Baby Stroller Easy One-Hand Fold,44311769619,GB _GBP_53389138493777,https://cdn.shopify.com/s/files/1/0414/6023/6453/files/cybex-pushchairs-cybex-coya-pushchair-carry-cot-cozy-beige-1229368277.jpg?v=1774608909,"Where iconic design and newborn comfort unite, a new era of travel begins. COŸA lets you stroll the world and begin your travel story from day one resulting in luxurious journeys from departure to arrival. An ultra-compact travel icon with full-size comfort. Its innovative Foldable Cot folds in half to create pioneering hand luggage compatible, newborn comfort. Travel system ready, the unique design of the COŸA allows you to switch between foldable cot, an infant car seat or a seat unit with ease, covering all your traveling needs. An exclusive traveler that’s sure to turn heads – the COŸA redefines ultra-compact elegance. Product Features: Ultra-compact design. full-size comfort - Travel far and wide in the ultra-compact COŸA. An innovative Fold Lux Carry Cot provides luxurious comfort for your baby and convenience for parents from birth. A spacious, ergonomic Seat Unit guarantees they’ll explore the world in premium style. Spacious &amp; comfortably padded fold lux carry cot - Let your newborn relax in comfort from the very start. A lavishly upholstered Fold Lux Carry Cot with its breathable mattress gives them all the space they need to grow. Folds compact with cot on frame - Built for every kind of travel. The Fold Lux Carry Cot quickly transitions from strolling through busy streets to folding on the frame and taking a taxi to the airport or storing at your destination. Hand luggage compatible - Promising ultra-compact luxury from departure to arrival. Sublime design allows the COŸA to fold in seconds into a hand luggage compatible size for a lifetime of exciting trips.* Travel system ready- Tailor your child’s ride to suit urban living from birth to toddler. Switch between a luxurious foldable cot, an infant car seat or a reversible stroller seat with ease. Integrated carry strap - Sling the folded COŸA over your shoulder with the elastic carry strap. With COŸA’s light weight and ultra-compact size, this design detail makes it easy to carry, it’s elegant flexibility at its best. One-hand fold in seconds - Always have one hand free to hold onto your baby as you travel the world. Effortlessly fold your COŸA buggy with one hand for stowing away onboard and as you head off to your next destination. Breathable mesh backrest -Perfect for every environment. A warming inlay is cozy and welcoming when strolling through your latest city in cold weather. When temperatures rise, remove it to reveal a cooling mesh backrest promising healthy airflow and a welcome breeze on a hot day. One-pull harness - Use just one hand to safely secure or release your child from the stroller in seconds. Clever design makes adjusting the one-pull harness to fit a growing child simple and on or off-boarding easy. Ergonomic lie-flat - Optimum comfort for your baby as you travel the world together. With one hand you can easily recline the backrest to an ergonomic lie-flat position, letting them relax and rest as they grow. Age Suitability: Stroller – Birth – 4 years Cot – Birth – 9 months Weight Suitability: Stroller - max 22kg Cot – max 9kg Safety / Warnings: Ensure your Stroller is installed correctly and your Child is safely secured. Dimensions – Unfolded/Assembled: Stroller - L 82.5 cm / W 45 cm / H 106 cm Cot - L 81cm / W 44cm / H 55cm Dimensions – Folded/Unassembled: Stroller - L 53.5 cm / W 45cm / H 22cm Cot - L 55cm / W 44cm / H 20cm Airline compatible – hand luggage Foldable carrycot Foldable on or off frame Baby &amp; Toddler &gt; Baby Transport &gt; Pushchairs &amp; Prams",,739.95,Mamas & Papas,6526,,,https://images2.productserve.com/?w=200&h=200&bg=white&trim=5&t=letterbox&url=ssl%3Acdn.shopify.com%2Fs%2Ffiles%2F1%2F0414%2F6023%2F6453%2Ffiles%2Fcybex-pushchairs-cybex-coya-pushchair-carry-cot-cozy-beige-1229368277.jpg%3Fv%3D1774608909&feedId=112637&k=96227c40a24cf721329cf755d4080134d68c3b29,GBP,,0 GBP,https://www.mamasandpapas.com/products/cybex-coya-pushchair-68392h500,,2026-08-07 08:21:49,£739.95,112637,Cybex,1,,,,,,Pram & Pushchair
https://www.awin1.com/pclick.php?p=44326993519&a=2771700&m=6526,iCandy Peach 8 Complete Bundle - Coco,44326993519,GB _GBP_53395076743505,https://cdn.shopify.com/s/files/1/0414/6023/6453/files/icandy-pushchairs-icandy-peach-8-complete-bundle-coco-1229545024.jpg?v=1775638477,"Tailored to Perfection: The Next Generation The iCandy Peach 8 Complete Bundle is a beautifully engineered, luxury pushchair solution from birth, combining iCandy’s latest innovation with effortless everyday functionality, tailored to fit perfectly around modern family life. Building on the legacy of the iconic Peach range, the Peach 8 introduces refined styling, enhanced comfort and future-ready features, while retaining the elegance, quality and performance parents trust. Suitable from birth up to 25kg, it is a beautifully balanced tandem pushchair on a single footprint, converting smoothly from single to double or twin without compromising manoeuvrability. The spacious, collapsible carrycot has been updated to deliver significantly increased airflow and is approved by the Lullaby Trust for permanent overnight sleeping, including when used with the compatible iCandy MiStand. Enhanced suspension, an extended canopy, ergonomic release system, flip-flop friendly brake and integrated Ride-on Board ensure a smooth, effortless ride on every journey. The Peach 8 Complete Bundle delivers cutting-edge design, intelligent functionality and sustainable luxury. The complete bundle includes everything you need for a coordinated outing: Raincover, Screen, Elevator Adaptors, Car Seat Adaptors, Footmuff &amp; Liner, Changing Bag, Parasol, Cup Holder &amp; Clamp. Together, they provide a beautifully styled, luxury solution from newborn to toddler, ensuring every family journey is effortless, comfortable and perfectly tailored. Product Features: Single-to-double or twin pushchair on a single footprint Suitable from birth (with carrycot) up to 25kg (15kg on elevators) Collapsible carrycot for easier storage and transport Over double the carrycot airflow compared to Peach 7 (1,300cm² ventilation) Carrycot approved for permanent overnight sleeping Car seat compatible, including with the iCandy Cocoon 360 Enhanced suspension for a smoother, more comfortable ride One-handed fold and one-handed seat recline Flip-flop friendly brake with colour indicator Integrated Ride-on Board for growing families Extended canopy coverage, ideal for nap times or sunny days New design with premium recycled fabrics 5 Year Warranty Age Suitability: Birth to 4 Years Weight Suitability: 0-25kg Safety / Warnings: Don't leave your child unattended. Always use the restraint form. Standards UK / Europe: EN 1888 Carrycot - EN1466 Dimensions – Unfolded/Assembled: 75 x 61 x 105 cm Dimensions – Folded/Unassembled: 70 x 61 x 29 cm Single-to-double or twin pushchair on a single footprint Collapsible carrycot for easier storage and transport Carrycot approved for permanent overnight sleeping Baby &amp; Toddler &gt; Baby Transport &gt; Pushchairs &amp; Prams",,1399,Mamas & Papas,6526,,,https://images2.productserve.com/?w=200&h=200&bg=white&trim=5&t=letterbox&url=ssl%3Acdn.shopify.com%2Fs%2Ffiles%2F1%2F0414%2F6023%2F6453%2Ffiles%2Ficandy-pushchairs-icandy-peach-8-complete-bundle-coco-1229545024.jpg%3Fv%3D1775638477&feedId=112637&k=1c7b4da7215e7eac835881eb40113df8426499c3,GBP,,0 GBP,https://www.mamasandpapas.com/products/icandy-peach-8-complete-bundle-coco-69142g101,,2026-08-07 08:21:51,"£1,399",112637,iCandy,1,,,,,,Pram & Pushchair
https://www.awin1.com/pclick.php?p=44326993536&a=2771700&m=6526,iCandy Peach 8 Complete Bundle - Pecan,44326993536,GB _GBP_53396211499345,https://cdn.shopify.com/s/files/1/0414/6023/6453/files/icandy-pushchairs-icandy-peach-8-complete-bundle-pecan-1230819810.jpg?v=1775640696,"Tailored to Perfection: The Next Generation The iCandy Peach 8 Complete Bundle is a beautifully engineered, luxury pushchair solution from birth, combining iCandy’s latest innovation with effortless everyday functionality, tailored to fit perfectly around modern family life. Building on the legacy of the iconic Peach range, the Peach 8 introduces refined styling, enhanced comfort and future-ready features, while retaining the elegance, quality and performance parents trust. Suitable from birth up to 25kg, it is a beautifully balanced tandem pushchair on a single footprint, converting smoothly from single to double or twin without compromising manoeuvrability. The spacious, collapsible carrycot has been updated to deliver significantly increased airflow and is approved by the Lullaby Trust for permanent overnight sleeping, including when used with the compatible iCandy MiStand. Enhanced suspension, an extended canopy, ergonomic release system, flip-flop friendly brake and integrated Ride-on Board ensure a smooth, effortless ride on every journey. The Peach 8 Complete Bundle delivers cutting-edge design, intelligent functionality and sustainable luxury. The complete bundle includes everything you need for a coordinated outing: Raincover, Screen, Elevator Adaptors, Car Seat Adaptors, Footmuff &amp; Liner, Changing Bag, Parasol, Cup Holder &amp; Clamp. Together, they provide a beautifully styled, luxury solution from newborn to toddler, ensuring every family journey is effortless, comfortable and perfectly tailored. Product Features: Single-to-double or twin pushchair on a single footprint Suitable from birth (with carrycot) up to 25kg (15kg on elevators) Collapsible carrycot for easier storage and transport Over double the carrycot airflow compared to Peach 7 (1,300cm² ventilation) Carrycot approved for permanent overnight sleeping Car seat compatible, including with the iCandy Cocoon 360 Enhanced suspension for a smoother, more comfortable ride One-handed fold and one-handed seat recline Flip-flop friendly brake with colour indicator Integrated Ride-on Board for growing families Extended canopy coverage, ideal for nap times or sunny days New design with premium recycled fabrics 5 Year Warranty Age Suitability: Birth to 4 Years Weight Suitability: 0-25kg Safety / Warnings: Don't leave your child unattended. Always use the restraint form. Standards UK / Europe: EN 1888 Carrycot - EN1466 Dimensions – Unfolded/Assembled: 75 x 61 x 105 cm Dimensions – Folded/Unassembled: 70 x 61 x 29 cm Single-to-double or twin pushchair on a single footprint Collapsible carrycot for easier storage and transport Carrycot approved for permanent overnight sleeping Baby &amp; Toddler &gt; Baby Transport &gt; Pushchairs &amp; Prams",,1399,Mamas & Papas,6526,,,https://images2.productserve.com/?w=200&h=200&bg=white&trim=5&t=letterbox&url=ssl%3Acdn.shopify.com%2Fs%2Ffiles%2F1%2F0414%2F6023%2F6453%2Ffiles%2Ficandy-pushchairs-icandy-peach-8-complete-bundle-pecan-1230819810.jpg%3Fv%3D1775640696&feedId=112637&k=7c7c4c485334f3be917176e6d51e0c0c0ea01410,GBP,,0 GBP,https://www.mamasandpapas.com/products/icandy-peach-8-complete-bundle-pecan-69142j401,,2026-08-07 08:21:52,"£1,399",112637,iCandy,1,,,,,,Pram & Pushchair
https://www.awin1.com/pclick.php?p=44329801028&a=2771700&m=6526,iCandy Peach 8 Complete Bundle - Coffee Bean,44329801028,GB _GBP_53396279787857,https://cdn.shopify.com/s/files/1/0414/6023/6453/files/icandy-pushchairs-icandy-peach-8-complete-bundle-coffee-bean-1230819754.jpg?v=1775644896,"Tailored to Perfection: The Next Generation The iCandy Peach 8 Complete Bundle is a beautifully engineered, luxury pushchair solution from birth, combining iCandy’s latest innovation with effortless everyday functionality, tailored to fit perfectly around modern family life. Building on the legacy of the iconic Peach range, the Peach 8 introduces refined styling, enhanced comfort and future-ready features, while retaining the elegance, quality and performance parents trust. Suitable from birth up to 25kg, it is a beautifully balanced tandem pushchair on a single footprint, converting smoothly from single to double or twin without compromising manoeuvrability. The spacious, collapsible carrycot has been updated to deliver significantly increased airflow and is approved by the Lullaby Trust for permanent overnight sleeping, including when used with the compatible iCandy MiStand. Enhanced suspension, an extended canopy, ergonomic release system, flip-flop friendly brake and integrated Ride-on Board ensure a smooth, effortless ride on every journey. The Peach 8 Complete Bundle delivers cutting-edge design, intelligent functionality and sustainable luxury. The complete bundle includes everything you need for a coordinated outing: Raincover, Screen, Elevator Adaptors, Car Seat Adaptors, Footmuff &amp; Liner, Changing Bag, Parasol, Cup Holder &amp; Clamp. Together, they provide a beautifully styled, luxury solution from newborn to toddler, ensuring every family journey is effortless, comfortable and perfectly tailored. Product Features: Single-to-double or twin pushchair on a single footprint Suitable from birth (with carrycot) up to 25kg (15kg on elevators) Collapsible carrycot for easier storage and transport Over double the carrycot airflow compared to Peach 7 (1,300cm² ventilation) Carrycot approved for permanent overnight sleeping Car seat compatible, including with the iCandy Cocoon 360 Enhanced suspension for a smoother, more comfortable ride One-handed fold and one-handed seat recline Flip-flop friendly brake with colour indicator Integrated Ride-on Board for growing families Extended canopy coverage, ideal for nap times or sunny days New design with premium recycled fabrics 5 Year Warranty Age Suitability: Birth to 4 Years Weight Suitability: 0-25kg Safety / Warnings: Don't leave your child unattended. Always use the restraint form. Standards UK / Europe: EN 1888 Carrycot - EN1466 Dimensions – Unfolded/Assembled: 75 x 61 x 105 cm Dimensions – Folded/Unassembled: 70 x 61 x 29 cm Single-to-double or twin pushchair on a single footprint Collapsible carrycot for easier storage and transport Carrycot approved for permanent overnight sleeping Baby &amp; Toddler &gt; Baby Transport &gt; Pushchairs &amp; Prams",,1399,Mamas & Papas,6526,,,https://images2.productserve.com/?w=200&h=200&bg=white&trim=5&t=letterbox&url=ssl%3Acdn.shopify.com%2Fs%2Ffiles%2F1%2F0414%2F6023%2F6453%2Ffiles%2Ficandy-pushchairs-icandy-peach-8-complete-bundle-coffee-bean-1230819754.jpg%3Fv%3D1775644896&feedId=112637&k=2aaaf1b1b17845773ba0513df8fb6384447f9eee,GBP,,0 GBP,https://www.mamasandpapas.com/products/icandy-peach8-complete-bundle-coffeebean-6914g8901,,2026-08-07 08:21:52,"£1,399",112637,iCandy,1,,,,,,Pram & Pushchair
https://www.awin1.com/pclick.php?p=44329801034&a=2771700&m=6526,iCandy Peach 8 Complete Bundle - Taupe,44329801034,GB _GBP_53396429996369,https://cdn.shopify.com/s/files/1/0414/6023/6453/files/icandy-pushchairs-icandy-peach-8-complete-bundle-taupe-1230832348.jpg?v=1775643370,"Tailored to Perfection: The Next Generation The iCandy Peach 8 Complete Bundle is a beautifully engineered, luxury pushchair solution from birth, combining iCandy’s latest innovation with effortless everyday functionality, tailored to fit perfectly around modern family life. Building on the legacy of the iconic Peach range, the Peach 8 introduces refined styling, enhanced comfort and future-ready features, while retaining the elegance, quality and performance parents trust. Suitable from birth up to 25kg, it is a beautifully balanced tandem pushchair on a single footprint, converting smoothly from single to double or twin without compromising manoeuvrability. The spacious, collapsible carrycot has been updated to deliver significantly increased airflow and is approved by the Lullaby Trust for permanent overnight sleeping, including when used with the compatible iCandy MiStand. Enhanced suspension, an extended canopy, ergonomic release system, flip-flop friendly brake and integrated Ride-on Board ensure a smooth, effortless ride on every journey. The Peach 8 Complete Bundle delivers cutting-edge design, intelligent functionality and sustainable luxury. The complete bundle includes everything you need for a coordinated outing: Raincover, Screen, Elevator Adaptors, Car Seat Adaptors, Footmuff &amp; Liner, Changing Bag, Parasol, Cup Holder &amp; Clamp. Together, they provide a beautifully styled, luxury solution from newborn to toddler, ensuring every family journey is effortless, comfortable and perfectly tailored. Product Features: Single-to-double or twin pushchair on a single footprint Suitable from birth (with carrycot) up to 25kg (15kg on elevators) Collapsible carrycot for easier storage and transport Over double the carrycot airflow compared to Peach 7 (1,300cm² ventilation) Carrycot approved for permanent overnight sleeping Car seat compatible, including with the iCandy Cocoon 360 Enhanced suspension for a smoother, more comfortable ride One-handed fold and one-handed seat recline Flip-flop friendly brake with colour indicator Integrated Ride-on Board for growing families Extended canopy coverage, ideal for nap times or sunny days New design with premium recycled fabrics 5 Year Warranty Age Suitability: Birth to 4 Years Weight Suitability: 0-25kg Safety / Warnings: Don't leave your child unattended. Always use the restraint form. Standards UK / Europe: EN 1888 Carrycot - EN1466 Dimensions – Unfolded/Assembled: 75 x 61 x 105 cm Dimensions – Folded/Unassembled: 70 x 61 x 29 cm Single-to-double or twin pushchair on a single footprint Collapsible carrycot for easier storage and transport Carrycot approved for permanent overnight sleeping Baby &amp; Toddler &gt; Baby Transport &gt; Pushchairs &amp; Prams",,1299,Mamas & Papas,6526,,,https://images2.productserve.com/?w=200&h=200&bg=white&trim=5&t=letterbox&url=ssl%3Acdn.shopify.com%2Fs%2Ffiles%2F1%2F0414%2F6023%2F6453%2Ffiles%2Ficandy-pushchairs-icandy-peach-8-complete-bundle-taupe-1230832348.jpg%3Fv%3D1775643370&feedId=112637&k=2ff5b8eac333ba1f9b1e8e66f9b93bcfcf43c783,GBP,,0 GBP,https://www.mamasandpapas.com/products/icandy-peach-8-complete-bundle-taupe-691472201,,2026-08-07 08:21:53,"£1,299",112637,iCandy,1,,,,,,Pram & Pushchair
https://www.awin1.com/pclick.php?p=44329801036&a=2771700&m=6526,iCandy Peach 8 Complete Bundle - Black,44329801036,GB _GBP_53396472201553,https://cdn.shopify.com/s/files/1/0414/6023/6453/files/icandy-pushchairs-icandy-peach-8-complete-bundle-black-1230851467.jpg?v=1775641777,"Tailored to Perfection: The Next Generation The iCandy Peach 8 Complete Bundle is a beautifully engineered, luxury pushchair solution from birth, combining iCandy’s latest innovation with effortless everyday functionality, tailored to fit perfectly around modern family life. Building on the legacy of the iconic Peach range, the Peach 8 introduces refined styling, enhanced comfort and future-ready features, while retaining the elegance, quality and performance parents trust. Suitable from birth up to 25kg, it is a beautifully balanced tandem pushchair on a single footprint, converting smoothly from single to double or twin without compromising manoeuvrability. The spacious, collapsible carrycot has been updated to deliver significantly increased airflow and is approved by the Lullaby Trust for permanent overnight sleeping, including when used with the compatible iCandy MiStand. Enhanced suspension, an extended canopy, ergonomic release system, flip-flop friendly brake and integrated Ride-on Board ensure a smooth, effortless ride on every journey. The Peach 8 Complete Bundle delivers cutting-edge design, intelligent functionality and sustainable luxury. The complete bundle includes everything you need for a coordinated outing: Raincover, Screen, Elevator Adaptors, Car Seat Adaptors, Footmuff &amp; Liner, Changing Bag, Parasol, Cup Holder &amp; Clamp. Together, they provide a beautifully styled, luxury solution from newborn to toddler, ensuring every family journey is effortless, comfortable and perfectly tailored. Product Features: Single-to-double or twin pushchair on a single footprint Suitable from birth (with carrycot) up to 25kg (15kg on elevators) Collapsible carrycot for easier storage and transport Over double the carrycot airflow compared to Peach 7 (1,300cm² ventilation) Carrycot approved for permanent overnight sleeping Car seat compatible, including with the iCandy Cocoon 360 Enhanced suspension for a smoother, more comfortable ride One-handed fold and one-handed seat recline Flip-flop friendly brake with colour indicator Integrated Ride-on Board for growing families Extended canopy coverage, ideal for nap times or sunny days New design with premium recycled fabrics 5 Year Warranty Age Suitability: Birth to 4 Years Weight Suitability: 0-25kg Safety / Warnings: Don't leave your child unattended. Always use the restraint form. Standards UK / Europe: EN 1888 Carrycot - EN1466 Dimensions – Unfolded/Assembled: 75 x 61 x 105 cm Dimensions – Folded/Unassembled: 70 x 61 x 29 cm Single-to-double or twin pushchair on a single footprint Collapsible carrycot for easier storage and transport Carrycot approved for permanent overnight sleeping Baby &amp; Toddler &gt; Baby Transport &gt; Pushchairs &amp; Prams",,1299,Mamas & Papas,6526,,,https://images2.productserve.com/?w=200&h=200&bg=white&trim=5&t=letterbox&url=ssl%3Acdn.shopify.com%2Fs%2Ffiles%2F1%2F0414%2F6023%2F6453%2Ffiles%2Ficandy-pushchairs-icandy-peach-8-complete-bundle-black-1230851467.jpg%3Fv%3D1775641777&feedId=112637&k=71cc8ab1ffa273285f0dd1907f25edf866dd4fed,GBP,,0 GBP,https://www.mamasandpapas.com/products/icandy-peach-8-complete-bundle-black-691425301,,2026-08-07 08:21:53,"£1,299",112637,iCandy,1,,,,,,Pram & Pushchair
https://www.awin1.com/pclick.php?p=44329801041&a=2771700&m=6526,iCandy Peach 8 Complete Bundle - Grey,44329801041,GB _GBP_53396686733649,https://cdn.shopify.com/s/files/1/0414/6023/6453/files/icandy-pushchairs-icandy-peach-8-complete-bundle-grey-1230851406.jpg?v=1775637762,"Tailored to Perfection: The Next Generation The iCandy Peach 8 Complete Bundle is a beautifully engineered, luxury pushchair solution from birth, combining iCandy’s latest innovation with effortless everyday functionality, tailored to fit perfectly around modern family life. Building on the legacy of the iconic Peach range, the Peach 8 introduces refined styling, enhanced comfort and future-ready features, while retaining the elegance, quality and performance parents trust. Suitable from birth up to 25kg, it is a beautifully balanced tandem pushchair on a single footprint, converting smoothly from single to double or twin without compromising manoeuvrability. The spacious, collapsible carrycot has been updated to deliver significantly increased airflow and is approved by the Lullaby Trust for permanent overnight sleeping, including when used with the compatible iCandy MiStand. Enhanced suspension, an extended canopy, ergonomic release system, flip-flop friendly brake and integrated Ride-on Board ensure a smooth, effortless ride on every journey. The Peach 8 Complete Bundle delivers cutting-edge design, intelligent functionality and sustainable luxury. The complete bundle includes everything you need for a coordinated outing: Raincover, Screen, Elevator Adaptors, Car Seat Adaptors, Footmuff &amp; Liner, Changing Bag, Parasol, Cup Holder &amp; Clamp. Together, they provide a beautifully styled, luxury solution from newborn to toddler, ensuring every family journey is effortless, comfortable and perfectly tailored. Product Features: Single-to-double or twin pushchair on a single footprint Suitable from birth (with carrycot) up to 25kg (15kg on elevators) Collapsible carrycot for easier storage and transport Over double the carrycot airflow compared to Peach 7 (1,300cm² ventilation) Carrycot approved for permanent overnight sleeping Car seat compatible, including with the iCandy Cocoon 360 Enhanced suspension for a smoother, more comfortable ride One-handed fold and one-handed seat recline Flip-flop friendly brake with colour indicator Integrated Ride-on Board for growing families Extended canopy coverage, ideal for nap times or sunny days New design with premium recycled fabrics 5 Year Warranty Age Suitability: Birth to 4 Years Weight Suitability: 0-25kg Safety / Warnings: Don't leave your child unattended. Always use the restraint form. Standards UK / Europe: EN 1888 Carrycot - EN1466 Dimensions – Unfolded/Assembled: 75 x 61 x 105 cm Dimensions – Folded/Unassembled: 70 x 61 x 29 cm Single-to-double or twin pushchair on a single footprint Collapsible carrycot for easier storage and transport Carrycot approved for permanent overnight sleeping Baby &amp; Toddler &gt; Baby Transport &gt; Pushchairs &amp; Prams",,1299,Mamas & Papas,6526,,,https://images2.productserve.com/?w=200&h=200&bg=white&trim=5&t=letterbox&url=ssl%3Acdn.shopify.com%2Fs%2Ffiles%2F1%2F0414%2F6023%2F6453%2Ffiles%2Ficandy-pushchairs-icandy-peach-8-complete-bundle-grey-1230851406.jpg%3Fv%3D1775637762&feedId=112637&k=578befc8b3725e2fd4967b56c35e60d4b71ad216,GBP,,0 GBP,https://www.mamasandpapas.com/products/icandy-peach-8-complete-bundle-grey-6914yx701,,2026-08-07 08:21:54,"£1,299",112637,iCandy,1,,,,,,Pram & Pushchair
https://www.awin1.com/pclick.php?p=44358844400&a=2771700&m=6526,iCandy Peach 8 Double Complete Bundle - Coco,44358844400,GB _GBP_53421434437969,https://cdn.shopify.com/s/files/1/0414/6023/6453/files/icandy-icandy-peach-8-double-complete-bundle-coco-1230819826.jpg?v=1775644597,"Tailored to Perfection: The Next Generation The iCandy Peach 8 Double Complete Bundle is a beautifully engineered, luxury all-in-one pushchair solution designed to support growing families with both a newborn and toddler. Seamlessly combining iCandy’s latest pushchair innovation with intelligent functionality, it delivers exceptional comfort, performance and style for everyday family life. Building on the legacy of the iconic Peach range, the Peach 8 represents the next generation of iCandy’s definitive double pushchair. Thoughtfully crafted with refined styling, enhanced comfort and future-ready features, the Peach 8 Double accommodates a newborn and toddler together on a single footprint, without compromising balance or manoeuvrability. Suitable from birth up to 25kg per seat (configuration dependent), it offers a beautifully smooth ride across all terrains. The spacious, collapsible carrycot provides significantly increased airflow and is approved by the Lullaby Trust for permanent overnight sleeping, including when used with the compatible iCandy MiStand - perfect for your newborn. Premium recycled fabrics, enhanced suspension and flexible seat configurations ensure superior comfort for both children, while parents benefit from features such as the extended canopy, ergonomic release system, flip-flop-friendly brake and integrated Ride-on Board for added toddler independence. Designed to adapt as your family grows, the Peach 8 Double delivers effortless handling, excellent manoeuvrability and intuitive daily use, even when carrying two children. Its refined engineering ensures a smooth, balanced push whether navigating busy streets or exploring uneven terrain. The Peach 8 Double Complete Bundle offers cutting-edge design, intelligent functionality and sustainable luxury - perfectly tailored to life with a baby and toddler. The complete bundle includes everything you need for a coordinated outing with two children: 2 x Raincover, 2 x Screen, Elevator Adaptors, Car Seat Adaptors, Lower Car Seat Adaptors, 2 x Footmuff &amp; Liner, Changing Bag, 2 x Parasol, Cup Holder, 2 x Clamp. Together, they provide a beautifully styled, luxury solution for newborn and toddler, ensuring every family journey is effortless, comfortable and perfectly tailored. Product Features: Single-to-double pushchair on a single footprint Accommodates a newborn and toddler together, suitable from birth (with carrycot) up to 25kg per seat (15kg on elevators) Collapsible carrycot for easier storage and transport Over double the carrycot airflow compared to Peach 7 (1,300cm² ventilation) Carrycot approved for permanent overnight sleeping Car seat compatible, including with the iCandy Cocoon 360 (available separately) Enhanced suspension for a smoother, more comfortable ride for two children One-handed fold and one-handed seat recline Flip-flop friendly brake with colour indicator Integrated Ride-on Board for growing toddlers Extended canopy coverage, ideal for nap times or sunny days New design with premium recycled fabrics 5 Year Warranty Age Suitability: Birth to 4 Years - Pushchair Weight Suitability: 0-25kg – Pushchair Safety / Warnings: Don't leave your child unattended. Always use the restraint form. Standards UK / Europe: EN 1888 Carrycot - EN1466 Dimensions – Unfolded/Assembled: 75 x 61 x 105 cm Dimensions – Folded/Unassembled: 70 x 61 x 29 cm Single-to-double pushchair on a single footprint Collapsible carrycot for easier storage and transport Carrycot approved for permanent overnight sleeping Baby &amp; Toddler &gt; Baby Transport &gt; Pushchairs &amp; Prams",,1769,Mamas & Papas,6526,,,https://images2.productserve.com/?w=200&h=200&bg=white&trim=5&t=letterbox&url=ssl%3Acdn.shopify.com%2Fs%2Ffiles%2F1%2F0414%2F6023%2F6453%2Ffiles%2Ficandy-icandy-peach-8-double-complete-bundle-coco-1230819826.jpg%3Fv%3D1775644597&feedId=112637&k=b178ebfcd36c9930bc276b3fa55f21d022800c5d,GBP,,0 GBP,https://www.mamasandpapas.com/products/icandy-peach-8-double-bundle-coco-69192g101,,2026-08-07 08:21:55,"£1,769",112637,iCandy,1,,,,,,Twin Pram
https://www.awin1.com/pclick.php?p=44358844401&a=2771700&m=6526,iCandy Peach 8 Double Complete Bundle - Taupe,44358844401,GB _GBP_53421506920785,https://cdn.shopify.com/s/files/1/0414/6023/6453/files/icandy-pushchairs-icandy-peach-8-double-complete-bundle-taupe-1230832318.jpg?v=1775642498,"Tailored to Perfection: The Next Generation The iCandy Peach 8 Double Complete Bundle is a beautifully engineered, luxury all-in-one pushchair solution designed to support growing families with both a newborn and toddler. Seamlessly combining iCandy’s latest pushchair innovation with intelligent functionality, it delivers exceptional comfort, performance and style for everyday family life. Building on the legacy of the iconic Peach range, the Peach 8 represents the next generation of iCandy’s definitive double pushchair. Thoughtfully crafted with refined styling, enhanced comfort and future-ready features, the Peach 8 Double accommodates a newborn and toddler together on a single footprint, without compromising balance or manoeuvrability. Suitable from birth up to 25kg per seat (configuration dependent), it offers a beautifully smooth ride across all terrains. The spacious, collapsible carrycot provides significantly increased airflow and is approved by the Lullaby Trust for permanent overnight sleeping, including when used with the compatible iCandy MiStand - perfect for your newborn. Premium recycled fabrics, enhanced suspension and flexible seat configurations ensure superior comfort for both children, while parents benefit from features such as the extended canopy, ergonomic release system, flip-flop-friendly brake and integrated Ride-on Board for added toddler independence. Designed to adapt as your family grows, the Peach 8 Double delivers effortless handling, excellent manoeuvrability and intuitive daily use, even when carrying two children. Its refined engineering ensures a smooth, balanced push whether navigating busy streets or exploring uneven terrain. The Peach 8 Double Complete Bundle offers cutting-edge design, intelligent functionality and sustainable luxury - perfectly tailored to life with a baby and toddler. The complete bundle includes everything you need for a coordinated outing with two children: 2 x Raincover, 2 x Screen, Elevator Adaptors, Car Seat Adaptors, Lower Car Seat Adaptors, 2 x Footmuff &amp; Liner, Changing Bag, 2 x Parasol, Cup Holder, 2 x Clamp. Together, they provide a beautifully styled, luxury solution for newborn and toddler, ensuring every family journey is effortless, comfortable and perfectly tailored. Product Features: Single-to-double pushchair on a single footprint Accommodates a newborn and toddler together, suitable from birth (with carrycot) up to 25kg per seat (15kg on elevators) Collapsible carrycot for easier storage and transport Over double the carrycot airflow compared to Peach 7 (1,300cm² ventilation) Carrycot approved for permanent overnight sleeping Car seat compatible, including with the iCandy Cocoon 360 (available separately) Enhanced suspension for a smoother, more comfortable ride for two children One-handed fold and one-handed seat recline Flip-flop friendly brake with colour indicator Integrated Ride-on Board for growing toddlers Extended canopy coverage, ideal for nap times or sunny days New design with premium recycled fabrics 5 Year Warranty Age Suitability: Birth to 4 Years - Pushchair Weight Suitability: 0-25kg – Pushchair Safety / Warnings: Don't leave your child unattended. Always use the restraint form. Standards UK / Europe: EN 1888 Carrycot - EN1466 Dimensions – Unfolded/Assembled: 75 x 61 x 105 cm Dimensions – Folded/Unassembled: 70 x 61 x 29 cm Single-to-double pushchair on a single footprint Collapsible carrycot for easier storage and transport Carrycot approved for permanent overnight sleeping Baby &amp; Toddler &gt; Baby Transport &gt; Pushchairs &amp; Prams",,1669,Mamas & Papas,6526,,,https://images2.productserve.com/?w=200&h=200&bg=white&trim=5&t=letterbox&url=ssl%3Acdn.shopify.com%2Fs%2Ffiles%2F1%2F0414%2F6023%2F6453%2Ffiles%2Ficandy-pushchairs-icandy-peach-8-double-complete-bundle-taupe-1230832318.jpg%3Fv%3D1775642498&feedId=112637&k=494be2e67d02bf5f948f7e1d830f80435e1ee487,GBP,,0 GBP,https://www.mamasandpapas.com/products/icandy-peach-8-double-bundle-taupe-691972201,,2026-08-07 08:21:55,"£1,669",112637,iCandy,1,,,,,,Twin Pram
https://www.awin1.com/pclick.php?p=44358844402&a=2771700&m=6526,iCandy Peach 8 Double Complete Bundle - Coffee Bean,44358844402,GB _GBP_53421506855249,https://cdn.shopify.com/s/files/1/0414/6023/6453/files/icandy-pushchairs-icandy-peach-8-double-complete-bundle-coffee-bean-1230832365.jpg?v=1775642737,"Tailored to Perfection: The Next Generation The iCandy Peach 8 Double Complete Bundle is a beautifully engineered, luxury all-in-one pushchair solution designed to support growing families with both a newborn and toddler. Seamlessly combining iCandy’s latest pushchair innovation with intelligent functionality, it delivers exceptional comfort, performance and style for everyday family life. Building on the legacy of the iconic Peach range, the Peach 8 represents the next generation of iCandy’s definitive double pushchair. Thoughtfully crafted with refined styling, enhanced comfort and future-ready features, the Peach 8 Double accommodates a newborn and toddler together on a single footprint, without compromising balance or manoeuvrability. Suitable from birth up to 25kg per seat (configuration dependent), it offers a beautifully smooth ride across all terrains. The spacious, collapsible carrycot provides significantly increased airflow and is approved by the Lullaby Trust for permanent overnight sleeping, including when used with the compatible iCandy MiStand - perfect for your newborn. Premium recycled fabrics, enhanced suspension and flexible seat configurations ensure superior comfort for both children, while parents benefit from features such as the extended canopy, ergonomic release system, flip-flop-friendly brake and integrated Ride-on Board for added toddler independence. Designed to adapt as your family grows, the Peach 8 Double delivers effortless handling, excellent manoeuvrability and intuitive daily use, even when carrying two children. Its refined engineering ensures a smooth, balanced push whether navigating busy streets or exploring uneven terrain. The Peach 8 Double Complete Bundle offers cutting-edge design, intelligent functionality and sustainable luxury - perfectly tailored to life with a baby and toddler. The complete bundle includes everything you need for a coordinated outing with two children: 2 x Raincover, 2 x Screen, Elevator Adaptors, Car Seat Adaptors, Lower Car Seat Adaptors, 2 x Footmuff &amp; Liner, Changing Bag, 2 x Parasol, Cup Holder, 2 x Clamp. Together, they provide a beautifully styled, luxury solution for newborn and toddler, ensuring every family journey is effortless, comfortable and perfectly tailored. Product Features: Single-to-double pushchair on a single footprint Accommodates a newborn and toddler together, suitable from birth (with carrycot) up to 25kg per seat (15kg on elevators) Collapsible carrycot for easier storage and transport Over double the carrycot airflow compared to Peach 7 (1,300cm² ventilation) Carrycot approved for permanent overnight sleeping Car seat compatible, including with the iCandy Cocoon 360 (available separately) Enhanced suspension for a smoother, more comfortable ride for two children One-handed fold and one-handed seat recline Flip-flop friendly brake with colour indicator Integrated Ride-on Board for growing toddlers Extended canopy coverage, ideal for nap times or sunny days New design with premium recycled fabrics 5 Year Warranty Age Suitability: Birth to 4 Years - Pushchair Weight Suitability: 0-25kg – Pushchair Safety / Warnings: Don't leave your child unattended. Always use the restraint form. Standards UK / Europe: EN 1888 Carrycot - EN1466 Dimensions – Unfolded/Assembled: 75 x 61 x 105 cm Dimensions – Folded/Unassembled: 70 x 61 x 29 cm Single-to-double pushchair on a single footprint Collapsible carrycot for easier storage and transport Carrycot approved for permanent overnight sleeping Baby &amp; Toddler &gt; Baby Transport &gt; Pushchairs &amp; Prams",,1769,Mamas & Papas,6526,,,https://images2.productserve.com/?w=200&h=200&bg=white&trim=5&t=letterbox&url=ssl%3Acdn.shopify.com%2Fs%2Ffiles%2F1%2F0414%2F6023%2F6453%2Ffiles%2Ficandy-pushchairs-icandy-peach-8-double-complete-bundle-coffee-bean-1230832365.jpg%3Fv%3D1775642737&feedId=112637&k=85a9568096850c27abe64ddeef228998f320253f,GBP,,0 GBP,https://www.mamasandpapas.com/products/icandy-peach-8-double-bundle-coffee-bean-6919g8901,,2026-08-07 08:21:55,"£1,769",112637,iCandy,1,,,,,,Twin Pram
https://www.awin1.com/pclick.php?p=44358844403&a=2771700&m=6526,iCandy Peach 8 Double Complete Bundle - Pecan,44358844403,GB _GBP_53421506593105,https://cdn.shopify.com/s/files/1/0414/6023/6453/files/icandy-pushchairs-icandy-peach-8-double-complete-bundle-pecan-1230819769.jpg?v=1775644389,"Tailored to Perfection: The Next Generation The iCandy Peach 8 Double Complete Bundle is a beautifully engineered, luxury all-in-one pushchair solution designed to support growing families with both a newborn and toddler. Seamlessly combining iCandy’s latest pushchair innovation with intelligent functionality, it delivers exceptional comfort, performance and style for everyday family life. Building on the legacy of the iconic Peach range, the Peach 8 represents the next generation of iCandy’s definitive double pushchair. Thoughtfully crafted with refined styling, enhanced comfort and future-ready features, the Peach 8 Double accommodates a newborn and toddler together on a single footprint, without compromising balance or manoeuvrability. Suitable from birth up to 25kg per seat (configuration dependent), it offers a beautifully smooth ride across all terrains. The spacious, collapsible carrycot provides significantly increased airflow and is approved by the Lullaby Trust for permanent overnight sleeping, including when used with the compatible iCandy MiStand - perfect for your newborn. Premium recycled fabrics, enhanced suspension and flexible seat configurations ensure superior comfort for both children, while parents benefit from features such as the extended canopy, ergonomic release system, flip-flop-friendly brake and integrated Ride-on Board for added toddler independence. Designed to adapt as your family grows, the Peach 8 Double delivers effortless handling, excellent manoeuvrability and intuitive daily use, even when carrying two children. Its refined engineering ensures a smooth, balanced push whether navigating busy streets or exploring uneven terrain. The Peach 8 Double Complete Bundle offers cutting-edge design, intelligent functionality and sustainable luxury - perfectly tailored to life with a baby and toddler. The complete bundle includes everything you need for a coordinated outing with two children: 2 x Raincover, 2 x Screen, Elevator Adaptors, Car Seat Adaptors, Lower Car Seat Adaptors, 2 x Footmuff &amp; Liner, Changing Bag, 2 x Parasol, Cup Holder, 2 x Clamp. Together, they provide a beautifully styled, luxury solution for newborn and toddler, ensuring every family journey is effortless, comfortable and perfectly tailored. Product Features: Single-to-double pushchair on a single footprint Accommodates a newborn and toddler together, suitable from birth (with carrycot) up to 25kg per seat (15kg on elevators) Collapsible carrycot for easier storage and transport Over double the carrycot airflow compared to Peach 7 (1,300cm² ventilation) Carrycot approved for permanent overnight sleeping Car seat compatible, including with the iCandy Cocoon 360 (available separately) Enhanced suspension for a smoother, more comfortable ride for two children One-handed fold and one-handed seat recline Flip-flop friendly brake with colour indicator Integrated Ride-on Board for growing toddlers Extended canopy coverage, ideal for nap times or sunny days New design with premium recycled fabrics 5 Year Warranty Age Suitability: Birth to 4 Years - Pushchair Weight Suitability: 0-25kg – Pushchair Safety / Warnings: Don't leave your child unattended. Always use the restraint form. Standards UK / Europe: EN 1888 Carrycot - EN1466 Dimensions – Unfolded/Assembled: 75 x 61 x 105 cm Dimensions – Folded/Unassembled: 70 x 61 x 29 cm Single-to-double pushchair on a single footprint Collapsible carrycot for easier storage and transport Carrycot approved for permanent overnight sleeping Baby &amp; Toddler &gt; Baby Transport &gt; Pushchairs &amp; Prams",,1769,Mamas & Papas,6526,,,https://images2.productserve.com/?w=200&h=200&bg=white&trim=5&t=letterbox&url=ssl%3Acdn.shopify.com%2Fs%2Ffiles%2F1%2F0414%2F6023%2F6453%2Ffiles%2Ficandy-pushchairs-icandy-peach-8-double-complete-bundle-pecan-1230819769.jpg%3Fv%3D1775644389&feedId=112637&k=4cd69f96fe1e5057175e810471f09fa3cb8877c1,GBP,,0 GBP,https://www.mamasandpapas.com/products/icandy-peach-8-double-bundle-pecan-69192j401,,2026-08-07 08:21:55,"£1,769",112637,iCandy,1,,,,,,Twin Pram
https://www.awin1.com/pclick.php?p=44358844404&a=2771700&m=6526,iCandy Peach 8 Double Complete Bundle - Black,44358844404,GB _GBP_53421545324881,https://cdn.shopify.com/s/files/1/0414/6023/6453/files/icandy-pushchairs-icandy-peach-8-double-complete-bundle-black-1230851440.jpg?v=1775638688,"Tailored to Perfection: The Next Generation The iCandy Peach 8 Double Complete Bundle is a beautifully engineered, luxury all-in-one pushchair solution designed to support growing families with both a newborn and toddler. Seamlessly combining iCandy’s latest pushchair innovation with intelligent functionality, it delivers exceptional comfort, performance and style for everyday family life. Building on the legacy of the iconic Peach range, the Peach 8 represents the next generation of iCandy’s definitive double pushchair. Thoughtfully crafted with refined styling, enhanced comfort and future-ready features, the Peach 8 Double accommodates a newborn and toddler together on a single footprint, without compromising balance or manoeuvrability. Suitable from birth up to 25kg per seat (configuration dependent), it offers a beautifully smooth ride across all terrains. The spacious, collapsible carrycot provides significantly increased airflow and is approved by the Lullaby Trust for permanent overnight sleeping, including when used with the compatible iCandy MiStand - perfect for your newborn. Premium recycled fabrics, enhanced suspension and flexible seat configurations ensure superior comfort for both children, while parents benefit from features such as the extended canopy, ergonomic release system, flip-flop-friendly brake and integrated Ride-on Board for added toddler independence. Designed to adapt as your family grows, the Peach 8 Double delivers effortless handling, excellent manoeuvrability and intuitive daily use, even when carrying two children. Its refined engineering ensures a smooth, balanced push whether navigating busy streets or exploring uneven terrain. The Peach 8 Double Complete Bundle offers cutting-edge design, intelligent functionality and sustainable luxury - perfectly tailored to life with a baby and toddler. The complete bundle includes everything you need for a coordinated outing with two children: 2 x Raincover, 2 x Screen, Elevator Adaptors, Car Seat Adaptors, Lower Car Seat Adaptors, 2 x Footmuff &amp; Liner, Changing Bag, 2 x Parasol, Cup Holder, 2 x Clamp. Together, they provide a beautifully styled, luxury solution for newborn and toddler, ensuring every family journey is effortless, comfortable and perfectly tailored. Product Features: Single-to-double pushchair on a single footprint Accommodates a newborn and toddler together, suitable from birth (with carrycot) up to 25kg per seat (15kg on elevators) Collapsible carrycot for easier storage and transport Over double the carrycot airflow compared to Peach 7 (1,300cm² ventilation) Carrycot approved for permanent overnight sleeping Car seat compatible, including with the iCandy Cocoon 360 (available separately) Enhanced suspension for a smoother, more comfortable ride for two children One-handed fold and one-handed seat recline Flip-flop friendly brake with colour indicator Integrated Ride-on Board for growing toddlers Extended canopy coverage, ideal for nap times or sunny days New design with premium recycled fabrics 5 Year Warranty Age Suitability: Birth to 4 Years - Pushchair Weight Suitability: 0-25kg – Pushchair Safety / Warnings: Don't leave your child unattended. Always use the restraint form. Standards UK / Europe: EN 1888 Carrycot - EN1466 Dimensions – Unfolded/Assembled: 75 x 61 x 105 cm Dimensions – Folded/Unassembled: 70 x 61 x 29 cm Single-to-double pushchair on a single footprint Collapsible carrycot for easier storage and transport Carrycot approved for permanent overnight sleeping Baby &amp; Toddler &gt; Baby Transport &gt; Pushchairs &amp; Prams",,1669,Mamas & Papas,6526,,,https://images2.productserve.com/?w=200&h=200&bg=white&trim=5&t=letterbox&url=ssl%3Acdn.shopify.com%2Fs%2Ffiles%2F1%2F0414%2F6023%2F6453%2Ffiles%2Ficandy-pushchairs-icandy-peach-8-double-complete-bundle-black-1230851440.jpg%3Fv%3D1775638688&feedId=112637&k=f8fec2a0730f01a7ca1bead20d5082c211cc2849,GBP,,0 GBP,https://www.mamasandpapas.com/products/icandy-peach-7-double-bundle-black-691925301,,2026-08-07 08:21:55,"£1,669",112637,iCandy,1,,,,,,Twin Pram
https://www.awin1.com/pclick.php?p=44358844405&a=2771700&m=6526,iCandy Peach 8 Double Complete Bundle - Grey,44358844405,GB _GBP_53421546013009,https://cdn.shopify.com/s/files/1/0414/6023/6453/files/icandy-pushchairs-icandy-peach-8-double-complete-bundle-black-1230974925.jpg?v=1775639410,"Tailored to Perfection: The Next Generation The iCandy Peach 8 Double Complete Bundle is a beautifully engineered, luxury all-in-one pushchair solution designed to support growing families with both a newborn and toddler. Seamlessly combining iCandy’s latest pushchair innovation with intelligent functionality, it delivers exceptional comfort, performance and style for everyday family life. Building on the legacy of the iconic Peach range, the Peach 8 represents the next generation of iCandy’s definitive double pushchair. Thoughtfully crafted with refined styling, enhanced comfort and future-ready features, the Peach 8 Double accommodates a newborn and toddler together on a single footprint, without compromising balance or manoeuvrability. Suitable from birth up to 25kg per seat (configuration dependent), it offers a beautifully smooth ride across all terrains. The spacious, collapsible carrycot provides significantly increased airflow and is approved by the Lullaby Trust for permanent overnight sleeping, including when used with the compatible iCandy MiStand - perfect for your newborn. Premium recycled fabrics, enhanced suspension and flexible seat configurations ensure superior comfort for both children, while parents benefit from features such as the extended canopy, ergonomic release system, flip-flop-friendly brake and integrated Ride-on Board for added toddler independence. Designed to adapt as your family grows, the Peach 8 Double delivers effortless handling, excellent manoeuvrability and intuitive daily use, even when carrying two children. Its refined engineering ensures a smooth, balanced push whether navigating busy streets or exploring uneven terrain. The Peach 8 Double Complete Bundle offers cutting-edge design, intelligent functionality and sustainable luxury - perfectly tailored to life with a baby and toddler. The complete bundle includes everything you need for a coordinated outing with two children: 2 x Raincover, 2 x Screen, Elevator Adaptors, Car Seat Adaptors, Lower Car Seat Adaptors, 2 x Footmuff &amp; Liner, Changing Bag, 2 x Parasol, Cup Holder, 2 x Clamp. Together, they provide a beautifully styled, luxury solution for newborn and toddler, ensuring every family journey is effortless, comfortable and perfectly tailored. Product Features: Single-to-double pushchair on a single footprint Accommodates a newborn and toddler together, suitable from birth (with carrycot) up to 25kg per seat (15kg on elevators) Collapsible carrycot for easier storage and transport Over double the carrycot airflow compared to Peach 7 (1,300cm² ventilation) Carrycot approved for permanent overnight sleeping Car seat compatible, including with the iCandy Cocoon 360 (available separately) Enhanced suspension for a smoother, more comfortable ride for two children One-handed fold and one-handed seat recline Flip-flop friendly brake with colour indicator Integrated Ride-on Board for growing toddlers Extended canopy coverage, ideal for nap times or sunny days New design with premium recycled fabrics 5 Year Warranty Age Suitability: Birth to 4 Years - Pushchair Weight Suitability: 0-25kg – Pushchair Safety / Warnings: Don't leave your child unattended. Always use the restraint form. Standards UK / Europe: EN 1888 Carrycot - EN1466 Dimensions – Unfolded/Assembled: 75 x 61 x 105 cm Dimensions – Folded/Unassembled: 70 x 61 x 29 cm Single-to-double pushchair on a single footprint Collapsible carrycot for easier storage and transport Carrycot approved for permanent overnight sleeping Baby &amp; Toddler &gt; Baby Transport &gt; Pushchairs &amp; Prams",,1669,Mamas & Papas,6526,,,https://images2.productserve.com/?w=200&h=200&bg=white&trim=5&t=letterbox&url=ssl%3Acdn.shopify.com%2Fs%2Ffiles%2F1%2F0414%2F6023%2F6453%2Ffiles%2Ficandy-pushchairs-icandy-peach-8-double-complete-bundle-black-1230974925.jpg%3Fv%3D1775639410&feedId=112637&k=d8f986fa0805c2ec65ed9d7f9ffc277d050a93c3,GBP,,0 GBP,https://www.mamasandpapas.com/products/icandy-peach-8-dbl-bun-grey-6919yx701,,2026-08-07 08:21:55,"£1,669",112637,iCandy,1,,,,,,Twin Pram
https://www.awin1.com/pclick.php?p=44358844406&a=2771700&m=6526,iCandy Peach 8 Twin Complete Bundle - Coco,44358844406,GB _GBP_53421710180689,https://cdn.shopify.com/s/files/1/0414/6023/6453/files/icandy-pushchairs-icandy-peach-8-twin-complete-bundle-coco-1230819818.jpg?v=1775644177,"The iCandy Peach 8 Twin Complete Bundle is a beautifully engineered, luxury all-in-one pushchair designed to support families with two newborns or infants of similar age. Seamlessly combining iCandy’s latest pushchair innovation with intelligent functionality, it delivers exceptional comfort, performance and style from day one. Building on the legacy of the iconic Peach range, the Peach 8 represents the next generation of iCandy’s definitive double/twin pushchair. Thoughtfully crafted with refined styling, enhanced comfort and future-ready features, the Peach 8 Twin accommodates two children together on a single footprint, without compromising balance or manoeuvrability. Suitable from birth up to 25kg per seat (configuration dependent), it offers a beautifully smooth ride across all terrains. The spacious, collapsible carrycots provide significantly increased airflow and are approved by the Lullaby Trust for permanent overnight sleeping, including when used with the compatible iCandy MiStand - perfect for newborns. Premium recycled fabrics, enhanced suspension and multi-height seat configurations ensure superior comfort for both children, while parents benefit from features such as extended canopies, ergonomic release system, flip-flop-friendly brake and integrated Ride-on Board. The Peach 8 Twin Complete Bundle offers cutting-edge design, intelligent functionality and sustainable luxury - perfectly tailored to life with two children. The complete bundle includes everything you need for a coordinated outing: 2 x Raincover, 2 x Screen, Elevator Adaptors, Car Seat Adaptors, Lower Car Seat Adaptors, 2 x Footmuff &amp; Liner, Changing Bag, 2 x Parasol, Cup Holder, 2 x Clamp. Together, they provide a beautifully styled, luxury solution for two children, ensuring every family journey is effortless, comfortable and perfectly tailored. Product Features: A twin pushchair on a single footprint Designed to carry two children comfortably, suitable from birth (with carrycots) up to 25kg per seat (15kg per seat when using elevators) Two carrycots with a collapsible design for easier storage and transport Over double the airflow of Peach 7 carrycots, featuring 1,300cm² of ventilation per carrycot for enhanced comfort Carrycots approved for permanent overnight sleeping Car seat compatible, including with 2 x iCandy Cocoon 360 (available separately) Enhanced suspension for a smoother, more comfortable ride for two children One-handed fold and one-handed seat recline Flip-flop friendly brake with colour indicator Integrated Ride-on Board, perfect for accommodating an older sibling or toddler Extended canopy coverage, ideal for nap times or sunny days New design with premium recycled fabrics 5 Year Warranty Age Suitability: Birth to 4 Years - Pushchair Weight Suitability: 0-25kg – Pushchair Safety / Warnings: Don't leave your child unattended. Always use the restraint form. Standards UK / Europe: EN 1888 Carrycot - EN1466 Dimensions – Unfolded/Assembled: 75 x 61 x 105 cm Dimensions – Folded/Unassembled: 70 x 61 x 29 cm A twin pushchair on a single footprint Collapsible carrycots for easier storage and transport Carrycots approved for permanent overnight sleeping Baby &amp; Toddler &gt; Baby Transport &gt; Pushchairs &amp; Prams",,1939,Mamas & Papas,6526,,,https://images2.productserve.com/?w=200&h=200&bg=white&trim=5&t=letterbox&url=ssl%3Acdn.shopify.com%2Fs%2Ffiles%2F1%2F0414%2F6023%2F6453%2Ffiles%2Ficandy-pushchairs-icandy-peach-8-twin-complete-bundle-coco-1230819818.jpg%3Fv%3D1775644177&feedId=112637&k=bbf9b7da3417350899416a5400439f23215f9b14,GBP,,0 GBP,https://www.mamasandpapas.com/products/icandy-peach-7-twin-bundle-coco-69182g101,,2026-08-07 08:21:55,"£1,939",112637,iCandy,1,,,,,,Twin Pram
https://www.awin1.com/pclick.php?p=44358844407&a=2771700&m=6526,iCandy Peach 8 Twin Complete Bundle - Pecan,44358844407,GB _GBP_53421710213457,https://cdn.shopify.com/s/files/1/0414/6023/6453/files/icandy-icandy-peach-8-twin-complete-bundle-pecan-1230819762.jpg?v=1775643909,"The iCandy Peach 8 Twin Complete Bundle is a beautifully engineered, luxury all-in-one pushchair designed to support families with two newborns or infants of similar age. Seamlessly combining iCandy’s latest pushchair innovation with intelligent functionality, it delivers exceptional comfort, performance and style from day one. Building on the legacy of the iconic Peach range, the Peach 8 represents the next generation of iCandy’s definitive double/twin pushchair. Thoughtfully crafted with refined styling, enhanced comfort and future-ready features, the Peach 8 Twin accommodates two children together on a single footprint, without compromising balance or manoeuvrability. Suitable from birth up to 25kg per seat (configuration dependent), it offers a beautifully smooth ride across all terrains. The spacious, collapsible carrycots provide significantly increased airflow and are approved by the Lullaby Trust for permanent overnight sleeping, including when used with the compatible iCandy MiStand - perfect for newborns. Premium recycled fabrics, enhanced suspension and multi-height seat configurations ensure superior comfort for both children, while parents benefit from features such as extended canopies, ergonomic release system, flip-flop-friendly brake and integrated Ride-on Board. The Peach 8 Twin Complete Bundle offers cutting-edge design, intelligent functionality and sustainable luxury - perfectly tailored to life with two children. The complete bundle includes everything you need for a coordinated outing: 2 x Raincover, 2 x Screen, Elevator Adaptors, Car Seat Adaptors, Lower Car Seat Adaptors, 2 x Footmuff &amp; Liner, Changing Bag, 2 x Parasol, Cup Holder, 2 x Clamp. Together, they provide a beautifully styled, luxury solution for two children, ensuring every family journey is effortless, comfortable and perfectly tailored. Product Features: A twin pushchair on a single footprint Designed to carry two children comfortably, suitable from birth (with carrycots) up to 25kg per seat (15kg per seat when using elevators) Two carrycots with a collapsible design for easier storage and transport Over double the airflow of Peach 7 carrycots, featuring 1,300cm² of ventilation per carrycot for enhanced comfort Carrycots approved for permanent overnight sleeping Car seat compatible, including with 2 x iCandy Cocoon 360 (available separately) Enhanced suspension for a smoother, more comfortable ride for two children One-handed fold and one-handed seat recline Flip-flop friendly brake with colour indicator Integrated Ride-on Board, perfect for accommodating an older sibling or toddler Extended canopy coverage, ideal for nap times or sunny days New design with premium recycled fabrics 5 Year Warranty Age Suitability: Birth to 4 Years - Pushchair Weight Suitability: 0-25kg – Pushchair Safety / Warnings: Don't leave your child unattended. Always use the restraint form. Standards UK / Europe: EN 1888 Carrycot - EN1466 Dimensions – Unfolded/Assembled: 75 x 61 x 105 cm Dimensions – Folded/Unassembled: 70 x 61 x 29 cm A twin pushchair on a single footprint Collapsible carrycots for easier storage and transport Carrycots approved for permanent overnight sleeping Baby &amp; Toddler &gt; Baby Transport &gt; Pushchairs &amp; Prams",,1939,Mamas & Papas,6526,,,https://images2.productserve.com/?w=200&h=200&bg=white&trim=5&t=letterbox&url=ssl%3Acdn.shopify.com%2Fs%2Ffiles%2F1%2F0414%2F6023%2F6453%2Ffiles%2Ficandy-icandy-peach-8-twin-complete-bundle-pecan-1230819762.jpg%3Fv%3D1775643909&feedId=112637&k=69599ff899cbe6ddef488daa0d422df7cf786b37,GBP,,0 GBP,https://www.mamasandpapas.com/products/icandy-peach-7-twin-bundle-pecan-69182j401,,2026-08-07 08:21:55,"£1,939",112637,iCandy,1,,,,,,Twin Pram
https://www.awin1.com/pclick.php?p=44358844408&a=2771700&m=6526,iCandy Peach 8 Twin Complete Bundle - Coffee Bean,44358844408,GB _GBP_53421710278993,https://cdn.shopify.com/s/files/1/0414/6023/6453/files/icandy-icandy-peach-8-twin-complete-bundle-coffee-bean-1230832357.jpg?v=1775642319,"The iCandy Peach 8 Twin Complete Bundle is a beautifully engineered, luxury all-in-one pushchair designed to support families with two newborns or infants of similar age. Seamlessly combining iCandy’s latest pushchair innovation with intelligent functionality, it delivers exceptional comfort, performance and style from day one. Building on the legacy of the iconic Peach range, the Peach 8 represents the next generation of iCandy’s definitive double/twin pushchair. Thoughtfully crafted with refined styling, enhanced comfort and future-ready features, the Peach 8 Twin accommodates two children together on a single footprint, without compromising balance or manoeuvrability. Suitable from birth up to 25kg per seat (configuration dependent), it offers a beautifully smooth ride across all terrains. The spacious, collapsible carrycots provide significantly increased airflow and are approved by the Lullaby Trust for permanent overnight sleeping, including when used with the compatible iCandy MiStand - perfect for newborns. Premium recycled fabrics, enhanced suspension and multi-height seat configurations ensure superior comfort for both children, while parents benefit from features such as extended canopies, ergonomic release system, flip-flop-friendly brake and integrated Ride-on Board. The Peach 8 Twin Complete Bundle offers cutting-edge design, intelligent functionality and sustainable luxury - perfectly tailored to life with two children. The complete bundle includes everything you need for a coordinated outing: 2 x Raincover, 2 x Screen, Elevator Adaptors, Car Seat Adaptors, Lower Car Seat Adaptors, 2 x Footmuff &amp; Liner, Changing Bag, 2 x Parasol, Cup Holder, 2 x Clamp. Together, they provide a beautifully styled, luxury solution for two children, ensuring every family journey is effortless, comfortable and perfectly tailored. Product Features: A twin pushchair on a single footprint Designed to carry two children comfortably, suitable from birth (with carrycots) up to 25kg per seat (15kg per seat when using elevators) Two carrycots with a collapsible design for easier storage and transport Over double the airflow of Peach 7 carrycots, featuring 1,300cm² of ventilation per carrycot for enhanced comfort Carrycots approved for permanent overnight sleeping Car seat compatible, including with 2 x iCandy Cocoon 360 (available separately) Enhanced suspension for a smoother, more comfortable ride for two children One-handed fold and one-handed seat recline Flip-flop friendly brake with colour indicator Integrated Ride-on Board, perfect for accommodating an older sibling or toddler Extended canopy coverage, ideal for nap times or sunny days New design with premium recycled fabrics 5 Year Warranty Age Suitability: Birth to 4 Years - Pushchair Weight Suitability: 0-25kg – Pushchair Safety / Warnings: Don't leave your child unattended. Always use the restraint form. Standards UK / Europe: EN 1888 Carrycot - EN1466 Dimensions – Unfolded/Assembled: 75 x 61 x 105 cm Dimensions – Folded/Unassembled: 70 x 61 x 29 cm A twin pushchair on a single footprint Collapsible carrycots for easier storage and transport Carrycots approved for permanent overnight sleeping Baby &amp; Toddler &gt; Baby Transport &gt; Pushchairs &amp; Prams",,2119,Mamas & Papas,6526,,,https://images2.productserve.com/?w=200&h=200&bg=white&trim=5&t=letterbox&url=ssl%3Acdn.shopify.com%2Fs%2Ffiles%2F1%2F0414%2F6023%2F6453%2Ffiles%2Ficandy-icandy-peach-8-twin-complete-bundle-coffee-bean-1230832357.jpg%3Fv%3D1775642319&feedId=112637&k=e73226819ba8c66d8d812f3b20ac2dc97c0f8bbf,GBP,,0 GBP,https://www.mamasandpapas.com/products/icandy-peach8-twinbun-c-bean-accesspck-6918g8901,,2026-08-07 08:21:56,"£2,119",112637,iCandy,1,,,,,,Twin Pram
https://www.awin1.com/pclick.php?p=44358844409&a=2771700&m=6526,iCandy Peach 8 Twin Complete Bundle - Black,44358844409,GB _GBP_53421710344529,https://cdn.shopify.com/s/files/1/0414/6023/6453/files/icandy-pushchairs-icandy-peach-8-twin-complete-bundle-coco-1230851427.jpg?v=1775638778,"The iCandy Peach 8 Twin Complete Bundle is a beautifully engineered, luxury all-in-one pushchair designed to support families with two newborns or infants of similar age. Seamlessly combining iCandy’s latest pushchair innovation with intelligent functionality, it delivers exceptional comfort, performance and style from day one. Building on the legacy of the iconic Peach range, the Peach 8 represents the next generation of iCandy’s definitive double/twin pushchair. Thoughtfully crafted with refined styling, enhanced comfort and future-ready features, the Peach 8 Twin accommodates two children together on a single footprint, without compromising balance or manoeuvrability. Suitable from birth up to 25kg per seat (configuration dependent), it offers a beautifully smooth ride across all terrains. The spacious, collapsible carrycots provide significantly increased airflow and are approved by the Lullaby Trust for permanent overnight sleeping, including when used with the compatible iCandy MiStand - perfect for newborns. Premium recycled fabrics, enhanced suspension and multi-height seat configurations ensure superior comfort for both children, while parents benefit from features such as extended canopies, ergonomic release system, flip-flop-friendly brake and integrated Ride-on Board. The Peach 8 Twin Complete Bundle offers cutting-edge design, intelligent functionality and sustainable luxury - perfectly tailored to life with two children. The complete bundle includes everything you need for a coordinated outing: 2 x Raincover, 2 x Screen, Elevator Adaptors, Car Seat Adaptors, Lower Car Seat Adaptors, 2 x Footmuff &amp; Liner, Changing Bag, 2 x Parasol, Cup Holder, 2 x Clamp. Together, they provide a beautifully styled, luxury solution for two children, ensuring every family journey is effortless, comfortable and perfectly tailored. Product Features: A twin pushchair on a single footprint Designed to carry two children comfortably, suitable from birth (with carrycots) up to 25kg per seat (15kg per seat when using elevators) Two carrycots with a collapsible design for easier storage and transport Over double the airflow of Peach 7 carrycots, featuring 1,300cm² of ventilation per carrycot for enhanced comfort Carrycots approved for permanent overnight sleeping Car seat compatible, including with 2 x iCandy Cocoon 360 (available separately) Enhanced suspension for a smoother, more comfortable ride for two children One-handed fold and one-handed seat recline Flip-flop friendly brake with colour indicator Integrated Ride-on Board, perfect for accommodating an older sibling or toddler Extended canopy coverage, ideal for nap times or sunny days New design with premium recycled fabrics 5 Year Warranty Age Suitability: Birth to 4 Years - Pushchair Weight Suitability: 0-25kg – Pushchair Safety / Warnings: Don't leave your child unattended. Always use the restraint form. Standards UK / Europe: EN 1888 Carrycot - EN1466 Dimensions – Unfolded/Assembled: 75 x 61 x 105 cm Dimensions – Folded/Unassembled: 70 x 61 x 29 cm A twin pushchair on a single footprint Collapsible carrycots for easier storage and transport Carrycots approved for permanent overnight sleeping Baby &amp; Toddler &gt; Baby Transport &gt; Pushchairs &amp; Prams",,1839,Mamas & Papas,6526,,,https://images2.productserve.com/?w=200&h=200&bg=white&trim=5&t=letterbox&url=ssl%3Acdn.shopify.com%2Fs%2Ffiles%2F1%2F0414%2F6023%2F6453%2Ffiles%2Ficandy-pushchairs-icandy-peach-8-twin-complete-bundle-coco-1230851427.jpg%3Fv%3D1775638778&feedId=112637&k=f5685450f572c906dd13dd2c1506dd8a5f2064da,GBP,,0 GBP,https://www.mamasandpapas.com/products/icandy-peach-7-twin-bundle-black-691825301,,2026-08-07 08:21:56,"£1,839",112637,iCandy,1,,,,,,Twin Pram
https://www.awin1.com/pclick.php?p=44358844410&a=2771700&m=6526,iCandy Peach 8 Twin Complete Bundle - Taupe,44358844410,GB _GBP_53421710410065,https://cdn.shopify.com/s/files/1/0414/6023/6453/files/icandy-icandy-peach-8-twin-complete-bundle-taupe-1230832303.jpg?v=1775641991,"The iCandy Peach 8 Twin Complete Bundle is a beautifully engineered, luxury all-in-one pushchair designed to support families with two newborns or infants of similar age. Seamlessly combining iCandy’s latest pushchair innovation with intelligent functionality, it delivers exceptional comfort, performance and style from day one. Building on the legacy of the iconic Peach range, the Peach 8 represents the next generation of iCandy’s definitive double/twin pushchair. Thoughtfully crafted with refined styling, enhanced comfort and future-ready features, the Peach 8 Twin accommodates two children together on a single footprint, without compromising balance or manoeuvrability. Suitable from birth up to 25kg per seat (configuration dependent), it offers a beautifully smooth ride across all terrains. The spacious, collapsible carrycots provide significantly increased airflow and are approved by the Lullaby Trust for permanent overnight sleeping, including when used with the compatible iCandy MiStand - perfect for newborns. Premium recycled fabrics, enhanced suspension and multi-height seat configurations ensure superior comfort for both children, while parents benefit from features such as extended canopies, ergonomic release system, flip-flop-friendly brake and integrated Ride-on Board. The Peach 8 Twin Complete Bundle offers cutting-edge design, intelligent functionality and sustainable luxury - perfectly tailored to life with two children. The complete bundle includes everything you need for a coordinated outing: 2 x Raincover, 2 x Screen, Elevator Adaptors, Car Seat Adaptors, Lower Car Seat Adaptors, 2 x Footmuff &amp; Liner, Changing Bag, 2 x Parasol, Cup Holder, 2 x Clamp. Together, they provide a beautifully styled, luxury solution for two children, ensuring every family journey is effortless, comfortable and perfectly tailored. Product Features: A twin pushchair on a single footprint Designed to carry two children comfortably, suitable from birth (with carrycots) up to 25kg per seat (15kg per seat when using elevators) Two carrycots with a collapsible design for easier storage and transport Over double the airflow of Peach 7 carrycots, featuring 1,300cm² of ventilation per carrycot for enhanced comfort Carrycots approved for permanent overnight sleeping Car seat compatible, including with 2 x iCandy Cocoon 360 (available separately) Enhanced suspension for a smoother, more comfortable ride for two children One-handed fold and one-handed seat recline Flip-flop friendly brake with colour indicator Integrated Ride-on Board, perfect for accommodating an older sibling or toddler Extended canopy coverage, ideal for nap times or sunny days New design with premium recycled fabrics 5 Year Warranty Age Suitability: Birth to 4 Years - Pushchair Weight Suitability: 0-25kg – Pushchair Safety / Warnings: Don't leave your child unattended. Always use the restraint form. Standards UK / Europe: EN 1888 Carrycot - EN1466 Dimensions – Unfolded/Assembled: 75 x 61 x 105 cm Dimensions – Folded/Unassembled: 70 x 61 x 29 cm A twin pushchair on a single footprint Collapsible carrycots for easier storage and transport Carrycots approved for permanent overnight sleeping Baby &amp; Toddler &gt; Baby Transport &gt; Pushchairs &amp; Prams",,2019,Mamas & Papas,6526,,,https://images2.productserve.com/?w=200&h=200&bg=white&trim=5&t=letterbox&url=ssl%3Acdn.shopify.com%2Fs%2Ffiles%2F1%2F0414%2F6023%2F6453%2Ffiles%2Ficandy-icandy-peach-8-twin-complete-bundle-taupe-1230832303.jpg%3Fv%3D1775641991&feedId=112637&k=dff99d41656b7830992aeb39a2bd113fbc6f305c,GBP,,0 GBP,https://www.mamasandpapas.com/products/icandy-peach8-twinbundle-taupe-accesspck-691872201,,2026-08-07 08:21:56,"£2,019",112637,iCandy,1,,,,,,Twin Pram
https://www.awin1.com/pclick.php?p=44362713882&a=2771700&m=6526,iCandy Peach 8 Twin Complete Bundle - Grey,44362713882,GB _GBP_53421759299921,https://cdn.shopify.com/s/files/1/0414/6023/6453/files/icandy-pushchairs-icandy-peach-8-twin-complete-bundle-grey-1230974913.jpg?v=1775639257,"The iCandy Peach 8 Twin Complete Bundle is a beautifully engineered, luxury all-in-one pushchair designed to support families with two newborns or infants of similar age. Seamlessly combining iCandy’s latest pushchair innovation with intelligent functionality, it delivers exceptional comfort, performance and style from day one. Building on the legacy of the iconic Peach range, the Peach 8 represents the next generation of iCandy’s definitive double/twin pushchair. Thoughtfully crafted with refined styling, enhanced comfort and future-ready features, the Peach 8 Twin accommodates two children together on a single footprint, without compromising balance or manoeuvrability. Suitable from birth up to 25kg per seat (configuration dependent), it offers a beautifully smooth ride across all terrains. The spacious, collapsible carrycots provide significantly increased airflow and are approved by the Lullaby Trust for permanent overnight sleeping, including when used with the compatible iCandy MiStand - perfect for newborns. Premium recycled fabrics, enhanced suspension and multi-height seat configurations ensure superior comfort for both children, while parents benefit from features such as extended canopies, ergonomic release system, flip-flop-friendly brake and integrated Ride-on Board. The Peach 8 Twin Complete Bundle offers cutting-edge design, intelligent functionality and sustainable luxury - perfectly tailored to life with two children. The complete bundle includes everything you need for a coordinated outing: 2 x Raincover, 2 x Screen, Elevator Adaptors, Car Seat Adaptors, Lower Car Seat Adaptors, 2 x Footmuff &amp; Liner, Changing Bag, 2 x Parasol, Cup Holder, 2 x Clamp. Together, they provide a beautifully styled, luxury solution for two children, ensuring every family journey is effortless, comfortable and perfectly tailored. Product Features: A twin pushchair on a single footprint Designed to carry two children comfortably, suitable from birth (with carrycots) up to 25kg per seat (15kg per seat when using elevators) Two carrycots with a collapsible design for easier storage and transport Over double the airflow of Peach 7 carrycots, featuring 1,300cm² of ventilation per carrycot for enhanced comfort Carrycots approved for permanent overnight sleeping Car seat compatible, including with 2 x iCandy Cocoon 360 (available separately) Enhanced suspension for a smoother, more comfortable ride for two children One-handed fold and one-handed seat recline Flip-flop friendly brake with colour indicator Integrated Ride-on Board, perfect for accommodating an older sibling or toddler Extended canopy coverage, ideal for nap times or sunny days New design with premium recycled fabrics 5 Year Warranty Age Suitability: Birth to 4 Years - Pushchair Weight Suitability: 0-25kg – Pushchair Safety / Warnings: Don't leave your child unattended. Always use the restraint form. Standards UK / Europe: EN 1888 Carrycot - EN1466 Dimensions – Unfolded/Assembled: 75 x 61 x 105 cm Dimensions – Folded/Unassembled: 70 x 61 x 29 cm A twin pushchair on a single footprint Collapsible carrycots for easier storage and transport Carrycots approved for permanent overnight sleeping Baby &amp; Toddler &gt; Baby Transport &gt; Pushchairs &amp; Prams",,1839,Mamas & Papas,6526,,,https://images2.productserve.com/?w=200&h=200&bg=white&trim=5&t=letterbox&url=ssl%3Acdn.shopify.com%2Fs%2Ffiles%2F1%2F0414%2F6023%2F6453%2Ffiles%2Ficandy-pushchairs-icandy-peach-8-twin-complete-bundle-grey-1230974913.jpg%3Fv%3D1775639257&feedId=112637&k=bfc107f8718cc39cfdc86baf3cf5b020eff1c188,GBP,,0 GBP,https://www.mamasandpapas.com/products/icandy-peach-8-twin-bun-grey-6918yx701,,2026-08-07 08:21:56,"£1,839",112637,iCandy,1,,,,,,Twin Pram
https://www.awin1.com/pclick.php?p=44417222350&a=2771700&m=6526,Baby Brezza Formula Pro mini - White,44417222350,GB _GBP_53470085316945,https://cdn.shopify.com/s/files/1/0414/6023/6453/files/brezza-bottle-feeding-baby-brezza-formula-pro-mini-white-1231514090.jpg?v=1775723170,"The Formula Pro Mini is the first compact formula maker that automatically dispenses a warm formula bottle, ideal for smaller spaces. Featuring the same patented mixing system as the Formula Pro Advanced, but with a 30% smaller footprint. Mixing formula and water to the perfect consistency every time without the need for measuring, mixing, waiting or fuss! The Formula Pro Mini also works with virtually all formula brands and all bottle types, dispensing 60-300ml of body-temperature formula or water. Product Features: The first compact formula maker that can instantly and automatically make a warm formula bottle Perfect for smaller spaces Features the same patented mixing technology as the #1 selling Formula Pro Advanced – but is 30% smaller! Dispenses 60-300ml of body temperature formula to the perfect consistency Works with virtually all formula brands and all brands/types of bottles* Faster, more accurate, and more hygienic than making bottles by hand Easy to set-up and use with all digital controls Care &amp; Maintenance: Hand wash, wipe clean Dimensions:L 26 x W 16 x H 32 The perfect compact formula maker that can instantly and automatically make a warm formula bottle Features the same patented mixing technology as the #1 selling Formula Pro Advanced – but is 30% smaller! Dispenses 60-300ml of body temperature formula to the perfect consistency Baby &amp; Toddler &gt; Nursing &amp; Feeding &gt; Baby Bottles",,199.99,Mamas & Papas,6526,,,https://images2.productserve.com/?w=200&h=200&bg=white&trim=5&t=letterbox&url=ssl%3Acdn.shopify.com%2Fs%2Ffiles%2F1%2F0414%2F6023%2F6453%2Ffiles%2Fbrezza-bottle-feeding-baby-brezza-formula-pro-mini-white-1231514090.jpg%3Fv%3D1775723170&feedId=112637&k=4b15a0461eeb880752e7a48a84068f15d8a731f1,GBP,,0 GBP,https://www.mamasandpapas.com/products/baby-brezza-formula-pro-mini-692002700,,2026-08-07 08:21:58,£199.99,112637,Brezza,1,,,,,,Formula Prep Machine
https://www.awin1.com/pclick.php?p=44536311355&a=2771700&m=6526,Mamas &amp; Papas Ocarro 2 Complete Pushchair Bundle with Cybex Cloud T i-Size Rotating Baby Car Seat &amp; Base - (9 Pieces) - Eclipse,44536311355,GB _GBP_53584693297489,https://cdn.shopify.com/s/files/1/0414/6023/6453/files/mamas-papas-ocarro-2-complete-pushchair-bundle-with-cybex-cloud-t-i-size-rotating-baby-car-seat-base-9-pieces-eclipse-1233887455.jpg?v=1777282629,"This bundle includes Ocarro 2 Pushchair, Ocarro 2 Carrycot, Carrycot Stamd Ocarro 2 Footmuff, Cybex Cloud T i-Size Rotating Baby Car Seat,Cybex Base T 360° Rotating ISOFIX Car Seat Base, Utilitarian Backpack, Car Seat Adaptors - Armadillo, Flip XT, Ocarro and Ocarro 2 - Cybex/Maxi-Cosi, Universal Cup Holder. Ocarro 2 Pushchair Meet the Ocarro 2 pushchair, the ultimate co-pilot for navigating your parenting journey. Building on our original award-winning model, we’ve elevated performance and design to deliver a next-generation pushchair with optimum functionality, flexibility, and style. Now with upgraded wheels and brakes for greater off-road efficiency, plush fabrics for superior cocoon-like comfort, and compact fold and carry for effortless collapse and storage, plus an overnight sleep-approved carrycot and stand for safe sleeping anytime, anywhere, it’s packed with handy features to make your everyday easier. Combining the convenience you need and the style you crave with the adaptability to nurture your little one from birth to 4 years*, the Ocarro 2 pushchair raises the ‘all-rounder’ bar to a whole new level. *Up to 22kg Ocarro 2 Carrycot Approved for overnight sleep, this carrycot is designed for use with the Ocarro 2 pushchair and interior carrycot stand* to deliver the ultimate in comfort, convenience and safety. The cushioned, lie-flat mattress supports a natural sleeping position for newborns, perfect for daytime napping and safe overnight rest, whether on the chassis or portable stand. A fold-down, removable apron allows you to settle baby quickly and quietly, while the hood's ventilation panels keep them shaded, cool and comfortable. Updated with premium quilted lining, featuring moisture-wicking and antibacterial properties, it’s as practical as it is plush. Ocarro 2 Footmuff Keep your little one snug and cosy during the colder months with our Ocarro 2 Heritage footmuff. The super soft, cotton-blend quilted lining and windproof design help keep little ones warm whatever the weather, while the zipped grow panel allows the footmuff to be lengthened for ultimate comfort as they grow. Cybex Cloud T i-Size Rotating Baby Car Seat The Cloud T i-Size infant car seat lasts from birth to 87cm approx. 24 months, it is the ultimate all-rounder for comfortable and ﬂexible journeys with your child, both inside and outside the car. It oﬀers an in-car recline position when used with the ISOFIX Base T, providing a comfortable and safe ride. When used as part of a travel system the Cloud T i-Size gives you full ﬂexibility by oﬀering an outstanding, ergonomic lie-ﬂat position, meaning your baby has unrestricted breathing and is at a safer reclined angle whilst their lungs are still developing. The Cloud T i-Size features Stretch &amp; Lie-Flat Technology outside of the car, the recline hinges at the hip area to create a longer and more spacious seating position, as well as offering additional leg support. This makes the Cloud T i-Size one of the longest infant carriers on the market. With its all-round air ventilation, the infant car seat maintains a consistently pleasant seating temperature throughout the seasons. When used on the Base T, the 180° rotation allows you to turn the infant car seat towards the car door to eﬀortlessly on and oﬀ-board your child. The Cloud T i-Size is the perfect companion for every step of the way. Ocarro 2 Pushchair Age Suitability: 0-22kg or up to 4 years Weight: 13.9kg Self Assembly Required: Yes Car Seat Compatible: Yes Standards UK &amp; Europe: EN 1888-1&amp;2:2018 Safety Warnings: WARNING: This product is not suitable for running or skating. This vehicle is intended for children from birth up to 22kgs or 4 years whichever comes first. Ocarro 2 Carrycot Age Suitability: Birth to 6 months Care &amp; Maintenance: See washcare label Standards UK &amp; Europe: BS EN1466:2023 Safety Warnings: This product is suitable only for a child who cannot sit up unaided, roll over, and cannot push up on its hands and knees. Maximum weight of the child 9kg. The Ocarro 2 Carrycot is compatible with the Ocarro 2 Carrycot Stand. Ocarro 2 Footmuff Age Suitability: From birth Safety Warnings: Do not let your child overheat. This product is not suitable for indoor use Care &amp; Maintenance: Machine washable Ocarro 2 Carrycot Stand Safety Warnings: This product is suitable only for a child who cannot sit up unaided, roll over, and cannot push up on its hands and knees. The Ocarro 2 Carrycot is compatible with the Ocarro 2 Carrycot Stand. Maximum weight of the child: 9kg Standards UK &amp; Europe: BS EN1466:2023 Car Seat Adaptors - Armadillo, Flip XT, Ocarro and Ocarro 2 - Cybex/Maxi-Cosi Safety Warnings: This product is only intended for use with the Ocarro, Ocarro2, Flip XT2 and Flip XT3 pushchairs. All Mamas &amp; Papas products comply with all the relevant latest British and European Safety Standards and Regulations. Cybex Cloud T i-Size Rotating Baby Car Seat Age Suitability: Birth - approx. 24 months Weight: 4.5kg Safety Warning: Please see manual Composition: Polyester, Metal, Plastic Care &amp; Maintenance: Wash fabrics at 30° and line dry - fit fabrics back onto car seat while damp Self-Assembly Required? Fully Assembled Cybex Base T 360° Rotating ISOFIX Car Seat Base Age Suitability: Birth - approx. 4 years Weight: 7.7kg Safety Warning: Please see manual Composition: Polyester, Metal, Plastic Care &amp; Maintenance: Wipe down Self-Assembly Required? Fully Assembled Ocarro 2 Pushchair Dimensions: H: 101 x W: 59 x L: 101cm Approx. Dimensions Folded: H:40 x W: 59 x D: 78cm Approx. Ocarro 2 Carrycot Dimensions: L: 81cm x W: x 38.5cm H: x 69.0cm Ocarro 2 Carrycot Stand Dimensions: L: 81cm x W: 38.5cm x H: 69.0cm Ocarro 2 Footmuff Dimensions: L: 100 x W: 52 x D: 18 cm Cybex Cloud T i-Size Rotating Baby Car Seat Dimensions: 64.5cm x 44cm x 38 - 60cm. Cybex Base T 360° Rotating ISOFIX Car Seat Base - Black Dimensions: L 66.5cm / W 40.5cm / H 36.5cm Feel the difference straight away with our superior quality and comfort Supports baby’s sleep anytime, anywhere with overnight sleep approved carrycot Unrivalled convenience, easily fold in seconds with the one-hand fold Baby &amp; Toddler &gt; Baby Transport &gt; Pushchairs &amp; Prams",,1499,Mamas & Papas,6526,,,https://images2.productserve.com/?w=200&h=200&bg=white&trim=5&t=letterbox&url=ssl%3Acdn.shopify.com%2Fs%2Ffiles%2F1%2F0414%2F6023%2F6453%2Ffiles%2Fmamas-papas-ocarro-2-complete-pushchair-bundle-with-cybex-cloud-t-i-size-rotating-baby-car-seat-base-9-pieces-eclipse-1233887455.jpg%3Fv%3D1777282629&feedId=112637&k=6c11210858a5197dc0490b7746d7dc8fd628c282,GBP,,0 GBP,https://www.mamasandpapas.com/products/ocarro2-eclipse-comp-cloud-t-stand-67091ec04,,2026-08-07 09:33:47,"£1,499",112637,Mamas & Papas,1,,,,,,Travel Bundle
https://www.awin1.com/pclick.php?p=44536311359&a=2771700&m=6526,Mamas &amp; Papas Ocarro 2 Essential Pushchair Bundle (7 Pieces) - Eclipse,44536311359,GB _GBP_53584691921233,https://cdn.shopify.com/s/files/1/0414/6023/6453/files/mamas-papas-ocarro-2-essential-pushchair-bundle-7-pieces-eclipse-1233887469.jpg?v=1777283561,"This bundle includes Ocarro 2 Pushchair, Ocarro 2 Carrycot, Carrycot Stamd Ocarro 2 Footmuff, Utilitarian Backpack, Car Seat Adaptors - Armadillo, Flip XT, Ocarro and Ocarro 2 - Cybex/Maxi-Cosi, Universal Cup Holder. Ocarro 2 Pushchair Meet the Ocarro 2 pushchair the ultimate co-pilot for navigating your parenting journey. Building on our original award-winning model, we’ve elevated performance and design to deliver a next-generation pushchair with optimum functionality, flexibility, and style. Now with upgraded wheels and brakes for greater off-road efficiency, plush fabrics for superior cocoon-like comfort, and compact fold and carry for effortless collapse and storage, plus an overnight sleep-approved carrycot and stand for safe sleeping anytime, anywhere, it’s packed with handy features to make your everyday easier. Combining the convenience you need and the style you crave with the adaptability to nurture your little one from birth to 4 years*, the Ocarro 2 pushchair raises the ‘all-rounder’ bar to a whole new level. *Up to 22kg Ocarro 2 Carrycot Approved for overnight sleep, this carrycot is designed for use with the Ocarro 2 pushchair and interior carrycot standto deliver the ultimate in comfort, convenience and safety. The cushioned, lie-flat mattress supports a natural sleeping position for newborns, perfect for daytime napping and safe overnight rest, whether on the chassis or portable stand. A fold-down, removable apron allows you to settle baby quickly and quietly, while the hood's ventilation panels keep them shaded, cool and comfortable. Updated with premium quilted lining, featuring moisture-wicking and antibacterial properties, it’s as practical as it is plush. Ocarro 2 Footmuff Keep your little one snug and cosy during the colder months with our Ocarro 2 footmuff. The super soft, cotton-blend quilted lining and windproof design help keep little ones warm whatever the weather, while the zipped grow panel allows the footmuff to be lengthened for ultimate comfort as they grow. Ocarro 2 Pushchair Age Suitability: 0-22kg or up to 4 years Weight: 13.9kg Self Assembly Required: Yes Car Seat Compatible: Yes Standards UK &amp; Europe: EN 1888-1&amp;2:2018 Safety Warnings: WARNING: This product is not suitable for running or skating. This vehicle is intended for children from birth up to 22kgs or 4 years whichever comes first. Ocarro 2 Carrycot Age Suitability: Birth to 6 months Care &amp; Maintenance: See washcare label Standards UK &amp; Europe: BS EN1466:2023 Safety Warnings: This product is suitable only for a child who cannot sit up unaided, roll over, and cannot push up on its hands and knees. Maximum weight of the child 9kg. The Ocarro 2 Carrycot is compatible with the Ocarro 2 Carrycot Stand. Ocarro 2 Footmuff Age Suitability: From birth Safety Warnings: Do not let your child overheat. This product is not suitable for indoor use Care &amp; Maintenance: Machine washable Ocarro 2 Carrycot Stand Safety Warnings: This product is suitable only for a child who cannot sit up unaided, roll over, and cannot push up on its hands and knees. The Ocarro 2 Carrycot is compatible with the Ocarro 2 Carrycot Stand. Maximum weight of the child: 9kg Standards UK &amp; Europe: BS EN1466:2023 Car Seat Adaptors - Armadillo, Flip XT, Ocarro and Ocarro 2 - Cybex/Maxi-Cosi Safety Warnings: This product is only intended for use with the Ocarro, Ocarro2, Flip XT2 and Flip XT3 pushchairs. All Mamas &amp; Papas products comply with all the relevant latest British and European Safety Standards and Regulations. Ocarro 2 Pushchair Dimensions: H: 101 x W: 59 x L: 101cm Approx. Dimensions Folded: H:40 x W: 59 x D: 78cm Approx. Ocarro 2 Carrycot Dimensions: L: 81cm x W: x 38.5cm H: x 69.0cm Ocarro 2 Carrycot Stand Dimensions: L: 81cm x W: 38.5cm x H: 69.0cm Ocarro 2 Footmuff Dimensions: L: 100 x W: 52 x D: 18 cm Feel the difference straight away with our superior quality and comfort Supports baby’s sleep anytime, anywhere with overnight sleep approved carrycot Unrivalled convenience, easily fold in seconds with the one-hand fold Baby &amp; Toddler &gt; Baby Transport &gt; Pushchairs &amp; Prams",,1099,Mamas & Papas,6526,,,https://images2.productserve.com/?w=200&h=200&bg=white&trim=5&t=letterbox&url=ssl%3Acdn.shopify.com%2Fs%2Ffiles%2F1%2F0414%2F6023%2F6453%2Ffiles%2Fmamas-papas-ocarro-2-essential-pushchair-bundle-7-pieces-eclipse-1233887469.jpg%3Fv%3D1777283561&feedId=112637&k=63079dbee09bb5d49cec8704181e01e008abf16f,GBP,,0 GBP,https://www.mamasandpapas.com/products/ocarro2-eclipse-ess-kit-stand-67081ec02,,2026-08-07 09:33:48,"£1,099",112637,Mamas & Papas,1,,,,,,Pram & Pushchair
https://www.awin1.com/pclick.php?p=44540165917&a=2771700&m=6526,Momcozy Ultra-Thin Disposable Nursing Pads,44540165917,GB _GBP_53585011114321,https://cdn.shopify.com/s/files/1/0414/6023/6453/files/momcozy-breastfeeding-momcozy-ultra-thin-disposable-nursing-pads-1233369157.jpg?v=1776954577,"Invisible comfort. Total leak confidence. Momcozy Ultra-Thin Disposable Nursing Pads are specially designed to provide mums with all-day comfort throughout the breastfeeding journey. Their ultra-thin design prevents any feeling of bulk or pressure, while the 3D contoured shape fits naturally inside the bra. The fast-absorbing surface and leak-proof inner core offer maximum protection against leakage. Product Features: Designed with ventilation holes on the bottom, promoting excellent breathability. The pads have a 3D diamond-textured surface layer that quickly and evenly absorbs breast milk. Pads are individually wrapped, isolating them from bacteria and keeping them clean. Safety / Warnings: Keep out of reach of children to avoid choking or ingestion hazards. If the packaging is damaged or the pads appear contaminated, do not use them Dimensions: 13 x 13 x 0.2 Ultra-thin comfort that stays invisible Fast, reliable leak protection Hygienic, individually wrapped convenience Baby &amp; Toddler &gt; Nursing &amp; Feeding",,9.49,Mamas & Papas,6526,,,https://images2.productserve.com/?w=200&h=200&bg=white&trim=5&t=letterbox&url=ssl%3Acdn.shopify.com%2Fs%2Ffiles%2F1%2F0414%2F6023%2F6453%2Ffiles%2Fmomcozy-breastfeeding-momcozy-ultra-thin-disposable-nursing-pads-1233369157.jpg%3Fv%3D1776954577&feedId=112637&k=869f8eef0304e2312f887721de8b5c98fbf47852,GBP,,4.95 GBP,https://www.mamasandpapas.com/products/momcozy-ultrathin-disposable-nursing-pad-690902700,,2026-08-07 08:25:37,£9.49,112637,Momcozy,1,,,,,,Breast Pads
https://www.awin1.com/pclick.php?p=44568705603&a=2771700&m=6526,Maxi Cosi Maxi-Cosi Fame Pushchair &amp; Carrycot - Sapphire Sand,44568705603,GB _GBP_53617457004881,https://cdn.shopify.com/s/files/1/0414/6023/6453/files/maxi-cosi-maxi-cosi-fame-pushchair-carrycot-saphire-sand-1236929080.jpg?v=1779112090,"Maxi-Cosi Fame Pushchair Iconic future-forward design that enhances your life together. Rewriting the DNA of strollers from the ground up to provide luxurious comfort for baby and parent. Fame - the future of family travel. A future design icon. Timeless and pioneering, the Maxi-Cosi Fame stroller is designed to give luxurious levels of comfort for both baby and parent. Fame’s premium details, seamless design, modern aesthetics and innovative features have been designed to stand the test of time. A trailblazing stroller to take today’s families into the future. Fame’s ergonomic seat offers a luxurious space for your little one, whether they’re sleeping in the lie-flat position or sitting up and enjoying the ride. The seat features soft padding and ClimaFlow mesh for optimal temperature regulation, keeping your little one comfortable throughout the year. The large extendable UPF 50+ canopy offers maximum sun protection for your child and a see-through ventilation window. Getting your child into their stroller has never been easier thanks to Fame’s easy-in harness, which keeps the straps open and out of the way whenever you’re getting your child in or out. The magnetic quick-lock buckle makes installation even quicker and easier. Fame has a wide range of storage options to keep all your essentials close at hand, and the memory buttons make it easy to reverse the seat. Fame is packed full of innovative features that make every day easier for parents and every ride comfier for your little one. With all-terrain wheels and bilateral CosiCruise suspension, your little one enjoys the smoothest rides wherever the day takes you. And for parents, the easy and compact folding design makes life easier. Fame features a LumiRide system that illuminates the path in front of you and keeps you both safe and visible after dark. And there’s also an integrated powerbank to keep your phone charged on the go. Fame’s iconic frame is built to carry our most innovative range of baby car seats. Our Slide Pro baby car seats, designed with revolutionary SlideTech® technology, simply click into place on Fame’s aerodynamic frame. The revolutionary sliding car seat technology is designed to make every day easier. No backache, head bangs, or struggles getting your baby in and out of the car – simply lock, slide, spin and go! With the SlideTech® travel system, you can explore the world together, from birth up to 4 years of age (22 kg). Product Featrues: Fame provides luxurious comfort with a lie-flat position and high-density memory foam inlay, while its ClimaFlow backrest with breathable mesh helps to regulate your child’s temperature. Fame’s iconic frame has an integrated LED light system designed to illuminate darker streets and dimly lit pathways, keeping you and baby safe &amp; visible at all times. To make family travel even easier, Fame’s iconic frame fits our most innovative range of Slide Pro baby car seats, designed with revolutionary SlideTech® technology. Always stay connected. Simply plug your phone in while strolling and the integrated powerbank will ensure your phone battery never runs out. Fame’s 5-point magnetic quick-lock makes for super-easy installation. The seat’s easy-in harness makes light work of getting your little one in and out, throughout the day. A large extendable UPF 50+ canopy with see-through ventilation window and sun visor offer your child maximum protection. Large all-terrain puncture-proof wheels with 4-wheel bilateral CosiCruise suspension provide smooth, comfortable rides everywhere you go. Bring everything you need. Fame’s large storage basket can carry up to 10 kg/32 L of baby essentials and shopping. Fame’s compact fold makes life easy for parents, as the stroller folds away quickly to store in small spaces or easily pop in a car trunk.Fame’s compact and easy-fold mechanism folds down with the seat in either direction, making life much easier for mum or dad. In seat mode, Fame is the perfect table height for your toddler. Perfect for when you meet up with friends for a coffee. Intuitive push-push brake system ensures you have full control of the stroller without scuffing your favourite shoes or hurting your toes. Maxi-Cosi Fame Carrycot Iconic future forward design that enhances your life together. Providing the most luxurious comfort for baby and parent, the Fame carrycot is the future of family travel. A future design icon. Timeless and pioneering, the Maxi-Cosi Fame carrycot is designed to give luxurious levels of comfort for both baby and parent. The Fame carrycot’s premium details, seamless design, modern aesthetics and innovative features have been designed to stand the test of time. A trailblazing carrycot to take today’s families into the future. Your newborn travels in comfort from day one with the Fame carrycot. A wide, spacious carrycot with a reversible, breathable memory foam mattress and ventilation windows will ensure your newborn is always at a comfortable temperature and experiences the very best sleep comfort. Designed with an integrated SoothingSlope, you simply pull a strap to gently raise your baby into an inclined sleeping position to minimise any reflux. Maxi-Cosi’s Fame carrycot offers luxurious comfort for both baby and parent. For taller (or smaller) mums and dads, the Close2Me adjustable carrycot moves up or down, ensuring you never get backache from getting your baby in and out. Memory buttons make it quicker and easier to release the carrycot from the stroller frame, and it can fold with your stroller easily when needed too. The Fame carrycot also features extra-handy invisible pockets to keep belongings safe and within easy reach. The Fame carrycot is designed for everyday comfort and convenience, thanks to features such as the extended canopy that protects your little one from the sun and the central carrying handle that makes it easy to hold the carrycot with one hand. But it’s also designed with style in mind. The Fame carrycot uses premium finishing and details, as well as soft Eco Care fabrics made from recycled plastic bottles. So your carrycot is always ready to impress. Fame’s iconic frame is built to carry the Fame carrycot, as well as our most innovative range of infant car seats. Both the carrycot and our Slide Pro baby car seats, designed with revolutionary SlideTech® technology, simply click into place on Fame’s aerodynamic frame. The revolutionary sliding car seat technology is designed to make every day easier. No backache, head bangs, or struggles getting your baby in and out of the car - simply lock, slide, spin and go! With the SlideTech® travel system, you can explore the world together, from birth up to 4 years old (22 kg). Product Features: Luxurious comfort for your baby from birth. Wide spacious carrycot with SoothingSlope and a breathable double-sided memory foam mattress for enhanced sleep comfort. The Fame carrycot is designed with an integrated SoothingSlope. Simply pull a strap to gently raise your baby into an inclined sleeping position. Designed for parents of every height, the adjustable carrycot ensures you never get backache while placing your baby in and out. For taller (or smaller) mums and dads, the Close2Me adjustable carrycot moves up or down, ensuring you never get backachee from getting your baby in and out. Once detached from the frame, the carrycot folds down quickly and easily thanks to its compact and easy-fold mechanism. Memory buttons ensure a quick and easy carrycot/seat/car seat release because every second counts for parents. When you’re strolling with your baby in the carrycot, the large extendable canopy will give them maximum protection from the elements. An integrated ventilation windows made with ClimaFlow mesh keeps your newborn at a comfortable temperature in the carrycot. Fame’s carrycot and seat feature extra-handy built-in pockets to keep your belongings safe and within arm’s reach. Maxi-Cosi Fame Pushchair Age Suitability: Birth - 4 Years Weight Suitability: 0-22kg Safety / Warnings: Suitable from birth up to 4 years or 22kg, whichever comes first. Do not leave your child unattended, Read the manual carefully and keep for future reference Standards UK / Europe: EN 1888-2 : 2018+A1:2022 TN2024-014 Maxi-Cosi Fame Carrycot Safety / Warnings: Suitable from birth up to 6 months or 9kg, whichever comes first. Do not leave your child unattended. Read the manual carefully and keep for future reference Standards UK / Europe: EN 1466 : 2023 / BS 18700:2023 TN2024-014 Maxi-Cosi Fame Pushchair Dimensions – Unfolded/Assembled: D86.5-95.5 x W61.5 x H98-110cm Dimensions – Folded/Unassembled: D47.5 x W61.5 x H67.5cm Maxi-Cosi Fame Carrycot Dimensions – Unfolded/Assembled: D87 x W42.5 x H64.5cm Fame provides luxurious comfort with a lie-flat position and high-density memory foam inlay, while its ClimaFlow backrest with breathable mesh helps to regulate your child’s temperature. Fame’s iconic frame has an integrated LED light system designed to illuminate darker streets and dimly lit pathways, keeping you and baby safe &amp; visible at all times. To make family travel even easier, Fame’s iconic frame fits our most innovative range of Slide Pro baby car seats, designed with revolutionary SlideTech® technology. Baby &amp; Toddler &gt; Baby Transport &gt; Pushchairs &amp; Prams",,1049.99,Mamas & Papas,6526,,,https://images2.productserve.com/?w=200&h=200&bg=white&trim=5&t=letterbox&url=ssl%3Acdn.shopify.com%2Fs%2Ffiles%2F1%2F0414%2F6023%2F6453%2Ffiles%2Fmaxi-cosi-maxi-cosi-fame-pushchair-carrycot-saphire-sand-1236929080.jpg%3Fv%3D1779112090&feedId=112637&k=359cba6cc9603882f70f5e795be25b03e845802c,GBP,,0 GBP,https://www.mamasandpapas.com/products/m-c-fame-p-chair-c-c-bundle-61592l804,,2026-08-07 08:25:42,"£1,049.99",112637,Maxi Cosi,1,,,,,,Pram & Pushchair
https://www.awin1.com/pclick.php?p=44568705611&a=2771700&m=6526,Maxi Cosi Maxi-Cosi Fame Pushchair &amp; Carrycot - Oak Truffle,44568705611,GB _GBP_53618850070865,https://cdn.shopify.com/s/files/1/0414/6023/6453/files/maxi-cosi-maxi-cosi-fame-pushchair-carrycot-oak-truffle-1236929112.jpg?v=1779111759,"Maxi-Cosi Fame Pushchair Iconic future-forward design that enhances your life together. Rewriting the DNA of strollers from the ground up to provide luxurious comfort for baby and parent. Fame - the future of family travel. A future design icon. Timeless and pioneering, the Maxi-Cosi Fame stroller is designed to give luxurious levels of comfort for both baby and parent. Fame’s premium details, seamless design, modern aesthetics and innovative features have been designed to stand the test of time. A trailblazing stroller to take today’s families into the future. Fame’s ergonomic seat offers a luxurious space for your little one, whether they’re sleeping in the lie-flat position or sitting up and enjoying the ride. The seat features soft padding and ClimaFlow mesh for optimal temperature regulation, keeping your little one comfortable throughout the year. The large extendable UPF 50+ canopy offers maximum sun protection for your child and a see-through ventilation window. Getting your child into their stroller has never been easier thanks to Fame’s easy-in harness, which keeps the straps open and out of the way whenever you’re getting your child in or out. The magnetic quick-lock buckle makes installation even quicker and easier. Fame has a wide range of storage options to keep all your essentials close at hand, and the memory buttons make it easy to reverse the seat. Fame is packed full of innovative features that make every day easier for parents and every ride comfier for your little one. With all-terrain wheels and bilateral CosiCruise suspension, your little one enjoys the smoothest rides wherever the day takes you. And for parents, the easy and compact folding design makes life easier. Fame features a LumiRide system that illuminates the path in front of you and keeps you both safe and visible after dark. And there’s also an integrated powerbank to keep your phone charged on the go. Fame’s iconic frame is built to carry our most innovative range of baby car seats. Our Slide Pro baby car seats, designed with revolutionary SlideTech® technology, simply click into place on Fame’s aerodynamic frame. The revolutionary sliding car seat technology is designed to make every day easier. No backache, head bangs, or struggles getting your baby in and out of the car – simply lock, slide, spin and go! With the SlideTech® travel system, you can explore the world together, from birth up to 4 years of age (22 kg). Product Featrues: Fame provides luxurious comfort with a lie-flat position and high-density memory foam inlay, while its ClimaFlow backrest with breathable mesh helps to regulate your child’s temperature. Fame’s iconic frame has an integrated LED light system designed to illuminate darker streets and dimly lit pathways, keeping you and baby safe &amp; visible at all times. To make family travel even easier, Fame’s iconic frame fits our most innovative range of Slide Pro baby car seats, designed with revolutionary SlideTech® technology. Always stay connected. Simply plug your phone in while strolling and the integrated powerbank will ensure your phone battery never runs out. Fame’s 5-point magnetic quick-lock makes for super-easy installation. The seat’s easy-in harness makes light work of getting your little one in and out, throughout the day. A large extendable UPF 50+ canopy with see-through ventilation window and sun visor offer your child maximum protection. Large all-terrain puncture-proof wheels with 4-wheel bilateral CosiCruise suspension provide smooth, comfortable rides everywhere you go. Bring everything you need. Fame’s large storage basket can carry up to 10 kg/32 L of baby essentials and shopping. Fame’s compact fold makes life easy for parents, as the stroller folds away quickly to store in small spaces or easily pop in a car trunk.Fame’s compact and easy-fold mechanism folds down with the seat in either direction, making life much easier for mum or dad. In seat mode, Fame is the perfect table height for your toddler. Perfect for when you meet up with friends for a coffee. Intuitive push-push brake system ensures you have full control of the stroller without scuffing your favourite shoes or hurting your toes. Maxi-Cosi Fame Carrycot Iconic future forward design that enhances your life together. Providing the most luxurious comfort for baby and parent, the Fame carrycot is the future of family travel. A future design icon. Timeless and pioneering, the Maxi-Cosi Fame carrycot is designed to give luxurious levels of comfort for both baby and parent. The Fame carrycot’s premium details, seamless design, modern aesthetics and innovative features have been designed to stand the test of time. A trailblazing carrycot to take today’s families into the future. Your newborn travels in comfort from day one with the Fame carrycot. A wide, spacious carrycot with a reversible, breathable memory foam mattress and ventilation windows will ensure your newborn is always at a comfortable temperature and experiences the very best sleep comfort. Designed with an integrated SoothingSlope, you simply pull a strap to gently raise your baby into an inclined sleeping position to minimise any reflux. Maxi-Cosi’s Fame carrycot offers luxurious comfort for both baby and parent. For taller (or smaller) mums and dads, the Close2Me adjustable carrycot moves up or down, ensuring you never get backache from getting your baby in and out. Memory buttons make it quicker and easier to release the carrycot from the stroller frame, and it can fold with your stroller easily when needed too. The Fame carrycot also features extra-handy invisible pockets to keep belongings safe and within easy reach. The Fame carrycot is designed for everyday comfort and convenience, thanks to features such as the extended canopy that protects your little one from the sun and the central carrying handle that makes it easy to hold the carrycot with one hand. But it’s also designed with style in mind. The Fame carrycot uses premium finishing and details, as well as soft Eco Care fabrics made from recycled plastic bottles. So your carrycot is always ready to impress. Fame’s iconic frame is built to carry the Fame carrycot, as well as our most innovative range of infant car seats. Both the carrycot and our Slide Pro baby car seats, designed with revolutionary SlideTech® technology, simply click into place on Fame’s aerodynamic frame. The revolutionary sliding car seat technology is designed to make every day easier. No backache, head bangs, or struggles getting your baby in and out of the car - simply lock, slide, spin and go! With the SlideTech® travel system, you can explore the world together, from birth up to 4 years old (22 kg). Product Features: Luxurious comfort for your baby from birth. Wide spacious carrycot with SoothingSlope and a breathable double-sided memory foam mattress for enhanced sleep comfort. The Fame carrycot is designed with an integrated SoothingSlope. Simply pull a strap to gently raise your baby into an inclined sleeping position. Designed for parents of every height, the adjustable carrycot ensures you never get backache while placing your baby in and out. For taller (or smaller) mums and dads, the Close2Me adjustable carrycot moves up or down, ensuring you never get backachee from getting your baby in and out. Once detached from the frame, the carrycot folds down quickly and easily thanks to its compact and easy-fold mechanism. Memory buttons ensure a quick and easy carrycot/seat/car seat release because every second counts for parents. When you’re strolling with your baby in the carrycot, the large extendable canopy will give them maximum protection from the elements. An integrated ventilation windows made with ClimaFlow mesh keeps your newborn at a comfortable temperature in the carrycot. Fame’s carrycot and seat feature extra-handy built-in pockets to keep your belongings safe and within arm’s reach. Maxi-Cosi Fame Pushchair Age Suitability: Birth - 4 Years Weight Suitability: 0-22kg Safety / Warnings: Suitable from birth up to 4 years or 22kg, whichever comes first. Do not leave your child unattended, Read the manual carefully and keep for future reference Standards UK / Europe: EN 1888-2 : 2018+A1:2022 TN2024-014 Maxi-Cosi Fame Carrycot Safety / Warnings: Suitable from birth up to 6 months or 9kg, whichever comes first. Do not leave your child unattended. Read the manual carefully and keep for future reference Standards UK / Europe: EN 1466 : 2023 / BS 18700:2023 TN2024-014 Maxi-Cosi Fame Pushchair Dimensions – Unfolded/Assembled: D86.5-95.5 x W61.5 x H98-110cm Dimensions – Folded/Unassembled: D47.5 x W61.5 x H67.5cm Maxi-Cosi Fame Carrycot Dimensions – Unfolded/Assembled: D87 x W42.5 x H64.5cm Fame provides luxurious comfort with a lie-flat position and high-density memory foam inlay, while its ClimaFlow backrest with breathable mesh helps to regulate your child’s temperature. Fame’s iconic frame has an integrated LED light system designed to illuminate darker streets and dimly lit pathways, keeping you and baby safe &amp; visible at all times. To make family travel even easier, Fame’s iconic frame fits our most innovative range of Slide Pro baby car seats, designed with revolutionary SlideTech® technology. Baby &amp; Toddler &gt; Baby Transport &gt; Pushchairs &amp; Prams",,1049.99,Mamas & Papas,6526,,,https://images2.productserve.com/?w=200&h=200&bg=white&trim=5&t=letterbox&url=ssl%3Acdn.shopify.com%2Fs%2Ffiles%2F1%2F0414%2F6023%2F6453%2Ffiles%2Fmaxi-cosi-maxi-cosi-fame-pushchair-carrycot-oak-truffle-1236929112.jpg%3Fv%3D1779111759&feedId=112637&k=3b99af72214e5501dbfc2244f7c9ebcff040bf7a,GBP,,0 GBP,https://www.mamasandpapas.com/products/m-c-fame-p-chair-c-c-bundle-trufle-61592a903,,2026-08-07 08:25:43,"£1,049.99",112637,Maxi Cosi,1,,,,,,Pram & Pushchair
https://www.awin1.com/pclick.php?p=44722122726&a=2771700&m=6526,iCandy Cocoon 360 Baby &amp; Beyond Seat &amp; Base - Black,44722122726,GB _GBP_53756633776465,https://cdn.shopify.com/s/files/1/0414/6023/6453/files/icandy-icandy-cocoon-360-baby-beyond-seat-base-black-1238393654.jpg?v=1780303179,"Designed to support your child’s next stage, delivering enhanced protection, adaptable comfort and effortless everyday use. The iCandy Cocoon 360 Baby &amp; Beyond Seat &amp; Base is designed to support your child’s next stage, delivering enhanced protection, adaptable comfort and effortless everyday use. Built with integrated side-impact protection, the Cocoon 360 Baby &amp; Beyond Seat helps safeguard your growing child on every journey. Three recline positions, including an extended 165-degree recline, provide comfortable support from early baby and beyond. As your child grows, the seat adapts with a five-position adjustable headrest, ensuring the correct fit and positioning at every stage. Suitable for children measuring 40–105cm, it offers lasting performance without compromising on comfort. Finished in classic black, the Cocoon 360 Baby &amp; Beyond Seat combines a clean, modern aesthetic with thoughtful functionality. Paired with the included Cocoon 360 ISOFIX base, with a smooth rotation, automatic lock and foldable support leg for compact storage, makes installation quick and hassle-free. Product Features: Improved side-impact protection for enhanced safety Three recline positions, including a 165° recline for younger babies Rotating Isofix Base for easy access Suitable for children 40–105cm in height Foldable leg on Isofix base for compact storage Automatic locking on Isofix base for secure installation Isofix Base also compatible with Cocoon 360 Infant Carrier 2 Year Warranty Baby &amp; Toddler &gt; Baby Transport &gt; Baby &amp; Toddler Car Seats",,338,Mamas & Papas,6526,,,https://images2.productserve.com/?w=200&h=200&bg=white&trim=5&t=letterbox&url=ssl%3Acdn.shopify.com%2Fs%2Ffiles%2F1%2F0414%2F6023%2F6453%2Ffiles%2Ficandy-icandy-cocoon-360-baby-beyond-seat-base-black-1238393654.jpg%3Fv%3D1780303179&feedId=112637&k=1be22c0a2d06911ed695c607f661725eca025b52,GBP,,0 GBP,https://www.mamasandpapas.com/products/i-c-coccoon360-baby-beyond-c-s-base-694652501,,2026-08-07 08:25:49,£338,112637,iCandy,1,,,,,,ISOFIX Base
https://www.awin1.com/pclick.php?p=44722122735&a=2771700&m=6526,iCandy Cocoon 360 Base - Black,44722122735,GB _GBP_53756883763537,https://cdn.shopify.com/s/files/1/0414/6023/6453/files/icandy-icandy-cocoon-360-base-black-1238393659.jpg?v=1780489597,"Rotates smoothly, locks automatically and features a foldable support leg for compact storage, making installation quick and hassle-free. The iCandy Cocoon 360 base rotates smoothly, locks automatically and features a foldable support leg for compact storage, making installation quick and hassle-free. Compatible with the iCandy Cocoon 360 infant carrier and Baby &amp; Beyond seat, it provides a secure foundation. Product Features: 360 rotation for easy access Automatic locking for secure installation Foldable support leg for compact storage Provides a safe and reliable foundation Compatible with iCandy Cocoon 360 infant carrier and Baby and Beyond seat Age Suitability: Birth to 4 Years Weight Suitability: 0-18kg Standards UK / Europe: R129/04 Dimensions: 75 x 45 x 46 cm Weight (kg): 11kg Compatible with iCandy Cocoon 360 infant carrier and Baby and Beyond seat 360 rotation for easy access Automatic locking for secure installation Baby &amp; Toddler &gt; Baby Transport Accessories &gt; Baby &amp; Toddler Car Seat Accessories",,149,Mamas & Papas,6526,,,https://images2.productserve.com/?w=200&h=200&bg=white&trim=5&t=letterbox&url=ssl%3Acdn.shopify.com%2Fs%2Ffiles%2F1%2F0414%2F6023%2F6453%2Ffiles%2Ficandy-icandy-cocoon-360-base-black-1238393659.jpg%3Fv%3D1780489597&feedId=112637&k=a74363444f25e2aeef66fc8ddf40d30dfe114dfd,GBP,,0 GBP,https://www.mamasandpapas.com/products/icandy-cocoon360-c-seat-base-694525300,,2026-08-07 08:29:20,£149,112637,iCandy,1,,,,,,ISOFIX Base
https://www.awin1.com/pclick.php?p=45395954344&a=2771700&m=6526,Cybex Base G3 - Black,45395954344,GB _GBP_53864037548369,https://cdn.shopify.com/s/files/1/0414/6023/6453/files/cybex-cybex-base-g3-black-1240484262.jpg?v=1781081136,"Getting your child in or out of the car was never so easy as with the Base G3! One pull of the rotation handle turns the seat towards the car door, and it‘s released simultaneously. Compatible with Cloud G3, Sirona G3, Cloud G i-Size, and Sirona G i-Size, it offers the flexibility you need with a growing child. A safety-conscious Driving Direction Control (D.D.C.) button setting ensures the Cloud G3 can only be attached and used in a rear-facing position. Two further settings let you decide if the Sirona G3 is used forward or rear-facing. User-friendly ISOFIX-Release buttons keep installation simple, and extra stability comes from a cleverly-designed load leg. Product Features: DRIVING DIRECTION CONTROL A helpful aid that means your Cloud G3 is kept in the rear facing position by only allowing it to be connected in the designated safety position. Two further settings allow your child to travel rear or forward-facing in the Sirona G3 when the time comes. ISOFIX The Base G3’s installation is made simple and secure thanks to parent-friendly ISOFIX-Release buttons whilst clever,,eight adjustable load leg technology provides extra stability. ONE BASE - TWO SEATS Its compatibility with both the Cloud G3 and the Sirona G3, makes the Base G3 the perfect choice for parents looking for flexibility and a long-term solution for their ever-growing children. EASY ON- AND OFF-BOARDING 360 ROTATION Putting your child in the car just got so much easier as the Base G3 lets you manoeuvre the seat into the perfect position. The Base G3 rotates the Cloud G3 and Sirona G3 car seats towards the door and clever design allows them to be removed simultaneously for easy off-boarding. ONE BASE - TWO SEATS: DESIGNED TO COVER YOUR FIRST 4 YEARS The Base G3 is designed to fit the Cloud G3 and the Sirona G3 within the G3 Line Modular System. Its locking mechanism guarantees the Cloud G3 clicks in perfectly, offering safety and support from birth to around 24 months, and provides the same secure fit for the Sirona G3 from newborn to toddler. Age Suitability: 0-4 yrs Safety / Warnings: Ensure your Car Seat base is installed correctly, and don’t leave your child unattended in the car. Standards UK / Europe: UN Standard R129/04 Dimensions: L 64 cm / W 41 cm / H 27 cm - 77 cm Driving Direction Control Isofix -Simplified installation One Base for two seats Baby &amp; Toddler &gt; Baby Transport Accessories &gt; Baby &amp; Toddler Car Seat Accessories",,184.95,Mamas & Papas,6526,,,https://images2.productserve.com/?w=200&h=200&bg=white&trim=5&t=letterbox&url=ssl%3Acdn.shopify.com%2Fs%2Ffiles%2F1%2F0414%2F6023%2F6453%2Ffiles%2Fcybex-cybex-base-g3-black-1240484262.jpg%3Fv%3D1781081136&feedId=112637&k=795a152de08e34f7c002268ef9317d3948a8f3b0,GBP,,0 GBP,https://www.mamasandpapas.com/products/cybex-base-g3-423825301,,2026-08-07 08:29:28,£184.95,112637,Cybex,1,,,,,,ISOFIX Base
https://www.awin1.com/pclick.php?p=45454522519&a=2771700&m=6526,Cybex Cloud G3 Plus Car Seat &amp; Base - Beige/Black,45454522519,GB _GBP_53864036794705,https://cdn.shopify.com/s/files/1/0414/6023/6453/files/cybex-cybex-cloud-g3-plus-car-seat-base-beige-black-1240484257.jpg?v=1781080991,"Cybex Cloud G3 Plus Car Seat The Cloud G3 infant car seat defines your baby’s first 2 years. Certified by AGR1, it offers a comfortable, ergonomic lie-flat position both in or out of the car to aid your child’s hip development. 180° rotation plus one-click release ensures simple, quick onboarding and offboarding. The CYBEX Cloud G3 pairs comfort, safety, and versatility. Certified by AGR*, it's specially designed for a lie-flat position to ergonomically support your child’s posture both inside and outside the car as they grow. Getting your child in or out is easier and faster thanks to a 180° rotation and one-click release system. All-around ventilation with integrated mesh** helps keep your child cool on every trip. The Cloud G3 adds extra reassurance with the L.S.P. System, offering 15% more side-impact protection. It’s also certified for airplane use, so you can keep your child secure on family travels. As part of the Modular G3 family, the Base G3 works with both the Cloud G3 and the Sirona G3, supporting children until they turn 4. *AGR - AKTION GESUNDER RÜCKEN AGR is an independent, German organisation that evaluates products for their ability to relieve and avoid back pain, one of the most common health issues worldwide today. CYBEX has been granted their much-vaunted Seal of Approval for this product, recognising its unique ergonomic design and functionality for both parents and children alike. **compared to conventional car seat covers. Product Features: SAFE &amp; ERGONOMIC UP TO APPROX. 24 MONTHS The Cloud G3 is AGR* certified, providing an ergonomic lie-flat position inside or outside the car to promote good posture, reduce organ compression and help optimise your child’s breathing. Simple to recline and find your child’s ideal position with the flick of a hand, paving the way to great naps. COMFORTABLE &amp; SMOOTH ON - AND OFF - BOARDING 180° rotation &amp; one click release system. Getting your child into or out of your car has never been simpler. With a one-click release and 180° rotation, this seat installs or removes in seconds. Designed to reduce strain on a parent’s back, it’s easy to operate even single-handedly. 15% MORE SIDE-IMPACT PROTECTION* Linear Side-Impact Protection System (L.S.P.). Redefined side-impact protection reduces the force of a side collision by around 15%*, offering parents the comfort of knowing their child travels with a higher level of care and security on every journey. OPTIMAL BREATHABILITY Keep your child feeling fresh with the Cloud G3’s all-round ventilation as well as the Plus Line’s premium mesh which is six times more breathable than comparable fabrics. Precisely positioned vents allow air to pass through the seat, ensuring every journey is cool and comfortable. EASY HANDLING Whether you are switching the car seat between cars or transferring it onto the stroller, the Cloud G3’s lightweight and clever design makes handling easy as well as taking the strain of your back. FULL SUN PROTECTION Keep your little one safely cocooned in their own little world thanks to the XXL Sun canopy. Designed to provide UPF50+ sun protection and keep them safely sheltered from the wind, what more could you want? REMOVABLE NEWBORN INLAY The newborn inlay ensures a cozy, protected fit for babies as small as 40cm and can easily be taken out when they grow and need more space. GROWS WITH YOUR CHILD UP TO 2 YEARS OLD Certified by AGR**, the Cloud G3 is designed to keep your child’s legs in a posture-friendly M position to support hip development, providing ergonomic comfort on every journey. As your child grows, the headrest can be adapted using any of 14 individual settings to find the perfect position. READY FOR TAKE-OFF Your new travel buddy fits snuggly into an airplane seat, allowing you to take it with you on family trips. Giving you all the freedom and your child all the security needed when travelling as the Cloud G3 can even be used with just a vehicle belt so you can leave your Base G3 at home. ONE BASE - TWO SEATS: DESIGNED TO COVER YOUR FIRST 4 YEARS The Base G3 is designed to fit the Cloud G3 and the Sirona G3 within the G3 Line Modular System. Its locking mechanism guarantees the Cloud G3 clicks in perfectly, offering safety and support from birth to around 24 months, and provides the same secure fit for the Sirona G3 from newborn to toddler. Cybex Base G3 Getting your child in or out of the car was never so easy as with the Base G3! One pull of the rotation handle turns the seat towards the car door, and it‘s released simultaneously. Compatible with Cloud G3, Sirona G3, Cloud G i-Size, and Sirona G i-Size, it offers the flexibility you need with a growing child. A safety-conscious Driving Direction Control (D.D.C.) button setting ensures the Cloud G3 can only be attached and used in a rear-facing position. Two further settings let you decide if the Sirona G3 is used forward or rear-facing. User-friendly ISOFIX-Release buttons keep installation simple, and extra stability comes from a cleverly-designed load leg. Product Features: DRIVING DIRECTION CONTROL A helpful aid that means your Cloud G3 is kept in the rear facing position by only allowing it to be connected in the designated safety position. Two further settings allow your child to travel rear or forward-facing in the Sirona G3 when the time comes. ISOFIX The Base G3’s installation is made simple and secure thanks to parent-friendly ISOFIX-Release buttons whilst clever,,eight adjustable load leg technology provides extra stability. ONE BASE - TWO SEATS Its compatibility with both the Cloud G3 and the Sirona G3, makes the Base G3 the perfect choice for parents looking for flexibility and a long-term solution for their ever-growing children. EASY ON- AND OFF-BOARDING 360 ROTATION Putting your child in the car just got so much easier as the Base G3 lets you manoeuvre the seat into the perfect position. The Base G3 rotates the Cloud G3 and Sirona G3 car seats towards the door and clever design allows them to be removed simultaneously for easy off-boarding. ONE BASE - TWO SEATS: DESIGNED TO COVER YOUR FIRST 4 YEARS The Base G3 is designed to fit the Cloud G3 and the Sirona G3 within the G3 Line Modular System. Its locking mechanism guarantees the Cloud G3 clicks in perfectly, offering safety and support from birth to around 24 months, and provides the same secure fit for the Sirona G3 from newborn to toddler. Cybex Cloud G3 Plus Car Seat Weight Suitability: 13kg Safety / Warnings: Ensure your Car Seat is installed correctly, and don’t leave your child unattended in the car. Standards UK / Europe: UN Standard R129 Cybex Base G3 Age Suitability: 0-4 yrs Safety / Warnings: Ensure your Car Seat base is installed correctly, and don’t leave your child unattended in the car. Standards UK / Europe: UN Standard R129/04 Cybex Cloud G3 Plus Car Seat Dimensions: 64.5 cm / 44 cm / 38 - 60 cm Cybex Base G3 Dimensions: L 64 cm / W 41 cm / H 27 cm - 77 cm Safe &amp; ergonomic up to approx. 24 months Ergonomic lie Flat position Comfortable &amp; smooth on 180 ° rotation &amp; one click- release and off boarding system 15 % more side L.S.P. System Product Package Car seat and Compatibility Cross-- impact protection Baby &amp; Toddler &gt; Baby Transport &gt; Baby &amp; Toddler Car Seats",,394.9,Mamas & Papas,6526,,,https://images2.productserve.com/?w=200&h=200&bg=white&trim=5&t=letterbox&url=ssl%3Acdn.shopify.com%2Fs%2Ffiles%2F1%2F0414%2F6023%2F6453%2Ffiles%2Fcybex-cybex-cloud-g3-plus-car-seat-base-beige-black-1240484257.jpg%3Fv%3D1781080991&feedId=112637&k=787dcd462ca6463c8e35f36f9a550312aeacd99c,GBP,,0 GBP,https://www.mamasandpapas.com/products/cloud-g3-base-bundle-beige-blk-67072g601,,2026-08-07 08:29:28,£394.90,112637,Cybex,1,,,,,,ISOFIX Base
https://www.awin1.com/pclick.php?p=45454522520&a=2771700&m=6526,Cybex Cloud G3 Plus Car Seat &amp; Base - Black,45454522520,GB _GBP_53864035418449,https://cdn.shopify.com/s/files/1/0414/6023/6453/files/cybex-cybex-cloud-g3-plus-car-seat-base-black-1240484261.jpg?v=1781080536,"Cybex Cloud G3 Plus Car Seat The Cloud G3 infant car seat defines your baby’s first 2 years. Certified by AGR1, it offers a comfortable, ergonomic lie-flat position both in or out of the car to aid your child’s hip development. 180° rotation plus one-click release ensures simple, quick onboarding and offboarding. The CYBEX Cloud G3 pairs comfort, safety, and versatility. Certified by AGR*, it's specially designed for a lie-flat position to ergonomically support your child’s posture both inside and outside the car as they grow. Getting your child in or out is easier and faster thanks to a 180° rotation and one-click release system. All-around ventilation with integrated mesh** helps keep your child cool on every trip. The Cloud G3 adds extra reassurance with the L.S.P. System, offering 15% more side-impact protection. It’s also certified for airplane use, so you can keep your child secure on family travels. As part of the Modular G3 family, the Base G3 works with both the Cloud G3 and the Sirona G3, supporting children until they turn 4. *AGR - AKTION GESUNDER RÜCKEN AGR is an independent, German organisation that evaluates products for their ability to relieve and avoid back pain, one of the most common health issues worldwide today. CYBEX has been granted their much-vaunted Seal of Approval for this product, recognising its unique ergonomic design and functionality for both parents and children alike. **compared to conventional car seat covers. Product Features: SAFE &amp; ERGONOMIC UP TO APPROX. 24 MONTHS The Cloud G3 is AGR* certified, providing an ergonomic lie-flat position inside or outside the car to promote good posture, reduce organ compression and help optimise your child’s breathing. Simple to recline and find your child’s ideal position with the flick of a hand, paving the way to great naps. COMFORTABLE &amp; SMOOTH ON - AND OFF - BOARDING 180° rotation &amp; one click release system. Getting your child into or out of your car has never been simpler. With a one-click release and 180° rotation, this seat installs or removes in seconds. Designed to reduce strain on a parent’s back, it’s easy to operate even single-handedly. 15% MORE SIDE-IMPACT PROTECTION* Linear Side-Impact Protection System (L.S.P.). Redefined side-impact protection reduces the force of a side collision by around 15%*, offering parents the comfort of knowing their child travels with a higher level of care and security on every journey. OPTIMAL BREATHABILITY Keep your child feeling fresh with the Cloud G3’s all-round ventilation as well as the Plus Line’s premium mesh which is six times more breathable than comparable fabrics. Precisely positioned vents allow air to pass through the seat, ensuring every journey is cool and comfortable. EASY HANDLING Whether you are switching the car seat between cars or transferring it onto the stroller, the Cloud G3’s lightweight and clever design makes handling easy as well as taking the strain of your back. FULL SUN PROTECTION Keep your little one safely cocooned in their own little world thanks to the XXL Sun canopy. Designed to provide UPF50+ sun protection and keep them safely sheltered from the wind, what more could you want? REMOVABLE NEWBORN INLAY The newborn inlay ensures a cozy, protected fit for babies as small as 40cm and can easily be taken out when they grow and need more space. GROWS WITH YOUR CHILD UP TO 2 YEARS OLD Certified by AGR**, the Cloud G3 is designed to keep your child’s legs in a posture-friendly M position to support hip development, providing ergonomic comfort on every journey. As your child grows, the headrest can be adapted using any of 14 individual settings to find the perfect position. READY FOR TAKE-OFF Your new travel buddy fits snuggly into an airplane seat, allowing you to take it with you on family trips. Giving you all the freedom and your child all the security needed when travelling as the Cloud G3 can even be used with just a vehicle belt so you can leave your Base G3 at home. ONE BASE - TWO SEATS: DESIGNED TO COVER YOUR FIRST 4 YEARS The Base G3 is designed to fit the Cloud G3 and the Sirona G3 within the G3 Line Modular System. Its locking mechanism guarantees the Cloud G3 clicks in perfectly, offering safety and support from birth to around 24 months, and provides the same secure fit for the Sirona G3 from newborn to toddler. Cybex Base G3 Getting your child in or out of the car was never so easy as with the Base G3! One pull of the rotation handle turns the seat towards the car door, and it‘s released simultaneously. Compatible with Cloud G3, Sirona G3, Cloud G i-Size, and Sirona G i-Size, it offers the flexibility you need with a growing child. A safety-conscious Driving Direction Control (D.D.C.) button setting ensures the Cloud G3 can only be attached and used in a rear-facing position. Two further settings let you decide if the Sirona G3 is used forward or rear-facing. User-friendly ISOFIX-Release buttons keep installation simple, and extra stability comes from a cleverly-designed load leg. Product Features: DRIVING DIRECTION CONTROL A helpful aid that means your Cloud G3 is kept in the rear facing position by only allowing it to be connected in the designated safety position. Two further settings allow your child to travel rear or forward-facing in the Sirona G3 when the time comes. ISOFIX The Base G3’s installation is made simple and secure thanks to parent-friendly ISOFIX-Release buttons whilst clever,,eight adjustable load leg technology provides extra stability. ONE BASE - TWO SEATS Its compatibility with both the Cloud G3 and the Sirona G3, makes the Base G3 the perfect choice for parents looking for flexibility and a long-term solution for their ever-growing children. EASY ON- AND OFF-BOARDING 360 ROTATION Putting your child in the car just got so much easier as the Base G3 lets you manoeuvre the seat into the perfect position. The Base G3 rotates the Cloud G3 and Sirona G3 car seats towards the door and clever design allows them to be removed simultaneously for easy off-boarding. ONE BASE - TWO SEATS: DESIGNED TO COVER YOUR FIRST 4 YEARS The Base G3 is designed to fit the Cloud G3 and the Sirona G3 within the G3 Line Modular System. Its locking mechanism guarantees the Cloud G3 clicks in perfectly, offering safety and support from birth to around 24 months, and provides the same secure fit for the Sirona G3 from newborn to toddler. Cybex Cloud G3 Plus Car Seat Weight Suitability: 13kg Safety / Warnings: Ensure your Car Seat is installed correctly, and don’t leave your child unattended in the car. Standards UK / Europe: UN Standard R129 Cybex Base G3 Age Suitability: 0-4 yrs Safety / Warnings: Ensure your Car Seat base is installed correctly, and don’t leave your child unattended in the car. Standards UK / Europe: UN Standard R129/04 Cybex Cloud G3 Plus Car Seat Dimensions: 64.5 cm / 44 cm / 38 - 60 cm Cybex Base G3 Dimensions: L 64 cm / W 41 cm / H 27 cm - 77 cm Safe &amp; ergonomic up to approx. 24 months Ergonomic lie Flat position Comfortable &amp; smooth on 180 ° rotation &amp; one click- release and off boarding system 15 % more side L.S.P. System Product Package Car seat and Compatibility Cross-- impact protection Baby &amp; Toddler &gt; Baby Transport &gt; Baby &amp; Toddler Car Seats",,394.9,Mamas & Papas,6526,,,https://images2.productserve.com/?w=200&h=200&bg=white&trim=5&t=letterbox&url=ssl%3Acdn.shopify.com%2Fs%2Ffiles%2F1%2F0414%2F6023%2F6453%2Ffiles%2Fcybex-cybex-cloud-g3-plus-car-seat-base-black-1240484261.jpg%3Fv%3D1781080536&feedId=112637&k=4b9e36c9dc268e7a507e1e57e480da8ec45d4b1b,GBP,,0 GBP,https://www.mamasandpapas.com/products/cloud-g3-base-bundle-blk-blk-67072i601,,2026-08-07 08:29:27,£394.90,112637,Cybex,1,,,,,,ISOFIX Base
https://www.awin1.com/pclick.php?p=45454522521&a=2771700&m=6526,Cybex Cloud G3 Plus Car Seat - Moon Black,45454522521,GB _GBP_53864034992465,https://cdn.shopify.com/s/files/1/0414/6023/6453/files/cybex-cybex-cloud-g3-plus-car-seat-moon-black-1240484293.jpg?v=1781080211,"The Cloud G3 infant car seat defines your baby’s first 2 years. Certified by AGR1, it offers a comfortable, ergonomic lie-flat position both in or out of the car to aid your child’s hip development. 180° rotation plus one-click release ensures simple, quick onboarding and offboarding. The CYBEX Cloud G3 pairs comfort, safety, and versatility. Certified by AGR*, it's specially designed for a lie-flat position to ergonomically support your child’s posture both inside and outside the car as they grow. Getting your child in or out is easier and faster thanks to a 180° rotation and one-click release system. All-around ventilation with integrated mesh** helps keep your child cool on every trip. The Cloud G3 adds extra reassurance with the L.S.P. System, offering 15% more side-impact protection. It’s also certified for airplane use, so you can keep your child secure on family travels. As part of the Modular G3 family, the Base G3 works with both the Cloud G3 and the Sirona G3, supporting children until they turn 4. *AGR - AKTION GESUNDER RÜCKEN AGR is an independent, German organisation that evaluates products for their ability to relieve and avoid back pain, one of the most common health issues worldwide today. CYBEX has been granted their much-vaunted Seal of Approval for this product, recognising its unique ergonomic design and functionality for both parents and children alike. **compared to conventional car seat covers. Product Features: SAFE &amp; ERGONOMIC UP TO APPROX. 24 MONTHS The Cloud G3 is AGR* certified, providing an ergonomic lie-flat position inside or outside the car to promote good posture, reduce organ compression and help optimise your child’s breathing. Simple to recline and find your child’s ideal position with the flick of a hand, paving the way to great naps. COMFORTABLE &amp; SMOOTH ON - AND OFF - BOARDING 180° rotation &amp; one click release system. Getting your child into or out of your car has never been simpler. With a one-click release and 180° rotation, this seat installs or removes in seconds. Designed to reduce strain on a parent’s back, it’s easy to operate even single-handedly. 15% MORE SIDE-IMPACT PROTECTION* Linear Side-Impact Protection System (L.S.P.). Redefined side-impact protection reduces the force of a side collision by around 15%*, offering parents the comfort of knowing their child travels with a higher level of care and security on every journey. OPTIMAL BREATHABILITY Keep your child feeling fresh with the Cloud G3’s all-round ventilation as well as the Plus Line’s premium mesh which is six times more breathable than comparable fabrics. Precisely positioned vents allow air to pass through the seat, ensuring every journey is cool and comfortable. EASY HANDLING Whether you are switching the car seat between cars or transferring it onto the stroller, the Cloud G3’s lightweight and clever design makes handling easy as well as taking the strain of your back. FULL SUN PROTECTION Keep your little one safely cocooned in their own little world thanks to the XXL Sun canopy. Designed to provide UPF50+ sun protection and keep them safely sheltered from the wind, what more could you want? REMOVABLE NEWBORN INLAY The newborn inlay ensures a cozy, protected fit for babies as small as 40cm and can easily be taken out when they grow and need more space. GROWS WITH YOUR CHILD UP TO 2 YEARS OLD Certified by AGR**, the Cloud G3 is designed to keep your child’s legs in a posture-friendly M position to support hip development, providing ergonomic comfort on every journey. As your child grows, the headrest can be adapted using any of 14 individual settings to find the perfect position. READY FOR TAKE-OFF Your new travel buddy fits snuggly into an airplane seat, allowing you to take it with you on family trips. Giving you all the freedom and your child all the security needed when travelling as the Cloud G3 can even be used with just a vehicle belt so you can leave your Base G3 at home. ONE BASE - TWO SEATS: DESIGNED TO COVER YOUR FIRST 4 YEARS The Base G3 is designed to fit the Cloud G3 and the Sirona G3 within the G3 Line Modular System. Its locking mechanism guarantees the Cloud G3 clicks in perfectly, offering safety and support from birth to around 24 months, and provides the same secure fit for the Sirona G3 from newborn to toddler. Weight Suitability: 13kg Safety / Warnings: Ensure your Car Seat is installed correctly, and don’t leave your child unattended in the car. Standards UK / Europe: UN Standard R129 Dimensions: 64.5 cm / 44 cm / 38 - 60 cm Safe &amp; ergonomic up to approx. 24 months Ergonomic lie Flat position Comfortable &amp; smooth on 180 ° rotation &amp; one click- release and off boarding system 15 % more side L.S.P. System Product Package Car seat and Compatibility Cross-- impact protection Baby &amp; Toddler &gt; Baby Transport &gt; Baby &amp; Toddler Car Seats",,209.95,Mamas & Papas,6526,,,https://images2.productserve.com/?w=200&h=200&bg=white&trim=5&t=letterbox&url=ssl%3Acdn.shopify.com%2Fs%2Ffiles%2F1%2F0414%2F6023%2F6453%2Ffiles%2Fcybex-cybex-cloud-g3-plus-car-seat-moon-black-1240484293.jpg%3Fv%3D1781080211&feedId=112637&k=278f90b46a836f8005efba2b6c9192e87516e09e,GBP,,0 GBP,https://www.mamasandpapas.com/products/cybex-cloud-g3-car-seat-moon-black-42372i601,,2026-08-07 08:29:27,£209.95,112637,Cybex,1,,,,,,Car Seats
https://www.awin1.com/pclick.php?p=45071067276&a=2771700&m=6526,Cybex Balios S Lux Pushchair &amp; Folding Carrycot - Moon Black,45071067276,GB _GBP_54085775819089,https://cdn.shopify.com/s/files/1/0414/6023/6453/files/cybex-pushchairs-cybex-balios-s-lux-pushchair-folding-carrycot-moon-black-1245773351.jpg?v=1782319810,"Cybex Balios S Lux Pushchair Love living city life to the max? The all-new, upgraded BALIOS S LUX has all the flexibility and luxurious comfort you and your child could wish for, right from day one. Enjoy peace of mind that your little one is safe and comfortable, while you take charge of your to-do list. Curbs, cobbles or bumpy sidewalks are easy to tackle with its advanced, city-ready suspension. The ergonomic lie-flat recline lets even the smallest babies enjoy the smoothest rides from day one, while the unique one-pull harness supplies a snug fit in seconds. And it looks as good as it handles, with a sleek design and colours for taking on the city in style. AGR is an independent, German organization that evaluates products for their ability to relieve and avoid back-pain, one of the most common health issues worldwide today. CYBEX has been granted their Seal of Approval for this product, recognizing its unique ergonomic design and functionality for both parents and children alike. Product Features: One stroller, three ways to ride. Attach a CYBEX Cot S Lux Carrycot, CYBEX infant car seat or the Balios S Lux seat unit to adapt the stroller for any journey. Enjoy a new level of riding comfort thanks to the combination of front-wheel suspension and innovative frame-based rear suspension. The huge reversible seat unit of the Balios S Lux provides luxurious comfort and coziness, and is fully adjustable into an ergonomic lie-flat position for use from birth and is AGR certified. Secure your child in seconds. One hand is all you need to fit the harness to the perfect form-hugging position. The new curved handlebar shape fits with the sleek design of the Balios S Lux. The height adjustable handlebar allows the steering level to be tailored to the height of the parent, the handlebar height can be easily adjusted with one hand. With one hand the Balios S Lux can be easily folded into a free-standing package, for convenient storage and fit into even the smaller car boots. Go off-road with confidence, with wheels that won’t puncture no matter how tough the terrain. A 10 kg load capacity makes the Balios S Lux an invaluable companion for the weekly shop, day trips and picnics. The new shape and design of the shopping basket ensures easy access and plenty of storage space! Shield your child from the elements with an extendable XXL sun canopy made of UPF50+ protective fabric, featuring a mesh window for breathability and healthy air circulation on hot days. Cybex Cot S Lux Carrycot The new Cot S Lux Carrycot is ideal for babies from birth until they are approximately six months old. Approved for overnight sleeping and with a cosy interior lining and soft foam mattress the Cot S Lux offers maximum comfort and support. Simply click the carrycot to the Cybex Balios S Lux or Talos S Lux pushchair frame and you're ready to go, removing the carrycot from the frame is just as easy using the memory buttons and integrated carrying handle. The new Cot S Lux has an additional internal pocket to keep belongings safe, a panorama sky view window for improved air circulation and a UPF50+ XXL sun canopy, keeping your baby protected from day one. Cybex Balios S Lux Pushchair Age Suitability: From birth to 4 years old. Composition: Polyester blend Care &amp; Maintenance: Wash fabrics at 30 degrees, line dry Self-Assembly Required?: Part Assembled Cybex Cot S Lux Carrycot Age suitability: Birth - 6 months Composition: Polyester &amp; cotton Maximum child weight: 9kg Assembly: Part assembled Care &amp; maintenance: Wash fabric at 30 and line dry Cybex Balios S Lux Pushchair Dimensions: Assembled: 87cm x 60cm x 108cm Folded: 29.5cm x 49cm x 71cm Weight: 11.2kg Cybex Cot S Lux Carrycot Dimensions (unfolded) : 84.5cm x 41cm x 31.5cm Dimensions (folded) : 84.3cm x 41cm x 18cm Weight: 4.6kg Travel system ready. One stroller, three ways to ride Advanced suspension Ergonomic lie-flat position Baby &amp; Toddler &gt; Baby Transport &gt; Pushchairs &amp; Prams",,749.95,Mamas & Papas,6526,,,https://images2.productserve.com/?w=200&h=200&bg=white&trim=5&t=letterbox&url=ssl%3Acdn.shopify.com%2Fs%2Ffiles%2F1%2F0414%2F6023%2F6453%2Ffiles%2Fcybex-pushchairs-cybex-balios-s-lux-pushchair-folding-carrycot-moon-black-1245773351.jpg%3Fv%3D1782319810&feedId=112637&k=be6696945ea0fa26452953704d39becd6f428cd3,GBP,,0 GBP,https://www.mamasandpapas.com/products/cybex-balios-s-lux-fold-cc-moon-black-69552b200,,2026-08-07 08:29:42,£749.95,112637,Cybex,1,,,,,,Pram & Pushchair
https://www.awin1.com/pclick.php?p=45128174960&a=2771700&m=6526,Cybex Balios S Lux Pushchair &amp; Folding Carrycot - Chocolate Brown,45128174960,GB _GBP_54131769737553,https://cdn.shopify.com/s/files/1/0414/6023/6453/files/cybex-pushchairs-cybex-balios-s-lux-pushchair-folding-carrycot-chocolate-brown-1245912327.jpg?v=1782321431,"Cybex Balios S Lux Pushchair Love living city life to the max? The all-new, upgraded BALIOS S LUX has all the flexibility and luxurious comfort you and your child could wish for, right from day one. Enjoy peace of mind that your little one is safe and comfortable, while you take charge of your to-do list. Curbs, cobbles or bumpy sidewalks are easy to tackle with its advanced, city-ready suspension. The ergonomic lie-flat recline lets even the smallest babies enjoy the smoothest rides from day one, while the unique one-pull harness supplies a snug fit in seconds. And it looks as good as it handles, with a sleek design and colours for taking on the city in style. AGR is an independent, German organization that evaluates products for their ability to relieve and avoid back-pain, one of the most common health issues worldwide today. CYBEX has been granted their Seal of Approval for this product, recognizing its unique ergonomic design and functionality for both parents and children alike. Product Features: One stroller, three ways to ride. Attach a CYBEX Cot S Lux Carrycot, CYBEX infant car seat or the Balios S Lux seat unit to adapt the stroller for any journey. Enjoy a new level of riding comfort thanks to the combination of front-wheel suspension and innovative frame-based rear suspension. The huge reversible seat unit of the Balios S Lux provides luxurious comfort and coziness, and is fully adjustable into an ergonomic lie-flat position for use from birth and is AGR certified. Secure your child in seconds. One hand is all you need to fit the harness to the perfect form-hugging position. The new curved handlebar shape fits with the sleek design of the Balios S Lux. The height adjustable handlebar allows the steering level to be tailored to the height of the parent, the handlebar height can be easily adjusted with one hand. With one hand the Balios S Lux can be easily folded into a free-standing package, for convenient storage and fit into even the smaller car boots. Go off-road with confidence, with wheels that won’t puncture no matter how tough the terrain. A 10 kg load capacity makes the Balios S Lux an invaluable companion for the weekly shop, day trips and picnics. The new shape and design of the shopping basket ensures easy access and plenty of storage space! Shield your child from the elements with an extendable XXL sun canopy made of UPF50+ protective fabric, featuring a mesh window for breathability and healthy air circulation on hot days. Cybex Cot S Lux Carrycot The new Cot S Lux Carrycot is ideal for babies from birth until they are approximately six months old. Approved for overnight sleeping and with a cosy interior lining and soft foam mattress the Cot S Lux offers maximum comfort and support. Simply click the carrycot to the Cybex Balios S Lux or Talos S Lux pushchair frame and you're ready to go, removing the carrycot from the frame is just as easy using the memory buttons and integrated carrying handle. The new Cot S Lux has an additional internal pocket to keep belongings safe, a panorama sky view window for improved air circulation and a UPF50+ XXL sun canopy, keeping your baby protected from day one. Cybex Balios S Lux Pushchair Age Suitability: From birth to 4 years old. Composition: Polyester blend Care &amp; Maintenance: Wash fabrics at 30 degrees, line dry Self-Assembly Required?: Part Assembled Cybex Cot S Lux Carrycot Age suitability: Birth - 6 months Composition: Polyester &amp; cotton Maximum child weight: 9kg Assembly: Part assembled Care &amp; maintenance: Wash fabric at 30 and line dry Cybex Balios S Lux Pushchair Dimensions: Assembled: 87cm x 60cm x 108cm Folded: 29.5cm x 49cm x 71cm Weight: 11.2kg Cybex Cot S Lux Carrycot Dimensions (unfolded) : 84.5cm x 41cm x 31.5cm Dimensions (folded) : 84.3cm x 41cm x 18cm Weight: 4.6kg Travel system ready. One stroller, three ways to ride Advanced suspension Ergonomic lie-flat position Baby &amp; Toddler &gt; Baby Transport &gt; Pushchairs &amp; Prams",,749.95,Mamas & Papas,6526,,,https://images2.productserve.com/?w=200&h=200&bg=white&trim=5&t=letterbox&url=ssl%3Acdn.shopify.com%2Fs%2Ffiles%2F1%2F0414%2F6023%2F6453%2Ffiles%2Fcybex-pushchairs-cybex-balios-s-lux-pushchair-folding-carrycot-chocolate-brown-1245912327.jpg%3Fv%3D1782321431&feedId=112637&k=e74e14fce94fccda74b0e39c76e40383fb60f833,GBP,,0 GBP,https://www.mamasandpapas.com/products/cybex-balios-s-lux-fold-cc-choc-brwn-69552n800,,2026-08-07 08:29:43,£749.95,112637,Cybex,1,,,,,,Pram & Pushchair
https://www.awin1.com/pclick.php?p=45128174964&a=2771700&m=6526,Cybex Balios S Lux Pushchair &amp; Folding Carrycot - Almond Beige,45128174964,GB _GBP_54131773079889,https://cdn.shopify.com/s/files/1/0414/6023/6453/files/cybex-pushchairs-cybex-balios-s-lux-pushchair-folding-carrycot-almond-beige-1245901833.jpg?v=1782319572,"Cybex Balios S Lux Pushchair Love living city life to the max? The all-new, upgraded BALIOS S LUX has all the flexibility and luxurious comfort you and your child could wish for, right from day one. Enjoy peace of mind that your little one is safe and comfortable, while you take charge of your to-do list. Curbs, cobbles or bumpy sidewalks are easy to tackle with its advanced, city-ready suspension. The ergonomic lie-flat recline lets even the smallest babies enjoy the smoothest rides from day one, while the unique one-pull harness supplies a snug fit in seconds. And it looks as good as it handles, with a sleek design and colours for taking on the city in style. AGR is an independent, German organization that evaluates products for their ability to relieve and avoid back-pain, one of the most common health issues worldwide today. CYBEX has been granted their Seal of Approval for this product, recognizing its unique ergonomic design and functionality for both parents and children alike. Product Features: One stroller, three ways to ride. Attach a CYBEX Cot S Lux Carrycot, CYBEX infant car seat or the Balios S Lux seat unit to adapt the stroller for any journey. Enjoy a new level of riding comfort thanks to the combination of front-wheel suspension and innovative frame-based rear suspension. The huge reversible seat unit of the Balios S Lux provides luxurious comfort and coziness, and is fully adjustable into an ergonomic lie-flat position for use from birth and is AGR certified. Secure your child in seconds. One hand is all you need to fit the harness to the perfect form-hugging position. The new curved handlebar shape fits with the sleek design of the Balios S Lux. The height adjustable handlebar allows the steering level to be tailored to the height of the parent, the handlebar height can be easily adjusted with one hand. With one hand the Balios S Lux can be easily folded into a free-standing package, for convenient storage and fit into even the smaller car boots. Go off-road with confidence, with wheels that won’t puncture no matter how tough the terrain. A 10 kg load capacity makes the Balios S Lux an invaluable companion for the weekly shop, day trips and picnics. The new shape and design of the shopping basket ensures easy access and plenty of storage space! Shield your child from the elements with an extendable XXL sun canopy made of UPF50+ protective fabric, featuring a mesh window for breathability and healthy air circulation on hot days. Cybex Cot S Lux Carrycot The new Cot S Lux Carrycot is ideal for babies from birth until they are approximately six months old. Approved for overnight sleeping and with a cosy interior lining and soft foam mattress the Cot S Lux offers maximum comfort and support. Simply click the carrycot to the Cybex Balios S Lux or Talos S Lux pushchair frame and you're ready to go, removing the carrycot from the frame is just as easy using the memory buttons and integrated carrying handle. The new Cot S Lux has an additional internal pocket to keep belongings safe, a panorama sky view window for improved air circulation and a UPF50+ XXL sun canopy, keeping your baby protected from day one. Cybex Balios S Lux Pushchair Age Suitability: From birth to 4 years old. Composition: Polyester blend Care &amp; Maintenance: Wash fabrics at 30 degrees, line dry Self-Assembly Required?: Part Assembled Cybex Cot S Lux Carrycot Age suitability: Birth - 6 months Composition: Polyester &amp; cotton Maximum child weight: 9kg Assembly: Part assembled Care &amp; maintenance: Wash fabric at 30 and line dry Cybex Balios S Lux Pushchair Dimensions: Assembled: 87cm x 60cm x 108cm Folded: 29.5cm x 49cm x 71cm Weight: 11.2kg Cybex Cot S Lux Carrycot Dimensions (unfolded) : 84.5cm x 41cm x 31.5cm Dimensions (folded) : 84.3cm x 41cm x 18cm Weight: 4.6kg Travel system ready. One stroller, three ways to ride Advanced suspension Ergonomic lie-flat position Baby &amp; Toddler &gt; Baby Transport &gt; Pushchairs &amp; Prams",,749.95,Mamas & Papas,6526,,,https://images2.productserve.com/?w=200&h=200&bg=white&trim=5&t=letterbox&url=ssl%3Acdn.shopify.com%2Fs%2Ffiles%2F1%2F0414%2F6023%2F6453%2Ffiles%2Fcybex-pushchairs-cybex-balios-s-lux-pushchair-folding-carrycot-almond-beige-1245901833.jpg%3Fv%3D1782319572&feedId=112637&k=8536174a6e7c286cd75324faa1eb880ca058a91f,GBP,,0 GBP,https://www.mamasandpapas.com/products/cybex-balios-s-lux-fold-cc-almond-bei-69552g600,,2026-08-07 08:29:43,£749.95,112637,Cybex,1,,,,,,Pram & Pushchair
https://www.awin1.com/pclick.php?p=45180352946&a=2771700&m=6526,Nuna Mixx Next Pushchair Bundle with Carrycot Stand &amp; Arra Flex Car Seat &amp; Base - Pistachio,45180352946,GB _GBP_54185143468369,https://cdn.shopify.com/s/files/1/0414/6023/6453/files/nuna-nuna-mixx-next-pushchair-bundle-with-carrycot-stand-arra-flex-car-seat-base-pistachio-1251568317.jpg?v=1785415150,"Pack up and go anywhere with the MIXX next ARRA flex bundle from Nuna. Designed for life on the go, the stroller offers a smooth, one-handed manoeuvre and a fully lie-flat recline for restful naps wherever your day takes you. When it’s time to pack up, its compact fold fits neatly into smaller spaces, making it easier to bring along on all your adventures. Paired with the BASE curv and ARRA flex car seat, this bundle is engineered to simplify every journey, so you can focus on exploring and enjoying every moment of the wonder years. Product Features: Mixx Next The MIXX next pushchair is the unsung hero of everyday parenting. It’s a trusty sidekick, effortlessly gliding with one-handed finesse and featuring a lovely true flat recline for those impromptu naps. Mixx Next Carry cot Play more, get more things done, and enjoy the journey through the wonder years! The MIXX next carry cot connects to the MIXX next pushchair frame with just a click, outsmarting naptime so your day can remain uninterrupted. Arra Flex For those busy days and long journeys, ARRA flex infant car seat provides a smooth transition from crib to carrier. Its three recline positions, including a relaxed 157° recline position, allow baby to lie comfortably whether secured to the BASE curv, installed using the vehicle belt or attached to a pushchair. Base Curv The NEXT system™ compatible BASE curv conveniently rotates 360° and glides your child's car seat out towards you in one smooth motion with ProxiPivot™ technology for more comfortable ins and outs. Mixx Series Carrycot Stand Through the early days of parenthood, where you want nothing more than keeping baby within reach, the MIXX series stand is an essential. Through the early days of parenthood, where you want nothing more than keeping baby within reach, the MIXX series stand is an essential. Easily connecting to the MIXX next carry cot or any Nuna infant car seat, the stand keeps baby by your side and at the perfect level for eye-to-eye connection. Its one-handed fold and compact design make setup, storage, and travel a breeze. Plus, its spacious three compartment storage basket keeps the essentials organized and at the ready. Product Features: Snap MIXX next carry cot or any Nuna infant car seat into the stand with a super secure fit Ultra-compact design makes it perfect for around the house, travelling and storing Stand folds and unfolds with 1 hand for super simple set ups and store aways Spacious basket with 4.5 kg capacity Suitable for overnight sleeping when used on the stand, making it the perfect haven for keeping baby close by and cosy Alway be sure to harness baby when using stand with an infant car seat Stand is an ideal height for keeping baby within arm's reach at bedside Lightweight aluminium design for the ultimate in portability Spacious storage basket with 3 compartments for storing extra diapers and swaddles Age Suitability: Birth – approx. 4 years Weight Suitability: Birth – 22kg Standards UK / Europe: EN1888, ECE R129, EN1466 Mixx Series Carrycot Stand Safety / Warnings: WARNING: Never leave the child unattended. Standards UK / Europe: EN1466 Pushchair Dimensions:84 x 60 x 106 Carrycot Dimensions: 90 x 43 x 63 Mixx Series Carrycot Stand Dimensions – Unfolded/Assembled: 83 x 52 x 68 Dimensions – Folded/Unassembled: 81.5 x 51 x 13 Designed for life on the go, the stroller offers a smooth, one-handed manoeuvre and a fully lie-flat recline When it’s time to pack up, its compact fold fits neatly into smaller spaces This bundle includes the MIXX next stroller, MIXX next carry cot, Carrycot Stand, ARRA flex car seat and BASE curv Baby &amp; Toddler &gt; Baby Transport &gt; Pushchairs &amp; Prams",,1225,Mamas & Papas,6526,,,https://images2.productserve.com/?w=200&h=200&bg=white&trim=5&t=letterbox&url=ssl%3Acdn.shopify.com%2Fs%2Ffiles%2F1%2F0414%2F6023%2F6453%2Ffiles%2Fnuna-nuna-mixx-next-pushchair-bundle-with-carrycot-stand-arra-flex-car-seat-base-pistachio-1251568317.jpg%3Fv%3D1785415150&feedId=112637&k=e1da45a721efd03d0dc6ac4a6fa849128c4edf7c,GBP,,0 GBP,https://www.mamasandpapas.com/products/nuna-mixx-next-with-arra-flex-2349l6703,,2026-08-07 08:33:14,"£1,225",112637,Nuna,1,,,,,,Travel Bundle
https://www.awin1.com/pclick.php?p=45180352947&a=2771700&m=6526,Nuna Mixx Next Pushchair Bundle With Carrycot Stand &amp; Arra Flex Car Seat &amp; Base - Caviar,45180352947,GB _GBP_54185143959889,https://cdn.shopify.com/s/files/1/0414/6023/6453/files/nuna-nuna-mixx-next-pushchair-bundle-with-carrycot-stand-arra-flex-car-seat-base-caviar-1251568319.jpg?v=1785415058,"Nuna Mixx Next Pushchair The MIXX next pushchair is the unsung hero of everyday parenting. It’s a trusty sidekick, effortlessly gliding with one-handed finesse and featuring a lovely true flat recline for those impromptu naps. Not too big, not too small – it's the Goldilocks of pushchairs, ticking all the boxes. Stylish? Check. Packed with handy features? Double-check. Manoeuvre it through tight spots with ease and add a dash of style to your daily routine. Because, let's face it, parenting is an adventure. The MIXX next is here to make it a smoother ride. Consider it an everyday accomplice that's ready to carry you, and baby, through whatever life brings your way. Product Features: Automatic quick-click fold lock with trolley function for seamless stows and tows Easy to flip the seat so baby faces you or the world Switch to carry cot or car seat mode options in seconds Five-position recline easily adjusts with one hand Removable seat insert grows with baby for a perfect fit Rear-wheel Free-flex suspension™ and front-wheel progressive suspension technology MagneTech secure snap™ is a self-guiding magnetic buckle that automatically locks into place No-rethread 3 to 5-point harness for easy adjustments Water-repellent UPF 50+ canopy is extendable and features a flip-out eyeshade, ventilation panel, and window Tyres are tough, foam filled and ready for any terrain Height-adjustable pushbar to accommodate varying heights All-season seat keeps baby cosy in winter and easily converts to mesh in summer Nuna Mixx Carrycot Play more, get more things done, and enjoy the journey through the wonder years! The MIXX carry cot connects to its pushchair frame with just a click, outsmarting naptime so your day can remain uninterrupted. Product Features: UPF 50+ canopy with Dream drape™ Dream drape™ pulls down smoothly and attaches quietly with magnets, because nothing beats a lovely, uninterrupted nap Additional mesh panels for all-season comfort Compact, flat fold Luxe hand-sewn leather-look carry handle Soft mattress cover and top cover are machine washable Hidden storage compartment Non-slip feet for added security and cleanliness Top cover is easily removable via zip Connects easily to the MIXX Next pushchair frame Nuna Arra Flex Car Seat For those busy days and long journeys, ARRA flex infant car seat provides a smooth transition from crib to carrier. Its three recline positions, including a relaxed 157° recline position, allow baby to lie comfortably whether secured to the BASE next, installed using the vehicle belt or attached to a pushchair. The lightweight ARRA flex is i-Size approved and offers innovative safety features along with ergonomic advantages that provide you and baby with the ultimate freedom for every journey. Mixx Series Carrycot Stand Through the early days of parenthood, where you want nothing more than keeping baby within reach, the MIXX series stand is an essential. Through the early days of parenthood, where you want nothing more than keeping baby within reach, the MIXX series stand is an essential. Easily connecting to the MIXX next carry cot or any Nuna infant car seat, the stand keeps baby by your side and at the perfect level for eye-to-eye connection. Its one-handed fold and compact design make setup, storage, and travel a breeze. Plus, its spacious three compartment storage basket keeps the essentials organized and at the ready. Product Features: Snap MIXX next carry cot or any Nuna infant car seat into the stand with a super secure fit Ultra-compact design makes it perfect for around the house, travelling and storing Stand folds and unfolds with 1 hand for super simple set ups and store aways Spacious basket with 4.5 kg capacity Suitable for overnight sleeping when used on the stand, making it the perfect haven for keeping baby close by and cosy Alway be sure to harness baby when using stand with an infant car seat Stand is an ideal height for keeping baby within arm's reach at bedside Lightweight aluminium design for the ultimate in portability Spacious storage basket with 3 compartments for storing extra diapers and swaddles Nuna Mixx Next Pushchair Item Includes: Pushchair, raincover, adapters, footmuff Age Suitability: Birth – approx. 4 years Weight Suitability: Birth – 22kg Fabric Composition: Polyester Standards UK / Europe: EN1888 Nuna Mixx Carrycot Age Suitability: Birth – approx. 6 months Weight Suitability: Birth – 9kg Fabric Composition: Polyester Standards UK / Europe: EN1466 Nuna Arra Flex Car Seat Item Includes: Car seat, merino wool insert, isofix latch guides Age Suitability: Birth – approx. 24 months Weight Suitability: Birth – 13kg Fabric Composition: Polyester, merino wool Care &amp; Maintenance: See instruction manual Standards UK / Europe: ECE R129 Nuna BASE Curv Rotating Car Seat Base Composition: 70% metals, 30% plastics Self-Assembly Required? Assembled Health &amp; Safety: Factory certified ISO 14001 ISO 9001 OHSAS 18001. Complies with European standard ECE R129/03. Mixx Series Carrycot Stand Safety / Warnings: WARNING: Never leave the child unattended. Standards UK / Europe: EN1466 Nuna Mixx Next Pushchair Dimensions – Unfolded/Assembled: 84 x 60 x 106 Dimensions – Folded/Unassembled 76 x 60 x 43 Weight (kg): 12.4kg Nuna Mixx Carrycot Dimensions – Unfolded/Assembled: 90 x 43 x 63 Dimensions – Folded/Unassembled: 90 x 43 x 14 Weight (kg): 3.95kg Nuna Arra Flex Car Seat Dimensions 64 x 43.5 x 58.5 Nuna BASE Curv Rotating Car Seat Base Dimensions: l 66.5 x w 40.5 x h 26.8 Weight: 7.21kg Mixx Series Carrycot Stand Dimensions – Unfolded/Assembled: 83 x 52 x 68 Dimensions – Folded/Unassembled: 81.5 x 51 x 13 Easy to flip the seat so baby faces you or the world Rear-wheel Free-flex suspension™ Tyres are tough, foam filled and ready for any terrain Baby &amp; Toddler &gt; Baby Transport &gt; Pushchairs &amp; Prams",,1225,Mamas & Papas,6526,,,https://images2.productserve.com/?w=200&h=200&bg=white&trim=5&t=letterbox&url=ssl%3Acdn.shopify.com%2Fs%2Ffiles%2F1%2F0414%2F6023%2F6453%2Ffiles%2Fnuna-nuna-mixx-next-pushchair-bundle-with-carrycot-stand-arra-flex-car-seat-base-caviar-1251568319.jpg%3Fv%3D1785415058&feedId=112637&k=5e77a485efe7b004c365794bd3b4c0e9ac0916a1,GBP,,0 GBP,https://www.mamasandpapas.com/products/nuna-mixx-next-with-arra-flex-2349v1717,,2026-08-07 08:33:15,"£1,225",112637,Nuna,1,,,,,,Travel Bundle
https://www.awin1.com/pclick.php?p=45180352948&a=2771700&m=6526,Nuna Mixx Next Pushchair Bundle With Carrycot Stand &amp; Arra Flex Car Seat &amp; Base - Chateau/Caviar,45180352948,GB _GBP_54185143828817,https://cdn.shopify.com/s/files/1/0414/6023/6453/files/nuna-nuna-mixx-next-pushchair-bundle-with-carrycot-stand-arra-flex-car-seat-base-chateau-caviar-1251568315.jpg?v=1785415091,"Nuna Mixx Next Pushchair The MIXX next pushchair is the unsung hero of everyday parenting. It’s a trusty sidekick, effortlessly gliding with one-handed finesse and featuring a lovely true flat recline for those impromptu naps. Not too big, not too small – it's the Goldilocks of pushchairs, ticking all the boxes. Stylish? Check. Packed with handy features? Double-check. Manoeuvre it through tight spots with ease and add a dash of style to your daily routine. Because, let's face it, parenting is an adventure. The MIXX next is here to make it a smoother ride. Consider it an everyday accomplice that's ready to carry you, and baby, through whatever life brings your way. Product Features: Automatic quick-click fold lock with trolley function for seamless stows and tows Easy to flip the seat so baby faces you or the world Switch to carry cot or car seat mode options in seconds Five-position recline easily adjusts with one hand Removable seat insert grows with baby for a perfect fit Rear-wheel Free-flex suspension™ and front-wheel progressive suspension technology MagneTech secure snap™ is a self-guiding magnetic buckle that automatically locks into place No-rethread 3 to 5-point harness for easy adjustments Water-repellent UPF 50+ canopy is extendable and features a flip-out eyeshade, ventilation panel, and window Tyres are tough, foam filled and ready for any terrain Height-adjustable pushbar to accommodate varying heights All-season seat keeps baby cosy in winter and easily converts to mesh in summer Nuna Mixx Carrycot - Chateau Play more, get more things done, and enjoy the journey through the wonder years! The MIXX carry cot connects to its pushchair frame with just a click, outsmarting naptime so your day can remain uninterrupted. Product Features: UPF 50+ canopy with Dream drape™ Dream drape™ pulls down smoothly and attaches quietly with magnets, because nothing beats a lovely, uninterrupted nap Additional mesh panels for all-season comfort Compact, flat fold Luxe hand-sewn leather-look carry handle Soft mattress cover and top cover are machine washable Hidden storage compartment Non-slip feet for added security and cleanliness Top cover is easily removable via zip Connects easily to the MIXX Next pushchair frame Nuna Arra Flex Car Seat For those busy days and long journeys, ARRA flex infant car seat provides a smooth transition from crib to carrier. Its three recline positions, including a relaxed 157° recline position, allow baby to lie comfortably whether secured to the BASE next, installed using the vehicle belt or attached to a pushchair. The lightweight ARRA flex is i-Size approved and offers innovative safety features along with ergonomic advantages that provide you and baby with the ultimate freedom for every journey. Mixx Series Carrycot Stand Through the early days of parenthood, where you want nothing more than keeping baby within reach, the MIXX series stand is an essential. Through the early days of parenthood, where you want nothing more than keeping baby within reach, the MIXX series stand is an essential. Easily connecting to the MIXX next carry cot or any Nuna infant car seat, the stand keeps baby by your side and at the perfect level for eye-to-eye connection. Its one-handed fold and compact design make setup, storage, and travel a breeze. Plus, its spacious three compartment storage basket keeps the essentials organized and at the ready. Product Features: Snap MIXX next carry cot or any Nuna infant car seat into the stand with a super secure fit Ultra-compact design makes it perfect for around the house, travelling and storing Stand folds and unfolds with 1 hand for super simple set ups and store aways Spacious basket with 4.5 kg capacity Suitable for overnight sleeping when used on the stand, making it the perfect haven for keeping baby close by and cosy Alway be sure to harness baby when using stand with an infant car seat Stand is an ideal height for keeping baby within arm's reach at bedside Lightweight aluminium design for the ultimate in portability Spacious storage basket with 3 compartments for storing extra diapers and swaddles Nuna Mixx Next Pushchair Item Includes: Pushchair, raincover, adapters, footmuff Age Suitability: Birth – approx. 4 years Weight Suitability: Birth – 22kg Fabric Composition: Polyester Standards UK / Europe: EN1888 Nuna Mixx Carrycot - Chateau Age Suitability: Birth – approx. 6 months Weight Suitability: Birth – 9kg Fabric Composition: Polyester Standards UK / Europe: EN1466 Nuna Arra Flex Car Seat Item Includes: Car seat, merino wool insert, isofix latch guides Age Suitability: Birth – approx. 24 months Weight Suitability: Birth – 13kg Fabric Composition: Polyester, merino wool Care &amp; Maintenance: See instruction manual Standards UK / Europe: ECE R129 Nuna BASE Curv Rotating Car Seat Base Composition: 70% metals, 30% plastics Self-Assembly Required? Assembled Health &amp; Safety: Factory certified ISO 14001 ISO 9001 OHSAS 18001. Complies with European standard ECE R129/03. Mixx Series Carrycot Stand Safety / Warnings: WARNING: Never leave the child unattended. Standards UK / Europe: EN1466 Nuna Mixx Next Pushchair Dimensions – Unfolded/Assembled: 84 x 60 x 106 Dimensions – Folded/Unassembled 76 x 60 x 43 Weight (kg): 12.4kg Nuna Mixx Carrycot - Chateau Dimensions – Unfolded/Assembled: 90 x 43 x 63 Dimensions – Folded/Unassembled: 90 x 43 x 14 Weight (kg): 3.95kg Nuna Arra Flex Car Seat Dimensions 64 x 43.5 x 58.5 Nuna BASE Curv Rotating Car Seat Base Dimensions: l 66.5 x w 40.5 x h 26.8 Weight: 7.21kg Mixx Series Carrycot Stand Dimensions – Unfolded/Assembled: 83 x 52 x 68 Dimensions – Folded/Unassembled: 81.5 x 51 x 13 Easy to flip the seat so baby faces you or the world Rear-wheel Free-flex suspension™ Tyres are tough, foam filled and ready for any terrain Baby &amp; Toddler &gt; Baby Transport &gt; Pushchairs &amp; Prams",,1225,Mamas & Papas,6526,,,https://images2.productserve.com/?w=200&h=200&bg=white&trim=5&t=letterbox&url=ssl%3Acdn.shopify.com%2Fs%2Ffiles%2F1%2F0414%2F6023%2F6453%2Ffiles%2Fnuna-nuna-mixx-next-pushchair-bundle-with-carrycot-stand-arra-flex-car-seat-base-chateau-caviar-1251568315.jpg%3Fv%3D1785415091&feedId=112637&k=074a1a26ee2f475679c6f2afa9d7b66d93634f3c,GBP,,0 GBP,https://www.mamasandpapas.com/products/nuna-mixx-next-with-arra-flex-23492m902,,2026-08-07 08:33:15,"£1,225",112637,Nuna,1,,,,,,Travel Bundle
https://www.awin1.com/pclick.php?p=45180352949&a=2771700&m=6526,Nuna Mixx Next Pushchair Bundle With Carrycot Stand &amp; Arra Flex Car Seat &amp; Base - Chestnut,45180352949,GB _GBP_54185143533905,https://cdn.shopify.com/s/files/1/0414/6023/6453/files/nuna-nuna-mixx-next-pushchair-bundle-with-carrycot-stand-arra-flex-car-seat-base-chestnut-1251568318.jpg?v=1785415120,"Nuna Mixx Next Pushchair The MIXX next pushchair is the unsung hero of everyday parenting. It’s a trusty sidekick, effortlessly gliding with one-handed finesse and featuring a lovely true flat recline for those impromptu naps. Not too big, not too small – it's the Goldilocks of pushchairs, ticking all the boxes. Stylish? Check. Packed with handy features? Double-check. Manoeuvre it through tight spots with ease and add a dash of style to your daily routine. Because, let's face it, parenting is an adventure. The MIXX next is here to make it a smoother ride. Consider it an everyday accomplice that's ready to carry you, and baby, through whatever life brings your way. Product Features: Automatic quick-click fold lock with trolley function for seamless stows and tows Easy to flip the seat so baby faces you or the world Switch to carry cot or car seat mode options in seconds Five-position recline easily adjusts with one hand Removable seat insert grows with baby for a perfect fit Rear-wheel Free-flex suspension™ and front-wheel progressive suspension technology MagneTech secure snap™ is a self-guiding magnetic buckle that automatically locks into place No-rethread 3 to 5-point harness for easy adjustments Water-repellent UPF 50+ canopy is extendable and features a flip-out eyeshade, ventilation panel, and window Tyres are tough, foam filled and ready for any terrain Height-adjustable pushbar to accommodate varying heights All-season seat keeps baby cosy in winter and easily converts to mesh in summer Nuna Mixx Carrycot Play more, get more things done, and enjoy the journey through the wonder years! The MIXX carry cot connects to its pushchair frame with just a click, outsmarting naptime so your day can remain uninterrupted. Product Features: UPF 50+ canopy with Dream drape™ Dream drape™ pulls down smoothly and attaches quietly with magnets, because nothing beats a lovely, uninterrupted nap Additional mesh panels for all-season comfort Compact, flat fold Luxe hand-sewn leather-look carry handle Soft mattress cover and top cover are machine washable Hidden storage compartment Non-slip feet for added security and cleanliness Top cover is easily removable via zip Connects easily to the MIXX Next pushchair frame Nuna Arra Flex Car Seat For those busy days and long journeys, ARRA flex infant car seat provides a smooth transition from crib to carrier. Its three recline positions, including a relaxed 157° recline position, allow baby to lie comfortably whether secured to the BASE next, installed using the vehicle belt or attached to a pushchair. The lightweight ARRA flex is i-Size approved and offers innovative safety features along with ergonomic advantages that provide you and baby with the ultimate freedom for every journey. Mixx Series Carrycot Stand Through the early days of parenthood, where you want nothing more than keeping baby within reach, the MIXX series stand is an essential. Through the early days of parenthood, where you want nothing more than keeping baby within reach, the MIXX series stand is an essential. Easily connecting to the MIXX next carry cot or any Nuna infant car seat, the stand keeps baby by your side and at the perfect level for eye-to-eye connection. Its one-handed fold and compact design make setup, storage, and travel a breeze. Plus, its spacious three compartment storage basket keeps the essentials organized and at the ready. Product Features: Snap MIXX next carry cot or any Nuna infant car seat into the stand with a super secure fit Ultra-compact design makes it perfect for around the house, travelling and storing Stand folds and unfolds with 1 hand for super simple set ups and store aways Spacious basket with 4.5 kg capacity Suitable for overnight sleeping when used on the stand, making it the perfect haven for keeping baby close by and cosy Alway be sure to harness baby when using stand with an infant car seat Stand is an ideal height for keeping baby within arm's reach at bedside Lightweight aluminium design for the ultimate in portability Spacious storage basket with 3 compartments for storing extra diapers and swaddles Nuna Mixx Next Pushchair Item Includes: Pushchair, raincover, adapters, footmuff Age Suitability: Birth – approx. 4 years Weight Suitability: Birth – 22kg Fabric Composition: Polyester Standards UK / Europe: EN1888 Nuna Mixx Carrycot Age Suitability: Birth – approx. 6 months Weight Suitability: Birth – 9kg Fabric Composition: Polyester Standards UK / Europe: EN1466 Nuna Arra Flex Car Seat Item Includes: Car seat, merino wool insert, isofix latch guides Age Suitability: Birth – approx. 24 months Weight Suitability: Birth – 13kg Fabric Composition: Polyester, merino wool Care &amp; Maintenance: See instruction manual Standards UK / Europe: ECE R129 Nuna BASE Curv Rotating Car Seat Base Composition: 70% metals, 30% plastics Self-Assembly Required? Assembled Health &amp; Safety: Factory certified ISO 14001 ISO 9001 OHSAS 18001. Complies with European standard ECE R129/03. Mixx Series Carrycot Stand Safety / Warnings: WARNING: Never leave the child unattended. Standards UK / Europe: EN1466 Nuna Mixx Next Pushchair Dimensions – Unfolded/Assembled: 84 x 60 x 106 Dimensions – Folded/Unassembled 76 x 60 x 43 Weight (kg): 12.4kg Nuna Mixx Carrycot Dimensions – Unfolded/Assembled: 90 x 43 x 63 Dimensions – Folded/Unassembled: 90 x 43 x 14 Weight (kg): 3.95kg Nuna Arra Flex Car Seat Dimensions 64 x 43.5 x 58.5 Nuna BASE Curv Rotating Car Seat Base Dimensions: l 66.5 x w 40.5 x h 26.8 Weight: 7.21kg Mixx Series Carrycot Stand Dimensions – Unfolded/Assembled: 83 x 52 x 68 Dimensions – Folded/Unassembled: 81.5 x 51 x 13 Easy to flip the seat so baby faces you or the world Rear-wheel Free-flex suspension™ Tyres are tough, foam filled and ready for any terrain Baby &amp; Toddler &gt; Baby Transport &gt; Pushchairs &amp; Prams",,1225,Mamas & Papas,6526,,,https://images2.productserve.com/?w=200&h=200&bg=white&trim=5&t=letterbox&url=ssl%3Acdn.shopify.com%2Fs%2Ffiles%2F1%2F0414%2F6023%2F6453%2Ffiles%2Fnuna-nuna-mixx-next-pushchair-bundle-with-carrycot-stand-arra-flex-car-seat-base-chestnut-1251568318.jpg%3Fv%3D1785415120&feedId=112637&k=55aec6f05d0df3c71b7fa4621c74e88128b626bd,GBP,,0 GBP,https://www.mamasandpapas.com/products/nuna-mixx-next-with-arra-flex-2349j9202,,2026-08-07 08:33:14,"£1,225",112637,Nuna,1,,,,,,Travel Bundle
https://www.awin1.com/pclick.php?p=45238948332&a=2771700&m=6526,Tommee Tippee Glass Bottle Newborn Starter Set,45238948332,GB _GBP_54263539859793,https://cdn.shopify.com/s/files/1/0414/6023/6453/files/tommee-tippee-bottle-feeding-tommee-tippee-glass-bottle-newborn-starter-set-1248210477.jpg?v=1783585658,"Tommee Tippee Natural Start Glass Newborn Starter Set, 150ml and 250ml Anti-Colic Baby Bottles, Extra-Slow and Slow Flow Breast-Like Teats for a Natural Latch, 1x Ultimate Fit Soother Included Tommee Tippee Natural Start glass bottles are durable and baby-safe. Designed to last and look like new for longer, these borosilicate glass baby bottles are scratch and stain resistant and won't absorb smells or flavours from breast milk or formula. With a breast-like teat, Natural Start bottles are #1 for easily switching between breast, bottle and back again*. They have a smart self-sterilising design and a built-in anti-colic valve in the teat that's proven to reduce air intake*. Product Features Made to last: Specially designed with a durable borosilicate glass base, these baby glass bottles are naturally odour, scratch, and stain resistant Item Includes: 1 x Bottle and Teat Brush 1 x Ultimate fit Soother 2 x Medium Flow Teats 2 x 250ml Glass Bottles 1 x 150ml glass bottle Age Suitability: 0m+ Safety &amp; Warnings: Always use this product with adult supervision. Accidents have occurred when babies have been left alone with drinking equipment due to the baby falling or if the product has disassembled. • Never use feeding teats as a soother. • Continuous and prolonged sucking of fluids will cause tooth decay. Tooth decay in young children can occur even when non-sweetened fluids are used. This can occur if the baby is allowed to use the bottle for long periods through the day and particularly through the night, when saliva flow is reduced or if it is used as a soother. • Always check food temperature before feeding. Heating in microwave oven may produce localised high temperatures. Take extra care when microwave heating. Always stir heated food to ensure even heat distribution and test the temperature before serving. • Throw away at the first signs of damage or weakness. • Keep components not in use out of the reach of children. • Never attach to cords, ribbons, laces or loose parts of clothing. The child can be strangled. • Glass bottle may break. • Loosely place the assembled hood on the bottle before microwaving. Do not tighten to allow pressure release. Do not heat in a microwave with the bottle sealed. • When making up feed, follow the formula milk manufacturer's instructions. • The bottle hood can pose a suffocation hazard - keep out of reach of children. Durable borosilicate glass resists stains and odours Breast-like silicone teat supports a natural latch Anti-colic valve helps reduce air intake and discomfort Baby &amp; Toddler &gt; Nursing &amp; Feeding &gt; Baby Bottles",,38.99,Mamas & Papas,6526,,,https://images2.productserve.com/?w=200&h=200&bg=white&trim=5&t=letterbox&url=ssl%3Acdn.shopify.com%2Fs%2Ffiles%2F1%2F0414%2F6023%2F6453%2Ffiles%2Ftommee-tippee-bottle-feeding-tommee-tippee-glass-bottle-newborn-starter-set-1248210477.jpg%3Fv%3D1783585658&feedId=112637&k=492e4ae38f38ca63be273f35f20a5996b5723af0,GBP,,4.95 GBP,https://www.mamasandpapas.com/products/tt-ns-glass-bottle-kit-69832o600,,2026-08-07 08:33:17,£38.99,112637,Tommee Tippee,1,,,,,,Bottles
https://www.awin1.com/pclick.php?p=45274133733&a=2771700&m=6526,MAM Feel Good Glass Bottle 170ml (2 Pack) - Yellow,45274133733,GB _GBP_54306587738449,https://cdn.shopify.com/s/files/1/0414/6023/6453/files/mam-bottle-feeding-mam-feel-good-glass-bottle-170ml-2-pack-yellow-1249163396.jpg?v=1784205098,"Strong, safe, and planet-friendly. The MAM Feel Good Glass Bottle is durable, BPA-free, and features a soft teat accepted by 94% of babies, so feeding feels natural and worry-free. The MAM Feel Good Glass Bottle offers a safe, durable, and eco-friendly feeding solution. Made from temperature-resistant glass and featuring the soft SkinSoft™ teat accepted by 94% of babies, it's easy to clean, sterilise, and use. Expert-designed to support real parenting moments with confidence and comfort, every single day. Product Features Made from strong, temperature-resistant glass for safe heating, cooling, and sterilising Includes our SkinSoft™ teat, accepted by 94% of babies for a familiar feeding feel Age Suitability: 0m+ Care &amp; Maintenance: Handwash first with soap and warm water before sterilising. Assembly: Fully Assembled Safety &amp; Warnings: Always check parts before use and replace at the first sign of damage. Avoid sudden temperature changes or boiling water directly in the bottle. Clean and sterilise all parts separately before use, using gentle brushes only. Never heat or cool a sealed bottle, and always test feed temperature before serving. Keep safely out of reach of babies and children. Standards (UK / Europe): The product meets the requirements of EN 1400.Assembled: 71mm X 143mm X 143mm Folded: 71mm X 143mm X 143mm Made from strong, temperature-resistant glass for safe heating, cooling, and sterilising Includes our SkinSoft™ teat, accepted by 94% of babies for a familiar feeding feel Baby &amp; Toddler &gt; Nursing &amp; Feeding &gt; Baby Bottles",,19.99,Mamas & Papas,6526,,,https://images2.productserve.com/?w=200&h=200&bg=white&trim=5&t=letterbox&url=ssl%3Acdn.shopify.com%2Fs%2Ffiles%2F1%2F0414%2F6023%2F6453%2Ffiles%2Fmam-bottle-feeding-mam-feel-good-glass-bottle-170ml-2-pack-yellow-1249163396.jpg%3Fv%3D1784205098&feedId=112637&k=407f3a8d395ef6e363993cf1b041baf63f72305b,GBP,,4.95 GBP,https://www.mamasandpapas.com/products/mam-glass-bottle-170ml-2pk-696501700,,2026-08-07 08:33:19,£19.99,112637,MAM,1,,,,,,Bottles
https://www.awin1.com/pclick.php?p=45274133734&a=2771700&m=6526,MAM Feel Good Glass Bottle 260ml (2 Pack) - Yellow,45274133734,GB _GBP_54306587869521,https://cdn.shopify.com/s/files/1/0414/6023/6453/files/mam-bottle-feeding-mam-feel-good-glass-bottle-260ml-2-pack-yellow-1249163294.jpg?v=1784205011,"Strong, safe, and planet-friendly. The MAM Feel Good Glass Bottle is durable, BPA-free, and features a soft teat accepted by 94% of babies, so feeding feels natural and worry-free. The MAM Feel Good Glass Bottle offers a safe, durable, and eco-friendly feeding solution. Made from temperature-resistant glass and featuring the soft SkinSoft™ teat accepted by 94% of babies, it's easy to clean, sterilise, and use. Expert-designed to support real parenting moments with confidence and comfort, every single day. Product Features Made from strong, temperature-resistant glass for safe heating, cooling, and sterilising Includes our SkinSoft™ teat, accepted by 94% of babies for a familiar feeding feel Age Suitability: 0m+ Care &amp; Maintenance: Handwash first with soap and warm water before sterilising. Safety &amp; Warnings: Always check parts before use and replace at the first sign of damage. Avoid sudden temperature changes or boiling water directly in the bottle. Clean and sterilise all parts separately before use, using gentle brushes only. Never heat or cool a sealed bottle, and always test feed temperature before serving. Keep safely out of reach of babies and children. Standards (UK / Europe): The product meets the requirements of EN 1400.Assembled: 71mm X 71mm X 211mm Folded: 71mm X 71mm X 211mm Made from strong, temperature-resistant glass for safe heating, cooling, and sterilising Includes our SkinSoft™ teat, accepted by 94% of babies for a familiar feeding feel Baby &amp; Toddler &gt; Nursing &amp; Feeding &gt; Baby Bottles",,21.99,Mamas & Papas,6526,,,https://images2.productserve.com/?w=200&h=200&bg=white&trim=5&t=letterbox&url=ssl%3Acdn.shopify.com%2Fs%2Ffiles%2F1%2F0414%2F6023%2F6453%2Ffiles%2Fmam-bottle-feeding-mam-feel-good-glass-bottle-260ml-2-pack-yellow-1249163294.jpg%3Fv%3D1784205011&feedId=112637&k=2942e837bbff279ebcaaf2dde6f76128169d6ceb,GBP,,4.95 GBP,https://www.mamasandpapas.com/products/mam-glass-bottle-260ml-2pk-696601700,,2026-08-07 08:33:19,£21.99,112637,MAM,1,,,,,,Bottles
https://www.awin1.com/pclick.php?p=45287231394&a=2771700&m=6526,Mamas &amp; Papas 2 Piece Duck Legging Set - Newborn,45287231394,GB _GBP_54315396694353,https://cdn.shopify.com/s/files/1/0414/6023/6453/files/mamas-papas-outfits-sets-2-piece-duck-legging-set-1249087611.jpg?v=1784050212,"Details we love: Soft knit jumper with duck appliqué detail on front Long-sleeved with rib neck, cuffs and hem Shoulder button fastening Soft knit leggings with rib waistband and turn back cuffs Designed and nurtured in the UK There’s nothing quite like those precious newborn days, gently introducing baby to the world and those who matter most. Thoughtfully chosen by parents and gift-givers alike, our Welcome to the World collection is made for this very chapter, with pieces for tiny babies up to 12 months. Crafted from soft, gentle fabrics and finished with beautifully delicate details, each piece is designed to feel as special as it looks. Composition: 55% Cotton, 25% Polyester, 20% Acrylic Washcare: 40 Degree wash, do not bleach, cool tumble dry, cool iron, do not dry clean Safety Warnings: Keep away from fire Cute knit outfit set with delicate duck applique detail Soft, cosy fabric and stretchy waistband for ultimate comfort Perfect outfit for precious first outings and introductions Clothing &amp; Accessories &gt; Clothing &gt; Baby &amp; Toddler Clothing &gt; Baby &amp; Toddler Outfits",,35,Mamas & Papas,6526,,,https://images2.productserve.com/?w=200&h=200&bg=white&trim=5&t=letterbox&url=ssl%3Acdn.shopify.com%2Fs%2Ffiles%2F1%2F0414%2F6023%2F6453%2Ffiles%2Fmamas-papas-outfits-sets-2-piece-duck-legging-set-1249087611.jpg%3Fv%3D1784050212&feedId=112637&k=97b845941a9ddd1f58f047bc6a65d30d8e35007b,GBP,,4.95 GBP,https://www.mamasandpapas.com/products/2pc-duck-legging-set-nb-s42ln7zb0?variant=54315396694353,,2026-08-07 08:33:25,£35,112637,Mamas & Papas,1,,,,,,Baby Outfits
https://www.awin1.com/pclick.php?p=45287231395&a=2771700&m=6526,Mamas &amp; Papas 2 Piece Duck Legging Set - Up To 1 Month,45287231395,GB _GBP_54315396727121,https://cdn.shopify.com/s/files/1/0414/6023/6453/files/mamas-papas-outfits-sets-2-piece-duck-legging-set-1249087611.jpg?v=1784050212,"Details we love: Soft knit jumper with duck appliqué detail on front Long-sleeved with rib neck, cuffs and hem Shoulder button fastening Soft knit leggings with rib waistband and turn back cuffs Designed and nurtured in the UK There’s nothing quite like those precious newborn days, gently introducing baby to the world and those who matter most. Thoughtfully chosen by parents and gift-givers alike, our Welcome to the World collection is made for this very chapter, with pieces for tiny babies up to 12 months. Crafted from soft, gentle fabrics and finished with beautifully delicate details, each piece is designed to feel as special as it looks. Composition: 55% Cotton, 25% Polyester, 20% Acrylic Washcare: 40 Degree wash, do not bleach, cool tumble dry, cool iron, do not dry clean Safety Warnings: Keep away from fire Cute knit outfit set with delicate duck applique detail Soft, cosy fabric and stretchy waistband for ultimate comfort Perfect outfit for precious first outings and introductions Clothing &amp; Accessories &gt; Clothing &gt; Baby &amp; Toddler Clothing &gt; Baby &amp; Toddler Outfits",,35,Mamas & Papas,6526,,,https://images2.productserve.com/?w=200&h=200&bg=white&trim=5&t=letterbox&url=ssl%3Acdn.shopify.com%2Fs%2Ffiles%2F1%2F0414%2F6023%2F6453%2Ffiles%2Fmamas-papas-outfits-sets-2-piece-duck-legging-set-1249087611.jpg%3Fv%3D1784050212&feedId=112637&k=97b845941a9ddd1f58f047bc6a65d30d8e35007b,GBP,,4.95 GBP,https://www.mamasandpapas.com/products/2pc-duck-legging-set-nb-s42ln7zb0?variant=54315396727121,,2026-08-07 08:33:25,£35,112637,Mamas & Papas,1,,,,,,Baby Outfits
https://www.awin1.com/pclick.php?p=45287231396&a=2771700&m=6526,Mamas &amp; Papas 2 Piece Duck Legging Set - 0-3 Months,45287231396,GB _GBP_54315396759889,https://cdn.shopify.com/s/files/1/0414/6023/6453/files/mamas-papas-outfits-sets-2-piece-duck-legging-set-1249087611.jpg?v=1784050212,"Details we love: Soft knit jumper with duck appliqué detail on front Long-sleeved with rib neck, cuffs and hem Shoulder button fastening Soft knit leggings with rib waistband and turn back cuffs Designed and nurtured in the UK There’s nothing quite like those precious newborn days, gently introducing baby to the world and those who matter most. Thoughtfully chosen by parents and gift-givers alike, our Welcome to the World collection is made for this very chapter, with pieces for tiny babies up to 12 months. Crafted from soft, gentle fabrics and finished with beautifully delicate details, each piece is designed to feel as special as it looks. Composition: 55% Cotton, 25% Polyester, 20% Acrylic Washcare: 40 Degree wash, do not bleach, cool tumble dry, cool iron, do not dry clean Safety Warnings: Keep away from fire Cute knit outfit set with delicate duck applique detail Soft, cosy fabric and stretchy waistband for ultimate comfort Perfect outfit for precious first outings and introductions Clothing &amp; Accessories &gt; Clothing &gt; Baby &amp; Toddler Clothing &gt; Baby &amp; Toddler Outfits",,35,Mamas & Papas,6526,,,https://images2.productserve.com/?w=200&h=200&bg=white&trim=5&t=letterbox&url=ssl%3Acdn.shopify.com%2Fs%2Ffiles%2F1%2F0414%2F6023%2F6453%2Ffiles%2Fmamas-papas-outfits-sets-2-piece-duck-legging-set-1249087611.jpg%3Fv%3D1784050212&feedId=112637&k=97b845941a9ddd1f58f047bc6a65d30d8e35007b,GBP,,4.95 GBP,https://www.mamasandpapas.com/products/2pc-duck-legging-set-nb-s42ln7zb0?variant=54315396759889,,2026-08-07 08:33:25,£35,112637,Mamas & Papas,1,,,,,,Baby Outfits
https://www.awin1.com/pclick.php?p=45287231397&a=2771700&m=6526,Mamas &amp; Papas 2 Piece Duck Legging Set - 3-6 Months,45287231397,GB _GBP_54315396792657,https://cdn.shopify.com/s/files/1/0414/6023/6453/files/mamas-papas-outfits-sets-2-piece-duck-legging-set-1249087611.jpg?v=1784050212,"Details we love: Soft knit jumper with duck appliqué detail on front Long-sleeved with rib neck, cuffs and hem Shoulder button fastening Soft knit leggings with rib waistband and turn back cuffs Designed and nurtured in the UK There’s nothing quite like those precious newborn days, gently introducing baby to the world and those who matter most. Thoughtfully chosen by parents and gift-givers alike, our Welcome to the World collection is made for this very chapter, with pieces for tiny babies up to 12 months. Crafted from soft, gentle fabrics and finished with beautifully delicate details, each piece is designed to feel as special as it looks. Composition: 55% Cotton, 25% Polyester, 20% Acrylic Washcare: 40 Degree wash, do not bleach, cool tumble dry, cool iron, do not dry clean Safety Warnings: Keep away from fire Cute knit outfit set with delicate duck applique detail Soft, cosy fabric and stretchy waistband for ultimate comfort Perfect outfit for precious first outings and introductions Clothing &amp; Accessories &gt; Clothing &gt; Baby &amp; Toddler Clothing &gt; Baby &amp; Toddler Outfits",,35,Mamas & Papas,6526,,,https://images2.productserve.com/?w=200&h=200&bg=white&trim=5&t=letterbox&url=ssl%3Acdn.shopify.com%2Fs%2Ffiles%2F1%2F0414%2F6023%2F6453%2Ffiles%2Fmamas-papas-outfits-sets-2-piece-duck-legging-set-1249087611.jpg%3Fv%3D1784050212&feedId=112637&k=97b845941a9ddd1f58f047bc6a65d30d8e35007b,GBP,,4.95 GBP,https://www.mamasandpapas.com/products/2pc-duck-legging-set-nb-s42ln7zb0?variant=54315396792657,,2026-08-07 08:33:25,£35,112637,Mamas & Papas,1,,,,,,Baby Outfits
https://www.awin1.com/pclick.php?p=45287231398&a=2771700&m=6526,Mamas &amp; Papas 2 Piece Duck Legging Set - 6-9 Months,45287231398,GB _GBP_54315396825425,https://cdn.shopify.com/s/files/1/0414/6023/6453/files/mamas-papas-outfits-sets-2-piece-duck-legging-set-1249087611.jpg?v=1784050212,"Details we love: Soft knit jumper with duck appliqué detail on front Long-sleeved with rib neck, cuffs and hem Shoulder button fastening Soft knit leggings with rib waistband and turn back cuffs Designed and nurtured in the UK There’s nothing quite like those precious newborn days, gently introducing baby to the world and those who matter most. Thoughtfully chosen by parents and gift-givers alike, our Welcome to the World collection is made for this very chapter, with pieces for tiny babies up to 12 months. Crafted from soft, gentle fabrics and finished with beautifully delicate details, each piece is designed to feel as special as it looks. Composition: 55% Cotton, 25% Polyester, 20% Acrylic Washcare: 40 Degree wash, do not bleach, cool tumble dry, cool iron, do not dry clean Safety Warnings: Keep away from fire Cute knit outfit set with delicate duck applique detail Soft, cosy fabric and stretchy waistband for ultimate comfort Perfect outfit for precious first outings and introductions Clothing &amp; Accessories &gt; Clothing &gt; Baby &amp; Toddler Clothing &gt; Baby &amp; Toddler Outfits",,35,Mamas & Papas,6526,,,https://images2.productserve.com/?w=200&h=200&bg=white&trim=5&t=letterbox&url=ssl%3Acdn.shopify.com%2Fs%2Ffiles%2F1%2F0414%2F6023%2F6453%2Ffiles%2Fmamas-papas-outfits-sets-2-piece-duck-legging-set-1249087611.jpg%3Fv%3D1784050212&feedId=112637&k=97b845941a9ddd1f58f047bc6a65d30d8e35007b,GBP,,4.95 GBP,https://www.mamasandpapas.com/products/2pc-duck-legging-set-nb-s42ln7zb0?variant=54315396825425,,2026-08-07 08:33:25,£35,112637,Mamas & Papas,1,,,,,,Baby Outfits
https://www.awin1.com/pclick.php?p=45287231399&a=2771700&m=6526,Mamas &amp; Papas Hello World Knit Set (2 Piece) - Newborn,45287231399,GB _GBP_54315382800721,https://cdn.shopify.com/s/files/1/0414/6023/6453/files/mamas-papas-outfits-sets-hello-world-knit-set-2-piece-1249087621.jpg?v=1784050241,"Details we love: Soft knit cardigan with hello world"" embroidery detail Long-sleeved with rib neck, cuffs and hem Shoulder button fastening Soft knit leggings with rib waistband and turn back cuffs Designed and nurtured in the UK There’s nothing quite like those precious newborn days, gently introducing baby to the world and those who matter most. Thoughtfully chosen by parents and gift-givers alike, our Welcome to the World collection is made for this very chapter, with pieces for tiny babies up to 12 months. Crafted from soft, gentle fabrics and finished with beautifully delicate details, each piece is designed to feel as special as it looks. Composition: 55% Cotton, 25% Polyester, 20% Acrylic Washcare: 40 Degree wash, do not bleach, cool tumble dry, cool iron, do not dry clean Safety Warnings: Keep away from fire Cute knit outfit set with delicate ""hello world"" detail Soft, cosy fabric and stretchy waistband for ultimate comfort Perfect first, special outfit for their wardrobe and for gifting Clothing &amp; Accessories &gt; Clothing &gt; Baby &amp; Toddler Clothing &gt; Baby &amp; Toddler Outfits""",,32,Mamas & Papas,6526,,,https://images2.productserve.com/?w=200&h=200&bg=white&trim=5&t=letterbox&url=ssl%3Acdn.shopify.com%2Fs%2Ffiles%2F1%2F0414%2F6023%2F6453%2Ffiles%2Fmamas-papas-outfits-sets-hello-world-knit-set-2-piece-1249087621.jpg%3Fv%3D1784050241&feedId=112637&k=60e43525283b9596de067485657f32d2a3110295,GBP,,4.95 GBP,https://www.mamasandpapas.com/products/2pc-hello-world-knit-set-nb-s42ln7yb0?variant=54315382800721,,2026-08-07 08:33:25,£32,112637,Mamas & Papas,1,,,,,,Baby Outfits
https://www.awin1.com/pclick.php?p=45287231400&a=2771700&m=6526,Mamas &amp; Papas Hello World Knit Set (2 Piece) - Up To 1 Month,45287231400,GB _GBP_54315382833489,https://cdn.shopify.com/s/files/1/0414/6023/6453/files/mamas-papas-outfits-sets-hello-world-knit-set-2-piece-1249087621.jpg?v=1784050241,"Details we love: Soft knit cardigan with hello world"" embroidery detail Long-sleeved with rib neck, cuffs and hem Shoulder button fastening Soft knit leggings with rib waistband and turn back cuffs Designed and nurtured in the UK There’s nothing quite like those precious newborn days, gently introducing baby to the world and those who matter most. Thoughtfully chosen by parents and gift-givers alike, our Welcome to the World collection is made for this very chapter, with pieces for tiny babies up to 12 months. Crafted from soft, gentle fabrics and finished with beautifully delicate details, each piece is designed to feel as special as it looks. Composition: 55% Cotton, 25% Polyester, 20% Acrylic Washcare: 40 Degree wash, do not bleach, cool tumble dry, cool iron, do not dry clean Safety Warnings: Keep away from fire Cute knit outfit set with delicate ""hello world"" detail Soft, cosy fabric and stretchy waistband for ultimate comfort Perfect first, special outfit for their wardrobe and for gifting Clothing &amp; Accessories &gt; Clothing &gt; Baby &amp; Toddler Clothing &gt; Baby &amp; Toddler Outfits""",,32,Mamas & Papas,6526,,,https://images2.productserve.com/?w=200&h=200&bg=white&trim=5&t=letterbox&url=ssl%3Acdn.shopify.com%2Fs%2Ffiles%2F1%2F0414%2F6023%2F6453%2Ffiles%2Fmamas-papas-outfits-sets-hello-world-knit-set-2-piece-1249087621.jpg%3Fv%3D1784050241&feedId=112637&k=60e43525283b9596de067485657f32d2a3110295,GBP,,4.95 GBP,https://www.mamasandpapas.com/products/2pc-hello-world-knit-set-nb-s42ln7yb0?variant=54315382833489,,2026-08-07 08:33:25,£32,112637,Mamas & Papas,1,,,,,,Baby Outfits
https://www.awin1.com/pclick.php?p=45287231401&a=2771700&m=6526,Mamas &amp; Papas Hello World Knit Set (2 Piece) - 0-3 Months,45287231401,GB _GBP_54315382866257,https://cdn.shopify.com/s/files/1/0414/6023/6453/files/mamas-papas-outfits-sets-hello-world-knit-set-2-piece-1249087621.jpg?v=1784050241,"Details we love: Soft knit cardigan with hello world"" embroidery detail Long-sleeved with rib neck, cuffs and hem Shoulder button fastening Soft knit leggings with rib waistband and turn back cuffs Designed and nurtured in the UK There’s nothing quite like those precious newborn days, gently introducing baby to the world and those who matter most. Thoughtfully chosen by parents and gift-givers alike, our Welcome to the World collection is made for this very chapter, with pieces for tiny babies up to 12 months. Crafted from soft, gentle fabrics and finished with beautifully delicate details, each piece is designed to feel as special as it looks. Composition: 55% Cotton, 25% Polyester, 20% Acrylic Washcare: 40 Degree wash, do not bleach, cool tumble dry, cool iron, do not dry clean Safety Warnings: Keep away from fire Cute knit outfit set with delicate ""hello world"" detail Soft, cosy fabric and stretchy waistband for ultimate comfort Perfect first, special outfit for their wardrobe and for gifting Clothing &amp; Accessories &gt; Clothing &gt; Baby &amp; Toddler Clothing &gt; Baby &amp; Toddler Outfits""",,32,Mamas & Papas,6526,,,https://images2.productserve.com/?w=200&h=200&bg=white&trim=5&t=letterbox&url=ssl%3Acdn.shopify.com%2Fs%2Ffiles%2F1%2F0414%2F6023%2F6453%2Ffiles%2Fmamas-papas-outfits-sets-hello-world-knit-set-2-piece-1249087621.jpg%3Fv%3D1784050241&feedId=112637&k=60e43525283b9596de067485657f32d2a3110295,GBP,,4.95 GBP,https://www.mamasandpapas.com/products/2pc-hello-world-knit-set-nb-s42ln7yb0?variant=54315382866257,,2026-08-07 08:33:25,£32,112637,Mamas & Papas,1,,,,,,Baby Outfits
https://www.awin1.com/pclick.php?p=45287231402&a=2771700&m=6526,Mamas &amp; Papas Hello World Knit Set (2 Piece) - 3-6 Months,45287231402,GB _GBP_54315382899025,https://cdn.shopify.com/s/files/1/0414/6023/6453/files/mamas-papas-outfits-sets-hello-world-knit-set-2-piece-1249087621.jpg?v=1784050241,"Details we love: Soft knit cardigan with hello world"" embroidery detail Long-sleeved with rib neck, cuffs and hem Shoulder button fastening Soft knit leggings with rib waistband and turn back cuffs Designed and nurtured in the UK There’s nothing quite like those precious newborn days, gently introducing baby to the world and those who matter most. Thoughtfully chosen by parents and gift-givers alike, our Welcome to the World collection is made for this very chapter, with pieces for tiny babies up to 12 months. Crafted from soft, gentle fabrics and finished with beautifully delicate details, each piece is designed to feel as special as it looks. Composition: 55% Cotton, 25% Polyester, 20% Acrylic Washcare: 40 Degree wash, do not bleach, cool tumble dry, cool iron, do not dry clean Safety Warnings: Keep away from fire Cute knit outfit set with delicate ""hello world"" detail Soft, cosy fabric and stretchy waistband for ultimate comfort Perfect first, special outfit for their wardrobe and for gifting Clothing &amp; Accessories &gt; Clothing &gt; Baby &amp; Toddler Clothing &gt; Baby &amp; Toddler Outfits""",,32,Mamas & Papas,6526,,,https://images2.productserve.com/?w=200&h=200&bg=white&trim=5&t=letterbox&url=ssl%3Acdn.shopify.com%2Fs%2Ffiles%2F1%2F0414%2F6023%2F6453%2Ffiles%2Fmamas-papas-outfits-sets-hello-world-knit-set-2-piece-1249087621.jpg%3Fv%3D1784050241&feedId=112637&k=60e43525283b9596de067485657f32d2a3110295,GBP,,4.95 GBP,https://www.mamasandpapas.com/products/2pc-hello-world-knit-set-nb-s42ln7yb0?variant=54315382899025,,2026-08-07 08:33:25,£32,112637,Mamas & Papas,1,,,,,,Baby Outfits
https://www.awin1.com/pclick.php?p=45287231403&a=2771700&m=6526,Mamas &amp; Papas Hello World Knit Set (2 Piece) - 6-9 Months,45287231403,GB _GBP_54315382931793,https://cdn.shopify.com/s/files/1/0414/6023/6453/files/mamas-papas-outfits-sets-hello-world-knit-set-2-piece-1249087621.jpg?v=1784050241,"Details we love: Soft knit cardigan with hello world"" embroidery detail Long-sleeved with rib neck, cuffs and hem Shoulder button fastening Soft knit leggings with rib waistband and turn back cuffs Designed and nurtured in the UK There’s nothing quite like those precious newborn days, gently introducing baby to the world and those who matter most. Thoughtfully chosen by parents and gift-givers alike, our Welcome to the World collection is made for this very chapter, with pieces for tiny babies up to 12 months. Crafted from soft, gentle fabrics and finished with beautifully delicate details, each piece is designed to feel as special as it looks. Composition: 55% Cotton, 25% Polyester, 20% Acrylic Washcare: 40 Degree wash, do not bleach, cool tumble dry, cool iron, do not dry clean Safety Warnings: Keep away from fire Cute knit outfit set with delicate ""hello world"" detail Soft, cosy fabric and stretchy waistband for ultimate comfort Perfect first, special outfit for their wardrobe and for gifting Clothing &amp; Accessories &gt; Clothing &gt; Baby &amp; Toddler Clothing &gt; Baby &amp; Toddler Outfits""",,32,Mamas & Papas,6526,,,https://images2.productserve.com/?w=200&h=200&bg=white&trim=5&t=letterbox&url=ssl%3Acdn.shopify.com%2Fs%2Ffiles%2F1%2F0414%2F6023%2F6453%2Ffiles%2Fmamas-papas-outfits-sets-hello-world-knit-set-2-piece-1249087621.jpg%3Fv%3D1784050241&feedId=112637&k=60e43525283b9596de067485657f32d2a3110295,GBP,,4.95 GBP,https://www.mamasandpapas.com/products/2pc-hello-world-knit-set-nb-s42ln7yb0?variant=54315382931793,,2026-08-07 08:33:25,£32,112637,Mamas & Papas,1,,,,,,Baby Outfits
https://www.awin1.com/pclick.php?p=45287231404&a=2771700&m=6526,Mamas &amp; Papas 2 Piece Duck Knit Set - Newborn,45287231404,GB _GBP_54315373560145,https://cdn.shopify.com/s/files/1/0414/6023/6453/files/mamas-papas-outfits-sets-2-piece-duck-knit-set-1249087614.jpg?v=1784050450,"Details we love: 100% cotton jacquard duck knit top Shoulder button fastening with rib neck, cuff and hem Matching 100% cotton jacquard duck knit trousers with rib waistband and hem Designed and nurtured in the UK There’s nothing quite like those precious newborn days, gently introducing baby to the world and those who matter most. Thoughtfully chosen by parents and gift-givers alike, our Welcome to the World collection is made for this very chapter, with pieces for tiny babies up to 12 months. Crafted from soft, gentle fabrics and finished with beautifully delicate details, each piece is designed to feel as special as it looks. Composition: Jumper: 100% Cotton Trousers: 100% Cotton Washcare: 40 degree wash, do not bleach, cool tumble dry, cool iron, do not dry clean, wash dark colours separately, wash &amp; iron inside out Safety Warnings: Keep away from fire Adorable duck-themed jacquard knit set 100% snuggly soft cotton and stretchy waistband for superior comfort Perfect outfit for precious first outings and introductions Clothing &amp; Accessories &gt; Clothing &gt; Baby &amp; Toddler Clothing &gt; Baby &amp; Toddler Outfits",,32,Mamas & Papas,6526,,,https://images2.productserve.com/?w=200&h=200&bg=white&trim=5&t=letterbox&url=ssl%3Acdn.shopify.com%2Fs%2Ffiles%2F1%2F0414%2F6023%2F6453%2Ffiles%2Fmamas-papas-outfits-sets-2-piece-duck-knit-set-1249087614.jpg%3Fv%3D1784050450&feedId=112637&k=0c01b720336fa19cddb12b6ea39b2fd4569d1e69,GBP,,4.95 GBP,https://www.mamasandpapas.com/products/2pc-duck-knit-set-nb-s42ln9ab0?variant=54315373560145,,2026-08-07 10:17:14,£32,112637,Mamas & Papas,1,,,,,,Baby Outfits
https://www.awin1.com/pclick.php?p=45287231405&a=2771700&m=6526,Mamas &amp; Papas 2 Piece Duck Knit Set - Up To 1 Month,45287231405,GB _GBP_54315373592913,https://cdn.shopify.com/s/files/1/0414/6023/6453/files/mamas-papas-outfits-sets-2-piece-duck-knit-set-1249087614.jpg?v=1784050450,"Details we love: 100% cotton jacquard duck knit top Shoulder button fastening with rib neck, cuff and hem Matching 100% cotton jacquard duck knit trousers with rib waistband and hem Designed and nurtured in the UK There’s nothing quite like those precious newborn days, gently introducing baby to the world and those who matter most. Thoughtfully chosen by parents and gift-givers alike, our Welcome to the World collection is made for this very chapter, with pieces for tiny babies up to 12 months. Crafted from soft, gentle fabrics and finished with beautifully delicate details, each piece is designed to feel as special as it looks. Composition: Jumper: 100% Cotton Trousers: 100% Cotton Washcare: 40 degree wash, do not bleach, cool tumble dry, cool iron, do not dry clean, wash dark colours separately, wash &amp; iron inside out Safety Warnings: Keep away from fire Adorable duck-themed jacquard knit set 100% snuggly soft cotton and stretchy waistband for superior comfort Perfect outfit for precious first outings and introductions Clothing &amp; Accessories &gt; Clothing &gt; Baby &amp; Toddler Clothing &gt; Baby &amp; Toddler Outfits",,32,Mamas & Papas,6526,,,https://images2.productserve.com/?w=200&h=200&bg=white&trim=5&t=letterbox&url=ssl%3Acdn.shopify.com%2Fs%2Ffiles%2F1%2F0414%2F6023%2F6453%2Ffiles%2Fmamas-papas-outfits-sets-2-piece-duck-knit-set-1249087614.jpg%3Fv%3D1784050450&feedId=112637&k=0c01b720336fa19cddb12b6ea39b2fd4569d1e69,GBP,,4.95 GBP,https://www.mamasandpapas.com/products/2pc-duck-knit-set-nb-s42ln9ab0?variant=54315373592913,,2026-08-07 10:17:14,£32,112637,Mamas & Papas,1,,,,,,Baby Outfits
https://www.awin1.com/pclick.php?p=45287231406&a=2771700&m=6526,Mamas &amp; Papas 2 Piece Duck Knit Set - 0-3 Months,45287231406,GB _GBP_54315373625681,https://cdn.shopify.com/s/files/1/0414/6023/6453/files/mamas-papas-outfits-sets-2-piece-duck-knit-set-1249087614.jpg?v=1784050450,"Details we love: 100% cotton jacquard duck knit top Shoulder button fastening with rib neck, cuff and hem Matching 100% cotton jacquard duck knit trousers with rib waistband and hem Designed and nurtured in the UK There’s nothing quite like those precious newborn days, gently introducing baby to the world and those who matter most. Thoughtfully chosen by parents and gift-givers alike, our Welcome to the World collection is made for this very chapter, with pieces for tiny babies up to 12 months. Crafted from soft, gentle fabrics and finished with beautifully delicate details, each piece is designed to feel as special as it looks. Composition: Jumper: 100% Cotton Trousers: 100% Cotton Washcare: 40 degree wash, do not bleach, cool tumble dry, cool iron, do not dry clean, wash dark colours separately, wash &amp; iron inside out Safety Warnings: Keep away from fire Adorable duck-themed jacquard knit set 100% snuggly soft cotton and stretchy waistband for superior comfort Perfect outfit for precious first outings and introductions Clothing &amp; Accessories &gt; Clothing &gt; Baby &amp; Toddler Clothing &gt; Baby &amp; Toddler Outfits",,32,Mamas & Papas,6526,,,https://images2.productserve.com/?w=200&h=200&bg=white&trim=5&t=letterbox&url=ssl%3Acdn.shopify.com%2Fs%2Ffiles%2F1%2F0414%2F6023%2F6453%2Ffiles%2Fmamas-papas-outfits-sets-2-piece-duck-knit-set-1249087614.jpg%3Fv%3D1784050450&feedId=112637&k=0c01b720336fa19cddb12b6ea39b2fd4569d1e69,GBP,,4.95 GBP,https://www.mamasandpapas.com/products/2pc-duck-knit-set-nb-s42ln9ab0?variant=54315373625681,,2026-08-07 10:17:14,£32,112637,Mamas & Papas,1,,,,,,Baby Outfits
https://www.awin1.com/pclick.php?p=45287231407&a=2771700&m=6526,Mamas &amp; Papas 2 Piece Duck Knit Set - 3-6 Months,45287231407,GB _GBP_54315373658449,https://cdn.shopify.com/s/files/1/0414/6023/6453/files/mamas-papas-outfits-sets-2-piece-duck-knit-set-1249087614.jpg?v=1784050450,"Details we love: 100% cotton jacquard duck knit top Shoulder button fastening with rib neck, cuff and hem Matching 100% cotton jacquard duck knit trousers with rib waistband and hem Designed and nurtured in the UK There’s nothing quite like those precious newborn days, gently introducing baby to the world and those who matter most. Thoughtfully chosen by parents and gift-givers alike, our Welcome to the World collection is made for this very chapter, with pieces for tiny babies up to 12 months. Crafted from soft, gentle fabrics and finished with beautifully delicate details, each piece is designed to feel as special as it looks. Composition: Jumper: 100% Cotton Trousers: 100% Cotton Washcare: 40 degree wash, do not bleach, cool tumble dry, cool iron, do not dry clean, wash dark colours separately, wash &amp; iron inside out Safety Warnings: Keep away from fire Adorable duck-themed jacquard knit set 100% snuggly soft cotton and stretchy waistband for superior comfort Perfect outfit for precious first outings and introductions Clothing &amp; Accessories &gt; Clothing &gt; Baby &amp; Toddler Clothing &gt; Baby &amp; Toddler Outfits",,32,Mamas & Papas,6526,,,https://images2.productserve.com/?w=200&h=200&bg=white&trim=5&t=letterbox&url=ssl%3Acdn.shopify.com%2Fs%2Ffiles%2F1%2F0414%2F6023%2F6453%2Ffiles%2Fmamas-papas-outfits-sets-2-piece-duck-knit-set-1249087614.jpg%3Fv%3D1784050450&feedId=112637&k=0c01b720336fa19cddb12b6ea39b2fd4569d1e69,GBP,,4.95 GBP,https://www.mamasandpapas.com/products/2pc-duck-knit-set-nb-s42ln9ab0?variant=54315373658449,,2026-08-07 10:17:14,£32,112637,Mamas & Papas,1,,,,,,Baby Outfits
https://www.awin1.com/pclick.php?p=45287231408&a=2771700&m=6526,Mamas &amp; Papas 2 Piece Duck Knit Set - 6-9 Months,45287231408,GB _GBP_54315373691217,https://cdn.shopify.com/s/files/1/0414/6023/6453/files/mamas-papas-outfits-sets-2-piece-duck-knit-set-1249087614.jpg?v=1784050450,"Details we love: 100% cotton jacquard duck knit top Shoulder button fastening with rib neck, cuff and hem Matching 100% cotton jacquard duck knit trousers with rib waistband and hem Designed and nurtured in the UK There’s nothing quite like those precious newborn days, gently introducing baby to the world and those who matter most. Thoughtfully chosen by parents and gift-givers alike, our Welcome to the World collection is made for this very chapter, with pieces for tiny babies up to 12 months. Crafted from soft, gentle fabrics and finished with beautifully delicate details, each piece is designed to feel as special as it looks. Composition: Jumper: 100% Cotton Trousers: 100% Cotton Washcare: 40 degree wash, do not bleach, cool tumble dry, cool iron, do not dry clean, wash dark colours separately, wash &amp; iron inside out Safety Warnings: Keep away from fire Adorable duck-themed jacquard knit set 100% snuggly soft cotton and stretchy waistband for superior comfort Perfect outfit for precious first outings and introductions Clothing &amp; Accessories &gt; Clothing &gt; Baby &amp; Toddler Clothing &gt; Baby &amp; Toddler Outfits",,32,Mamas & Papas,6526,,,https://images2.productserve.com/?w=200&h=200&bg=white&trim=5&t=letterbox&url=ssl%3Acdn.shopify.com%2Fs%2Ffiles%2F1%2F0414%2F6023%2F6453%2Ffiles%2Fmamas-papas-outfits-sets-2-piece-duck-knit-set-1249087614.jpg%3Fv%3D1784050450&feedId=112637&k=0c01b720336fa19cddb12b6ea39b2fd4569d1e69,GBP,,4.95 GBP,https://www.mamasandpapas.com/products/2pc-duck-knit-set-nb-s42ln9ab0?variant=54315373691217,,2026-08-07 10:17:14,£32,112637,Mamas & Papas,1,,,,,,Baby Outfits
https://www.awin1.com/pclick.php?p=45287231409&a=2771700&m=6526,Mamas &amp; Papas Moon Knit Set (2 Pieces) - Newborn,45287231409,GB _GBP_54315442602321,https://cdn.shopify.com/s/files/1/0414/6023/6453/files/mamas-papas-outfits-sets-moon-knit-set-2-pieces-1249087583.jpg?v=1784049432,"Details we love: Soft knit jumper with crochet moon bodice detail Long-sleeved with contrast rib neck, cuffs and hem Back button fastening Matching stripe knit leggings with rib waistband and turn-back cuffs Designed and nurtured in the UK From first smiles and giggles to the earliest glimpses of their personality, every day with your baby feels like a milestone. Our You Are Magic collection celebrates these beginnings – featuring a soft, gender-neutral palette and thoughtfully designed pieces that are effortless in style and gentle on delicate skin. Each piece surrounds your little one in contemporary comfort as they grow into their world. Composition: 100% Cotton Washcare: 40 Degree wash, do not bleach, cool tumble dry, cool iron, do not dry clean Safety Warnings: Keep away from fire Cute knit outfit set with delicate crochet moon detail 100% soft, cosy cotton for superior comfort Perfect first, special outfit for their wardrobe and for gifting Clothing &amp; Accessories &gt; Clothing &gt; Baby &amp; Toddler Clothing &gt; Baby &amp; Toddler Outfits",,35,Mamas & Papas,6526,,,https://images2.productserve.com/?w=200&h=200&bg=white&trim=5&t=letterbox&url=ssl%3Acdn.shopify.com%2Fs%2Ffiles%2F1%2F0414%2F6023%2F6453%2Ffiles%2Fmamas-papas-outfits-sets-moon-knit-set-2-pieces-1249087583.jpg%3Fv%3D1784049432&feedId=112637&k=065efe8a0092e7f17f29445ba1d13209025c3668,GBP,,4.95 GBP,https://www.mamasandpapas.com/products/2pc-moon-knit-set-nb-s42ln7kb0?variant=54315442602321,,2026-08-07 08:33:26,£35,112637,Mamas & Papas,1,,,,,,Baby Outfits
https://www.awin1.com/pclick.php?p=45287231410&a=2771700&m=6526,Mamas &amp; Papas Moon Knit Set (2 Pieces) - Up To 1 Month,45287231410,GB _GBP_54315442635089,https://cdn.shopify.com/s/files/1/0414/6023/6453/files/mamas-papas-outfits-sets-moon-knit-set-2-pieces-1249087583.jpg?v=1784049432,"Details we love: Soft knit jumper with crochet moon bodice detail Long-sleeved with contrast rib neck, cuffs and hem Back button fastening Matching stripe knit leggings with rib waistband and turn-back cuffs Designed and nurtured in the UK From first smiles and giggles to the earliest glimpses of their personality, every day with your baby feels like a milestone. Our You Are Magic collection celebrates these beginnings – featuring a soft, gender-neutral palette and thoughtfully designed pieces that are effortless in style and gentle on delicate skin. Each piece surrounds your little one in contemporary comfort as they grow into their world. Composition: 100% Cotton Washcare: 40 Degree wash, do not bleach, cool tumble dry, cool iron, do not dry clean Safety Warnings: Keep away from fire Cute knit outfit set with delicate crochet moon detail 100% soft, cosy cotton for superior comfort Perfect first, special outfit for their wardrobe and for gifting Clothing &amp; Accessories &gt; Clothing &gt; Baby &amp; Toddler Clothing &gt; Baby &amp; Toddler Outfits",,35,Mamas & Papas,6526,,,https://images2.productserve.com/?w=200&h=200&bg=white&trim=5&t=letterbox&url=ssl%3Acdn.shopify.com%2Fs%2Ffiles%2F1%2F0414%2F6023%2F6453%2Ffiles%2Fmamas-papas-outfits-sets-moon-knit-set-2-pieces-1249087583.jpg%3Fv%3D1784049432&feedId=112637&k=065efe8a0092e7f17f29445ba1d13209025c3668,GBP,,4.95 GBP,https://www.mamasandpapas.com/products/2pc-moon-knit-set-nb-s42ln7kb0?variant=54315442635089,,2026-08-07 08:33:26,£35,112637,Mamas & Papas,1,,,,,,Baby Outfits
https://www.awin1.com/pclick.php?p=45287231411&a=2771700&m=6526,Mamas &amp; Papas Moon Knit Set (2 Pieces) - 0-3 Months,45287231411,GB _GBP_54315442667857,https://cdn.shopify.com/s/files/1/0414/6023/6453/files/mamas-papas-outfits-sets-moon-knit-set-2-pieces-1249087583.jpg?v=1784049432,"Details we love: Soft knit jumper with crochet moon bodice detail Long-sleeved with contrast rib neck, cuffs and hem Back button fastening Matching stripe knit leggings with rib waistband and turn-back cuffs Designed and nurtured in the UK From first smiles and giggles to the earliest glimpses of their personality, every day with your baby feels like a milestone. Our You Are Magic collection celebrates these beginnings – featuring a soft, gender-neutral palette and thoughtfully designed pieces that are effortless in style and gentle on delicate skin. Each piece surrounds your little one in contemporary comfort as they grow into their world. Composition: 100% Cotton Washcare: 40 Degree wash, do not bleach, cool tumble dry, cool iron, do not dry clean Safety Warnings: Keep away from fire Cute knit outfit set with delicate crochet moon detail 100% soft, cosy cotton for superior comfort Perfect first, special outfit for their wardrobe and for gifting Clothing &amp; Accessories &gt; Clothing &gt; Baby &amp; Toddler Clothing &gt; Baby &amp; Toddler Outfits",,35,Mamas & Papas,6526,,,https://images2.productserve.com/?w=200&h=200&bg=white&trim=5&t=letterbox&url=ssl%3Acdn.shopify.com%2Fs%2Ffiles%2F1%2F0414%2F6023%2F6453%2Ffiles%2Fmamas-papas-outfits-sets-moon-knit-set-2-pieces-1249087583.jpg%3Fv%3D1784049432&feedId=112637&k=065efe8a0092e7f17f29445ba1d13209025c3668,GBP,,4.95 GBP,https://www.mamasandpapas.com/products/2pc-moon-knit-set-nb-s42ln7kb0?variant=54315442667857,,2026-08-07 08:33:26,£35,112637,Mamas & Papas,1,,,,,,Baby Outfits
https://www.awin1.com/pclick.php?p=45287231412&a=2771700&m=6526,Mamas &amp; Papas Moon Knit Set (2 Pieces) - 3-6 Months,45287231412,GB _GBP_54315442700625,https://cdn.shopify.com/s/files/1/0414/6023/6453/files/mamas-papas-outfits-sets-moon-knit-set-2-pieces-1249087583.jpg?v=1784049432,"Details we love: Soft knit jumper with crochet moon bodice detail Long-sleeved with contrast rib neck, cuffs and hem Back button fastening Matching stripe knit leggings with rib waistband and turn-back cuffs Designed and nurtured in the UK From first smiles and giggles to the earliest glimpses of their personality, every day with your baby feels like a milestone. Our You Are Magic collection celebrates these beginnings – featuring a soft, gender-neutral palette and thoughtfully designed pieces that are effortless in style and gentle on delicate skin. Each piece surrounds your little one in contemporary comfort as they grow into their world. Composition: 100% Cotton Washcare: 40 Degree wash, do not bleach, cool tumble dry, cool iron, do not dry clean Safety Warnings: Keep away from fire Cute knit outfit set with delicate crochet moon detail 100% soft, cosy cotton for superior comfort Perfect first, special outfit for their wardrobe and for gifting Clothing &amp; Accessories &gt; Clothing &gt; Baby &amp; Toddler Clothing &gt; Baby &amp; Toddler Outfits",,35,Mamas & Papas,6526,,,https://images2.productserve.com/?w=200&h=200&bg=white&trim=5&t=letterbox&url=ssl%3Acdn.shopify.com%2Fs%2Ffiles%2F1%2F0414%2F6023%2F6453%2Ffiles%2Fmamas-papas-outfits-sets-moon-knit-set-2-pieces-1249087583.jpg%3Fv%3D1784049432&feedId=112637&k=065efe8a0092e7f17f29445ba1d13209025c3668,GBP,,4.95 GBP,https://www.mamasandpapas.com/products/2pc-moon-knit-set-nb-s42ln7kb0?variant=54315442700625,,2026-08-07 08:33:26,£35,112637,Mamas & Papas,1,,,,,,Baby Outfits
https://www.awin1.com/pclick.php?p=45287231413&a=2771700&m=6526,Mamas &amp; Papas Moon Knit Set (2 Pieces) - 6-9 Months,45287231413,GB _GBP_54315442733393,https://cdn.shopify.com/s/files/1/0414/6023/6453/files/mamas-papas-outfits-sets-moon-knit-set-2-pieces-1249087583.jpg?v=1784049432,"Details we love: Soft knit jumper with crochet moon bodice detail Long-sleeved with contrast rib neck, cuffs and hem Back button fastening Matching stripe knit leggings with rib waistband and turn-back cuffs Designed and nurtured in the UK From first smiles and giggles to the earliest glimpses of their personality, every day with your baby feels like a milestone. Our You Are Magic collection celebrates these beginnings – featuring a soft, gender-neutral palette and thoughtfully designed pieces that are effortless in style and gentle on delicate skin. Each piece surrounds your little one in contemporary comfort as they grow into their world. Composition: 100% Cotton Washcare: 40 Degree wash, do not bleach, cool tumble dry, cool iron, do not dry clean Safety Warnings: Keep away from fire Cute knit outfit set with delicate crochet moon detail 100% soft, cosy cotton for superior comfort Perfect first, special outfit for their wardrobe and for gifting Clothing &amp; Accessories &gt; Clothing &gt; Baby &amp; Toddler Clothing &gt; Baby &amp; Toddler Outfits",,35,Mamas & Papas,6526,,,https://images2.productserve.com/?w=200&h=200&bg=white&trim=5&t=letterbox&url=ssl%3Acdn.shopify.com%2Fs%2Ffiles%2F1%2F0414%2F6023%2F6453%2Ffiles%2Fmamas-papas-outfits-sets-moon-knit-set-2-pieces-1249087583.jpg%3Fv%3D1784049432&feedId=112637&k=065efe8a0092e7f17f29445ba1d13209025c3668,GBP,,4.95 GBP,https://www.mamasandpapas.com/products/2pc-moon-knit-set-nb-s42ln7kb0?variant=54315442733393,,2026-08-07 08:33:26,£35,112637,Mamas & Papas,1,,,,,,Baby Outfits
https://www.awin1.com/pclick.php?p=45287231414&a=2771700&m=6526,Mamas &amp; Papas Moon Knit Set (2 Pieces) - 9-12 Months,45287231414,GB _GBP_54315442766161,https://cdn.shopify.com/s/files/1/0414/6023/6453/files/mamas-papas-outfits-sets-moon-knit-set-2-pieces-1249087583.jpg?v=1784049432,"Details we love: Soft knit jumper with crochet moon bodice detail Long-sleeved with contrast rib neck, cuffs and hem Back button fastening Matching stripe knit leggings with rib waistband and turn-back cuffs Designed and nurtured in the UK From first smiles and giggles to the earliest glimpses of their personality, every day with your baby feels like a milestone. Our You Are Magic collection celebrates these beginnings – featuring a soft, gender-neutral palette and thoughtfully designed pieces that are effortless in style and gentle on delicate skin. Each piece surrounds your little one in contemporary comfort as they grow into their world. Composition: 100% Cotton Washcare: 40 Degree wash, do not bleach, cool tumble dry, cool iron, do not dry clean Safety Warnings: Keep away from fire Cute knit outfit set with delicate crochet moon detail 100% soft, cosy cotton for superior comfort Perfect first, special outfit for their wardrobe and for gifting Clothing &amp; Accessories &gt; Clothing &gt; Baby &amp; Toddler Clothing &gt; Baby &amp; Toddler Outfits",,35,Mamas & Papas,6526,,,https://images2.productserve.com/?w=200&h=200&bg=white&trim=5&t=letterbox&url=ssl%3Acdn.shopify.com%2Fs%2Ffiles%2F1%2F0414%2F6023%2F6453%2Ffiles%2Fmamas-papas-outfits-sets-moon-knit-set-2-pieces-1249087583.jpg%3Fv%3D1784049432&feedId=112637&k=065efe8a0092e7f17f29445ba1d13209025c3668,GBP,,4.95 GBP,https://www.mamasandpapas.com/products/2pc-moon-knit-set-nb-s42ln7kb0?variant=54315442766161,,2026-08-07 08:33:26,£35,112637,Mamas & Papas,1,,,,,,Baby Outfits
https://www.awin1.com/pclick.php?p=45287231415&a=2771700&m=6526,Mamas &amp; Papas Moon Knit Set (2 Pieces) - 12-18 Months,45287231415,GB _GBP_54315442798929,https://cdn.shopify.com/s/files/1/0414/6023/6453/files/mamas-papas-outfits-sets-moon-knit-set-2-pieces-1249087583.jpg?v=1784049432,"Details we love: Soft knit jumper with crochet moon bodice detail Long-sleeved with contrast rib neck, cuffs and hem Back button fastening Matching stripe knit leggings with rib waistband and turn-back cuffs Designed and nurtured in the UK From first smiles and giggles to the earliest glimpses of their personality, every day with your baby feels like a milestone. Our You Are Magic collection celebrates these beginnings – featuring a soft, gender-neutral palette and thoughtfully designed pieces that are effortless in style and gentle on delicate skin. Each piece surrounds your little one in contemporary comfort as they grow into their world. Composition: 100% Cotton Washcare: 40 Degree wash, do not bleach, cool tumble dry, cool iron, do not dry clean Safety Warnings: Keep away from fire Cute knit outfit set with delicate crochet moon detail 100% soft, cosy cotton for superior comfort Perfect first, special outfit for their wardrobe and for gifting Clothing &amp; Accessories &gt; Clothing &gt; Baby &amp; Toddler Clothing &gt; Baby &amp; Toddler Outfits",,35,Mamas & Papas,6526,,,https://images2.productserve.com/?w=200&h=200&bg=white&trim=5&t=letterbox&url=ssl%3Acdn.shopify.com%2Fs%2Ffiles%2F1%2F0414%2F6023%2F6453%2Ffiles%2Fmamas-papas-outfits-sets-moon-knit-set-2-pieces-1249087583.jpg%3Fv%3D1784049432&feedId=112637&k=065efe8a0092e7f17f29445ba1d13209025c3668,GBP,,4.95 GBP,https://www.mamasandpapas.com/products/2pc-moon-knit-set-nb-s42ln7kb0?variant=54315442798929,,2026-08-07 08:33:26,£35,112637,Mamas & Papas,1,,,,,,Baby Outfits
https://www.awin1.com/pclick.php?p=45287231416&a=2771700&m=6526,Mamas &amp; Papas Moon Knit Set (2 Pieces) - 18-24 Months,45287231416,GB _GBP_54315442831697,https://cdn.shopify.com/s/files/1/0414/6023/6453/files/mamas-papas-outfits-sets-moon-knit-set-2-pieces-1249087583.jpg?v=1784049432,"Details we love: Soft knit jumper with crochet moon bodice detail Long-sleeved with contrast rib neck, cuffs and hem Back button fastening Matching stripe knit leggings with rib waistband and turn-back cuffs Designed and nurtured in the UK From first smiles and giggles to the earliest glimpses of their personality, every day with your baby feels like a milestone. Our You Are Magic collection celebrates these beginnings – featuring a soft, gender-neutral palette and thoughtfully designed pieces that are effortless in style and gentle on delicate skin. Each piece surrounds your little one in contemporary comfort as they grow into their world. Composition: 100% Cotton Washcare: 40 Degree wash, do not bleach, cool tumble dry, cool iron, do not dry clean Safety Warnings: Keep away from fire Cute knit outfit set with delicate crochet moon detail 100% soft, cosy cotton for superior comfort Perfect first, special outfit for their wardrobe and for gifting Clothing &amp; Accessories &gt; Clothing &gt; Baby &amp; Toddler Clothing &gt; Baby &amp; Toddler Outfits",,35,Mamas & Papas,6526,,,https://images2.productserve.com/?w=200&h=200&bg=white&trim=5&t=letterbox&url=ssl%3Acdn.shopify.com%2Fs%2Ffiles%2F1%2F0414%2F6023%2F6453%2Ffiles%2Fmamas-papas-outfits-sets-moon-knit-set-2-pieces-1249087583.jpg%3Fv%3D1784049432&feedId=112637&k=065efe8a0092e7f17f29445ba1d13209025c3668,GBP,,4.95 GBP,https://www.mamasandpapas.com/products/2pc-moon-knit-set-nb-s42ln7kb0?variant=54315442831697,,2026-08-07 08:33:26,£35,112637,Mamas & Papas,1,,,,,,Baby Outfits
https://www.awin1.com/pclick.php?p=45287231417&a=2771700&m=6526,Mamas &amp; Papas Snail Knitted Set (2 Pieces) - Newborn,45287231417,GB _GBP_54315435131217,https://cdn.shopify.com/s/files/1/0414/6023/6453/files/mamas-papas-outfits-sets-snail-knitted-set-2-pieces-1249087596.jpg?v=1784049730,"Details we love: Knitted jumper and trousers outfit set in soft beige colour Jumper with applique snail embroidery on front and worth the wait"" embroidery on back Shoulder button fastening Ribbed neck, cuffs and hem Wide-leg trousers with ribbed waistband Designed and nurtured in the UK Details you love: ""The cute details make this outfit feel extra special - plus it's super soft on delicate skin."" There’s nothing quite like those precious newborn days, gently introducing baby to the world and those who matter most. Thoughtfully chosen by parents and gift-givers alike, our Welcome to the World collection is made for this very chapter, with pieces for tiny babies up to 12 months. Crafted from soft, gentle fabrics and finished with beautifully delicate details, each piece is designed to feel as special as it looks. Composition: 98% Cotton, 2% Polyester Washcare: 40 Degree wash, do not bleach, cool tumble dry, cool iron, do not dry clean Safety Warnings: Keep away from fire Adorable baby outfit finished with delicate embroidery detail Soft, breathable knit cotton fabric for soothing comfort Perfect for first precious meets and outings Clothing &amp; Accessories &gt; Clothing &gt; Baby &amp; Toddler Clothing &gt; Baby &amp; Toddler Outfits""",,35,Mamas & Papas,6526,,,https://images2.productserve.com/?w=200&h=200&bg=white&trim=5&t=letterbox&url=ssl%3Acdn.shopify.com%2Fs%2Ffiles%2F1%2F0414%2F6023%2F6453%2Ffiles%2Fmamas-papas-outfits-sets-snail-knitted-set-2-pieces-1249087596.jpg%3Fv%3D1784049730&feedId=112637&k=14da84bc21fb4544db9fa5c4e55a6c6d58e06c5a,GBP,,4.95 GBP,https://www.mamasandpapas.com/products/2pc-snail-knitted-set-nb-s42ln7qb0?variant=54315435131217,,2026-08-07 08:33:25,£35,112637,Mamas & Papas,1,,,,,,Baby Outfits
https://www.awin1.com/pclick.php?p=45287231418&a=2771700&m=6526,Mamas &amp; Papas Snail Knitted Set (2 Pieces) - Up To 1 Month,45287231418,GB _GBP_54315435163985,https://cdn.shopify.com/s/files/1/0414/6023/6453/files/mamas-papas-outfits-sets-snail-knitted-set-2-pieces-1249087596.jpg?v=1784049730,"Details we love: Knitted jumper and trousers outfit set in soft beige colour Jumper with applique snail embroidery on front and worth the wait"" embroidery on back Shoulder button fastening Ribbed neck, cuffs and hem Wide-leg trousers with ribbed waistband Designed and nurtured in the UK Details you love: ""The cute details make this outfit feel extra special - plus it's super soft on delicate skin."" There’s nothing quite like those precious newborn days, gently introducing baby to the world and those who matter most. Thoughtfully chosen by parents and gift-givers alike, our Welcome to the World collection is made for this very chapter, with pieces for tiny babies up to 12 months. Crafted from soft, gentle fabrics and finished with beautifully delicate details, each piece is designed to feel as special as it looks. Composition: 98% Cotton, 2% Polyester Washcare: 40 Degree wash, do not bleach, cool tumble dry, cool iron, do not dry clean Safety Warnings: Keep away from fire Adorable baby outfit finished with delicate embroidery detail Soft, breathable knit cotton fabric for soothing comfort Perfect for first precious meets and outings Clothing &amp; Accessories &gt; Clothing &gt; Baby &amp; Toddler Clothing &gt; Baby &amp; Toddler Outfits""",,35,Mamas & Papas,6526,,,https://images2.productserve.com/?w=200&h=200&bg=white&trim=5&t=letterbox&url=ssl%3Acdn.shopify.com%2Fs%2Ffiles%2F1%2F0414%2F6023%2F6453%2Ffiles%2Fmamas-papas-outfits-sets-snail-knitted-set-2-pieces-1249087596.jpg%3Fv%3D1784049730&feedId=112637&k=14da84bc21fb4544db9fa5c4e55a6c6d58e06c5a,GBP,,4.95 GBP,https://www.mamasandpapas.com/products/2pc-snail-knitted-set-nb-s42ln7qb0?variant=54315435163985,,2026-08-07 08:33:25,£35,112637,Mamas & Papas,1,,,,,,Baby Outfits
https://www.awin1.com/pclick.php?p=45287231419&a=2771700&m=6526,Mamas &amp; Papas Snail Knitted Set (2 Pieces) - 0-3 Months,45287231419,GB _GBP_54315435196753,https://cdn.shopify.com/s/files/1/0414/6023/6453/files/mamas-papas-outfits-sets-snail-knitted-set-2-pieces-1249087596.jpg?v=1784049730,"Details we love: Knitted jumper and trousers outfit set in soft beige colour Jumper with applique snail embroidery on front and worth the wait"" embroidery on back Shoulder button fastening Ribbed neck, cuffs and hem Wide-leg trousers with ribbed waistband Designed and nurtured in the UK Details you love: ""The cute details make this outfit feel extra special - plus it's super soft on delicate skin."" There’s nothing quite like those precious newborn days, gently introducing baby to the world and those who matter most. Thoughtfully chosen by parents and gift-givers alike, our Welcome to the World collection is made for this very chapter, with pieces for tiny babies up to 12 months. Crafted from soft, gentle fabrics and finished with beautifully delicate details, each piece is designed to feel as special as it looks. Composition: 98% Cotton, 2% Polyester Washcare: 40 Degree wash, do not bleach, cool tumble dry, cool iron, do not dry clean Safety Warnings: Keep away from fire Adorable baby outfit finished with delicate embroidery detail Soft, breathable knit cotton fabric for soothing comfort Perfect for first precious meets and outings Clothing &amp; Accessories &gt; Clothing &gt; Baby &amp; Toddler Clothing &gt; Baby &amp; Toddler Outfits""",,35,Mamas & Papas,6526,,,https://images2.productserve.com/?w=200&h=200&bg=white&trim=5&t=letterbox&url=ssl%3Acdn.shopify.com%2Fs%2Ffiles%2F1%2F0414%2F6023%2F6453%2Ffiles%2Fmamas-papas-outfits-sets-snail-knitted-set-2-pieces-1249087596.jpg%3Fv%3D1784049730&feedId=112637&k=14da84bc21fb4544db9fa5c4e55a6c6d58e06c5a,GBP,,4.95 GBP,https://www.mamasandpapas.com/products/2pc-snail-knitted-set-nb-s42ln7qb0?variant=54315435196753,,2026-08-07 08:33:25,£35,112637,Mamas & Papas,1,,,,,,Baby Outfits
https://www.awin1.com/pclick.php?p=45287231420&a=2771700&m=6526,Mamas &amp; Papas Snail Knitted Set (2 Pieces) - 3-6 Months,45287231420,GB _GBP_54315435229521,https://cdn.shopify.com/s/files/1/0414/6023/6453/files/mamas-papas-outfits-sets-snail-knitted-set-2-pieces-1249087596.jpg?v=1784049730,"Details we love: Knitted jumper and trousers outfit set in soft beige colour Jumper with applique snail embroidery on front and worth the wait"" embroidery on back Shoulder button fastening Ribbed neck, cuffs and hem Wide-leg trousers with ribbed waistband Designed and nurtured in the UK Details you love: ""The cute details make this outfit feel extra special - plus it's super soft on delicate skin."" There’s nothing quite like those precious newborn days, gently introducing baby to the world and those who matter most. Thoughtfully chosen by parents and gift-givers alike, our Welcome to the World collection is made for this very chapter, with pieces for tiny babies up to 12 months. Crafted from soft, gentle fabrics and finished with beautifully delicate details, each piece is designed to feel as special as it looks. Composition: 98% Cotton, 2% Polyester Washcare: 40 Degree wash, do not bleach, cool tumble dry, cool iron, do not dry clean Safety Warnings: Keep away from fire Adorable baby outfit finished with delicate embroidery detail Soft, breathable knit cotton fabric for soothing comfort Perfect for first precious meets and outings Clothing &amp; Accessories &gt; Clothing &gt; Baby &amp; Toddler Clothing &gt; Baby &amp; Toddler Outfits""",,35,Mamas & Papas,6526,,,https://images2.productserve.com/?w=200&h=200&bg=white&trim=5&t=letterbox&url=ssl%3Acdn.shopify.com%2Fs%2Ffiles%2F1%2F0414%2F6023%2F6453%2Ffiles%2Fmamas-papas-outfits-sets-snail-knitted-set-2-pieces-1249087596.jpg%3Fv%3D1784049730&feedId=112637&k=14da84bc21fb4544db9fa5c4e55a6c6d58e06c5a,GBP,,4.95 GBP,https://www.mamasandpapas.com/products/2pc-snail-knitted-set-nb-s42ln7qb0?variant=54315435229521,,2026-08-07 08:33:25,£35,112637,Mamas & Papas,1,,,,,,Baby Outfits
https://www.awin1.com/pclick.php?p=45287231421&a=2771700&m=6526,Mamas &amp; Papas Snail Knitted Set (2 Pieces) - 6-9 Months,45287231421,GB _GBP_54315435262289,https://cdn.shopify.com/s/files/1/0414/6023/6453/files/mamas-papas-outfits-sets-snail-knitted-set-2-pieces-1249087596.jpg?v=1784049730,"Details we love: Knitted jumper and trousers outfit set in soft beige colour Jumper with applique snail embroidery on front and worth the wait"" embroidery on back Shoulder button fastening Ribbed neck, cuffs and hem Wide-leg trousers with ribbed waistband Designed and nurtured in the UK Details you love: ""The cute details make this outfit feel extra special - plus it's super soft on delicate skin."" There’s nothing quite like those precious newborn days, gently introducing baby to the world and those who matter most. Thoughtfully chosen by parents and gift-givers alike, our Welcome to the World collection is made for this very chapter, with pieces for tiny babies up to 12 months. Crafted from soft, gentle fabrics and finished with beautifully delicate details, each piece is designed to feel as special as it looks. Composition: 98% Cotton, 2% Polyester Washcare: 40 Degree wash, do not bleach, cool tumble dry, cool iron, do not dry clean Safety Warnings: Keep away from fire Adorable baby outfit finished with delicate embroidery detail Soft, breathable knit cotton fabric for soothing comfort Perfect for first precious meets and outings Clothing &amp; Accessories &gt; Clothing &gt; Baby &amp; Toddler Clothing &gt; Baby &amp; Toddler Outfits""",,35,Mamas & Papas,6526,,,https://images2.productserve.com/?w=200&h=200&bg=white&trim=5&t=letterbox&url=ssl%3Acdn.shopify.com%2Fs%2Ffiles%2F1%2F0414%2F6023%2F6453%2Ffiles%2Fmamas-papas-outfits-sets-snail-knitted-set-2-pieces-1249087596.jpg%3Fv%3D1784049730&feedId=112637&k=14da84bc21fb4544db9fa5c4e55a6c6d58e06c5a,GBP,,4.95 GBP,https://www.mamasandpapas.com/products/2pc-snail-knitted-set-nb-s42ln7qb0?variant=54315435262289,,2026-08-07 08:33:25,£35,112637,Mamas & Papas,1,,,,,,Baby Outfits
https://www.awin1.com/pclick.php?p=45287231422&a=2771700&m=6526,Mamas &amp; Papas Snail Knitted Set (2 Pieces) - 9-12 Months,45287231422,GB _GBP_54315435295057,https://cdn.shopify.com/s/files/1/0414/6023/6453/files/mamas-papas-outfits-sets-snail-knitted-set-2-pieces-1249087596.jpg?v=1784049730,"Details we love: Knitted jumper and trousers outfit set in soft beige colour Jumper with applique snail embroidery on front and worth the wait"" embroidery on back Shoulder button fastening Ribbed neck, cuffs and hem Wide-leg trousers with ribbed waistband Designed and nurtured in the UK Details you love: ""The cute details make this outfit feel extra special - plus it's super soft on delicate skin."" There’s nothing quite like those precious newborn days, gently introducing baby to the world and those who matter most. Thoughtfully chosen by parents and gift-givers alike, our Welcome to the World collection is made for this very chapter, with pieces for tiny babies up to 12 months. Crafted from soft, gentle fabrics and finished with beautifully delicate details, each piece is designed to feel as special as it looks. Composition: 98% Cotton, 2% Polyester Washcare: 40 Degree wash, do not bleach, cool tumble dry, cool iron, do not dry clean Safety Warnings: Keep away from fire Adorable baby outfit finished with delicate embroidery detail Soft, breathable knit cotton fabric for soothing comfort Perfect for first precious meets and outings Clothing &amp; Accessories &gt; Clothing &gt; Baby &amp; Toddler Clothing &gt; Baby &amp; Toddler Outfits""",,35,Mamas & Papas,6526,,,https://images2.productserve.com/?w=200&h=200&bg=white&trim=5&t=letterbox&url=ssl%3Acdn.shopify.com%2Fs%2Ffiles%2F1%2F0414%2F6023%2F6453%2Ffiles%2Fmamas-papas-outfits-sets-snail-knitted-set-2-pieces-1249087596.jpg%3Fv%3D1784049730&feedId=112637&k=14da84bc21fb4544db9fa5c4e55a6c6d58e06c5a,GBP,,4.95 GBP,https://www.mamasandpapas.com/products/2pc-snail-knitted-set-nb-s42ln7qb0?variant=54315435295057,,2026-08-07 08:33:25,£35,112637,Mamas & Papas,1,,,,,,Baby Outfits
https://www.awin1.com/pclick.php?p=45287231423&a=2771700&m=6526,Mamas &amp; Papas Snail Knitted Set (2 Pieces) - 12-18 Months,45287231423,GB _GBP_54315435327825,https://cdn.shopify.com/s/files/1/0414/6023/6453/files/mamas-papas-outfits-sets-snail-knitted-set-2-pieces-1249087596.jpg?v=1784049730,"Details we love: Knitted jumper and trousers outfit set in soft beige colour Jumper with applique snail embroidery on front and worth the wait"" embroidery on back Shoulder button fastening Ribbed neck, cuffs and hem Wide-leg trousers with ribbed waistband Designed and nurtured in the UK Details you love: ""The cute details make this outfit feel extra special - plus it's super soft on delicate skin."" There’s nothing quite like those precious newborn days, gently introducing baby to the world and those who matter most. Thoughtfully chosen by parents and gift-givers alike, our Welcome to the World collection is made for this very chapter, with pieces for tiny babies up to 12 months. Crafted from soft, gentle fabrics and finished with beautifully delicate details, each piece is designed to feel as special as it looks. Composition: 98% Cotton, 2% Polyester Washcare: 40 Degree wash, do not bleach, cool tumble dry, cool iron, do not dry clean Safety Warnings: Keep away from fire Adorable baby outfit finished with delicate embroidery detail Soft, breathable knit cotton fabric for soothing comfort Perfect for first precious meets and outings Clothing &amp; Accessories &gt; Clothing &gt; Baby &amp; Toddler Clothing &gt; Baby &amp; Toddler Outfits""",,35,Mamas & Papas,6526,,,https://images2.productserve.com/?w=200&h=200&bg=white&trim=5&t=letterbox&url=ssl%3Acdn.shopify.com%2Fs%2Ffiles%2F1%2F0414%2F6023%2F6453%2Ffiles%2Fmamas-papas-outfits-sets-snail-knitted-set-2-pieces-1249087596.jpg%3Fv%3D1784049730&feedId=112637&k=14da84bc21fb4544db9fa5c4e55a6c6d58e06c5a,GBP,,4.95 GBP,https://www.mamasandpapas.com/products/2pc-snail-knitted-set-nb-s42ln7qb0?variant=54315435327825,,2026-08-07 08:33:25,£35,112637,Mamas & Papas,1,,,,,,Baby Outfits
https://www.awin1.com/pclick.php?p=45287231520&a=2771700&m=6526,Mamas &amp; Papas Blue Cord Dungarees &amp; Long Sleeve Top - 0-3 Months,45287231520,GB _GBP_54315573412177,https://cdn.shopify.com/s/files/1/0414/6023/6453/files/mamas-papas-outfits-sets-blue-cord-dungarees-long-sleeve-top-1249087524.jpg?v=1784048112,"Details we love: Boys' 100% cotton blue cord dungarees Front patch pocket with woven badge detail Curved side seam panel Concealed crotch poppers Button detail straps Matching long-sleeved, drop-shoulder striped T-shirt Shoulder popper opening and ribbed trim Designed and nurtured in the UK Approved by little explorers and parents alike, our See Me Grow collection is lovingly designed for first days up to 3 years. Celebrating every step of that journey, each piece is made to move with them as they discover their surroundings and spirit. Balancing elevated design and craftsmanship with comfort, personality and style, fabrics are soft, silhouettes are flexible, and designs are playfully expressive. Composition: Dungaree: 100% Cotton T-Shirt Shell : 100% Cotton T-Shirt Trim : 71% Cotton 25% Viscose 3% Elastane Washcare: 40 degree wash, do not bleach, cool tumble dry, cool iron, do not dry clean, wash dark colours separately, wash &amp; iron inside out Safety Warnings: Keep away from fire Boys' cord dungarees and T-shirt complete outfit set Soft cotton fabric that moves with them A stylish outfit for big days out and perfect for gifting Clothing &amp; Accessories &gt; Clothing &gt; Baby &amp; Toddler Clothing &gt; Baby &amp; Toddler Outfits",,32,Mamas & Papas,6526,,,https://images2.productserve.com/?w=200&h=200&bg=white&trim=5&t=letterbox&url=ssl%3Acdn.shopify.com%2Fs%2Ffiles%2F1%2F0414%2F6023%2F6453%2Ffiles%2Fmamas-papas-outfits-sets-blue-cord-dungarees-long-sleeve-top-1249087524.jpg%3Fv%3D1784048112&feedId=112637&k=ed86372232605d74fef221dc7661f6cb240eb460,GBP,,4.95 GBP,https://www.mamasandpapas.com/products/2pc-cord-dungaree-set-0-3-s42ln6ab2?variant=54315573412177,,2026-08-07 08:33:27,£32,112637,Mamas & Papas,1,,,,,,Baby Outfits
https://www.awin1.com/pclick.php?p=45287231521&a=2771700&m=6526,Mamas &amp; Papas Blue Cord Dungarees &amp; Long Sleeve Top - 3-6 Months,45287231521,GB _GBP_54315573444945,https://cdn.shopify.com/s/files/1/0414/6023/6453/files/mamas-papas-outfits-sets-blue-cord-dungarees-long-sleeve-top-1249087524.jpg?v=1784048112,"Details we love: Boys' 100% cotton blue cord dungarees Front patch pocket with woven badge detail Curved side seam panel Concealed crotch poppers Button detail straps Matching long-sleeved, drop-shoulder striped T-shirt Shoulder popper opening and ribbed trim Designed and nurtured in the UK Approved by little explorers and parents alike, our See Me Grow collection is lovingly designed for first days up to 3 years. Celebrating every step of that journey, each piece is made to move with them as they discover their surroundings and spirit. Balancing elevated design and craftsmanship with comfort, personality and style, fabrics are soft, silhouettes are flexible, and designs are playfully expressive. Composition: Dungaree: 100% Cotton T-Shirt Shell : 100% Cotton T-Shirt Trim : 71% Cotton 25% Viscose 3% Elastane Washcare: 40 degree wash, do not bleach, cool tumble dry, cool iron, do not dry clean, wash dark colours separately, wash &amp; iron inside out Safety Warnings: Keep away from fire Boys' cord dungarees and T-shirt complete outfit set Soft cotton fabric that moves with them A stylish outfit for big days out and perfect for gifting Clothing &amp; Accessories &gt; Clothing &gt; Baby &amp; Toddler Clothing &gt; Baby &amp; Toddler Outfits",,32,Mamas & Papas,6526,,,https://images2.productserve.com/?w=200&h=200&bg=white&trim=5&t=letterbox&url=ssl%3Acdn.shopify.com%2Fs%2Ffiles%2F1%2F0414%2F6023%2F6453%2Ffiles%2Fmamas-papas-outfits-sets-blue-cord-dungarees-long-sleeve-top-1249087524.jpg%3Fv%3D1784048112&feedId=112637&k=ed86372232605d74fef221dc7661f6cb240eb460,GBP,,4.95 GBP,https://www.mamasandpapas.com/products/2pc-cord-dungaree-set-0-3-s42ln6ab2?variant=54315573444945,,2026-08-07 08:33:27,£32,112637,Mamas & Papas,1,,,,,,Baby Outfits
https://www.awin1.com/pclick.php?p=45287231522&a=2771700&m=6526,Mamas &amp; Papas Blue Cord Dungarees &amp; Long Sleeve Top - 6-9 Months,45287231522,GB _GBP_54315573477713,https://cdn.shopify.com/s/files/1/0414/6023/6453/files/mamas-papas-outfits-sets-blue-cord-dungarees-long-sleeve-top-1249087524.jpg?v=1784048112,"Details we love: Boys' 100% cotton blue cord dungarees Front patch pocket with woven badge detail Curved side seam panel Concealed crotch poppers Button detail straps Matching long-sleeved, drop-shoulder striped T-shirt Shoulder popper opening and ribbed trim Designed and nurtured in the UK Approved by little explorers and parents alike, our See Me Grow collection is lovingly designed for first days up to 3 years. Celebrating every step of that journey, each piece is made to move with them as they discover their surroundings and spirit. Balancing elevated design and craftsmanship with comfort, personality and style, fabrics are soft, silhouettes are flexible, and designs are playfully expressive. Composition: Dungaree: 100% Cotton T-Shirt Shell : 100% Cotton T-Shirt Trim : 71% Cotton 25% Viscose 3% Elastane Washcare: 40 degree wash, do not bleach, cool tumble dry, cool iron, do not dry clean, wash dark colours separately, wash &amp; iron inside out Safety Warnings: Keep away from fire Boys' cord dungarees and T-shirt complete outfit set Soft cotton fabric that moves with them A stylish outfit for big days out and perfect for gifting Clothing &amp; Accessories &gt; Clothing &gt; Baby &amp; Toddler Clothing &gt; Baby &amp; Toddler Outfits",,32,Mamas & Papas,6526,,,https://images2.productserve.com/?w=200&h=200&bg=white&trim=5&t=letterbox&url=ssl%3Acdn.shopify.com%2Fs%2Ffiles%2F1%2F0414%2F6023%2F6453%2Ffiles%2Fmamas-papas-outfits-sets-blue-cord-dungarees-long-sleeve-top-1249087524.jpg%3Fv%3D1784048112&feedId=112637&k=ed86372232605d74fef221dc7661f6cb240eb460,GBP,,4.95 GBP,https://www.mamasandpapas.com/products/2pc-cord-dungaree-set-0-3-s42ln6ab2?variant=54315573477713,,2026-08-07 08:33:27,£32,112637,Mamas & Papas,1,,,,,,Baby Outfits
https://www.awin1.com/pclick.php?p=45287231523&a=2771700&m=6526,Mamas &amp; Papas Blue Cord Dungarees &amp; Long Sleeve Top - 9-12 Months,45287231523,GB _GBP_54315573510481,https://cdn.shopify.com/s/files/1/0414/6023/6453/files/mamas-papas-outfits-sets-blue-cord-dungarees-long-sleeve-top-1249087524.jpg?v=1784048112,"Details we love: Boys' 100% cotton blue cord dungarees Front patch pocket with woven badge detail Curved side seam panel Concealed crotch poppers Button detail straps Matching long-sleeved, drop-shoulder striped T-shirt Shoulder popper opening and ribbed trim Designed and nurtured in the UK Approved by little explorers and parents alike, our See Me Grow collection is lovingly designed for first days up to 3 years. Celebrating every step of that journey, each piece is made to move with them as they discover their surroundings and spirit. Balancing elevated design and craftsmanship with comfort, personality and style, fabrics are soft, silhouettes are flexible, and designs are playfully expressive. Composition: Dungaree: 100% Cotton T-Shirt Shell : 100% Cotton T-Shirt Trim : 71% Cotton 25% Viscose 3% Elastane Washcare: 40 degree wash, do not bleach, cool tumble dry, cool iron, do not dry clean, wash dark colours separately, wash &amp; iron inside out Safety Warnings: Keep away from fire Boys' cord dungarees and T-shirt complete outfit set Soft cotton fabric that moves with them A stylish outfit for big days out and perfect for gifting Clothing &amp; Accessories &gt; Clothing &gt; Baby &amp; Toddler Clothing &gt; Baby &amp; Toddler Outfits",,32,Mamas & Papas,6526,,,https://images2.productserve.com/?w=200&h=200&bg=white&trim=5&t=letterbox&url=ssl%3Acdn.shopify.com%2Fs%2Ffiles%2F1%2F0414%2F6023%2F6453%2Ffiles%2Fmamas-papas-outfits-sets-blue-cord-dungarees-long-sleeve-top-1249087524.jpg%3Fv%3D1784048112&feedId=112637&k=ed86372232605d74fef221dc7661f6cb240eb460,GBP,,4.95 GBP,https://www.mamasandpapas.com/products/2pc-cord-dungaree-set-0-3-s42ln6ab2?variant=54315573510481,,2026-08-07 08:33:27,£32,112637,Mamas & Papas,1,,,,,,Baby Outfits
https://www.awin1.com/pclick.php?p=45298079558&a=2771700&m=6526,Mamas &amp; Papas Born In 2027 Bib - Blank,45298079558,GB _GBP_54322892538193,https://cdn.shopify.com/s/files/1/0414/6023/6453/files/mamas-papas-bibs-muslins-blank-born-in-2027-bib-1250031630.jpg?v=1784550851,"Details we love: 100% cotton bib Born in 2027"" embroidered front detail Soft terry towelling on reverse Adjustable popper neck fastening Designed and nurtured in the UK There’s nothing quite like those precious newborn days, gently introducing baby to the world and those who matter most. Thoughtfully chosen by parents and gift-givers alike, our Welcome to the World collection is made for this very chapter, with pieces for tiny babies up to 12 months. Crafted from soft, gentle fabrics and finished with beautifully delicate details, each piece is designed to feel as special as it looks. Composition: 100% Cotton Washcare: 40 degree wash, do not bleach, cool tumble dry, cool iron, do not dry clean, wash dark colours separately Safety Warnings: Keep away from fire White bib with ""Born in 2027"" delicate embroidered detail 100% cotton with terry towelling reverse for ultimate softness Makes a thoughtful newborn gift and keepsake Clothing &amp; Accessories &gt; Clothing &gt; Baby &amp; Toddler Clothing""",,8,Mamas & Papas,6526,,,https://images2.productserve.com/?w=200&h=200&bg=white&trim=5&t=letterbox&url=ssl%3Acdn.shopify.com%2Fs%2Ffiles%2F1%2F0414%2F6023%2F6453%2Ffiles%2Fmamas-papas-bibs-muslins-blank-born-in-2027-bib-1250031630.jpg%3Fv%3D1784550851&feedId=112637&k=a56b9807cd543fd0e7cfaf2eec8c1daa2f6dc80e,GBP,,4.95 GBP,https://www.mamasandpapas.com/products/born-in-2027-bib-1-size-s41gn9lg4,,2026-08-07 08:33:35,£8,112637,Mamas & Papas,1,,,,,,Bibs
https://www.awin1.com/pclick.php?p=45298079586&a=2771700&m=6526,Mamas &amp; Papas Pink Born In 2027 Bib - Blank,45298079586,GB _GBP_54322989236561,https://cdn.shopify.com/s/files/1/0414/6023/6453/files/mamas-papas-bibs-muslins-blank-pink-born-in-2027-bib-1250014715.jpg?v=1784543051,"Details we love: 100% cotton bib Born in 2027"" embroidered front detail Soft terry towelling on reverse Adjustable popper neck fastening Designed and nurtured in the UK There’s nothing quite like those precious newborn days, gently introducing baby to the world and those who matter most. Thoughtfully chosen by parents and gift-givers alike, our Welcome to the World collection is made for this very chapter, with pieces for tiny babies up to 12 months. Crafted from soft, gentle fabrics and finished with beautifully delicate details, each piece is designed to feel as special as it looks. Composition: 100% Cotton Washcare: 40 degree wash, do not bleach, cool tumble dry, cool iron, do not dry clean, wash dark colours separately Safety Warnings: Keep away from fire Girls' pink bib with ""Born in 2027"" embroidered detail 100% cotton with terry towelling reverse for ultimate softness Makes a thoughtful newborn gift and keepsake Clothing &amp; Accessories &gt; Clothing &gt; Baby &amp; Toddler Clothing""",,8,Mamas & Papas,6526,,,https://images2.productserve.com/?w=200&h=200&bg=white&trim=5&t=letterbox&url=ssl%3Acdn.shopify.com%2Fs%2Ffiles%2F1%2F0414%2F6023%2F6453%2Ffiles%2Fmamas-papas-bibs-muslins-blank-pink-born-in-2027-bib-1250014715.jpg%3Fv%3D1784543051&feedId=112637&k=76356e61be0d1761fb7dee267020cbaf60d91239,GBP,,4.95 GBP,https://www.mamasandpapas.com/products/pink-born-in-2027-bib-1-size-s41gp1sg4,,2026-08-07 08:33:36,£8,112637,Mamas & Papas,1,,,,,,Bibs
https://www.awin1.com/pclick.php?p=45298079588&a=2771700&m=6526,Mamas &amp; Papas Stripe Dungarees &amp; Long Sleeve Top - Newborn,45298079588,GB _GBP_54322981437777,https://cdn.shopify.com/s/files/1/0414/6023/6453/files/mamas-papas-outfits-sets-stripe-dungarees-long-sleeve-top-1250031615.jpg?v=1784550759,"Details we love: Boys' stripe cotton twill dungarees outfit set Adjustable button straps Boucle pony detail Concealed crotch poppers Relaxed fit cotton long sleeve tee with shoulder poppers Designed and nurtured in the UK Details you love: The most adorable set - the stripes and boucle pony detail make it look extra special."" There’s nothing quite like those precious newborn days, gently introducing baby to the world and those who matter most. Thoughtfully chosen by parents and gift-givers alike, our Welcome to the World collection is made for this very chapter, with pieces for tiny babies up to 12 months. Crafted from soft, gentle fabrics and finished with beautifully delicate details, each piece is designed to feel as special as it looks. Composition: 100% Cotton Washcare: 40 degree wash, do not bleach, cool tumble dry, cool iron, do not dry clean, wash dark colours separately Safety Warnings: Keep away from fire Boys' striped dungaree 2-piece outfit set Soft textured boucle pony detail Perfect for precious first outings and snuggly days at home Clothing &amp; Accessories &gt; Clothing &gt; Baby &amp; Toddler Clothing &gt; Baby &amp; Toddler Outfits""",,29,Mamas & Papas,6526,,,https://images2.productserve.com/?w=200&h=200&bg=white&trim=5&t=letterbox&url=ssl%3Acdn.shopify.com%2Fs%2Ffiles%2F1%2F0414%2F6023%2F6453%2Ffiles%2Fmamas-papas-outfits-sets-stripe-dungarees-long-sleeve-top-1250031615.jpg%3Fv%3D1784550759&feedId=112637&k=3780a6c74f5bff1aa91ffdfa53a8d1dec2bb1f57,GBP,,4.95 GBP,https://www.mamasandpapas.com/products/2pc-dungaree-t-shirt-set-nb-s42ln7bb0?variant=54322981437777,,2026-08-07 08:25:02,£29,112637,Mamas & Papas,1,,,,,,Baby Outfits
https://www.awin1.com/pclick.php?p=45298079589&a=2771700&m=6526,Mamas &amp; Papas Stripe Dungarees &amp; Long Sleeve Top - Up To 1 Month,45298079589,GB _GBP_54322981470545,https://cdn.shopify.com/s/files/1/0414/6023/6453/files/mamas-papas-outfits-sets-stripe-dungarees-long-sleeve-top-1250031615.jpg?v=1784550759,"Details we love: Boys' stripe cotton twill dungarees outfit set Adjustable button straps Boucle pony detail Concealed crotch poppers Relaxed fit cotton long sleeve tee with shoulder poppers Designed and nurtured in the UK Details you love: The most adorable set - the stripes and boucle pony detail make it look extra special."" There’s nothing quite like those precious newborn days, gently introducing baby to the world and those who matter most. Thoughtfully chosen by parents and gift-givers alike, our Welcome to the World collection is made for this very chapter, with pieces for tiny babies up to 12 months. Crafted from soft, gentle fabrics and finished with beautifully delicate details, each piece is designed to feel as special as it looks. Composition: 100% Cotton Washcare: 40 degree wash, do not bleach, cool tumble dry, cool iron, do not dry clean, wash dark colours separately Safety Warnings: Keep away from fire Boys' striped dungaree 2-piece outfit set Soft textured boucle pony detail Perfect for precious first outings and snuggly days at home Clothing &amp; Accessories &gt; Clothing &gt; Baby &amp; Toddler Clothing &gt; Baby &amp; Toddler Outfits""",,29,Mamas & Papas,6526,,,https://images2.productserve.com/?w=200&h=200&bg=white&trim=5&t=letterbox&url=ssl%3Acdn.shopify.com%2Fs%2Ffiles%2F1%2F0414%2F6023%2F6453%2Ffiles%2Fmamas-papas-outfits-sets-stripe-dungarees-long-sleeve-top-1250031615.jpg%3Fv%3D1784550759&feedId=112637&k=3780a6c74f5bff1aa91ffdfa53a8d1dec2bb1f57,GBP,,4.95 GBP,https://www.mamasandpapas.com/products/2pc-dungaree-t-shirt-set-nb-s42ln7bb0?variant=54322981470545,,2026-08-07 08:25:02,£29,112637,Mamas & Papas,1,,,,,,Baby Outfits
https://www.awin1.com/pclick.php?p=45298079590&a=2771700&m=6526,Mamas &amp; Papas Stripe Dungarees &amp; Long Sleeve Top - 0-3 Months,45298079590,GB _GBP_54322981503313,https://cdn.shopify.com/s/files/1/0414/6023/6453/files/mamas-papas-outfits-sets-stripe-dungarees-long-sleeve-top-1250031615.jpg?v=1784550759,"Details we love: Boys' stripe cotton twill dungarees outfit set Adjustable button straps Boucle pony detail Concealed crotch poppers Relaxed fit cotton long sleeve tee with shoulder poppers Designed and nurtured in the UK Details you love: The most adorable set - the stripes and boucle pony detail make it look extra special."" There’s nothing quite like those precious newborn days, gently introducing baby to the world and those who matter most. Thoughtfully chosen by parents and gift-givers alike, our Welcome to the World collection is made for this very chapter, with pieces for tiny babies up to 12 months. Crafted from soft, gentle fabrics and finished with beautifully delicate details, each piece is designed to feel as special as it looks. Composition: 100% Cotton Washcare: 40 degree wash, do not bleach, cool tumble dry, cool iron, do not dry clean, wash dark colours separately Safety Warnings: Keep away from fire Boys' striped dungaree 2-piece outfit set Soft textured boucle pony detail Perfect for precious first outings and snuggly days at home Clothing &amp; Accessories &gt; Clothing &gt; Baby &amp; Toddler Clothing &gt; Baby &amp; Toddler Outfits""",,29,Mamas & Papas,6526,,,https://images2.productserve.com/?w=200&h=200&bg=white&trim=5&t=letterbox&url=ssl%3Acdn.shopify.com%2Fs%2Ffiles%2F1%2F0414%2F6023%2F6453%2Ffiles%2Fmamas-papas-outfits-sets-stripe-dungarees-long-sleeve-top-1250031615.jpg%3Fv%3D1784550759&feedId=112637&k=3780a6c74f5bff1aa91ffdfa53a8d1dec2bb1f57,GBP,,4.95 GBP,https://www.mamasandpapas.com/products/2pc-dungaree-t-shirt-set-nb-s42ln7bb0?variant=54322981503313,,2026-08-07 08:25:02,£29,112637,Mamas & Papas,1,,,,,,Baby Outfits
https://www.awin1.com/pclick.php?p=45298079591&a=2771700&m=6526,Mamas &amp; Papas Stripe Dungarees &amp; Long Sleeve Top - 3-6 Months,45298079591,GB _GBP_54322981536081,https://cdn.shopify.com/s/files/1/0414/6023/6453/files/mamas-papas-outfits-sets-stripe-dungarees-long-sleeve-top-1250031615.jpg?v=1784550759,"Details we love: Boys' stripe cotton twill dungarees outfit set Adjustable button straps Boucle pony detail Concealed crotch poppers Relaxed fit cotton long sleeve tee with shoulder poppers Designed and nurtured in the UK Details you love: The most adorable set - the stripes and boucle pony detail make it look extra special."" There’s nothing quite like those precious newborn days, gently introducing baby to the world and those who matter most. Thoughtfully chosen by parents and gift-givers alike, our Welcome to the World collection is made for this very chapter, with pieces for tiny babies up to 12 months. Crafted from soft, gentle fabrics and finished with beautifully delicate details, each piece is designed to feel as special as it looks. Composition: 100% Cotton Washcare: 40 degree wash, do not bleach, cool tumble dry, cool iron, do not dry clean, wash dark colours separately Safety Warnings: Keep away from fire Boys' striped dungaree 2-piece outfit set Soft textured boucle pony detail Perfect for precious first outings and snuggly days at home Clothing &amp; Accessories &gt; Clothing &gt; Baby &amp; Toddler Clothing &gt; Baby &amp; Toddler Outfits""",,29,Mamas & Papas,6526,,,https://images2.productserve.com/?w=200&h=200&bg=white&trim=5&t=letterbox&url=ssl%3Acdn.shopify.com%2Fs%2Ffiles%2F1%2F0414%2F6023%2F6453%2Ffiles%2Fmamas-papas-outfits-sets-stripe-dungarees-long-sleeve-top-1250031615.jpg%3Fv%3D1784550759&feedId=112637&k=3780a6c74f5bff1aa91ffdfa53a8d1dec2bb1f57,GBP,,4.95 GBP,https://www.mamasandpapas.com/products/2pc-dungaree-t-shirt-set-nb-s42ln7bb0?variant=54322981536081,,2026-08-07 08:25:02,£29,112637,Mamas & Papas,1,,,,,,Baby Outfits
https://www.awin1.com/pclick.php?p=45298079592&a=2771700&m=6526,Mamas &amp; Papas Stripe Dungarees &amp; Long Sleeve Top - 6-9 Months,45298079592,GB _GBP_54322981568849,https://cdn.shopify.com/s/files/1/0414/6023/6453/files/mamas-papas-outfits-sets-stripe-dungarees-long-sleeve-top-1250031615.jpg?v=1784550759,"Details we love: Boys' stripe cotton twill dungarees outfit set Adjustable button straps Boucle pony detail Concealed crotch poppers Relaxed fit cotton long sleeve tee with shoulder poppers Designed and nurtured in the UK Details you love: The most adorable set - the stripes and boucle pony detail make it look extra special."" There’s nothing quite like those precious newborn days, gently introducing baby to the world and those who matter most. Thoughtfully chosen by parents and gift-givers alike, our Welcome to the World collection is made for this very chapter, with pieces for tiny babies up to 12 months. Crafted from soft, gentle fabrics and finished with beautifully delicate details, each piece is designed to feel as special as it looks. Composition: 100% Cotton Washcare: 40 degree wash, do not bleach, cool tumble dry, cool iron, do not dry clean, wash dark colours separately Safety Warnings: Keep away from fire Boys' striped dungaree 2-piece outfit set Soft textured boucle pony detail Perfect for precious first outings and snuggly days at home Clothing &amp; Accessories &gt; Clothing &gt; Baby &amp; Toddler Clothing &gt; Baby &amp; Toddler Outfits""",,29,Mamas & Papas,6526,,,https://images2.productserve.com/?w=200&h=200&bg=white&trim=5&t=letterbox&url=ssl%3Acdn.shopify.com%2Fs%2Ffiles%2F1%2F0414%2F6023%2F6453%2Ffiles%2Fmamas-papas-outfits-sets-stripe-dungarees-long-sleeve-top-1250031615.jpg%3Fv%3D1784550759&feedId=112637&k=3780a6c74f5bff1aa91ffdfa53a8d1dec2bb1f57,GBP,,4.95 GBP,https://www.mamasandpapas.com/products/2pc-dungaree-t-shirt-set-nb-s42ln7bb0?variant=54322981568849,,2026-08-07 08:25:02,£29,112637,Mamas & Papas,1,,,,,,Baby Outfits
https://www.awin1.com/pclick.php?p=45298079593&a=2771700&m=6526,Mamas &amp; Papas Stripe Dungarees &amp; Long Sleeve Top - 9-12 Months,45298079593,GB _GBP_54322981601617,https://cdn.shopify.com/s/files/1/0414/6023/6453/files/mamas-papas-outfits-sets-stripe-dungarees-long-sleeve-top-1250031615.jpg?v=1784550759,"Details we love: Boys' stripe cotton twill dungarees outfit set Adjustable button straps Boucle pony detail Concealed crotch poppers Relaxed fit cotton long sleeve tee with shoulder poppers Designed and nurtured in the UK Details you love: The most adorable set - the stripes and boucle pony detail make it look extra special."" There’s nothing quite like those precious newborn days, gently introducing baby to the world and those who matter most. Thoughtfully chosen by parents and gift-givers alike, our Welcome to the World collection is made for this very chapter, with pieces for tiny babies up to 12 months. Crafted from soft, gentle fabrics and finished with beautifully delicate details, each piece is designed to feel as special as it looks. Composition: 100% Cotton Washcare: 40 degree wash, do not bleach, cool tumble dry, cool iron, do not dry clean, wash dark colours separately Safety Warnings: Keep away from fire Boys' striped dungaree 2-piece outfit set Soft textured boucle pony detail Perfect for precious first outings and snuggly days at home Clothing &amp; Accessories &gt; Clothing &gt; Baby &amp; Toddler Clothing &gt; Baby &amp; Toddler Outfits""",,29,Mamas & Papas,6526,,,https://images2.productserve.com/?w=200&h=200&bg=white&trim=5&t=letterbox&url=ssl%3Acdn.shopify.com%2Fs%2Ffiles%2F1%2F0414%2F6023%2F6453%2Ffiles%2Fmamas-papas-outfits-sets-stripe-dungarees-long-sleeve-top-1250031615.jpg%3Fv%3D1784550759&feedId=112637&k=3780a6c74f5bff1aa91ffdfa53a8d1dec2bb1f57,GBP,,4.95 GBP,https://www.mamasandpapas.com/products/2pc-dungaree-t-shirt-set-nb-s42ln7bb0?variant=54322981601617,,2026-08-07 08:25:02,£29,112637,Mamas & Papas,1,,,,,,Baby Outfits
https://www.awin1.com/pclick.php?p=45298079619&a=2771700&m=6526,Mamas &amp; Papas Born in 2027 Bib - Blue - Blank,45298079619,GB _GBP_54323087180113,https://cdn.shopify.com/s/files/1/0414/6023/6453/files/mamas-papas-bibs-muslins-blank-born-in-2027-bib-blue-1250031580.jpg?v=1784557694,"Details we love: 100% cotton bib Born in 2027"" embroidered front detail Soft terry towelling on reverse Adjustable popper neck fastening Designed and nurtured in the UK There’s nothing quite like those precious newborn days, gently introducing baby to the world and those who matter most. Thoughtfully chosen by parents and gift-givers alike, our Welcome to the World collection is made for this very chapter, with pieces for tiny babies up to 12 months. Crafted from soft, gentle fabrics and finished with beautifully delicate details, each piece is designed to feel as special as it looks. Composition: 100% Cotton Washcare: 40 degree wash, do not bleach, cool tumble dry, cool iron, do not dry clean, wash dark colours separately Safety Warnings: Keep away from fire Boys' blue bib with ""Born in 2027"" embroidered detail 100% cotton with terry towelling reverse for ultimate softness Makes a thoughtful newborn gift and keepsake Clothing &amp; Accessories &gt; Clothing &gt; Baby &amp; Toddler Clothing""",,8,Mamas & Papas,6526,,,https://images2.productserve.com/?w=200&h=200&bg=white&trim=5&t=letterbox&url=ssl%3Acdn.shopify.com%2Fs%2Ffiles%2F1%2F0414%2F6023%2F6453%2Ffiles%2Fmamas-papas-bibs-muslins-blank-born-in-2027-bib-blue-1250031580.jpg%3Fv%3D1784557694&feedId=112637&k=2e305d9eb6a77e43bebc1dbc20353b3f9ed2d93b,GBP,,4.95 GBP,https://www.mamasandpapas.com/products/blue-born-in-2027-bib-1-size-s41gp1tg4,,2026-08-07 08:33:38,£8,112637,Mamas & Papas,1,,,,,,Bibs
https://www.awin1.com/pclick.php?p=45352658393&a=2771700&m=6526,Mamas &amp; Papas Dreampod Sleep Bag 0-6 Months (2.5 Tog) - Waddle Duck,45352658393,GB _GBP_54378481156433,https://cdn.shopify.com/s/files/1/0414/6023/6453/files/mamas-papas-dreampod-sleep-bags-swaddling-dreampod-sleep-bag-0-6-months-2-5-tog-waddle-duck-1250393193.jpg?v=1784903530,"2.5 Tog Dreampod sleep bag featuring a beautiful Waddle Duck print. Made from ultra-soft jersey cotton, it keeps your little one at the perfect temperature for a peaceful night’s sleep when the room temperature drops below 20 degrees. It has an easy bottom zip, shoulder popper fastenings, and adjustable armholes for a perfect fit and fuss-free changes. Suitable for 0 to 6 months. Machine washable. Why we love it The adorable print has been lovingly hand-drawn by our Mamas &amp; Papas team, and its soft, neutral colours mean it complements a range of nursery styles.    Good to know The perfect next step after swaddling, our Dreampod sleep bags combine cosy comfort with the freedom to move naturally, supporting better rest and helping little ones feel secure as they transition towards duvet sleeping. Match it up Team with our coordinating Waddle Duck print Cotton Essentials fitted sheets for a thoughtfully curated nursery. Clothing &amp; Accessories &gt; Clothing &gt; Baby &amp; Toddler Clothing &gt; Baby &amp; Toddler Sleepwear",,25,Mamas & Papas,6526,,,https://images2.productserve.com/?w=200&h=200&bg=white&trim=5&t=letterbox&url=ssl%3Acdn.shopify.com%2Fs%2Ffiles%2F1%2F0414%2F6023%2F6453%2Ffiles%2Fmamas-papas-dreampod-sleep-bags-swaddling-dreampod-sleep-bag-0-6-months-2-5-tog-waddle-duck-1250393193.jpg%3Fv%3D1784903530&feedId=112637&k=3191253ed3d89ae6959c31eba29553b549dad091,GBP,,4.95 GBP,https://www.mamasandpapas.com/products/dreampod-0-6m-2-5-tog-waddle-duck-7340fj400,,2026-08-07 08:36:15,£25,112637,Mamas & Papas,1,,,,,,Baby Sleeping Bags
https://www.awin1.com/pclick.php?p=45352658397&a=2771700&m=6526,Mamas &amp; Papas Dreampod Sleep Bag 0-6 Month (2.5 Tog) - Magic,45352658397,GB _GBP_54378646339921,https://cdn.shopify.com/s/files/1/0414/6023/6453/files/mamas-papas-dreampod-sleep-bags-swaddling-dreampod-sleep-bag-0-6-month-2-5-tog-magic-1250393187.jpg?v=1784903350,"Wrap your little one in pure magic with this 2.5 Tog, circus-printed Dreampod sleep bag. Made from ultra-soft jersey cotton, it keeps your little one at the perfect temperature for a peaceful night’s sleep when the room temperature drops below 20 degrees. It has an easy bottom zip, shoulder popper fastenings, and adjustable armholes for a perfect fit and fuss-free changes. Suitable for 0 to 6 months. Machine washable. Why we love it This adorable print has been lovingly hand-drawn by our Mamas &amp; Papas team, featuring fine-line etchings of balancing elephants, twinkling stars, and classic striped tents in a soft yet joyful colour palette.  Clothing &amp; Accessories &gt; Clothing &gt; Baby &amp; Toddler Clothing &gt; Baby &amp; Toddler Sleepwear",,25,Mamas & Papas,6526,,,https://images2.productserve.com/?w=200&h=200&bg=white&trim=5&t=letterbox&url=ssl%3Acdn.shopify.com%2Fs%2Ffiles%2F1%2F0414%2F6023%2F6453%2Ffiles%2Fmamas-papas-dreampod-sleep-bags-swaddling-dreampod-sleep-bag-0-6-month-2-5-tog-magic-1250393187.jpg%3Fv%3D1784903350&feedId=112637&k=5adf136ac2e754f6d68a3a8378ddd578705dd835,GBP,,4.95 GBP,https://www.mamasandpapas.com/products/dreampod-0-6m-2-5-tog-magic-734042800,,2026-08-07 08:36:15,£25,112637,Mamas & Papas,1,,,,,,Baby Sleeping Bags
https://www.awin1.com/pclick.php?p=45406887290&a=2771700&m=6526,Nuna Viaa Cabin Pushchair - Caviar,45406887290,GB _GBP_54443197628753,https://cdn.shopify.com/s/files/1/0414/6023/6453/files/Untitled-1-Recovered-Recovered_0005_6943V1700_NunaVIAACabin_Caviar_Images_1.jpg?v=1785768740,"Meet the VIAA cabn—the ultimate travel tag-along that practically packs itself. Product Features Travel-ready sizing designed to meet IATA cabin standards when folded and armbar is removed (always check your airline's size and weight requirements before travel) Lightweight cabin pushchair that's super portable at only 7.6 kg In it for the long haul providing smooth strolls up to 22 kg Simple 1-handed fold packs down to carry-on size for effortless overhead bin storage 1-handed steering and exceptional manoeuvrability make it a dream to push and turn Creates a sleek-looking travel system connecting directly with Nuna PIPA™ series infant car seats with just a click—no adaptors needed Simple 1-touch rear-wheel braking system The 3 to 5-point no-rethread harness makes it easy to fasten them in MagneTech secure snap™ is a self-guiding magnetic buckle that automatically locks into place Shadow reel recline provides 1-handed, customisable recline adjustments including lie-flat positioning Water-repellent UPF 50+ canopy is extendable and features a flip-out eyeshade Rear-canopy ventilation provides more airflow for warm-weather strolls Progressive front and rear-wheel suspension technology provides a smooth ride Removable and rotating armbar fits kids of all sizes 2-position adjustable calf support for growing legs Carry bag included so you can go hands-free and store away during travel Luxe leatherette accented pushbar and armbar lend style to your strolls Durable airless tyres are ready to go for miles Extra roomy basket holds everything you need for travels up to 10 kg Self-standing and easy to tote with the armbar when folded Tracking device pocket in basket to keep tabs on it wherever you go Item Code Includes: Pushchair, carry bag Age Suitability: birth - approx. 4 years Weight Suitability: birth - 22kg Fabric Composition: Polyester Care &amp; Maintenance: See instruction manual Assembly: partial assembly required Safety &amp; Warnings: WARNING: Never leave the child unattended. Standards (UK / Europe): EN1888-2Assembled: 83 x 42.5 x 103 Folded: 20 x 42.5 x 52 Travel-ready sizing designed to meet IATA cabin standards when folded and armbar is removed (always check your airline's size and weight requirements before travel) Lightweight cabin pushchair that's super portable at only 7.6 kg Simple 1-handed fold packs down to carry-on size for effortless overhead bin storage Baby &amp; Toddler &gt; Baby Transport &gt; Pushchairs &amp; Prams",,400,Mamas & Papas,6526,,,https://images2.productserve.com/?w=200&h=200&bg=white&trim=5&t=letterbox&url=ssl%3Acdn.shopify.com%2Fs%2Ffiles%2F1%2F0414%2F6023%2F6453%2Ffiles%2FUntitled-1-Recovered-Recovered_0005_6943V1700_NunaVIAACabin_Caviar_Images_1.jpg%3Fv%3D1785768740&feedId=112637&k=adc9fe6b8e429ffb55a2851d945083558467de9e,GBP,,0 GBP,https://www.mamasandpapas.com/products/nuna-viaa-cabin-6943v1700,,2026-08-07 08:36:26,£400,112637,Nuna,1,,,,,,Lightweight Stroller
https://www.awin1.com/pclick.php?p=45414413589&a=2771700&m=6526,Mamas &amp; Papas Vardo Complete Pushchair Bundle with Maxi-Cosi Pebble Slide Pro Car Seat &amp; Base (9 Pieces) - Shell,45414413589,GB _GBP_54453502574929,https://cdn.shopify.com/s/files/1/0414/6023/6453/files/mamas-papas-pushchairs-vardo-complete-pushchair-bundle-with-maxi-cosi-pebble-slide-pro-car-seat-base-9-pieces-shell-1251802674.jpg?v=1785755201,"This Bundle includes: Vardo Pushchair, Vardo Carrycot, Carrycot Stand, Vardo Footmuff, Utilitarian Backpack, Maxi-Cosi Pebble Slide Pro Car Seat, Maxi-Cosi FamilyFix Slide Pro Base, Universal Cup Holder, Vardo Car Seat Adaptors for Cybex/Maxi-Cosi Vardo Pushchair Move seamlessly through life’s moments. A lightweight pushchair with multi-terrain capability, Vardo’s suited to city living, gliding through streets, while large rear wheels and lockable front wheels handle rougher ground with ease. Featuring an overnight sleep-approved carrycot and stand* for safe sleeping anytime, anywhere, plus a refined seat shaped and padded, it’s designed to support them from birth to 4 years**. Blending flexibility, comfort and style, its exposed tubing projects a sophisticated look, with handy features for every season, age and stage. *Stand and carrycot sold separately **Up to 22kg Product features Agile and Effortless Move confidently through your busy day thanks to Vardo's easy-push and lightweight agile frame. Multi-Terrain Capability Enjoy the freedom to go anywhere with our large, puncture-proof multi-terrain rubber wheels for smooth rides. Comfort Throughout Keep your baby comfortable from day to night with premium fabrics and plush finishes throughout the carrycot and seat. Built To Last Setting the standard for safety and durability, we're the only UK nursery brand with an in-house lab where our pushchairs are designed, engineered and tested. One-Hand Fold Collapse in seconds and store away neatly, thanks to our industry-leading one-hand compact fold. Easy Lifting, Easy Storing Choose a two-piece compact fold by separating the frame and seat for easier lifting, storing, or slotting in. Quick Unfold Go from folded to ready to go in seconds with one simple, easy unfold action that saves you time on the move. Adapts With Your Baby Adapt as your baby grows and develops with a large reversible seat that can be used in parent or world-facing mode. Vardo S Carrycot Approved for overnight sleeping and designed for use with our Vardo pushchair, this carrycot offers your newborn the ultimate in comfort and safety. Features a cushioned mattress and lie-flat position, to support your baby’s natural sleeping position, whether placed on the chassis or carrycot stand. A handy buttoned apron and silent magnets means you can tuck baby away quickly and quietly, whilst its hood's optional air vent keeps them cool and comfortable. Product features Attaches to Vardo Easily attaches to the Vardo pushchair or carrycot stand for a secure, coordinated fit. Suitable From Birth Suitable from birth, supporting your newborn from their very first journeys. Recycled Materials Uses recycled polyester knitted materials which are both resilient yet soft for baby. Silent Magnets Silent magnets won't wake baby at naptimes, for quiet, easy access. Ventilated Hood Large hood with fold-back mesh ventilation keeps baby cool and comfortable. Soft Materials &amp; Linings Soft for baby materials and linings throughout for everyday comfort. Cushioned Lie-Flat Mattress Cushioned mattress and a lie-flat position that supports a natural sleeping position. Soft Brushed Lining Soft brushed lining fabric adds superior comfort for your newborn. Vardo Footmuff Use together with our Vardo pushchair, this supersoft footmuff with breathable bamboo fleece lining keeps heat in, to keep baby cosy and dry whatever the weather. The cut out back section allows you to easily adjust the harness as your child grows. In a soft recycled polyester knitted fabric and tonal soft bamboo fleece lining. Maxi-Cosi Pebble Slide Pro Car Seat Pebble Slide Pro is a lightweight baby car seat at just 3.9kg, making every drive, stroll and carry effortless. Paired with the FamilyFix Slide Pro base, SLIDETECH®2 rotates the seat 90° and slides it out 27cm — our longest slide ever — for the easiest way to get your child in and out. It meets the latest i-Size safety standards (R129/04) with a 3-point harness and built-in G-CELL Side Impact Protection. With a newborn inlay, it suits birth to 2 years (40-87cm), offering an ergonomic lie-flat position and year-round ClimaFlow ventilation. Product features SLIDETECH®2 Slides 27cm Paired with FamilyFix Slide Pro, SLIDETECH®2 brings the car seat to you, sliding out 27cm for easier access. Lightweight at 3.9kg Weighing just 3.9kg, Pebble Slide Pro is light to carry and effortless to switch from car to stroller. Full Lie-Flat Comfort Your baby enjoys superior sleep comfort in every recline position, including a full ergonomic lie-flat mode. ClimaFlow Ventilation ClimaFlow ventilation panels, breathable foam and mesh fabrics keep your child cool, fresh and comfy year-round. G-CELL Side Impact Protection The G-CELL structure spreads impact force, reducing injuries in the event of a side collision. Easy Buckling: Harness &amp; 360° Spin The secure 3-point harness, 360° FlexiSpin rotation and easy-in design make buckling up and getting in and out effortless. Adjustable Headrest Adjust the headrest as your baby grows, for maximum comfort and support at every stage. UPF 50+ Extra-Large Canopy The extra-large UPF 50+ canopy shields your baby from sun, wind and rain everywhere you go. Vardo Pushchair Safety Warning: WARNING: This product is not suitable for running or skating.This vehicle is intended for children from birth up to 22kgs or 4 years whichever comes first. All Mamas &amp; Papas products comply with all the relevant latest British and European Safety Standards and Regulations. Vardo S Carrycot Health &amp; Safety: EN 1466:2023 Safety Warning: WARNING: Never use this product on a stand. This product is suitable only for a child who cannot sit up unaided, roll over, and cannot push up on its hands and knees. Maximum weight of the child 9kg. Vardo Carrycot Stand Age Suitability:This product is suitable only for a child who cannot sit up unaided, roll over, and cannot push up on its hands and knees. Safety Warnings:This product is suitable only for a child who cannot sit up unaided, roll over, and cannot push up on its hands and knees. Maximum weight of the child 9kg. The Vardo S Carrycot is compatible with the Vardo S Carrycot Stand. Standards UK &amp; Europe: BS EN1466:2023 Vardo Footmuff Care &amp; Maintenance: Machine washable Maxi-Cosi Pebble Slide Pro Car Seat Age Suitability: Birth – 24 Months, 40-87cm Weight Suitability: 0-13kg Safety / Warnings: Please read user manual in full and keep for future reference Standards UK / Europe: R129/04 Weight: 3.9kg Maxi-Cosi FamilyFix Slide Pro Base Item Code Includes: Maxi-Cosi FamilyFix Slide Pro Base Age Suitability: Birth - 4 Years Weight Suitability: 0-16.5kg Care &amp; Maintenance: Clean using a wet cloth Safety / Warnings: Please read the user manually careful and keep for future reference Standards UK / Europe: R129/04 Vardo Pushchair Dimensions: H: 59 x W: 57.5 x L: 106cm Approx.Weight: 11.2kg Vardo S Carrycot Dimensions: H43 x W40 x L84cm Approx.Weight: 4.6kg Vardo Footmuff Dimensions: H: 96 x W: 38 x L: 12cm Approx.Weight: 0.8kg Not just a city pushchair - built for bustling streets and beyond Compact and lightweight - making it easy to lift, store and slot in One hand-fold - collapses and opens in seconds for life on the go Baby &amp; Toddler &gt; Baby Transport &gt; Pushchairs &amp; Prams",,1179,Mamas & Papas,6526,,,https://images2.productserve.com/?w=200&h=200&bg=white&trim=5&t=letterbox&url=ssl%3Acdn.shopify.com%2Fs%2Ffiles%2F1%2F0414%2F6023%2F6453%2Ffiles%2Fmamas-papas-pushchairs-vardo-complete-pushchair-bundle-with-maxi-cosi-pebble-slide-pro-car-seat-base-9-pieces-shell-1251802674.jpg%3Fv%3D1785755201&feedId=112637&k=fe59a5259ac59351aa64be2aba0626a84da76b7b,GBP,,0 GBP,https://www.mamasandpapas.com/products/vardos-shell-compkit-pebslidepro-ccstand-5242s4316,,2026-08-07 08:36:37,"£1,179",112637,Mamas & Papas,1,,,,,,Travel Bundle
https://www.awin1.com/pclick.php?p=45414413590&a=2771700&m=6526,Mamas &amp; Papas Vardo Complete Pushchair Bundle with Maxi-Cosi Pebble Slide Pro Car Seat &amp; Base (9 Pieces) - Sage,45414413590,GB _GBP_54453502378321,https://cdn.shopify.com/s/files/1/0414/6023/6453/files/mamas-papas-pushchairs-vardo-complete-pushchair-bundle-with-maxi-cosi-pebble-slide-pro-car-seat-base-9-pieces-sage-1251802635.jpg?v=1785755681,Baby &amp; Toddler &gt; Baby Transport &gt; Pushchairs &amp; Prams,,1179,Mamas & Papas,6526,,,https://images2.productserve.com/?w=200&h=200&bg=white&trim=5&t=letterbox&url=ssl%3Acdn.shopify.com%2Fs%2Ffiles%2F1%2F0414%2F6023%2F6453%2Ffiles%2Fmamas-papas-pushchairs-vardo-complete-pushchair-bundle-with-maxi-cosi-pebble-slide-pro-car-seat-base-9-pieces-sage-1251802635.jpg%3Fv%3D1785755681&feedId=112637&k=16ce162ae9493176b4b62b010d829e08b6574ef3,GBP,,0 GBP,https://www.mamasandpapas.com/products/vardos-sage-compkit-pebslidepro-ccstand-52421sg10,,2026-08-07 08:36:37,"£1,179",112637,Mamas & Papas,1,,,,,,Travel Bundle
https://www.awin1.com/pclick.php?p=45414413591&a=2771700&m=6526,Mamas &amp; Papas Vardo Complete Pushchair Bundle with Maxi-Cosi Pebble Slide Pro Car Seat &amp; Base (9 Pieces) - Noir,45414413591,GB _GBP_54453501985105,https://cdn.shopify.com/s/files/1/0414/6023/6453/files/mamas-papas-pushchairs-vardo-complete-pushchair-bundle-with-maxi-cosi-pebble-slide-pro-car-seat-base-9-pieces-noir-1251802655.jpg?v=1785756071,"This Bundle includes: Vardo Pushchair, Vardo Carrycot, Carrycot Stand, Vardo Footmuff, Utilitarian Backpack, Maxi-Cosi Pebble Slide Pro Car Seat, Maxi-Cosi FamilyFix Slide Pro Base, Universal Cup Holder, Vardo Car Seat Adaptors for Cybex/Maxi-Cosi Vardo Pushchair Move seamlessly through life’s moments. A lightweight pushchair with multi-terrain capability, Vardo’s suited to city living, gliding through streets, while large rear wheels and lockable front wheels handle rougher ground with ease. Featuring an overnight sleep-approved carrycot and stand* for safe sleeping anytime, anywhere, plus a refined seat shaped and padded, it’s designed to support them from birth to 4 years**. Blending flexibility, comfort and style, its exposed tubing projects a sophisticated look, with handy features for every season, age and stage. *Stand and carrycot sold separately **Up to 22kg Product features Agile and Effortless Move confidently through your busy day thanks to Vardo's easy-push and lightweight agile frame. Multi-Terrain Capability Enjoy the freedom to go anywhere with our large, puncture-proof multi-terrain rubber wheels for smooth rides. Comfort Throughout Keep your baby comfortable from day to night with premium fabrics and plush finishes throughout the carrycot and seat. Built To Last Setting the standard for safety and durability, we're the only UK nursery brand with an in-house lab where our pushchairs are designed, engineered and tested. One-Hand Fold Collapse in seconds and store away neatly, thanks to our industry-leading one-hand compact fold. Easy Lifting, Easy Storing Choose a two-piece compact fold by separating the frame and seat for easier lifting, storing, or slotting in. Quick Unfold Go from folded to ready to go in seconds with one simple, easy unfold action that saves you time on the move. Adapts With Your Baby Adapt as your baby grows and develops with a large reversible seat that can be used in parent or world-facing mode. Vardo S Carrycot Approved for overnight sleeping and designed for use with our Vardo pushchair, this carrycot offers your newborn the ultimate in comfort and safety. Features a cushioned mattress and lie-flat position, to support your baby’s natural sleeping position, whether placed on the chassis or carrycot stand. A handy buttoned apron and silent magnets means you can tuck baby away quickly and quietly, whilst its hood's optional air vent keeps them cool and comfortable. Product features Attaches to Vardo Easily attaches to the Vardo pushchair or carrycot stand for a secure, coordinated fit. Suitable From Birth Suitable from birth, supporting your newborn from their very first journeys. Recycled Materials Uses recycled polyester knitted materials which are both resilient yet soft for baby. Silent Magnets Silent magnets won't wake baby at naptimes, for quiet, easy access. Ventilated Hood Large hood with fold-back mesh ventilation keeps baby cool and comfortable. Soft Materials &amp; Linings Soft for baby materials and linings throughout for everyday comfort. Cushioned Lie-Flat Mattress Cushioned mattress and a lie-flat position that supports a natural sleeping position. Soft Brushed Lining Soft brushed lining fabric adds superior comfort for your newborn. Vardo Footmuff Use together with our Vardo pushchair, this supersoft footmuff with breathable bamboo fleece lining keeps heat in, to keep baby cosy and dry whatever the weather. The cut out back section allows you to easily adjust the harness as your child grows. In a soft recycled polyester knitted fabric and tonal soft bamboo fleece lining. Maxi-Cosi Pebble Slide Pro Car Seat Pebble Slide Pro is a lightweight baby car seat at just 3.9kg, making every drive, stroll and carry effortless. Paired with the FamilyFix Slide Pro base, SLIDETECH®2 rotates the seat 90° and slides it out 27cm — our longest slide ever — for the easiest way to get your child in and out. It meets the latest i-Size safety standards (R129/04) with a 3-point harness and built-in G-CELL Side Impact Protection. With a newborn inlay, it suits birth to 2 years (40-87cm), offering an ergonomic lie-flat position and year-round ClimaFlow ventilation. Product features SLIDETECH®2 Slides 27cm Paired with FamilyFix Slide Pro, SLIDETECH®2 brings the car seat to you, sliding out 27cm for easier access. Lightweight at 3.9kg Weighing just 3.9kg, Pebble Slide Pro is light to carry and effortless to switch from car to stroller. Full Lie-Flat Comfort Your baby enjoys superior sleep comfort in every recline position, including a full ergonomic lie-flat mode. ClimaFlow Ventilation ClimaFlow ventilation panels, breathable foam and mesh fabrics keep your child cool, fresh and comfy year-round. G-CELL Side Impact Protection The G-CELL structure spreads impact force, reducing injuries in the event of a side collision. Easy Buckling: Harness &amp; 360° Spin The secure 3-point harness, 360° FlexiSpin rotation and easy-in design make buckling up and getting in and out effortless. Adjustable Headrest Adjust the headrest as your baby grows, for maximum comfort and support at every stage. UPF 50+ Extra-Large Canopy The extra-large UPF 50+ canopy shields your baby from sun, wind and rain everywhere you go. Vardo Pushchair Safety Warning: WARNING: This product is not suitable for running or skating.This vehicle is intended for children from birth up to 22kgs or 4 years whichever comes first. All Mamas &amp; Papas products comply with all the relevant latest British and European Safety Standards and Regulations. Vardo S Carrycot Health &amp; Safety: EN 1466:2023 Safety Warning: WARNING: Never use this product on a stand. This product is suitable only for a child who cannot sit up unaided, roll over, and cannot push up on its hands and knees. Maximum weight of the child 9kg. Vardo Carrycot Stand Age Suitability:This product is suitable only for a child who cannot sit up unaided, roll over, and cannot push up on its hands and knees. Safety Warnings:This product is suitable only for a child who cannot sit up unaided, roll over, and cannot push up on its hands and knees. Maximum weight of the child 9kg. The Vardo S Carrycot is compatible with the Vardo S Carrycot Stand. Standards UK &amp; Europe: BS EN1466:2023 Vardo Footmuff Care &amp; Maintenance: Machine washable Maxi-Cosi Pebble Slide Pro Car Seat Age Suitability: Birth – 24 Months, 40-87cm Weight Suitability: 0-13kg Safety / Warnings: Please read user manual in full and keep for future reference Standards UK / Europe: R129/04 Weight: 3.9kg Maxi-Cosi FamilyFix Slide Pro Base Item Code Includes: Maxi-Cosi FamilyFix Slide Pro Base Age Suitability: Birth - 4 Years Weight Suitability: 0-16.5kg Care &amp; Maintenance: Clean using a wet cloth Safety / Warnings: Please read the user manually careful and keep for future reference Standards UK / Europe: R129/04 Vardo Pushchair Dimensions: H: 59 x W: 57.5 x L: 106cm Approx.Weight: 11.2kg Vardo S Carrycot Dimensions: H43 x W40 x L84cm Approx.Weight: 4.6kg Vardo Footmuff Dimensions: H: 96 x W: 38 x L: 12cm Approx.Weight: 0.8kg Not just a city pushchair - built for bustling streets and beyond Compact and lightweight - making it easy to lift, store and slot in One hand-fold - collapses and opens in seconds for life on the go Baby &amp; Toddler &gt; Baby Transport &gt; Pushchairs &amp; Prams",,1179,Mamas & Papas,6526,,,https://images2.productserve.com/?w=200&h=200&bg=white&trim=5&t=letterbox&url=ssl%3Acdn.shopify.com%2Fs%2Ffiles%2F1%2F0414%2F6023%2F6453%2Ffiles%2Fmamas-papas-pushchairs-vardo-complete-pushchair-bundle-with-maxi-cosi-pebble-slide-pro-car-seat-base-9-pieces-noir-1251802655.jpg%3Fv%3D1785756071&feedId=112637&k=88480b76fb9b08ccb7103b9215d5b44e2757db14,GBP,,0 GBP,https://www.mamasandpapas.com/products/vardos-noir-compkit-pebslidepro-ccstand-52421nr10,,2026-08-07 08:36:36,"£1,179",112637,Mamas & Papas,1,,,,,,Travel Bundle
https://www.awin1.com/pclick.php?p=45414413592&a=2771700&m=6526,Mamas &amp; Papas Vardo Complete Pushchair Bundle with Maxi-Cosi Pebble Slide Pro Car Seat &amp; Base (9 Pieces) - Nutmeg,45414413592,GB _GBP_54454628385105,https://cdn.shopify.com/s/files/1/0414/6023/6453/files/52421NM07_AW26_Vardo_Nutmeg_PebbleSlide.jpg?v=1785513341,"This Bundle includes: Vardo Pushchair, Vardo Carrycot, Carrycot Stand, Vardo Footmuff, Utilitarian Backpack, Maxi-Cosi Pebble Slide Pro Car Seat, Maxi-Cosi FamilyFix Slide Pro Base, Universal Cup Holder, Vardo Car Seat Adaptors for Cybex/Maxi-Cosi Vardo Pushchair Move seamlessly through life’s moments. A lightweight pushchair with multi-terrain capability, Vardo’s suited to city living, gliding through streets, while large rear wheels and lockable front wheels handle rougher ground with ease. Featuring an overnight sleep-approved carrycot and stand* for safe sleeping anytime, anywhere, plus a refined seat shaped and padded, it’s designed to support them from birth to 4 years**. Blending flexibility, comfort and style, its exposed tubing projects a sophisticated look, with handy features for every season, age and stage. *Stand and carrycot sold separately **Up to 22kg Product features Agile and Effortless Move confidently through your busy day thanks to Vardo's easy-push and lightweight agile frame. Multi-Terrain Capability Enjoy the freedom to go anywhere with our large, puncture-proof multi-terrain rubber wheels for smooth rides. Comfort Throughout Keep your baby comfortable from day to night with premium fabrics and plush finishes throughout the carrycot and seat. Built To Last Setting the standard for safety and durability, we're the only UK nursery brand with an in-house lab where our pushchairs are designed, engineered and tested. One-Hand Fold Collapse in seconds and store away neatly, thanks to our industry-leading one-hand compact fold. Easy Lifting, Easy Storing Choose a two-piece compact fold by separating the frame and seat for easier lifting, storing, or slotting in. Quick Unfold Go from folded to ready to go in seconds with one simple, easy unfold action that saves you time on the move. Adapts With Your Baby Adapt as your baby grows and develops with a large reversible seat that can be used in parent or world-facing mode. Vardo S Carrycot Approved for overnight sleeping and designed for use with our Vardo pushchair, this carrycot offers your newborn the ultimate in comfort and safety. Features a cushioned mattress and lie-flat position, to support your baby’s natural sleeping position, whether placed on the chassis or carrycot stand. A handy buttoned apron and silent magnets means you can tuck baby away quickly and quietly, whilst its hood's optional air vent keeps them cool and comfortable. Product features Attaches to Vardo Easily attaches to the Vardo pushchair or carrycot stand for a secure, coordinated fit. Suitable From Birth Suitable from birth, supporting your newborn from their very first journeys. Recycled Materials Uses recycled polyester knitted materials which are both resilient yet soft for baby. Silent Magnets Silent magnets won't wake baby at naptimes, for quiet, easy access. Ventilated Hood Large hood with fold-back mesh ventilation keeps baby cool and comfortable. Soft Materials &amp; Linings Soft for baby materials and linings throughout for everyday comfort. Cushioned Lie-Flat Mattress Cushioned mattress and a lie-flat position that supports a natural sleeping position. Soft Brushed Lining Soft brushed lining fabric adds superior comfort for your newborn. Vardo Footmuff Use together with our Vardo pushchair, this supersoft footmuff with breathable bamboo fleece lining keeps heat in, to keep baby cosy and dry whatever the weather. The cut out back section allows you to easily adjust the harness as your child grows. In a soft recycled polyester knitted fabric and tonal soft bamboo fleece lining. Maxi-Cosi Pebble Slide Pro Car Seat Pebble Slide Pro is a lightweight baby car seat at just 3.9kg, making every drive, stroll and carry effortless. Paired with the FamilyFix Slide Pro base, SLIDETECH®2 rotates the seat 90° and slides it out 27cm — our longest slide ever — for the easiest way to get your child in and out. It meets the latest i-Size safety standards (R129/04) with a 3-point harness and built-in G-CELL Side Impact Protection. With a newborn inlay, it suits birth to 2 years (40-87cm), offering an ergonomic lie-flat position and year-round ClimaFlow ventilation. Product features SLIDETECH®2 Slides 27cm Paired with FamilyFix Slide Pro, SLIDETECH®2 brings the car seat to you, sliding out 27cm for easier access. Lightweight at 3.9kg Weighing just 3.9kg, Pebble Slide Pro is light to carry and effortless to switch from car to stroller. Full Lie-Flat Comfort Your baby enjoys superior sleep comfort in every recline position, including a full ergonomic lie-flat mode. ClimaFlow Ventilation ClimaFlow ventilation panels, breathable foam and mesh fabrics keep your child cool, fresh and comfy year-round. G-CELL Side Impact Protection The G-CELL structure spreads impact force, reducing injuries in the event of a side collision. Easy Buckling: Harness &amp; 360° Spin The secure 3-point harness, 360° FlexiSpin rotation and easy-in design make buckling up and getting in and out effortless. Adjustable Headrest Adjust the headrest as your baby grows, for maximum comfort and support at every stage. UPF 50+ Extra-Large Canopy The extra-large UPF 50+ canopy shields your baby from sun, wind and rain everywhere you go. Vardo Pushchair Safety Warning: WARNING: This product is not suitable for running or skating.This vehicle is intended for children from birth up to 22kgs or 4 years whichever comes first. All Mamas &amp; Papas products comply with all the relevant latest British and European Safety Standards and Regulations. Vardo S Carrycot Health &amp; Safety: EN 1466:2023 Safety Warning: WARNING: Never use this product on a stand. This product is suitable only for a child who cannot sit up unaided, roll over, and cannot push up on its hands and knees. Maximum weight of the child 9kg. Vardo Carrycot Stand Age Suitability:This product is suitable only for a child who cannot sit up unaided, roll over, and cannot push up on its hands and knees. Safety Warnings:This product is suitable only for a child who cannot sit up unaided, roll over, and cannot push up on its hands and knees. Maximum weight of the child 9kg. The Vardo S Carrycot is compatible with the Vardo S Carrycot Stand. Standards UK &amp; Europe: BS EN1466:2023 Vardo Footmuff Care &amp; Maintenance: Machine washable Maxi-Cosi Pebble Slide Pro Car Seat Age Suitability: Birth – 24 Months, 40-87cm Weight Suitability: 0-13kg Safety / Warnings: Please read user manual in full and keep for future reference Standards UK / Europe: R129/04 Weight: 3.9kg Maxi-Cosi FamilyFix Slide Pro Base Item Code Includes: Maxi-Cosi FamilyFix Slide Pro Base Age Suitability: Birth - 4 Years Weight Suitability: 0-16.5kg Care &amp; Maintenance: Clean using a wet cloth Safety / Warnings: Please read the user manually careful and keep for future reference Standards UK / Europe: R129/04 Vardo Pushchair Dimensions: H: 59 x W: 57.5 x L: 106cm Approx.Weight: 11.2kg Vardo S Carrycot Dimensions: H43 x W40 x L84cm Approx.Weight: 4.6kg Vardo Footmuff Dimensions: H: 96 x W: 38 x L: 12cm Approx.Weight: 0.8kg Not just a city pushchair - built for bustling streets and beyond Compact and lightweight - making it easy to lift, store and slot in One hand-fold - collapses and opens in seconds for life on the go Baby &amp; Toddler &gt; Baby Transport &gt; Pushchairs &amp; Prams",,1179,Mamas & Papas,6526,,,https://images2.productserve.com/?w=200&h=200&bg=white&trim=5&t=letterbox&url=ssl%3Acdn.shopify.com%2Fs%2Ffiles%2F1%2F0414%2F6023%2F6453%2Ffiles%2F52421NM07_AW26_Vardo_Nutmeg_PebbleSlide.jpg%3Fv%3D1785513341&feedId=112637&k=cab94b5d7ac9d03abfc8fcff062c09965d3a9e0d,GBP,,0 GBP,https://www.mamasandpapas.com/products/vardos-nutmeg-compkit-pebslidepro-ccstan-52421nm07,,2026-08-07 08:36:37,"£1,179",112637,Mamas & Papas,1,,,,,,Travel Bundle
https://www.awin1.com/pclick.php?p=45414413593&a=2771700&m=6526,Mamas &amp; Papas Flip XT³ Pushchair Bundle with Maxi-Cosi Pebble Slide Pro Car Seat &amp; Base (8 Pieces) - Ink,45414413593,GB _GBP_54454662594897,https://cdn.shopify.com/s/files/1/0414/6023/6453/files/61951NK12_FLIPXT3INKCOMPLETEBUNDLE8PCSLIDE_0001_Background.jpg?v=1785512181,"Flip XT³ Pushchair Perfect for busy city streets, the lightweight Flip XT3 has a sleek frame and spacious seat with a lie-back position suitable from birth. A spacious shopping basket and compact one-hand fold make city life a breeze, while the UPF50+ hood, air vent and peek-a-boo window keep baby protected and visible. Compatible with most car seats and carrycots for a full travel system. Product features Lie-Flat Sleep Position The lie-flat position supports natural, healthy sleep, giving your newborn a comfortable place to rest from day one. Space-Saving Fold The compact fold works in either the forward or parent-facing position, saving lots of space for easy storage and transport. Full Travel System Compatible with a wide range of car seats and carrycots, it forms a full travel system for a seamless journey with baby. UPF 50+ Sun Protection The UPF 50+ large hood and air vent work together to provide cooling protection from the sun on even the brightest days. Handy Toy Loop Attach toys to the handy toy loop to keep little ones entertained and happy on the go, wherever your day takes you. Peek-A-Boo Window The magnetic peek-a-boo window makes it easy, and quiet, to check on baby without disturbing them while they rest or sleep. Quick-Release Seat The seat easily lifts off the chassis with one simple click, making it quick to swap between modes or transfer baby. Flip XT³ Pushchair Carrycot If you're looking for a pushchair that can handle busy city streets, the lightweight Flip XT3 is perfect, with a sleek frame and large, spacious seat that keeps baby comfortable, and a lie-back position from birth that supports healthy sleep. Full of great features like the spacious shopping basket and compact one hand fold, it makes city living with a baby a breeze. The UPF 50+ large hood and air vent offer sun protection, whilst the peek-a-boo window makes it easy to check on baby whilst they sleep. Compatible with most car seats and carrycots for a full travel system. Product features Natural Healthy Sleep The lie-flat position supports natural, healthy sleep from birth. Toy Loop Attach toys to the toy loop to keep little ones entertained on the go. Full Travel System Compatible with car seats and carrycots for a full, versatile travel system. Sun Protection Hood The UPF 50+ large hood and air vent provide cooling protection from the sun. Compact Fold The compact fold in either the forward or parent-facing position saves lots of space. Peek-a-Boo Window The magnetic peek-a-boo window makes it easy, and quiet, to check on baby. One-Click Seat Removal The seat easily lifts off the chassis with one simple click. Slim Navigable Frame The slim frame navigates tight spaces easily, even on busy city streets. Flip XT³ Pushchair Footmuff Our Flip XT footmuff is your best accessory for cold weather protection. With extra-soft knit lining it's superb at keeping your baby warm and cosy when out and about in colder weather. With a smart tailored design and additional padding that keeps the heat in, it co-ordinates beautifully with our Flip XT³ Ink. The multi-position harness holes allow you to re-position the footmuff as baby grows. Maxi-Cosi Pebble Slide Pro Car Seat Pebble Slide Pro is a lightweight baby car seat at just 3.9kg, making every drive, stroll and carry effortless. Paired with the FamilyFix Slide Pro base, SLIDETECH®2 rotates the seat 90° and slides it out 27cm — our longest slide ever — for the easiest way to get your child in and out. It meets the latest i-Size safety standards (R129/04) with a 3-point harness and built-in G-CELL Side Impact Protection. With a newborn inlay, it suits birth to 2 years (40-87cm), offering an ergonomic lie-flat position and year-round ClimaFlow ventilation. Product features SLIDETECH®2 Slides 27cm Paired with FamilyFix Slide Pro, SLIDETECH®2 brings the car seat to you, sliding out 27cm for easier access. Lightweight at 3.9kg Weighing just 3.9kg, Pebble Slide Pro is light to carry and effortless to switch from car to stroller. Full Lie-Flat Comfort Your baby enjoys superior sleep comfort in every recline position, including a full ergonomic lie-flat mode. ClimaFlow Ventilation ClimaFlow ventilation panels, breathable foam and mesh fabrics keep your child cool, fresh and comfy year-round. G-CELL Side Impact Protection The G-CELL structure spreads impact force, reducing injuries in the event of a side collision. Easy Buckling: Harness &amp; 360° Spin The secure 3-point harness, 360° FlexiSpin rotation and easy-in design make buckling up and getting in and out effortless. Adjustable Headrest Adjust the headrest as your baby grows, for maximum comfort and support at every stage. UPF 50+ Extra-Large Canopy The extra-large UPF 50+ canopy shields your baby from sun, wind and rain everywhere you go. Flip XT³ Pushchair Safety Warning: WARNING: This product is not suitable for running or skating. This vehicle is intended for children from birth up to 22kgs or 4 years whichever comes first. All Mamas &amp; Papas products comply with all the relevant latest British and European Safety Standards and Regulations. Flip XT³ Carrycot Health &amp; Safety: EN 1466:2023 Safety Warning: WARNING: Never use this product on a stand.This product is suitable only for a child who cannot sit up unaided, roll over, and cannot push up on its hands and knees. Maximum weight of the child 9kg. Maxi-Cosi Pebble Slide Pro Car Seat Age Suitability: Birth – 24 Months, 40-87cm Weight Suitability: 0-13kg Safety / Warnings: Please read user manual in full and keep for future reference Standards UK / Europe: R129/04 Weight: 3.9kg Maxi-Cosi FamilyFix Slide Pro Base Item Code Includes: Maxi-Cosi FamilyFix Slide Pro Base Age Suitability: Birth - 4 Years Weight Suitability: 0-16.5kg Care &amp; Maintenance: Clean using a wet cloth Safety / Warnings: Please read the user manually careful and keep for future reference Standards UK / Europe: R129/04 Flip XT³ Pushchair Dimensions: Height: 100cm x Width: 59cm x Length: 96cm Approx. Weight: 11.3kg Approx Flip XT³ Pushchair Carrycot Dimensions: Height: 59cm x Width: 39cm x Length: 76cm Approx. Weight: 5.2kg Flip XT³ Pushchair Footmuff Dimensions: Height: 100cm x Width: 52cm x Depth: 18cm Approx. Weight: 0.81kg Lie-back seat can be used from birth Slim frame navigates tight spaces easily One hand fold is quick, easy and compact Baby &amp; Toddler &gt; Baby Transport &gt; Pushchairs &amp; Prams",,1079,Mamas & Papas,6526,,,https://images2.productserve.com/?w=200&h=200&bg=white&trim=5&t=letterbox&url=ssl%3Acdn.shopify.com%2Fs%2Ffiles%2F1%2F0414%2F6023%2F6453%2Ffiles%2F61951NK12_FLIPXT3INKCOMPLETEBUNDLE8PCSLIDE_0001_Background.jpg%3Fv%3D1785512181&feedId=112637&k=ae569263f7ef8e74c2e103141c82c7cdbf852e80,GBP,,0 GBP,https://www.mamasandpapas.com/products/flipxt3-ink-compkit-pebslidepr0-61951nk12,,2026-08-07 10:09:51,"£1,079",112637,Mamas & Papas,1,,,,,,Travel Bundle
https://www.awin1.com/pclick.php?p=45414413594&a=2771700&m=6526,Mamas &amp; Papas Flip XT3 Pushchair Bundle with Maxi-Cosi Pebble Slide Pro Car Seat &amp; Base (8 Pieces) - Fawn,45414413594,GB _GBP_54455479370065,https://cdn.shopify.com/s/files/1/0414/6023/6453/files/61951FN11_FLIPXT3FAWNCOMPLETEBUNDLE8PCSLIDE_0001_Background.jpg?v=1785511912,"Flip XT³ Pushchair Perfect for busy city streets, the lightweight Flip XT3 has a sleek frame and spacious seat with a lie-back position suitable from birth. A spacious shopping basket and compact one-hand fold make city life a breeze, while the UPF50+ hood, air vent and peek-a-boo window keep baby protected and visible. Compatible with most car seats and carrycots for a full travel system. Product features Lie-Flat Sleep Position The lie-flat position supports natural, healthy sleep, giving your newborn a comfortable place to rest from day one. Space-Saving Fold The compact fold works in either the forward or parent-facing position, saving lots of space for easy storage and transport. Full Travel System Compatible with a wide range of car seats and carrycots, it forms a full travel system for a seamless journey with baby. UPF 50+ Sun Protection The UPF 50+ large hood and air vent work together to provide cooling protection from the sun on even the brightest days. Handy Toy Loop Attach toys to the handy toy loop to keep little ones entertained and happy on the go, wherever your day takes you. Peek-A-Boo Window The magnetic peek-a-boo window makes it easy, and quiet, to check on baby without disturbing them while they rest or sleep. Quick-Release Seat The seat easily lifts off the chassis with one simple click, making it quick to swap between modes or transfer baby. Flip XT³ Pushchair Carrycot If you're looking for a pushchair that can handle busy city streets, the lightweight Flip XT3 is perfect, with a sleek frame and large, spacious seat that keeps baby comfortable, and a lie-back position from birth that supports healthy sleep. Full of great features like the spacious shopping basket and compact one hand fold, it makes city living with a baby a breeze. The UPF 50+ large hood and air vent offer sun protection, whilst the peek-a-boo window makes it easy to check on baby whilst they sleep. Compatible with most car seats and carrycots for a full travel system. Product features Natural Healthy Sleep The lie-flat position supports natural, healthy sleep from birth. Toy Loop Attach toys to the toy loop to keep little ones entertained on the go. Full Travel System Compatible with car seats and carrycots for a full, versatile travel system. Sun Protection Hood The UPF 50+ large hood and air vent provide cooling protection from the sun. Compact Fold The compact fold in either the forward or parent-facing position saves lots of space. Peek-a-Boo Window The magnetic peek-a-boo window makes it easy, and quiet, to check on baby. One-Click Seat Removal The seat easily lifts off the chassis with one simple click. Slim Navigable Frame The slim frame navigates tight spaces easily, even on busy city streets. Flip XT³ Pushchair Footmuff Our Flip XT footmuff is your best accessory for cold weather protection. With extra-soft knit lining it's superb at keeping your baby warm and cosy when out and about in colder weather. With a smart tailored design and additional padding that keeps the heat in, it co-ordinates beautifully with our Flip XT³ Ink. The multi-position harness holes allow you to re-position the footmuff as baby grows. Maxi-Cosi Pebble Slide Pro Car Seat Pebble Slide Pro is a lightweight baby car seat at just 3.9kg, making every drive, stroll and carry effortless. Paired with the FamilyFix Slide Pro base, SLIDETECH®2 rotates the seat 90° and slides it out 27cm — our longest slide ever — for the easiest way to get your child in and out. It meets the latest i-Size safety standards (R129/04) with a 3-point harness and built-in G-CELL Side Impact Protection. With a newborn inlay, it suits birth to 2 years (40-87cm), offering an ergonomic lie-flat position and year-round ClimaFlow ventilation. Product features SLIDETECH®2 Slides 27cm Paired with FamilyFix Slide Pro, SLIDETECH®2 brings the car seat to you, sliding out 27cm for easier access. Lightweight at 3.9kg Weighing just 3.9kg, Pebble Slide Pro is light to carry and effortless to switch from car to stroller. Full Lie-Flat Comfort Your baby enjoys superior sleep comfort in every recline position, including a full ergonomic lie-flat mode. ClimaFlow Ventilation ClimaFlow ventilation panels, breathable foam and mesh fabrics keep your child cool, fresh and comfy year-round. G-CELL Side Impact Protection The G-CELL structure spreads impact force, reducing injuries in the event of a side collision. Easy Buckling: Harness &amp; 360° Spin The secure 3-point harness, 360° FlexiSpin rotation and easy-in design make buckling up and getting in and out effortless. Adjustable Headrest Adjust the headrest as your baby grows, for maximum comfort and support at every stage. UPF 50+ Extra-Large Canopy The extra-large UPF 50+ canopy shields your baby from sun, wind and rain everywhere you go. Flip XT³ Pushchair Safety Warning: WARNING: This product is not suitable for running or skating. This vehicle is intended for children from birth up to 22kgs or 4 years whichever comes first. All Mamas &amp; Papas products comply with all the relevant latest British and European Safety Standards and Regulations. Flip XT³ Carrycot Health &amp; Safety: EN 1466:2023 Safety Warning: WARNING: Never use this product on a stand.This product is suitable only for a child who cannot sit up unaided, roll over, and cannot push up on its hands and knees. Maximum weight of the child 9kg. Maxi-Cosi Pebble Slide Pro Car Seat Age Suitability: Birth – 24 Months, 40-87cm Weight Suitability: 0-13kg Safety / Warnings: Please read user manual in full and keep for future reference Standards UK / Europe: R129/04 Weight: 3.9kg Maxi-Cosi FamilyFix Slide Pro Base Item Code Includes: Maxi-Cosi FamilyFix Slide Pro Base Age Suitability: Birth - 4 Years Weight Suitability: 0-16.5kg Care &amp; Maintenance: Clean using a wet cloth Safety / Warnings: Please read the user manually careful and keep for future reference Standards UK / Europe: R129/04 Flip XT³ Pushchair Dimensions: Height: 100cm x Width: 59cm x Length: 96cm Approx. Weight: 11.3kg Approx Flip XT³ Pushchair Carrycot Dimensions: Height: 59cm x Width: 39cm x Length: 76cm Approx. Weight: 5.2kg Flip XT³ Pushchair Footmuff Dimensions: Height: 100cm x Width: 52cm x Depth: 18cm Approx. Weight: 0.81kg Lie-back seat can be used from birth Slim frame navigates tight spaces easily One hand fold is quick, easy and compact Baby &amp; Toddler &gt; Baby Transport &gt; Pushchairs &amp; Prams",,1079,Mamas & Papas,6526,,,https://images2.productserve.com/?w=200&h=200&bg=white&trim=5&t=letterbox&url=ssl%3Acdn.shopify.com%2Fs%2Ffiles%2F1%2F0414%2F6023%2F6453%2Ffiles%2F61951FN11_FLIPXT3FAWNCOMPLETEBUNDLE8PCSLIDE_0001_Background.jpg%3Fv%3D1785511912&feedId=112637&k=2c409a3e45fc47cc74dba5d9534508f02174f35d,GBP,,0 GBP,https://www.mamasandpapas.com/products/flipxt3-fawn-compkit-pebslidepro-61951fn11,,2026-08-07 08:37:24,"£1,079",112637,Mamas & Papas,1,,,,,,Travel Bundle
https://www.awin1.com/pclick.php?p=45414413595&a=2771700&m=6526,Mamas &amp; Papas Flip XT³ Pushchair Bundle with Maxi-Cosi Pebble Slide Pro Car Seat &amp; Base (8 Pieces) - Sage Grey,45414413595,GB _GBP_54455492051281,https://cdn.shopify.com/s/files/1/0414/6023/6453/files/6195SA804_FLIPXT3SAGEGREYCOMPLETEBUNDLE8PCSLIDE_0001_Background.jpg?v=1785514142,"Flip XT³ Pushchair Perfect for busy city streets, the lightweight Flip XT3 has a sleek frame and spacious seat with a lie-back position suitable from birth. A spacious shopping basket and compact one-hand fold make city life a breeze, while the UPF50+ hood, air vent and peek-a-boo window keep baby protected and visible. Compatible with most car seats and carrycots for a full travel system. Product features Lie-Flat Sleep Position The lie-flat position supports natural, healthy sleep, giving your newborn a comfortable place to rest from day one. Space-Saving Fold The compact fold works in either the forward or parent-facing position, saving lots of space for easy storage and transport. Full Travel System Compatible with a wide range of car seats and carrycots, it forms a full travel system for a seamless journey with baby. UPF 50+ Sun Protection The UPF 50+ large hood and air vent work together to provide cooling protection from the sun on even the brightest days. Handy Toy Loop Attach toys to the handy toy loop to keep little ones entertained and happy on the go, wherever your day takes you. Peek-A-Boo Window The magnetic peek-a-boo window makes it easy, and quiet, to check on baby without disturbing them while they rest or sleep. Quick-Release Seat The seat easily lifts off the chassis with one simple click, making it quick to swap between modes or transfer baby. Flip XT³ Pushchair Carrycot If you're looking for a pushchair that can handle busy city streets, the lightweight Flip XT3 is perfect, with a sleek frame and large, spacious seat that keeps baby comfortable, and a lie-back position from birth that supports healthy sleep. Full of great features like the spacious shopping basket and compact one hand fold, it makes city living with a baby a breeze. The UPF 50+ large hood and air vent offer sun protection, whilst the peek-a-boo window makes it easy to check on baby whilst they sleep. Compatible with most car seats and carrycots for a full travel system. Product features Natural Healthy Sleep The lie-flat position supports natural, healthy sleep from birth. Toy Loop Attach toys to the toy loop to keep little ones entertained on the go. Full Travel System Compatible with car seats and carrycots for a full, versatile travel system. Sun Protection Hood The UPF 50+ large hood and air vent provide cooling protection from the sun. Compact Fold The compact fold in either the forward or parent-facing position saves lots of space. Peek-a-Boo Window The magnetic peek-a-boo window makes it easy, and quiet, to check on baby. One-Click Seat Removal The seat easily lifts off the chassis with one simple click. Slim Navigable Frame The slim frame navigates tight spaces easily, even on busy city streets. Flip XT³ Pushchair Footmuff Our Flip XT footmuff is your best accessory for cold weather protection. With extra-soft knit lining it's superb at keeping your baby warm and cosy when out and about in colder weather. With a smart tailored design and additional padding that keeps the heat in, it co-ordinates beautifully with our Flip XT³ Ink. The multi-position harness holes allow you to re-position the footmuff as baby grows. Maxi-Cosi Pebble Slide Pro Car Seat Pebble Slide Pro is a lightweight baby car seat at just 3.9kg, making every drive, stroll and carry effortless. Paired with the FamilyFix Slide Pro base, SLIDETECH®2 rotates the seat 90° and slides it out 27cm — our longest slide ever — for the easiest way to get your child in and out. It meets the latest i-Size safety standards (R129/04) with a 3-point harness and built-in G-CELL Side Impact Protection. With a newborn inlay, it suits birth to 2 years (40-87cm), offering an ergonomic lie-flat position and year-round ClimaFlow ventilation. Product features SLIDETECH®2 Slides 27cm Paired with FamilyFix Slide Pro, SLIDETECH®2 brings the car seat to you, sliding out 27cm for easier access. Lightweight at 3.9kg Weighing just 3.9kg, Pebble Slide Pro is light to carry and effortless to switch from car to stroller. Full Lie-Flat Comfort Your baby enjoys superior sleep comfort in every recline position, including a full ergonomic lie-flat mode. ClimaFlow Ventilation ClimaFlow ventilation panels, breathable foam and mesh fabrics keep your child cool, fresh and comfy year-round. G-CELL Side Impact Protection The G-CELL structure spreads impact force, reducing injuries in the event of a side collision. Easy Buckling: Harness &amp; 360° Spin The secure 3-point harness, 360° FlexiSpin rotation and easy-in design make buckling up and getting in and out effortless. Adjustable Headrest Adjust the headrest as your baby grows, for maximum comfort and support at every stage. UPF 50+ Extra-Large Canopy The extra-large UPF 50+ canopy shields your baby from sun, wind and rain everywhere you go. Flip XT³ Pushchair Safety Warning: WARNING: This product is not suitable for running or skating. This vehicle is intended for children from birth up to 22kgs or 4 years whichever comes first. All Mamas &amp; Papas products comply with all the relevant latest British and European Safety Standards and Regulations. Flip XT³ Carrycot Health &amp; Safety: EN 1466:2023 Safety Warning: WARNING: Never use this product on a stand.This product is suitable only for a child who cannot sit up unaided, roll over, and cannot push up on its hands and knees. Maximum weight of the child 9kg. Maxi-Cosi Pebble Slide Pro Car Seat Age Suitability: Birth – 24 Months, 40-87cm Weight Suitability: 0-13kg Safety / Warnings: Please read user manual in full and keep for future reference Standards UK / Europe: R129/04 Weight: 3.9kg Maxi-Cosi FamilyFix Slide Pro Base Item Code Includes: Maxi-Cosi FamilyFix Slide Pro Base Age Suitability: Birth - 4 Years Weight Suitability: 0-16.5kg Care &amp; Maintenance: Clean using a wet cloth Safety / Warnings: Please read the user manually careful and keep for future reference Standards UK / Europe: R129/04 Flip XT³ Pushchair Dimensions: Height: 100cm x Width: 59cm x Length: 96cm Approx. Weight: 11.3kg Approx Flip XT³ Pushchair Carrycot Dimensions: Height: 59cm x Width: 39cm x Length: 76cm Approx. Weight: 5.2kg Flip XT³ Pushchair Footmuff Dimensions: Height: 100cm x Width: 52cm x Depth: 18cm Approx. Weight: 0.81kg Lie-back seat can be used from birth Slim frame navigates tight spaces easily One hand fold is quick, easy and compact Baby &amp; Toddler &gt; Baby Transport &gt; Pushchairs &amp; Prams",,1079,Mamas & Papas,6526,,,https://images2.productserve.com/?w=200&h=200&bg=white&trim=5&t=letterbox&url=ssl%3Acdn.shopify.com%2Fs%2Ffiles%2F1%2F0414%2F6023%2F6453%2Ffiles%2F6195SA804_FLIPXT3SAGEGREYCOMPLETEBUNDLE8PCSLIDE_0001_Background.jpg%3Fv%3D1785514142&feedId=112637&k=d98ed87c2e17599794d65e4e1ed3fc7164f232da,GBP,,0 GBP,https://www.mamasandpapas.com/products/flipxt3-sage-gry-compkit-pebslidepro-6195sa804,,2026-08-07 10:17:17,"£1,079",112637,Mamas & Papas,1,,,,,,Travel Bundle
https://www.awin1.com/pclick.php?p=45414413596&a=2771700&m=6526,Mamas &amp; Papas Flip XT3 Pushchair Bundle with Maxi-Cosi Pebble Slide Pro Car Seat &amp; Base (8 Pieces) - Harbour Grey,45414413596,GB _GBP_54455504929105,https://cdn.shopify.com/s/files/1/0414/6023/6453/files/61951HB12_FLIPXT3HARBOURGREYCOMPLETEBUNDLE8PCSLIDE_0001_Background.jpg?v=1785514351,"Flip XT³ Pushchair Perfect for busy city streets, the lightweight Flip XT3 has a sleek frame and spacious seat with a lie-back position suitable from birth. A spacious shopping basket and compact one-hand fold make city life a breeze, while the UPF50+ hood, air vent and peek-a-boo window keep baby protected and visible. Compatible with most car seats and carrycots for a full travel system. Product features Lie-Flat Sleep Position The lie-flat position supports natural, healthy sleep, giving your newborn a comfortable place to rest from day one. Space-Saving Fold The compact fold works in either the forward or parent-facing position, saving lots of space for easy storage and transport. Full Travel System Compatible with a wide range of car seats and carrycots, it forms a full travel system for a seamless journey with baby. UPF 50+ Sun Protection The UPF 50+ large hood and air vent work together to provide cooling protection from the sun on even the brightest days. Handy Toy Loop Attach toys to the handy toy loop to keep little ones entertained and happy on the go, wherever your day takes you. Peek-A-Boo Window The magnetic peek-a-boo window makes it easy, and quiet, to check on baby without disturbing them while they rest or sleep. Quick-Release Seat The seat easily lifts off the chassis with one simple click, making it quick to swap between modes or transfer baby. Flip XT³ Pushchair Carrycot If you're looking for a pushchair that can handle busy city streets, the lightweight Flip XT3 is perfect, with a sleek frame and large, spacious seat that keeps baby comfortable, and a lie-back position from birth that supports healthy sleep. Full of great features like the spacious shopping basket and compact one hand fold, it makes city living with a baby a breeze. The UPF 50+ large hood and air vent offer sun protection, whilst the peek-a-boo window makes it easy to check on baby whilst they sleep. Compatible with most car seats and carrycots for a full travel system. Product features Natural Healthy Sleep The lie-flat position supports natural, healthy sleep from birth. Toy Loop Attach toys to the toy loop to keep little ones entertained on the go. Full Travel System Compatible with car seats and carrycots for a full, versatile travel system. Sun Protection Hood The UPF 50+ large hood and air vent provide cooling protection from the sun. Compact Fold The compact fold in either the forward or parent-facing position saves lots of space. Peek-a-Boo Window The magnetic peek-a-boo window makes it easy, and quiet, to check on baby. One-Click Seat Removal The seat easily lifts off the chassis with one simple click. Slim Navigable Frame The slim frame navigates tight spaces easily, even on busy city streets. Flip XT³ Pushchair Footmuff Our Flip XT footmuff is your best accessory for cold weather protection. With extra-soft knit lining it's superb at keeping your baby warm and cosy when out and about in colder weather. With a smart tailored design and additional padding that keeps the heat in, it co-ordinates beautifully with our Flip XT³ Ink. The multi-position harness holes allow you to re-position the footmuff as baby grows. Maxi-Cosi Pebble Slide Pro Car Seat Pebble Slide Pro is a lightweight baby car seat at just 3.9kg, making every drive, stroll and carry effortless. Paired with the FamilyFix Slide Pro base, SLIDETECH®2 rotates the seat 90° and slides it out 27cm — our longest slide ever — for the easiest way to get your child in and out. It meets the latest i-Size safety standards (R129/04) with a 3-point harness and built-in G-CELL Side Impact Protection. With a newborn inlay, it suits birth to 2 years (40-87cm), offering an ergonomic lie-flat position and year-round ClimaFlow ventilation. Product features SLIDETECH®2 Slides 27cm Paired with FamilyFix Slide Pro, SLIDETECH®2 brings the car seat to you, sliding out 27cm for easier access. Lightweight at 3.9kg Weighing just 3.9kg, Pebble Slide Pro is light to carry and effortless to switch from car to stroller. Full Lie-Flat Comfort Your baby enjoys superior sleep comfort in every recline position, including a full ergonomic lie-flat mode. ClimaFlow Ventilation ClimaFlow ventilation panels, breathable foam and mesh fabrics keep your child cool, fresh and comfy year-round. G-CELL Side Impact Protection The G-CELL structure spreads impact force, reducing injuries in the event of a side collision. Easy Buckling: Harness &amp; 360° Spin The secure 3-point harness, 360° FlexiSpin rotation and easy-in design make buckling up and getting in and out effortless. Adjustable Headrest Adjust the headrest as your baby grows, for maximum comfort and support at every stage. UPF 50+ Extra-Large Canopy The extra-large UPF 50+ canopy shields your baby from sun, wind and rain everywhere you go. Flip XT³ Pushchair Safety Warning: WARNING: This product is not suitable for running or skating. This vehicle is intended for children from birth up to 22kgs or 4 years whichever comes first. All Mamas &amp; Papas products comply with all the relevant latest British and European Safety Standards and Regulations. Flip XT³ Carrycot Health &amp; Safety: EN 1466:2023 Safety Warning: WARNING: Never use this product on a stand.This product is suitable only for a child who cannot sit up unaided, roll over, and cannot push up on its hands and knees. Maximum weight of the child 9kg. Maxi-Cosi Pebble Slide Pro Car Seat Age Suitability: Birth – 24 Months, 40-87cm Weight Suitability: 0-13kg Safety / Warnings: Please read user manual in full and keep for future reference Standards UK / Europe: R129/04 Weight: 3.9kg Maxi-Cosi FamilyFix Slide Pro Base Item Code Includes: Maxi-Cosi FamilyFix Slide Pro Base Age Suitability: Birth - 4 Years Weight Suitability: 0-16.5kg Care &amp; Maintenance: Clean using a wet cloth Safety / Warnings: Please read the user manually careful and keep for future reference Standards UK / Europe: R129/04 Flip XT³ Pushchair Dimensions: Height: 100cm x Width: 59cm x Length: 96cm Approx. Weight: 11.3kg Approx Flip XT³ Pushchair Carrycot Dimensions: Height: 59cm x Width: 39cm x Length: 76cm Approx. Weight: 5.2kg Flip XT³ Pushchair Footmuff Dimensions: Height: 100cm x Width: 52cm x Depth: 18cm Approx. Weight: 0.81kg Lie-back seat can be used from birth Slim frame navigates tight spaces easily One hand fold is quick, easy and compact Baby &amp; Toddler &gt; Baby Transport &gt; Pushchairs &amp; Prams",,1079,Mamas & Papas,6526,,,https://images2.productserve.com/?w=200&h=200&bg=white&trim=5&t=letterbox&url=ssl%3Acdn.shopify.com%2Fs%2Ffiles%2F1%2F0414%2F6023%2F6453%2Ffiles%2F61951HB12_FLIPXT3HARBOURGREYCOMPLETEBUNDLE8PCSLIDE_0001_Background.jpg%3Fv%3D1785514351&feedId=112637&k=c8cfefe419cd38299f887e5963bbc5ccc43c2661,GBP,,0 GBP,https://www.mamasandpapas.com/products/flipxt3-hrbr-gry-compkit-pebslidepro-61951hb12,,2026-08-07 08:37:24,"£1,079",112637,Mamas & Papas,1,,,,,,Travel Bundle
https://www.awin1.com/pclick.php?p=45414413597&a=2771700&m=6526,Mamas &amp; Papas Vardo Complete Pushchair Bundle with Maxi-Cosi Pebble Slide Pro Car Seat &amp; Base (9 Pieces) - Heritage,45414413597,GB _GBP_54464274399569,https://cdn.shopify.com/s/files/1/0414/6023/6453/files/mamas-papas-pushchairs-vardo-complete-pushchair-bundle-with-maxi-cosi-pebble-slide-pro-car-seat-base-9-pieces-heritage-1251802752.jpg?v=1785754417,"This Bundle includes: Vardo Pushchair, Vardo Carrycot, Carrycot Stand, Vardo Footmuff, Utilitarian Backpack, Maxi-Cosi Pebble Slide Pro Car Seat, Maxi-Cosi FamilyFix Slide Pro Base, Universal Cup Holder, Vardo Car Seat Adaptors for Cybex/Maxi-Cosi Vardo Pushchair Move seamlessly through life’s moments. A lightweight pushchair with multi-terrain capability, Vardo’s suited to city living, gliding through streets, while large rear wheels and lockable front wheels handle rougher ground with ease. Featuring an overnight sleep-approved carrycot and stand* for safe sleeping anytime, anywhere, plus a refined seat shaped and padded, it’s designed to support them from birth to 4 years**. Blending flexibility, comfort and style, its exposed tubing projects a sophisticated look, with handy features for every season, age and stage. *Stand and carrycot sold separately **Up to 22kg Product features Agile and Effortless Move confidently through your busy day thanks to Vardo's easy-push and lightweight agile frame. Multi-Terrain Capability Enjoy the freedom to go anywhere with our large, puncture-proof multi-terrain rubber wheels for smooth rides. Comfort Throughout Keep your baby comfortable from day to night with premium fabrics and plush finishes throughout the carrycot and seat. Built To Last Setting the standard for safety and durability, we're the only UK nursery brand with an in-house lab where our pushchairs are designed, engineered and tested. One-Hand Fold Collapse in seconds and store away neatly, thanks to our industry-leading one-hand compact fold. Easy Lifting, Easy Storing Choose a two-piece compact fold by separating the frame and seat for easier lifting, storing, or slotting in. Quick Unfold Go from folded to ready to go in seconds with one simple, easy unfold action that saves you time on the move. Adapts With Your Baby Adapt as your baby grows and develops with a large reversible seat that can be used in parent or world-facing mode. Vardo S Carrycot Approved for overnight sleeping and designed for use with our Vardo pushchair, this carrycot offers your newborn the ultimate in comfort and safety. Features a cushioned mattress and lie-flat position, to support your baby’s natural sleeping position, whether placed on the chassis or carrycot stand. A handy buttoned apron and silent magnets means you can tuck baby away quickly and quietly, whilst its hood's optional air vent keeps them cool and comfortable. Product features Attaches to Vardo Easily attaches to the Vardo pushchair or carrycot stand for a secure, coordinated fit. Suitable From Birth Suitable from birth, supporting your newborn from their very first journeys. Recycled Materials Uses recycled polyester knitted materials which are both resilient yet soft for baby. Silent Magnets Silent magnets won't wake baby at naptimes, for quiet, easy access. Ventilated Hood Large hood with fold-back mesh ventilation keeps baby cool and comfortable. Soft Materials &amp; Linings Soft for baby materials and linings throughout for everyday comfort. Cushioned Lie-Flat Mattress Cushioned mattress and a lie-flat position that supports a natural sleeping position. Soft Brushed Lining Soft brushed lining fabric adds superior comfort for your newborn. Vardo Footmuff Use together with our Vardo pushchair, this supersoft footmuff with breathable bamboo fleece lining keeps heat in, to keep baby cosy and dry whatever the weather. The cut out back section allows you to easily adjust the harness as your child grows. In a soft recycled polyester knitted fabric and tonal soft bamboo fleece lining. Maxi-Cosi Pebble Slide Pro Car Seat Pebble Slide Pro is a lightweight baby car seat at just 3.9kg, making every drive, stroll and carry effortless. Paired with the FamilyFix Slide Pro base, SLIDETECH®2 rotates the seat 90° and slides it out 27cm — our longest slide ever — for the easiest way to get your child in and out. It meets the latest i-Size safety standards (R129/04) with a 3-point harness and built-in G-CELL Side Impact Protection. With a newborn inlay, it suits birth to 2 years (40-87cm), offering an ergonomic lie-flat position and year-round ClimaFlow ventilation. Product features SLIDETECH®2 Slides 27cm Paired with FamilyFix Slide Pro, SLIDETECH®2 brings the car seat to you, sliding out 27cm for easier access. Lightweight at 3.9kg Weighing just 3.9kg, Pebble Slide Pro is light to carry and effortless to switch from car to stroller. Full Lie-Flat Comfort Your baby enjoys superior sleep comfort in every recline position, including a full ergonomic lie-flat mode. ClimaFlow Ventilation ClimaFlow ventilation panels, breathable foam and mesh fabrics keep your child cool, fresh and comfy year-round. G-CELL Side Impact Protection The G-CELL structure spreads impact force, reducing injuries in the event of a side collision. Easy Buckling: Harness &amp; 360° Spin The secure 3-point harness, 360° FlexiSpin rotation and easy-in design make buckling up and getting in and out effortless. Adjustable Headrest Adjust the headrest as your baby grows, for maximum comfort and support at every stage. UPF 50+ Extra-Large Canopy The extra-large UPF 50+ canopy shields your baby from sun, wind and rain everywhere you go. Vardo Pushchair Safety Warning: WARNING: This product is not suitable for running or skating.This vehicle is intended for children from birth up to 22kgs or 4 years whichever comes first. All Mamas &amp; Papas products comply with all the relevant latest British and European Safety Standards and Regulations. Vardo S Carrycot Health &amp; Safety: EN 1466:2023 Safety Warning: WARNING: Never use this product on a stand. This product is suitable only for a child who cannot sit up unaided, roll over, and cannot push up on its hands and knees. Maximum weight of the child 9kg. Vardo Carrycot Stand Age Suitability:This product is suitable only for a child who cannot sit up unaided, roll over, and cannot push up on its hands and knees. Safety Warnings:This product is suitable only for a child who cannot sit up unaided, roll over, and cannot push up on its hands and knees. Maximum weight of the child 9kg. The Vardo S Carrycot is compatible with the Vardo S Carrycot Stand. Standards UK &amp; Europe: BS EN1466:2023 Vardo Footmuff Care &amp; Maintenance: Machine washable Maxi-Cosi Pebble Slide Pro Car Seat Age Suitability: Birth – 24 Months, 40-87cm Weight Suitability: 0-13kg Safety / Warnings: Please read user manual in full and keep for future reference Standards UK / Europe: R129/04 Weight: 3.9kg Maxi-Cosi FamilyFix Slide Pro Base Item Code Includes: Maxi-Cosi FamilyFix Slide Pro Base Age Suitability: Birth - 4 Years Weight Suitability: 0-16.5kg Care &amp; Maintenance: Clean using a wet cloth Safety / Warnings: Please read the user manually careful and keep for future reference Standards UK / Europe: R129/04 Vardo Pushchair Dimensions: H: 59 x W: 57.5 x L: 106cm Approx.Weight: 11.2kg Vardo S Carrycot Dimensions: H43 x W40 x L84cm Approx.Weight: 4.6kg Vardo Footmuff Dimensions: H: 96 x W: 38 x L: 12cm Approx.Weight: 0.8kg Not just a city pushchair - built for bustling streets and beyond Compact and lightweight - making it easy to lift, store and slot in One hand-fold - collapses and opens in seconds for life on the go Baby &amp; Toddler &gt; Baby Transport &gt; Pushchairs &amp; Prams",,1179,Mamas & Papas,6526,,,https://images2.productserve.com/?w=200&h=200&bg=white&trim=5&t=letterbox&url=ssl%3Acdn.shopify.com%2Fs%2Ffiles%2F1%2F0414%2F6023%2F6453%2Ffiles%2Fmamas-papas-pushchairs-vardo-complete-pushchair-bundle-with-maxi-cosi-pebble-slide-pro-car-seat-base-9-pieces-heritage-1251802752.jpg%3Fv%3D1785754417&feedId=112637&k=2911fceea9112aca0be930d036a3295b25533c16,GBP,,0 GBP,https://www.mamasandpapas.com/products/vardos-heri-compkit-pebslidepro-ccstand-524308112,,2026-08-07 08:37:32,"£1,179",112637,Mamas & Papas,1,,,,,,Travel Bundle
https://www.awin1.com/pclick.php?p=45441525158&a=2771700&m=6526,Mamas &amp; Papas Libro Stroller Bundle with Quilted Memory Foam Liner (2 Piece)– Oyster/Graphite,45441525158,GB _GBP_54480444293457,https://cdn.shopify.com/s/files/1/0414/6023/6453/files/5090P7801_LibroOyster_QuiltedMFLINERGRAPHITE_1.jpg?v=1785765282,"This Bundle includes: Libro Stroller &amp; Quilted Memory Foam Liner. Libro Stroller With our much-loved one-hand fold, ultra-lightweight at 7kg, and an ultra-slim 10cm folded width, Libro slides into any gap. A higher, more spacious seat gives growing toddlers extra legroom, while a large storage basket and XL UPF50+ hood with 4 ventilation levels keep them comfortable in all weather. Fully adjustable handlebar, leg rest, hood coverage and lay-flat recline let Libro adapt as your family's needs change. Product features Lie-Flat Comfort Safe and comfortable from birth to 22kg, with an adjustable lay-flat seat recline and leg rest so baby can lie flat when sleeping on the go. All-Round Ventilation 4-way ventilation system, with an extra-large hood offering 4 ventilation options to vary airflow and coverage. One-Hand Fold Easy one-hand fold — with your hands full. Libro folds quickly and compactly with just one hand, no fuss required. Recycled Fabrics Both polyester fabrics and mesh are 100% recycled, giving your family a more sustainable everyday ride. Easy Carrying Adjustable vegan leather handle with 3 heights, plus a handy detachable shoulder strap for easy carrying when folded. All-Terrain Suspension All-round suspension ensures the comfiest ride on any terrain, smoothing out bumps on every kind of outing. 5-Point Safety Harness 5-point safety harness for secure, comfortable travel, keeping your little one snug on every journey. Large Storage Basket Easy access, large-capacity storage basket for everything you need on the go, from shopping to spare layers. Quilted Memory Foam Liner Reversible memory foam buggy liner, designed to fit most buggies, including our Libro stroller. Mesh spacer on reverse allows for breathability, whilst the soft diamond quilted fabric padded with memory foam gives your little one extra comfort on the go. Available in 4 colours, to suit your buggy or stroller or match with your Libro. Libro Stroller Safety Warning: WARNING: This product is not suitable for running or skating. This vehicle is intended for children from birth up to 22kgs or 4 years whichever comes first. All Mamas &amp; Papas products comply with all the relevant latest British and European Safety Standards and Regulations. Quilted Memory Foam Liner Safety Warning: Not intended as bedding for over night sleeping Care &amp; Maintenance: Machine washableLibro Stroller Dimensions: Assembled: 80cm x 49cm x 104cm. Folded: 49 x 20 x 67cm Weight: 7kg Quilted Memory Foam Liner Dimensions: 80cm x 40cm Weight: 0.4kg Ultra-lightweight at just 7kg, easy carry Folds ultra-slim, fits easily in car boots Higher and more spacious seat for growth. Baby &amp; Toddler &gt; Baby Transport &gt; Pushchairs &amp; Prams",,269,Mamas & Papas,6526,,,https://images2.productserve.com/?w=200&h=200&bg=white&trim=5&t=letterbox&url=ssl%3Acdn.shopify.com%2Fs%2Ffiles%2F1%2F0414%2F6023%2F6453%2Ffiles%2F5090P7801_LibroOyster_QuiltedMFLINERGRAPHITE_1.jpg%3Fv%3D1785765282&feedId=112637&k=ff8e01e61fa757ad0df2a7070f3095531233a508,GBP,,0 GBP,https://www.mamasandpapas.com/products/libro-oyster-quilted-m-fliner-graphite-5090p7801,,2026-08-07 08:53:19,£269,112637,Mamas & Papas,1,,,,,,Lightweight Stroller
https://www.awin1.com/pclick.php?p=45457275961&a=2771700&m=6526,Joie Porto™ Stroller - Raven,45457275961,GB _GBP_54491075084625,https://cdn.shopify.com/s/files/1/0414/6023/6453/files/Untitled-1-Recovered_0012_694928100_PortoStroller_Raven_Images_1_5e4b3587-7f13-485b-a325-57f9628a4c85.jpg?v=1785932072,"Compact, lightweight and agile, this hardworking travel stroller will be at the top of your packing list. This compact, lightweight, cabin-approved stroller is equipped with everything you need for long journeys, gliding effortlessly through crowded streets and folding down to carry-on size for easy overhead storage. It also offers thoughtful comfort and control features, including a customisable recline with a lie-flat option for newborns. When folded and the arm bar is removed, it meets IATA cabin standards for overhead storage, making air travel effortless. A one-hand, freestanding fold with automatic lock, along with a retracting padded shoulder strap, ensures easy hands-free carrying. Weighing just 7.7 kg, it comes complete with a travel bag and rain cover for added protection. Thoughtful details like a parent cupholder, large easy-access storage basket, zip pocket for essentials, removable pivoting arm bar, leatherette finishes, and a washable seat pad make every day travel even more convenient. Product Features Suitable from birth with flat-reclining seat Compatible infant car seats* connect directly to the arm bar—no adapters required Compatible with Joie i-Snug™ 2 and Joie Signature i-Starter™ infant car seats as well as Joie soft carry cot Customisable reel recline with lie-flat option for newborn 2-position adjustable calf support Extendable UPF 50+ water-repellent canopy with peekaboo window and mesh side panels for extra ventilation Ventilation panel in seat back All-wheel suspension Light but durable EVA tyres One-touch braking system SoftTouch™ 5-point harness Item Code Includes: pushchair, raincover, carry bag, bumper bar Age Suitability: birth - approx. 4 years Weight Suitability: Birth - 22kg Fabric Composition: 50% metals, 25% plastics, 25% softgoods Assembly: part Safety &amp; Warnings: Max weight 22kg Warning: This product is not suitable for running or skating Standards (UK / Europe): EN1888-2Assembled: l 88.5 x w 45.2 x h 106 cm Folded: • Folded Dimensions (with arm bar): l 23 x w 45.2 x h 74.5 cm • Folded Dimensions (without arm bar): l 23 x w 45.2 x h 55.3 cm 1. The perfect travel companion for convenience and comfort Baby &amp; Toddler &gt; Baby Transport &gt; Pushchairs &amp; Prams",,200,Mamas & Papas,6526,,,https://images2.productserve.com/?w=200&h=200&bg=white&trim=5&t=letterbox&url=ssl%3Acdn.shopify.com%2Fs%2Ffiles%2F1%2F0414%2F6023%2F6453%2Ffiles%2FUntitled-1-Recovered_0012_694928100_PortoStroller_Raven_Images_1_5e4b3587-7f13-485b-a325-57f9628a4c85.jpg%3Fv%3D1785932072&feedId=112637&k=de7da2d6092da8874574704a4f16e58d9b13bfc3,GBP,,0 GBP,https://www.mamasandpapas.com/products/joie-porto-stroller-694928100,,2026-08-07 08:57:09,£200,112637,Joie,1,,,,,,Lightweight Stroller
https://www.awin1.com/pclick.php?p=45457275963&a=2771700&m=6526,Joie Signature Parcel™ Pop Stroller - Eclipse,45457275963,GB _GBP_54492642607441,https://cdn.shopify.com/s/files/1/0414/6023/6453/files/Untitled-1-Recovered_0000_69601F900-S2317CAECL000_JOIE_PARCELPOP_ECLIPSE_1HERO.jpg?v=1785941722,"Travel-sized convenience meets first-class refinement in parcel™ pop, the lightweight stroller designed to bring effortless beauty and comfort to every journey. Parcel™ pop redefines the compact travel stroller for modern families who value both design and intelligent function. With its sleek silhouette, tailored fabrics, and refined detailing, it delivers contemporary aesthetics without sacrificing performance. Engineered for real life on the move, parcel™ pop opens and closes in a flash. Its automatic fold responds at the touch of a button, collapsing into a slim, easy-to-lift package even when your hands are full. When it’s time to go, it pops back open smoothly and effortlessly. Product Features Usage and modes Suitable from birth up to 22 kg (approx. 4 years) Creates a seamless travel system when paired with compatible Joie infant car seats* – no adapters needed Comfort Multiple recline options including lie-flat lounger creates a cosy haven from baby to toddler Silky-smooth all -wheel suspension keeps your child cruising comfortably, even over rough ground Hidden mesh window behind the backrest to use once fully reclined providing increased airflow and maximum comfort during hot and humid days An adjustable leg rest with cushy calf support allows tired or growing legs to kick back and cruise in comfort 5-point harness is padded to protect your little one’s delicate skin and adjusts to 3 different heights to keep up with growth spurts Full-coverage UPF 50+ and water repellant canopy keeps baby shielded and comfortable through any forecast Convenience Tucks into a compact package with one hand, then unfolds with a quick pop At just 7.4 kg, this lightweight stroller is effortless to lift and store The arm bar functions as a convenient carry handle when the stroller is folded, so it’s easy to tote up steps or onto public transport, even when your other arm is holding baby The spacious storage basket has plenty of room for everything you and baby might need A mesh peekaboo window on the canopy provides airflow and lets you check in on your child without disturbing them The included travel bag makes it easy to transport the stroller and protect it when not in use A sturdy rain cover quickly slips on and off the stroller to keep your child dry and comfortable during wet weather Parent cup holder keeps your beverage close and thirst at bay as you go about your busy day The front swivel wheels lock at the touch of a button so your stroller will glide right over bumpy ground without catching Safety One-touch braking system engages quickly to secure your stroller right where you want it Clever AutoClick™ magnetic-led buckles that make it quick and easy to secure your little one Item Code Includes: parcel™ pop stroller rain cover cup holder travel bag manual Age Suitability: Birth to 22 kg Weight Suitability: Birth to 22 kg Care &amp; Maintenance: See manual Assembly: Partial assembly Standards (UK / Europe): EN 1888-2:2018 +A1:2022Assembled: L 85 x w 56 x h 102 cm Folded: L 76 x w 50 x h 37 cm Certified usage from birth to 22 kg Lightweight at just 7.4 kg Quick action, one-handed fold creates a compact shape that won't take up space Baby &amp; Toddler &gt; Baby Transport &gt; Pushchairs &amp; Prams",,215,Mamas & Papas,6526,,,https://images2.productserve.com/?w=200&h=200&bg=white&trim=5&t=letterbox&url=ssl%3Acdn.shopify.com%2Fs%2Ffiles%2F1%2F0414%2F6023%2F6453%2Ffiles%2FUntitled-1-Recovered_0000_69601F900-S2317CAECL000_JOIE_PARCELPOP_ECLIPSE_1HERO.jpg%3Fv%3D1785941722&feedId=112637&k=1c98a7c9ea36404eb0ead60c9bd1bdd39d0b4930,GBP,,0 GBP,https://www.mamasandpapas.com/products/joie-signature-parcel-pop-strlr-eclipse-69601f900,,2026-08-07 08:57:21,£215,112637,Joie,1,,,,,,Lightweight Stroller
https://www.awin1.com/pclick.php?p=45457275964&a=2771700&m=6526,Joie Tourist Stroller - Shale,45457275964,GB _GBP_54493791093073,https://cdn.shopify.com/s/files/1/0414/6023/6453/files/Untitled-1-Recovered_0004_627528100-S1706DGRVN000_JOIE_TOURIST_RAVEN_1HERO.jpg?v=1785942044,"Meet tourist™, this self-folding and featherlight compact pushchair makes every outing a walk in the park. By cleverly combining infant carrier and forward-facing seat options all in one sweet ride, this multitasker is crafted to roll smoothly from baby to big kid. *infant carrier sold separately Product Features Featherweight at just 6.6 kg Car seat compatible: gemm™, i-jemini™, i-Level™ Recline, i-Snug™ 2 and Sprint™ fit with ease with included adapters (Car seats sold separately) Self-folds into a compact freestanding package Lie-flat recline creates a cosy haven from baby to toddler Custom recline options to keep them comfortable Adjustable leg rest with cushy calf support Easy to transport with built in carry strap Lockable front swivel wheels tackle the toughest terrain UPF 50+ and water repellent canopy Storage basket designed to easily accommodate every item One-touch braking system Plush comfort with SoftTouch 5-point harness Item Code Includes: pushchair, raincover, bumper bar, adapters, carry bag Age Suitability: birth - approx. 3 years Weight Suitability: birth - 15kg Fabric Composition: 50% metals, 25% plastics, 25% softgoods Care &amp; Maintenance: See manual Assembly: Partial assembly Standards (UK / Europe): EN1888-1Assembled: l 83.1 x w 47.1 x h 106 cm Folded: l 66.1 x w 47.1 x h 24.3 cm Featherweight at just 6.6 kg Self-folds into a compact freestanding package Custom recline options to keep them comfortable Baby &amp; Toddler &gt; Baby Transport &gt; Pushchairs &amp; Prams",,175,Mamas & Papas,6526,,,https://images2.productserve.com/?w=200&h=200&bg=white&trim=5&t=letterbox&url=ssl%3Acdn.shopify.com%2Fs%2Ffiles%2F1%2F0414%2F6023%2F6453%2Ffiles%2FUntitled-1-Recovered_0004_627528100-S1706DGRVN000_JOIE_TOURIST_RAVEN_1HERO.jpg%3Fv%3D1785942044&feedId=112637&k=e1ea2f4958267f7c6e6b8f78e1d0149aff4a57a7,GBP,,0 GBP,https://www.mamasandpapas.com/products/joie-tourist-stroller-627528100,,2026-08-07 08:57:24,£175,112637,Joie,1,,,,,,Lightweight Stroller
https://www.awin1.com/pclick.php?p=45471889744&a=2771700&m=6526,Tommee Tippee Bottle and Steriliser Set - White,45471889744,GB _GBP_54499186606417,https://cdn.shopify.com/s/files/1/0414/6023/6453/files/Untitled-1-Recovered_0000_5794JC301_BOTTLE_STERILISERKIT_WHT_IMAGES_1.jpg?v=1785921866,"Tommee Tippee Bottle and Steriliser Set with Fast Electric Steriliser and 4 Natural Start Baby Bottles, for Easy Bottle Feeding, Perfect Newborn Baby Shower Gift, White For a feeding routine that's simple and quick, from birth and beyond. Sterilise six bottles in under eight minutes* using natural steam for extra peace of mind. Then feed comfortably with our most breast-like bottles ever, in two sizes to suit their growing appetite. Includes: • 1x Electric Steriliser: Sterilises bottles, breast pump parts, soothers and other feeding accessories in under eight minutes* using 100% steam, killing viruses** and 99.9% of harmful bacteria. With new and improved anti-scale alert, heat plate design, and auto shut-off • 2x 150ml and 2x 260ml Natural Start™ bottles: The #1 bottle for easily switching between breast, bottle and back again^. With soft silicone teats in extra-slow and slow flow rates for a gentle, natural pace • 1x Ultra-light StayPut soother, 0-6m: The lightest one-piece silicone soother^, with soft, skin-like feed for familiar comfort • 1x Bottle and teat brush: For thorough (but gentle) 360° cleaning *Based on 260ml Tommee Tippee bottles and average sterilisation cycle time. Does not include cool down. Product Features Electric Steriliser: Sterilises in under 8 minutes* using 100% natural steam to kill viruses** and 99.9% of bacteria. With new and improved anti-scale alert, heat plate, and auto shut-off Convenient: Our steriliser fits 6 bottles and other feeding accessories, and is easy to use with simple one-button start and auto-off function Sterile storage: When the sterilising cycle is finished, leave the lid closed and the contents will stay sterile for up to 24 hours for easy baby bottle organisation Breast-like baby bottles: Tommee Tippee Natural Start baby bottles help make feeds simple as the #1 bottle for easily switching between breast, bottle and back again Natural pace: The soft silicone teats on our Natural Start bottles flex and stretch like a breast so baby can feed comfortably at their own natural pace Item Code Includes: 1x Electric Steriliser and 2x 150ml and 2x 260ml Natural Start bottles Age Suitability: 0m+ Safety &amp; Warnings: Always use under adult supervision Sterilises in under 8 minutes with natural steam Keeps bottles sterile for up to 24 hours Natural Start bottles support easy breast switching Baby &amp; Toddler &gt; Nursing &amp; Feeding &gt; Baby Bottles",,90,Mamas & Papas,6526,,,https://images2.productserve.com/?w=200&h=200&bg=white&trim=5&t=letterbox&url=ssl%3Acdn.shopify.com%2Fs%2Ffiles%2F1%2F0414%2F6023%2F6453%2Ffiles%2FUntitled-1-Recovered_0000_5794JC301_BOTTLE_STERILISERKIT_WHT_IMAGES_1.jpg%3Fv%3D1785921866&feedId=112637&k=151035576581bab714d8933f29347b34bde0c8ac,GBP,,0 GBP,https://www.mamasandpapas.com/products/tt-bottle-sterilier-kit-5794jc301,,2026-08-07 09:01:46,£90,112637,Tommee Tippee,1,,,,,,Bottle Steriliser
https://www.awin1.com/pclick.php?p=45471889745&a=2771700&m=6526,Tommee Tippee Bottle and Steriliser Set - Black,45471889745,GB _GBP_54499186573649,https://cdn.shopify.com/s/files/1/0414/6023/6453/files/Untitled-1-Recovered_0005_5794B7001_TTBOTTLE_STERILISERKIT_BLK_IMAGES_1.jpg?v=1785922200,"Tommee Tippee Bottle and Steriliser Set with Fast Electric Steriliser and 4 Natural Start Baby Bottles, for Easy Bottle Feeding, Perfect Newborn Baby Shower Gift, Black For a feeding routine that's simple and quick, from birth and beyond. Sterilise six bottles in under eight minutes* using natural steam for extra peace of mind. Then feed comfortably with our most breast-like bottles ever, in two sizes to suit their growing appetite. Includes: • 1x Electric Steriliser: Sterilises bottles, breast pump parts, soothers and other feeding accessories in under eight minutes* using 100% steam, killing viruses** and 99.9% of harmful bacteria. With new and improved anti-scale alert, heat plate design, and auto shut-off • 2x 150ml and 2x 260ml Natural Start™ bottles: The #1 bottle for easily switching between breast, bottle and back again^. With soft silicone teats in extra-slow and slow flow rates for a gentle, natural pace • 1x Ultra-light StayPut soother, 0-6m: The lightest one-piece silicone soother^, with soft, skin-like feed for familiar comfort • 1x Bottle and teat brush: For thorough (but gentle) 360° cleaning *Based on 260ml Tommee Tippee bottles and average sterilisation cycle time. Does not include cool down. Product Features Electric Steriliser: Sterilises in under 8 minutes* using 100% natural steam to kill viruses** and 99.9% of bacteria. With new and improved anti-scale alert, heat plate, and auto shut-off Convenient: Our steriliser fits 6 bottles and other feeding accessories, and is easy to use with simple one-button start and auto-off function Sterile storage: When the sterilising cycle is finished, leave the lid closed and the contents will stay sterile for up to 24 hours for easy baby bottle organisation Breast-like baby bottles: Tommee Tippee Natural Start baby bottles help make feeds simple as the #1 bottle for easily switching between breast, bottle and back again Natural pace: The soft silicone teats on our Natural Start bottles flex and stretch like a breast so baby can feed comfortably at their own natural pace Item Code Includes: 1x Electric Steriliser and 2x 150ml and 2x 260ml Natural Start bottles Age Suitability: 0m+ Safety &amp; Warnings: Always use under adult supervision Sterilises in under 8 minutes with natural steam Keeps bottles sterile for up to 24 hours Natural Start bottles support easy breast switching Baby &amp; Toddler &gt; Nursing &amp; Feeding &gt; Baby Bottles",,90,Mamas & Papas,6526,,,https://images2.productserve.com/?w=200&h=200&bg=white&trim=5&t=letterbox&url=ssl%3Acdn.shopify.com%2Fs%2Ffiles%2F1%2F0414%2F6023%2F6453%2Ffiles%2FUntitled-1-Recovered_0005_5794B7001_TTBOTTLE_STERILISERKIT_BLK_IMAGES_1.jpg%3Fv%3D1785922200&feedId=112637&k=8ca8deb9f4324fc6c9495402e4cc6e25e25515e2,GBP,,0 GBP,https://www.mamasandpapas.com/products/tt-bottle-sterilier-kit-5794b7001,,2026-08-07 09:01:45,£90,112637,Tommee Tippee,1,,,,,,Bottle Steriliser
https://www.awin1.com/pclick.php?p=45471889747&a=2771700&m=6526,Angelcare Classic XL Nappy Bin - White,45471889747,GB _GBP_54499538731345,https://cdn.shopify.com/s/files/1/0414/6023/6453/files/Untitled-1-Recovered_0036_715202700_AngelcareNappyBin_3Refills_Images_1.jpg?v=1785926084,"Angelcare Classic XL Nappy Bin - holds up to 210 nappies. Simple no-twist refills use less film, so you save by getting more nappies per cassette! Includes 3 refill cassettes The Angelcare Classic XL Nappy Bin with 3 Refill Cassettes is designed to provide parents with a hygienic, convenient, and high-capacity nappy disposal solution for everyday nursery care. Featuring advanced odour-lock technology and multi-layer antibacterial film, the system helps trap unpleasant smells and inhibit germ growth, keeping baby’s nursery cleaner and fresher for longer. The one-handed operation allows quick and easy nappy disposal while holding baby, making changing time more convenient for busy parents. Designed to hold up to 210 size 1 nappies, the Classic XL Nappy Bin offers excellent capacity while using less plastic than individually wrapped nappy disposal systems. The included refill cassettes are simple to install and replace by inserting the cassette into the top of the bin and pulling the film through ready for use. Includes 3 refill cassettes for extended use and long-lasting value. Product Features Advanced odour-lock technology helps keep baby’s nursery fresher for longer. Multi-layer antibacterial film helps provide added protection against germs and unwanted odours. One-handed operation makes nappy disposal quick and convenient while holding baby. High-capacity design holds up to 210 size 1 nappies for fewer emptying trips. Includes 3 refill cassettes for long-lasting use and added everyday value. Compatible with Angelcare Classic XL Octagonal Refill Cassettes. Continuous film technology uses only the amount needed, helping reduce unnecessary waste. Uses less plastic than twist-in nappy disposal systems. Designed to make everyday nappy changing cleaner, simpler, and more convenient. Compact, modern design fits neatly into most nursery spaces. Easy to empty, clean, and maintain for hygienic everyday use. Helps create a cleaner and more comfortable nursery environment for parents and baby. Item Includes: 1 nappy bin &amp; 3 octagonal refill cassettes Care &amp; Maintenance: Wipe the nappy bin regularly using a soft damp cloth and mild soap Do not use abrasive cleaners, bleach, or harsh chemicals on the product Replace refill cassettes when empty for continued performance Ensure refill cassette is correctly installed before use Tie a knot in the refill film before first use to secure waste disposal Keep the lid and disposal mechanism clean and free from obstruction Follow all usage and installation instructions provided with the product Safety &amp; Warnings: Keep plastic film, refill cassettes, and packaging materials away from babies and young children to avoid the risk of suffocation. This product is not a toy. Adult use only. Do not allow children to play with the nappy bin or refill components. Ensure the refill cassette is correctly installed before use. Always keep the lid closed when not in use. Use only compatible Angelcare Classic XL refill cassettes with this product. Keep the product away from direct heat sources and open flames. Standards (UK / Europe): Complies with applicable UK &amp; EU General Product Safety Regulations and REACH requirements. Uses less plastic than twist-in disposal systems OdourSeal barrier locks in smells and germs Holds up to 70 newborn nappies for fewer emptying trips Baby &amp; Toddler &gt; Baby Bathing",,19.99,Mamas & Papas,6526,,,https://images2.productserve.com/?w=200&h=200&bg=white&trim=5&t=letterbox&url=ssl%3Acdn.shopify.com%2Fs%2Ffiles%2F1%2F0414%2F6023%2F6453%2Ffiles%2FUntitled-1-Recovered_0036_715202700_AngelcareNappyBin_3Refills_Images_1.jpg%3Fv%3D1785926084&feedId=112637&k=1ad98e8e3a97df5c734a661b498ae060bc8c4405,GBP,,4.95 GBP,https://www.mamasandpapas.com/products/a-c-nappybin-3-refills-715202700,,2026-08-07 10:17:13,£19.99,112637,Angelcare,1,,,,,,Nappy Bin
https://www.awin1.com/pclick.php?p=45471889750&a=2771700&m=6526,Ergobaby Momcozy Baby Carrier 3M+ Cotton - Khaki,45471889750,GB _GBP_54499538829649,https://cdn.shopify.com/s/files/1/0414/6023/6453/files/Untitled-1-Recovered_0019_7177A4E00_MomcozyBabayCarrier3m_Cotton_Khaki_Images_1.jpg?v=1785941441,"Hands-free comfort. Every step together. 3-in-1 Baby Carrier perfect for hands-free usage in everyday life. Lightweight design and effortless wearability, Momcozy's original baby carrier is an ideal choice for travel and busy lifestyles. It ensures both comfort and elegance as you carry your little one while on the move. Product Features Ergonomic Waist EVA Support: Experience unmatched comfort during extended wear. The built-in EVA waist support not only offers crucial lumbar support but also minimises strain on your back, ensuring a labour-saving and comfortable carrying experience. The thickly padded shoulder and waist straps are easily adjustable to accommodate all sizes for a personalised fit. Hands Free Comfort: 3-in-1 Baby Carrier perfect for experiencing hands-free convenience in everyday use, outing or travel. Lightweight design and effortless wearability, Momcozy's original baby carrier is an ideal choice for travel and busy lifestyles. It ensures both comfort and elegance as you carry your little one while on the move. Tailored to Grow Together: The carrier features three adjustable sizing positions, catering to your child's growth at every stage for 7-44lbs. Achieve a safe fit and Ergonomic natural M"" position, regardless of your baby's size that ensures baby's healthy hip and spinal development. Padded legs openning ensures unobstructed blood circulation in baby's legs, providing both comfort and safety. Thoughtful Back Saver: Unlike conventional H-shaped carriers, the Momcozy Baby Carrier employs a revolutionary X-shaped back design. This forward-looking feature distributes weight better and evenly for unrivaled comfort for both you and your little one. Experience Every Joyous Journey: Momcozy's Baby Carrier combines Comfort, Connection, and Exploration in three comfortable positions tailored to your baby's every need. Our baby carrier makes an excellent gift for new parents. Don't miss out on this opportunity to provide your baby with the best in comfort, safety, and style. Hassle-Free Maintenance: The Momcozy Baby Carrier is made of 100% COTTON and crafted for easy care. You can machine wash to keep your carrier fresh and ready for adventures without the hassle of complicated cleaning routines. Item Code Includes: The Main Carrier Unit Built-in Adjustable Features User Manual / Instruction Guide Age Suitability: 3 month+ Weight Suitability: 3.2 – 20 kg Fabric Composition: Cotton Care &amp; Maintenance: Please refer to user manual Assembly: Assembled Safety &amp; Warnings: Read and follow all instructions before use. Ensure your baby's face is visible at all times and that their nose and mouth remain clear and unobstructed. Keep your baby close enough to kiss, with their chin off their chest to help maintain an open airway. Use the carrier only within the recommended age and weight limits. Check that all buckles, straps, fasteners, and adjustments are secure before each use. Inspect the carrier regularly for signs of wear, damage, or loose stitching. Support your baby properly and ensure they are positioned securely in the carrier. Take care when bending or leaning; bend at the knees rather than at the waist. Do not use the carrier while cooking, exercising, driving, cycling, or near hot objects and liquids. Never leave your baby unattended while in the carrier. Stop using the carrier immediately if any part becomes damaged or defective. Monitor your baby's comfort, position, and temperature regularly during use. Standards (UK / Europe): 1. REACH Regulation (EC) No. 1907/2006 Annex XVII Entry 51&amp; 52 Phthalates 2. Regulation (EC) No. 1907/2006 REACH Annex XVII, Item 43 Azocolorants 3. Regulation (EC) No. 1907/2006 REACH Annex XVII, Item 23 Cadmium 4. Regulation (EC) No. 1907/2006 REACH Annex XVII, Item 63 Lead 5. EN 13209-2:2015–Baby Carriers (Soft Carrier) 6. EN 71-3: 2019+A1:2021Assembled: 15 x 13.5 x 30 cm Ergonomic M-position supports healthy hip and spine development. X-shaped back and EVA lumbar support reduce strain on parents. Lightweight, adjustable 3-in-1 design grows with baby from 3 months to toddler (3–20kg) Baby &amp; Toddler &gt; Baby Transport &gt; Baby Carriers""",,49.99,Mamas & Papas,6526,,,https://images2.productserve.com/?w=200&h=200&bg=white&trim=5&t=letterbox&url=ssl%3Acdn.shopify.com%2Fs%2Ffiles%2F1%2F0414%2F6023%2F6453%2Ffiles%2FUntitled-1-Recovered_0019_7177A4E00_MomcozyBabayCarrier3m_Cotton_Khaki_Images_1.jpg%3Fv%3D1785941441&feedId=112637&k=17f22e14d7cb044b3b61da2f2772781ecaf93311,GBP,,4.95 GBP,https://www.mamasandpapas.com/products/momcozy-babycarrier-3m-khaki-7177a4e00,,2026-08-07 09:01:49,£49.99,112637,Ergobaby,1,,,,,,Baby Carrier & Sling
https://www.awin1.com/pclick.php?p=45471889768&a=2771700&m=6526,Ergobaby Momcozy Baby Carrier 3M+ Cotton - Black,45471889768,GB _GBP_54499540304209,https://cdn.shopify.com/s/files/1/0414/6023/6453/files/Untitled-1-Recovered_0007_7177B7000_MomcozyBabyCarrier3m_Cotton_BLK_Images_1.jpg?v=1785940382,"Hands-free comfort. Every step together. 3-in-1 Baby Carrier perfect for hands-free usage in everyday life. Lightweight design and effortless wearability, Momcozy's original baby carrier is an ideal choice for travel and busy lifestyles. It ensures both comfort and elegance as you carry your little one while on the move. Product Features Ergonomic Waist EVA Support: Experience unmatched comfort during extended wear. The built-in EVA waist support not only offers crucial lumbar support but also minimises strain on your back, ensuring a labour-saving and comfortable carrying experience. The thickly padded shoulder and waist straps are easily adjustable to accommodate all sizes for a personalised fit. Hands Free Comfort: 3-in-1 Baby Carrier perfect for experiencing hands-free convenience in everyday use, outing or travel. Lightweight design and effortless wearability, Momcozy's original baby carrier is an ideal choice for travel and busy lifestyles. It ensures both comfort and elegance as you carry your little one while on the move. Tailored to Grow Together: The carrier features three adjustable sizing positions, catering to your child's growth at every stage for 7-44lbs. Achieve a safe fit and Ergonomic natural M"" position, regardless of your baby's size that ensures baby's healthy hip and spinal development. Padded legs openning ensures unobstructed blood circulation in baby's legs, providing both comfort and safety. Thoughtful Back Saver: Unlike conventional H-shaped carriers, the Momcozy Baby Carrier employs a revolutionary X-shaped back design. This forward-looking feature distributes weight better and evenly for unrivaled comfort for both you and your little one. Experience Every Joyous Journey: Momcozy's Baby Carrier combines Comfort, Connection, and Exploration in three comfortable positions tailored to your baby's every need. Our baby carrier makes an excellent gift for new parents. Don't miss out on this opportunity to provide your baby with the best in comfort, safety, and style. Hassle-Free Maintenance: The Momcozy Baby Carrier is made of 100% COTTON and crafted for easy care. You can machine wash to keep your carrier fresh and ready for adventures without the hassle of complicated cleaning routines. Item Code Includes: The Main Carrier Unit Built-in Adjustable Features User Manual / Instruction Guide Age Suitability: 3 month+ Weight Suitability: 3.2 – 20 kg Fabric Composition: Cotton Care &amp; Maintenance: Please refer to user manual Assembly: Assembled Safety &amp; Warnings: Read and follow all instructions before use. Ensure your baby's face is visible at all times and that their nose and mouth remain clear and unobstructed. Keep your baby close enough to kiss, with their chin off their chest to help maintain an open airway. Use the carrier only within the recommended age and weight limits. Check that all buckles, straps, fasteners, and adjustments are secure before each use. Inspect the carrier regularly for signs of wear, damage, or loose stitching. Support your baby properly and ensure they are positioned securely in the carrier. Take care when bending or leaning; bend at the knees rather than at the waist. Do not use the carrier while cooking, exercising, driving, cycling, or near hot objects and liquids. Never leave your baby unattended while in the carrier. Stop using the carrier immediately if any part becomes damaged or defective. Monitor your baby's comfort, position, and temperature regularly during use. Standards (UK / Europe): 1. REACH Regulation (EC) No. 1907/2006 Annex XVII Entry 51&amp; 52 Phthalates 2. Regulation (EC) No. 1907/2006 REACH Annex XVII, Item 43 Azocolorants 3. Regulation (EC) No. 1907/2006 REACH Annex XVII, Item 23 Cadmium 4. Regulation (EC) No. 1907/2006 REACH Annex XVII, Item 63 Lead 5. EN 13209-2:2015–Baby Carriers (Soft Carrier) 6. EN 71-3: 2019+A1:2021Assembled: 15 x 13.5 x 30 cm Ergonomic M-position supports healthy hip and spine development. X-shaped back and EVA lumbar support reduce strain on parents. Lightweight, adjustable 3-in-1 design grows with baby from 3 months to toddler (3–20kg) Baby &amp; Toddler &gt; Baby Transport &gt; Baby Carriers""",,49.99,Mamas & Papas,6526,,,https://images2.productserve.com/?w=200&h=200&bg=white&trim=5&t=letterbox&url=ssl%3Acdn.shopify.com%2Fs%2Ffiles%2F1%2F0414%2F6023%2F6453%2Ffiles%2FUntitled-1-Recovered_0007_7177B7000_MomcozyBabyCarrier3m_Cotton_BLK_Images_1.jpg%3Fv%3D1785940382&feedId=112637&k=c559e6f5c1dfa1d88ee848caef13c8672588a551,GBP,,4.95 GBP,https://www.mamasandpapas.com/products/momcozy-babycarrier-3m-blk-7177b7000,,2026-08-07 09:01:52,£49.99,112637,Ergobaby,1,,,,,,Baby Carrier & Sling
https://www.awin1.com/pclick.php?p=45471889769&a=2771700&m=6526,Ergobaby Momcozy Baby Wrap Baby Carrier - Black,45471889769,GB _GBP_54499540271441,https://cdn.shopify.com/s/files/1/0414/6023/6453/files/Untitled-1-Recovered_0007_7178B7000_MomcozyBabyWrapBabyCarrier_BLK_Images_1.jpg?v=1785936901,"Wrap them close. Move with confidence. The Momcozy Baby Carrier is an ergonomic, 3-in-1 soft-structured carrier designed to grow with your baby from 3 months to toddlerhood (approx. 3.2 kg to 20 kg). It features an X-shaped back, EVA lumbar support, and adjustable seating for a comfortable, hands-free fit. Product Features Adjustable Size - Momcozy baby wrap carrier is designed with adjustable size, the size can be covered to XXS-XXL to suit different groups of people; The baby wrap allows you not to worry about postpartum body changes and other issues, and can adjust the appropriate size at any time according to your and your baby's body shape, suitable for the whole family to use. Traditional baby carriers loosen during use, but the adjustable size design keeps your baby supported and balanced in your arms. Ergonomically Designed - For babies, Momcozy infant carrier slings allows babies to sit astride, ergonomically, and helps to help babies develop healthy hip bones and spine from 0-1 years old; For moms, the breathable back of the Momcozy baby carrier helps distribute baby's weight evenly, reducing pain and pressure in the upper back, shoulders, neck or waist; Provides greater comfort for both baby and mother. Load Bearing Upgrade -The fabric of the baby sling carrier is soft, elastic, and very supportive. The fabric will be properly stretched according to the baby's body shape. The support and wrapping are very good, both small and older babies can be used; Excellent load-bearing capacity and high-quality can greatly extend the life cycle of the product and accompany your child to grow along the way. Comfortable and Skin-friendly Fabric - Baby carrier wrap fabric is made of 95% polyester, 5% spandex material, comfortable and breathable, soft and skin-friendly; Easy to wear and very close-fitting, it allows babies to feel the breath of Mom and Dad up close, so children feel like they are enjoying a comfortable hug; A comfortable environment enhances your baby's sense of security and helps foster a close parent-child relationship, making it ideal for moms and dads who are new to baby products. Easy to Wear and Breastfeed -The cloth baby carrier is easy to put on like a t-shirt, you can operate it with one hand. It even acts as a privacy shield for breastfeeding moms as you can breastfeed while wearing it without removing the baby from the infant baby carrier. Your satisfaction with the product is our pursuit Item Code Includes: 1 x Momcozy Baby Carrier 3M+ 1 x User manual Age Suitability: 3M + Weight Suitability: 3.2 – 20 kg Fabric Composition: Cotton Care &amp; Maintenance: Please refer to user manual Assembly: Assembled Safety &amp; Warnings: Read and follow all instructions before use. Ensure your baby's face is visible at all times and their nose and mouth remain unobstructed. Keep your baby high on your chest, close enough to kiss, with their chin off their chest. Check that the wrap is fitted correctly, secure, and provides adequate support before each use. Inspect the carrier regularly for signs of wear, damage, or loose stitching. Take extra care when bending; bend at the knees, not at the waist. Do not use the carrier while cooking, exercising, driving, cycling, or near hot objects or liquids. Never leave your baby unattended in the carrier. Discontinue use if any part of the carrier is damaged. Regularly check your baby's position, comfort, and temperature while carrying. Standards (UK / Europe): 1. CEN/TR 16512-2015 2. EN 71: Part 2: 2020 Flammability 3. EN 71 Part 3: 2019+A1:2021 Heavy metal 4. BS EN ISO 14184-1: 2011FORMALDEHYDE CONTENT IN TEXTILESAssembled: 20 x 8 x 15 cm Easy-to-wear wrap design with one-handed adjustment. Ergonomic support promotes healthy hip positioning while evenly distributing baby's weight. Machine washable for easy everyday care and long-lasting freshness Baby &amp; Toddler &gt; Baby Transport &gt; Baby Carriers",,28.99,Mamas & Papas,6526,,,https://images2.productserve.com/?w=200&h=200&bg=white&trim=5&t=letterbox&url=ssl%3Acdn.shopify.com%2Fs%2Ffiles%2F1%2F0414%2F6023%2F6453%2Ffiles%2FUntitled-1-Recovered_0007_7178B7000_MomcozyBabyWrapBabyCarrier_BLK_Images_1.jpg%3Fv%3D1785936901&feedId=112637&k=7fb73727e522bb57583232e731519249dd1e6d89,GBP,,4.95 GBP,https://www.mamasandpapas.com/products/momcozy-babywrap-baby-carrier-black-7178b7000,,2026-08-07 09:01:52,£28.99,112637,Ergobaby,1,,,,,,Baby Carrier & Sling
https://www.awin1.com/pclick.php?p=45471889775&a=2771700&m=6526,Graco Arris™ Pushchair Bundle with SnugLite™ i-Size R129 Infant Car Seat – Night Sky,45471889775,GB _GBP_54500610900305,https://cdn.shopify.com/s/files/1/0414/6023/6453/files/Untitled-1-Recovered_0007_72262Q000_GRACO_ARRIS_TRAVEL_SYSTEM_NIGHT_SKY_IMAGE_1.jpg?v=1785938511,"Whether you’re popping to the shops or jetting off on holiday, the Arris travel system makes every outing a breeze. Our Arris Travel System is a sensational 2-part system made for families who are always ready to roll from newborn and beyond. With a quick-folding travel stroller which includes footmuff &amp; raincover and i-Size infant car seat, this travel system is designed to help parents get a move on from day one. The included adaptors allow you to attach the car seat to the stroller frame with just one click. Product Features Removable bumper bar Bumper bar also acts as a carry handle Adjustable calf support Large, easy-access storage basket Integrated fold lock Knit canopy Adjustable 3- or 5-point harness One-step brake Includes stroller, raincover, i-size R129 infant car seat and adaptors Item Code Includes: 1 X Arris Stroller With Seat Unit - Softgoods That Can Be Removed, 1 X Canopy, 1 X Bumper Bar, Front &amp; Rear Wheels, 2 X Harness Pads, 1 X Rear Brake Assembly Unit, 1 X Footmuff, 1 X Raincover, 1 X SnugLite I-Size Infant Car Seat, 1 X Set Of Ics Adaptors, 1 X Instruction Manual Age Suitability: Stroller from birth to approx. 4 years (max. 22kg) Infant car seat from birth to approx. 12 months (40-75 cm) Weight Suitability: Stroller from birth to approx. 4 years (max. 22kg) Infant car seat from birth to approx. 12 months (40-75 cm) Fabric Composition: Stroller - 38.61% (Aluminium) Stroller - 35.6% (PP, POM, PA, EVA） Stroller - 25.79% (Polyester, PP, PVC） Care &amp; Maintenance: Refer to product manual Assembly: Self-AssemblyAssembled: Stroller – L88 x W52 x H101.6cm Car Seat – L64.8 x W43.9 x H569cm Folded: Stroller – L65.3 x W52 x H32.5cm Featuring a quick-folding travel stroller with footmuff, raincover, and i-Size infant car seat, this system makes it easy for parents to get moving from day one. With only one hand and in the blink of an eye, you can compactly fold this travel stroller while still holding your little one. Lightweight and hassle-free, Arris makes it easy to catch a train, grab the bus, or get moving fast—without the extra weight Baby &amp; Toddler &gt; Baby Transport &gt; Pushchairs &amp; Prams",,100,Mamas & Papas,6526,,,https://images2.productserve.com/?w=200&h=200&bg=white&trim=5&t=letterbox&url=ssl%3Acdn.shopify.com%2Fs%2Ffiles%2F1%2F0414%2F6023%2F6453%2Ffiles%2FUntitled-1-Recovered_0007_72262Q000_GRACO_ARRIS_TRAVEL_SYSTEM_NIGHT_SKY_IMAGE_1.jpg%3Fv%3D1785938511&feedId=112637&k=91eda698cc85c3f743d5f9f433dabb8288baa74a,GBP,,0 GBP,https://www.mamasandpapas.com/products/graco-arris-p-ch-w-snuglite-cs-apron-72262q000,,2026-08-07 09:05:38,£100,112637,Graco,1,,,,,,Travel Bundle
https://www.awin1.com/pclick.php?p=45471889776&a=2771700&m=6526,Graco TraveLite™ Lightweight Stroller - Mint,45471889776,GB _GBP_54500610802001,https://cdn.shopify.com/s/files/1/0414/6023/6453/files/Untitled-1-Recovered_0007_7227HP000_GRACO_TRAVELITE_STROLLER_MINT_IMAGE_1.jpg?v=1785938697,"For city living or travelling, TraveLite is your compact strolling solution that doesn't compromise on convenience and comfort. Lightweight, compact, and designed for everyday adventures, the Graco TraveLite Stroller makes getting out and about with your little one effortless. Weighing just 7 kg, it's the perfect choice for parents, grandparents, and caregivers looking for a practical, easy-to-use stroller that fits seamlessly into daily life. Product Features Easy, compact fold Lightweight at only 7kg Large canopy protects your little one from the elements Large, easy-access storage basket Front swivel-lock wheels with suspension for easier manoeuvrability 5-point harness keeps baby secure and adjusts easily Single-action, one-step braking system secures the pushchair in an instant Item Code Includes: 1 X TraveLite™ Stroller with Seat Unit Attached, 1 X Canopy, 1 X Bumper Bar, Front &amp; Rear Wheels, 1 X Rear Brake Assembly Unit, 1 X Instruction Manual Weight Suitability: 0-15kg Fabric Composition: 59.26% (Steel) 31.26% (PP, PA, POM) 9.48% (Polyester, PP) Care &amp; Maintenance: Refer to product manual Assembly: Self-AssemblyAssembled: L84.50 x W49.30 x H109.30cm Folded: L108.4 x W31.8 x H29.50cm The compact fold makes packing up and travelling with baby fuss free. This lightweight stroller offers you easy portability to get where you need to go without extra effort. A relaxing recline adjusts to multiple angles — including fully flat — to make this stroller suitable for baby from day one. Baby &amp; Toddler &gt; Baby Transport &gt; Pushchairs &amp; Prams",,50,Mamas & Papas,6526,,,https://images2.productserve.com/?w=200&h=200&bg=white&trim=5&t=letterbox&url=ssl%3Acdn.shopify.com%2Fs%2Ffiles%2F1%2F0414%2F6023%2F6453%2Ffiles%2FUntitled-1-Recovered_0007_7227HP000_GRACO_TRAVELITE_STROLLER_MINT_IMAGE_1.jpg%3Fv%3D1785938697&feedId=112637&k=b12ecc33ba223171a1e06289cf5086a6ba1212c7,GBP,,4.95 GBP,https://www.mamasandpapas.com/products/graco-travelite-stroller-7227hp000,,2026-08-07 09:05:38,£50,112637,Graco,1,,,,,,Lightweight Stroller
https://www.awin1.com/pclick.php?p=45498610178&a=2771700&m=6526,Mamas &amp; Papas The Little Green Sheep Natural Sprung Cot Bed Mattress,45498610178,GB _GBP_54507388109137,https://cdn.shopify.com/s/files/1/0414/6023/6453/files/Untitled-1_0006_LGSMMCB02LGSNaturalPocketSprungCBedMattress_001.jpg?v=1786024246,"The Little Green Sheep Natural Pocket Sprung Mattress has been beautifully handmade for your precious baby, championing only the highest quality natural materials. The Little Green Sheep Natural Pocket Sprung Mattress has been beautifully handmade for your precious baby, championing only the highest quality natural materials. This innovative Dual-Sided Mattress has been designed to provide firm support for your baby as recommended by safe sleep experts, and progressive support as they grow to toddlerhood, and beyond. Product Features Premium, individual pocket springs for superior comfort &amp; progressive support Two types of support in one mattress: Support 1: Baby, firm as recommended by safe sleep experts Support 2: Toddler/Child, a softer medium-level support for extra comfort Free from toxins and harmful chemicals Breathable and anti-dust mite Luxury quilted Herringbone cotton cover 3-year guarantee Age Suitability: Birth Fabric Composition: Outside: 100% Natural Cotton Inside: 45% Natural Wool, 25% Coconut Coir, 30% Natural Latex Care &amp; Maintenance: A waterproof mattress protector is required - We recommend using our breathable 100% waterproof mattress protector to keep your mattress in the best possible condition, protecting your mattress from accidents and spillages. Non-removable outer cover, sponge clean only. If the mattress and bed frame are sponge cleaned, you MUST ensure they have been allowed to air dry fully before use. Our mattresses are not suitable for use with a sensor pad or sleep aids. Safety &amp; Warnings: Do not wash or dry clean. If the item becomes soiled, spot clean lightly only with warm water and a mild detergent. Allow to dry completely and naturally away from direct sunlight. Ensure the internal dimensions of the furniture are no greater than 2cm larger than the length and width of your mattress. Do not use the product if any part is broken; torn or missing and use only spare parts approved by the manufacturer. Do not use more than one mattress in the cot bed. Be aware of the risk of open fire and other sources of strong heat, such as electric bar fires, gas fires, etc. in the near vicinity of the cot bed. Standards (UK / Europe): Passes BS 7177 and BS 16890Assembled: 140 x 70 x 10cm Premium, individual pocket springs for superior comfort &amp; progressive support Two types of support in one mattress Free from toxins and harmful chemicals Furniture &gt; Beds &amp; Accessories &gt; Mattresses",,215,Mamas & Papas,6526,,,https://images2.productserve.com/?w=200&h=200&bg=white&trim=5&t=letterbox&url=ssl%3Acdn.shopify.com%2Fs%2Ffiles%2F1%2F0414%2F6023%2F6453%2Ffiles%2FUntitled-1_0006_LGSMMCB02LGSNaturalPocketSprungCBedMattress_001.jpg%3Fv%3D1786024246&feedId=112637&k=d7b9cfc4f484df6bcbd00e721df93ad3d31df1a4,GBP,,0 GBP,https://www.mamasandpapas.com/products/lgs-natural-pocket-sprung-c-be-lgsmmcb05,,2026-08-07 09:01:53,£215,112637,Mamas & Papas,1,,,,,,Cot Mattress
https://www.awin1.com/pclick.php?p=45498610179&a=2771700&m=6526,Mamas &amp; Papas The Little Green Sheep Organic Cot Bed Mattress,45498610179,GB _GBP_54507390665041,https://cdn.shopify.com/s/files/1/0414/6023/6453/files/Untitled-1_0002_LGSMMCB01LGSOrganicCotbedMattress_001.jpg?v=1786024046,"The Original Little Green Sheep cot mattress The Organic Cot Bed mattress was The Little Green Sheep's founding product and where their story began in 2007. They set out to make a mattress in an honest and simple way that provided the best support for babies. Handmade using luxury certified organic ingredients with extra layers of hypo-allergenic organic wool for added comfort, the organic cot mattress has been a hit with parents ever since. Product Features The Original Little Green Sheep cot mattress Handmade with luxury certified organic ingredients Extra layers of hypo-allergenic wool Free from toxins and harmful chemicals Breathable and anti-dust mite Luxurious Herringbone cotton cover 5 year guarantee Age Suitability: Birth Fabric Composition: Outside: 100% Natural Cotton Inside: 15% Natural Wool, 85% Coconut Coir Care &amp; Maintenance: A waterproof mattress protector is required - We recommend using our breathable 100% waterproof mattress protector to keep your mattress in the best possible condition, protecting your mattress from accidents and spillages. Non-removable outer cover, sponge clean only. If the mattress and bed frame are sponge cleaned, you MUST ensure they have been allowed to air dry fully before use. Our mattresses are not suitable for use with a sensor pad or sleep aids. Safety &amp; Warnings: Do not wash or dry clean. If the item becomes soiled, spot clean lightly only with warm water and a mild detergent. Allow to dry completely and naturally away from direct sunlight. Ensure the internal dimensions of the furniture are no greater than 2cm larger than the length and width of your mattress. Do not use the product if any part is broken; torn or missing and use only spare parts approved by the manufacturer. Do not use more than one mattress in the cot bed. Be aware of the risk of open fire and other sources of strong heat, such as electric bar fires, gas fires, etc. in the near vicinity of the cot bed. Standards (UK / Europe): Passes BS 7177 and BS 16890Assembled: 140 x 70 x 10cm Handmade with luxury certified organic ingredients Extra layers of hypo-allergenic wool Free from toxins and harmful chemicals Furniture &gt; Beds &amp; Accessories &gt; Mattresses",,260,Mamas & Papas,6526,,,https://images2.productserve.com/?w=200&h=200&bg=white&trim=5&t=letterbox&url=ssl%3Acdn.shopify.com%2Fs%2Ffiles%2F1%2F0414%2F6023%2F6453%2Ffiles%2FUntitled-1_0002_LGSMMCB01LGSOrganicCotbedMattress_001.jpg%3Fv%3D1786024046&feedId=112637&k=64d7144f5ec022c431243e2a5c50fc2ea375fbb9,GBP,,0 GBP,https://www.mamasandpapas.com/products/lgs-organic-cotbed-mattress-lgsmmcb04,,2026-08-07 09:09:27,£260,112637,Mamas & Papas,1,,,,,,Cot Mattress
https://www.awin1.com/pclick.php?p=45498610180&a=2771700&m=6526,Mamas &amp; Papas The Little Green Sheep Natural Twist Cot Bed Mattress,45498610180,GB _GBP_54507390566737,https://cdn.shopify.com/s/files/1/0414/6023/6453/files/Untitled-1_0011_LGSMMCB00LGSTwistNaturalCotbedMattress_001.jpg?v=1786023897,"Our Twist Natural Cot Mattress 70x140cm features dual-side support, all-natural materials, and a perfect fit for standard cot beds. Crafted with a luxurious quilted cotton cover and a supportive core, there's no better choice for your little one’s sleep. Two support levels: firm for babies &amp; softer medium for toddlers This Little Green Sheep Twist Mattress has been beautifully handmade for your precious newborn baby, in the most natural way. Using only natural ingredients, our Dual-Sided Twist Mattress core has been designed to provide little ones with the right support as they grow from baby to toddler and beyond. Product Features A waterproof mattress protector is required - We recommend using our breathable 100% waterproof mattress protector to keep your mattress in the best possible condition, protecting your mattress from accidents and spillages. Non-removable outer cover, sponge clean only. If the mattress and bed frame are sponge cleaned, you MUST ensure they have been allowed to air dry fully before use. Our mattresses are not suitable for use with a sensor pad or sleep aids. Age Suitability: Birth Fabric Composition: Outside: 100% Natural Cotton Inside: 45% Natural Wool, 25% Coconut Coir, 30% Natural Latex Care &amp; Maintenance: Do not wash or dry clean. If the item becomes soiled, spot clean lightly only with warm water and a mild detergent. Allow to dry completely and naturally away from direct sunlight. Ensure the internal dimensions of the furniture are no greater than 2cm larger than the length and width of your mattress. Do not use the product if any part is broken; torn or missing and use only spare parts approved by the manufacturer. Do not use more than one mattress in the cot bed. Be aware of the risk of open fire and other sources of strong heat, such as electric bar fires, gas fires, etc. in the near vicinity of the cot bed. Safety &amp; Warnings: Do not wash or dry clean. If the item becomes soiled, spot clean lightly only with warm water and a mild detergent. Allow to dry completely and naturally away from direct sunlight. Ensure the internal dimensions of the furniture are no greater than 2cm larger than the length and width of your mattress. Do not use the product if any part is broken; torn or missing and use only spare parts approved by the manufacturer. Do not use more than one mattress in the cot bed. Be aware of the risk of open fire and other sources of strong heat, such as electric bar fires, gas fires, etc. in the near vicinity of the cot bed. Standards (UK / Europe): Passes BS 7177 and BS 16890Assembled: 70 x 140 x 10cm Two types of support in one mattress: Support 1: Baby, firm as recommended by safe sleep experts Support 2: Toddler/Child, a softer medium-level support for extra comfort Furniture &gt; Beds &amp; Accessories &gt; Mattresses",,235,Mamas & Papas,6526,,,https://images2.productserve.com/?w=200&h=200&bg=white&trim=5&t=letterbox&url=ssl%3Acdn.shopify.com%2Fs%2Ffiles%2F1%2F0414%2F6023%2F6453%2Ffiles%2FUntitled-1_0011_LGSMMCB00LGSTwistNaturalCotbedMattress_001.jpg%3Fv%3D1786023897&feedId=112637&k=4d91f49d1dc1b536cc42fee942b48e1a396f2f77,GBP,,0 GBP,https://www.mamasandpapas.com/products/lgs-twist-natural-cotbed-mattress-lgsmmcb03,,2026-08-07 09:25:53,£235,112637,Mamas & Papas,1,,,,,,Cot Mattress