aw_deep_link,product_name,aw_product_id,merchant_product_id,merchant_image_url,description,merchant_category,search_price,merchant_name,merchant_id,category_name,category_id,aw_image_url,currency,store_price,delivery_cost,merchant_deep_link,language,last_updated,display_price,data_feed_id,brand_name,in_stock,alternate_image,alternate_image_two,alternate_image_four,large_image,alternate_image_three,category
https://www.awin1.com/pclick.php?p=44244421715&a=2771700&m=64830,Mushie Long Sleeve Bib - Space,44244421715,51858-04454,https://cdn.shopify.com/s/files/1/0690/1977/files/mushie-long-sleeve-bib-space-flat.jpg?v=1768950763,"Whether it’s mealtimes, messy play, or painting masterpieces, the Mushie Long Sleeve Bib has your little one covered, literally. Designed for babies from 6 to 24 months, this water-resistant bib offers full outfit protection with soft, comfy sleeves and a secure Velcro neck closure. A wide front pocket catches crumbs and spills, while the wipeable, machine-washable material makes clean-up beautifully simple. Thoughtfully made for busy days and growing explorers.",Bibs,12.56,Natural Baby Shower Ltd,64830,Children's Accessories,539,https://images2.productserve.com/?w=200&h=200&bg=white&trim=5&t=letterbox&url=ssl%3Acdn.shopify.com%2Fs%2Ffiles%2F1%2F0690%2F1977%2Ffiles%2Fmushie-long-sleeve-bib-space-flat.jpg%3Fv%3D1768950763&feedId=89138&k=efaeae9ddae5babe18a14cd192871e5d7e49a7c3,GBP,,,https://natural-baby-2.myshopify.com/products/mushie-muhsie-long-sleeve-bib-space?variant=56008443953531,,,GBP12.56,89138,Mushie,1,https://cdn.shopify.com/s/files/1/0690/1977/files/mushie-long-sleeve-bib-bows-lifestyle-3.jpg?v=1768950764,https://cdn.shopify.com/s/files/1/0690/1977/files/mushie-long-sleeve-bib-space-lifestyle.jpg?v=1768950765,,,https://cdn.shopify.com/s/files/1/0690/1977/files/mushie-long-sleeve-bib-space-lifestyle-2.jpg?v=1768950766,Bibs
https://www.awin1.com/pclick.php?p=36555695201&a=2771700&m=64830,Avery Row Travel Changing Mat   - Nature Trail,36555695201,47651-16404,https://cdn.shopify.com/s/files/1/0690/1977/files/avery-row-travel-changing-mat-nature-flat-2.jpg?v=1699493032,"The Avery Row Travel Changing Mat in Nature Trail is ideal for keeping your little one comfortable and snuggly while changing. Suitable for use from birth, the travel changing mat is super practical and stylish with a waterproof lining, perfect for use on the go.",Changing Mats & Trays,39,Natural Baby Shower Ltd,64830,Baby Products,599,https://images2.productserve.com/?w=200&h=200&bg=white&trim=5&t=letterbox&url=ssl%3Acdn.shopify.com%2Fs%2Ffiles%2F1%2F0690%2F1977%2Ffiles%2Favery-row-travel-changing-mat-nature-flat-2.jpg%3Fv%3D1699493032&feedId=89138&k=d6801236cc355cce66ef2aacbc144d3eabb199c8,GBP,,,https://natural-baby-2.myshopify.com/products/avery-row-travel-changing-mat-nature-trail?variant=40267730813006,,,GBP39.00,89138,Avery Row,1,https://cdn.shopify.com/s/files/1/0690/1977/files/avery-row-travel-changing-mat-nature-lifestyle-6.jpg?v=1699493034,https://cdn.shopify.com/s/files/1/0690/1977/files/avery-row-travel-changing-mat-nature-lifestyle-5.jpg?v=1699493036,,,https://cdn.shopify.com/s/files/1/0690/1977/files/avery-row-travel-changing-mat-nature-lifestyle-4.jpg?v=1699493037,Portable Changing Mat
https://www.awin1.com/pclick.php?p=36496685780&a=2771700&m=64830,Maxi-Cosi Pearl 360 Pro Car Seat - Authentic Green - With Base,36496685780,47855-84713-B,https://cdn.shopify.com/s/files/1/0690/1977/files/maxi-cosi-pearl-360-pro-car-seat-authentic-green-flat-3.jpg?v=1699496314,"The Maxi-Cosi Pearl 360 Pro Car Seat in Authentic Green offers you an effortless experience when transporting your little passenger. With its NEW SlideTech technology getting your little one in and out has never been easier. It elevates the daily routine of getting them in their seat by transforming a chance to struggle and backache into something simple and easy. With just one motion you can lock, slide, spin, and go. You don’t have to worry about your little one not being comfortable either; this sleek car seat has 5 recline positions so your precious companions can enjoy superior comfort from infant to 4 years old. Not only that, it's an easy harness system that fastens them into the seat with minimum fuss. You can always trust Maxi-Cosi to bring you car seats that provide superior comfort and top-notch safety standards. It is designed to offer ultimate convenience. It's the only toddler car seat that rotates and slides toward you, so you don't have to strain yourself when loading or unloading your child from the vehicle. Plus, the easy-in harness allows for effortless buckling, keeping fussing and temper tantrums at bay. But most importantly, it comes equipped with Maxi-Cosi's trusted G-CELL Side Impact Protection for optimal safety during any drive.",Baby & Toddler Car Seats,519.9,Natural Baby Shower Ltd,64830,Baby Products,599,https://images2.productserve.com/?w=200&h=200&bg=white&trim=5&t=letterbox&url=ssl%3Acdn.shopify.com%2Fs%2Ffiles%2F1%2F0690%2F1977%2Ffiles%2Fmaxi-cosi-pearl-360-pro-car-seat-authentic-green-flat-3.jpg%3Fv%3D1699496314&feedId=89138&k=6f0697530ac2d625bb00288f5b0c63ad0be678f5,GBP,,,https://natural-baby-2.myshopify.com/products/maxi-cosi-pearl-360-pro-car-seat-authentic-green?variant=40285145890894,,,GBP519.90,89138,Maxi-Cosi,1,https://cdn.shopify.com/s/files/1/0690/1977/files/maxi-cosi-pro-lifestyle-11_0b8a2194-45ee-4dd7-8c9c-977b5a9c94db.jpg?v=1699496316,https://cdn.shopify.com/s/files/1/0690/1977/files/maxi-cosi-pro-lifestyle-14_e775c0da-0c80-4cc8-a0a4-d4a285a5b551.jpg?v=1699496317,,,https://cdn.shopify.com/s/files/1/0690/1977/files/maxi-cosi-pro-lifestyle-17_823fb41f-3c98-411a-8198-3d71478ab28e.jpg?v=1699496319,Car Seats
https://www.awin1.com/pclick.php?p=37012734561&a=2771700&m=64830,Ergobaby Aura Wrap Carrier - Cream,37012734561,48529-08421,https://cdn.shopify.com/s/files/1/0690/1977/files/ergobaby-aura-baby-wrap-cream-flat-2.jpg?v=1778627613,"A classic, soft and cosy newborn-ready wrap designed for fourth-trimester bonding. Perfect for keeping little one close throughout the tender newborn phase.",Baby Carriers,59.95,Natural Baby Shower Ltd,64830,Children's Accessories,539,https://images2.productserve.com/?w=200&h=200&bg=white&trim=5&t=letterbox&url=ssl%3Acdn.shopify.com%2Fs%2Ffiles%2F1%2F0690%2F1977%2Ffiles%2Fergobaby-aura-baby-wrap-cream-flat-2.jpg%3Fv%3D1778627613&feedId=89138&k=ada5eb1c26aaff30a3f66d10ba30654478d84b97,GBP,,,https://natural-baby-2.myshopify.com/products/ergobaby-aura-baby-wrap-cream?variant=40501723660366,,,GBP59.95,89138,Ergobaby,1,https://cdn.shopify.com/s/files/1/0690/1977/files/ergobaby-aura-baby-wrap-cream-lifestyle-3.jpg?v=1778627620,https://cdn.shopify.com/s/files/1/0690/1977/files/ergobaby-aura-baby-wrap-cream-flat-3.jpg?v=1778627615,,,https://cdn.shopify.com/s/files/1/0690/1977/files/ergobaby-aura-baby-wrap-cream-flat-4.jpg?v=1778627616,Baby Carrier & Sling
https://www.awin1.com/pclick.php?p=41465665518&a=2771700&m=64830,Studio Noos Ecru Teddy Stroller Organizer - Ecru - 25 x 16 x 8,41465665518,50649-58053,https://cdn.shopify.com/s/files/1/0690/1977/files/studio-noos-ecru-teddy-stroller-organiser-ecru-flat-5.jpg?v=1747815723,"The Studio Noos Teddy Stroller Organizer is your go-to companion for everyday outings with your little one. With a beautifully plush teddy finish and thoughtfully designed compartments, it keeps nappies, wipes, snacks, and even a bottle neatly in place, so you’re always ready, wherever the day takes you. Complete with a water-repellent lining, secure zip closure, and free matching stroller straps, this organiser brings together comfort, style, and convenience in one clever little essential.","Handbags, Wallets & Cases",35.96,Natural Baby Shower Ltd,64830,Bags,595,https://images2.productserve.com/?w=200&h=200&bg=white&trim=5&t=letterbox&url=ssl%3Acdn.shopify.com%2Fs%2Ffiles%2F1%2F0690%2F1977%2Ffiles%2Fstudio-noos-ecru-teddy-stroller-organiser-ecru-flat-5.jpg%3Fv%3D1747815723&feedId=89138&k=f69d94a1274b191949630396bf99bce971f7fd15,GBP,,,https://natural-baby-2.myshopify.com/products/studio-noos-ecru-teddy-stroller-organizer-ecru?variant=55439180431739,,,GBP35.96,89138,Studio Noos,1,https://cdn.shopify.com/s/files/1/0690/1977/files/studio-noos-ecru-teddy-stroller-organiser-ecru-lifestyle.jpg?v=1747815723,https://cdn.shopify.com/s/files/1/0690/1977/files/studio-noos-ecru-teddy-stroller-organiser-ecru-flat-4.jpg?v=1747815723,,,https://cdn.shopify.com/s/files/1/0690/1977/files/studio-noos-ecru-teddy-stroller-organiser-ecru-flat.jpg?v=1747815723,Pushchair Organiser
https://www.awin1.com/pclick.php?p=45482612886&a=2771700&m=64830,UPPAbaby RIDGE V2 Pushchair - James - With Carrycot and Adapters,45482612886,52619-19762-WC-WA,https://cdn.shopify.com/s/files/1/0690/1977/files/uppbabay-ridge-v2-james-bassinet-flat.jpg?v=1785922723,"Built for families who love to get out and go, the UPPAbaby RIDGE V2 is a true all-terrain pushchair designed to make every journey feel smooth, supported and effortlessly comfortable. From everyday strolls to weekend adventures, its patented suspension system and never-flat tyres ensure a beautifully steady ride across pavements, park paths and more rugged ground. Wherever life takes you, RIDGE V2 is ready to follow. Thoughtfully designed for both parent and child, it features a supportive deep seat with lumbar cushioning, adjustable ventilation, and a UPF 50+ canopy to keep little ones comfortable in every season. With clever storage throughout, including a generous under-seat basket and handy pockets, everything you need stays close to hand. Practicality is at its heart too. The one-hand fold makes packing up simple, while the responsive disc brake and swivel-lock front wheel give you complete confidence and control on every terrain. From birth to toddlerhood, RIDGE V2 grows with your family. Use it with a UPPAbaby Bassinet or compatible infant car seat from day one, then adapt it as your child grows - even accommodating a second rider with the PiggyBack® Board. Whether you're navigating busy streets or exploring off the beaten track, the RIDGE V2 is designed to keep up with every step of your journey together.",Baby Strollers,979.89,Natural Baby Shower Ltd,64830,Baby Products,599,https://images2.productserve.com/?w=200&h=200&bg=white&trim=5&t=letterbox&url=ssl%3Acdn.shopify.com%2Fs%2Ffiles%2F1%2F0690%2F1977%2Ffiles%2Fuppbabay-ridge-v2-james-bassinet-flat.jpg%3Fv%3D1785922723&feedId=89138&k=470eba72d58479d0951f414fe4713678ffce589a,GBP,,,https://natural-baby-2.myshopify.com/products/uppababy-ridge-v2-pushchair-james?variant=56366298464635,,,GBP979.89,89138,Uppababy,1,https://cdn.shopify.com/s/files/1/0690/1977/files/uppbabay-ridge-v2-james-bassinet-flat.jpg?v=1785922723,,,,,Pram & Pushchair
https://www.awin1.com/pclick.php?p=36496692287&a=2771700&m=64830,BIBS Slow Flow Baby Glass Bottle Complete Set - Ivory - 110ml,36496692287,46088-20885,https://cdn.shopify.com/s/files/1/0690/1977/products/bibs-baby-glass-bottle-ivory-latex-flat.jpg?v=1699458505,"The BIBS Baby Glass Bottle Complete Set in Ivory is the perfect baby bottle for parents who want the best for their little one. Made of borosilicate glass, which is temperature- and thermal shock-resistant, this durable baby bottle is designed with the needs of your child in mind. From the easy-to-grip ergonomic design to the nipple that simulates the breast, this bottle provides a natural feeding experience for both baby and parent. Complete with a caps and a base, this bottle is perfect for on-the-go parents who want to have everything they need in one convenient place.",Baby Bottles,14.95,Natural Baby Shower Ltd,64830,Baby Products,599,https://images2.productserve.com/?w=200&h=200&bg=white&trim=5&t=letterbox&url=ssl%3Acdn.shopify.com%2Fs%2Ffiles%2F1%2F0690%2F1977%2Fproducts%2Fbibs-baby-glass-bottle-ivory-latex-flat.jpg%3Fv%3D1699458505&feedId=89138&k=a8a36b840d12ffce477b40561f3336dceb208996,GBP,,,https://natural-baby-2.myshopify.com/products/bibs-baby-glass-bottle-complete-set-ivory-latex?variant=40100136681550,,,GBP14.95,89138,BIBS World,1,https://cdn.shopify.com/s/files/1/0690/1977/products/bibs-baby-glass-bottle-lifestyle-2_357ba2a4-a1d8-4af8-ad12-c53dd5b3e1b4.jpg?v=1699458506,https://cdn.shopify.com/s/files/1/0690/1977/products/bibs-baby-glass-bottle-lifestyle-3_be935135-cc00-46ed-b1b6-3ce806477f2a.jpg?v=1699458508,,,https://cdn.shopify.com/s/files/1/0690/1977/products/bibs-baby-glass-bottle-ivory-latex-flat-2.jpg?v=1699458509,Bottles
https://www.awin1.com/pclick.php?p=45457753551&a=2771700&m=64830,Nanit Pro Complete Monitor System With Breathing Motion - White - White,45457753551,48459-51184,https://cdn.shopify.com/s/files/1/0690/1977/files/nanit-pro-complete-monitor-system-breathing-motion-white-flat.jpg?v=1701846702,"The Nanit Pro Complete Monitoring System with Breathing Motion has everything needed for a complete peace of mind: track sleep and breathing motion sensor-free and as they grow. See and hear your baby with stunning clarity and never miss a thing with auto-saved memories. This product includes: Nanit Pro camera and wall mount: The super-powered HD camera that tracks sound and motion down to the pixel level. 1 small breathing wear swaddle and large breathing band: The perfect way to start monitoring your baby's breathing motion without any sensors touching them. 1 Nanit multi-stand: Take your Nanit to grandma’s or for travel. Just pop the camera off the wall mount, and pop it on the multi-stand. Get your baby's sleep stats each morning, plus a time lapse highlight reel so you can re-watch their entire night in seconds. Get personalised, science-backed sleep guidance from the world’s leading paediatric sleep experts, right in your app. With breathing wear, your Nanit can ""see"" your baby's chest as they breathe. Get real-time alerts if they need you, and feel more confident leaving them in the cot for the night. Your Nanit camera captures your baby’s finest moments automatically right in your app. Celebrate fun moments and growth milestones every step of the way and share with loved ones.",Baby Monitors,339.95,Natural Baby Shower Ltd,64830,Gadgets,177,https://images2.productserve.com/?w=200&h=200&bg=white&trim=5&t=letterbox&url=ssl%3Acdn.shopify.com%2Fs%2Ffiles%2F1%2F0690%2F1977%2Ffiles%2Fnanit-pro-complete-monitor-system-breathing-motion-white-flat.jpg%3Fv%3D1701846702&feedId=89138&k=d00cd2a9dff1872bb7604cbc1b95cc501282e766,GBP,,,https://natural-baby-2.myshopify.com/products/nanit-pro-complete-monitor-system-with-breathing-motion-white?variant=40441700417614,,,GBP339.95,89138,Nanit,1,https://cdn.shopify.com/s/files/1/0690/1977/files/nanit-pro-complete-monitor-system-breathing-motion-white-lifestyle-3.jpg?v=1701846706,https://cdn.shopify.com/s/files/1/0690/1977/files/nanit-pro-complete-monitor-system-breathing-motion-white-lifestyle.jpg?v=1701846709,,,https://cdn.shopify.com/s/files/1/0690/1977/files/nanit-pro-complete-monitor-system-breathing-motion-white-lifestyle-2.jpg?v=1701846713,Baby Monitor
https://www.awin1.com/pclick.php?p=37679426858&a=2771700&m=64830,MiniMeis G5 Shoulder Carrier - Black Premium,37679426858,48981-00527,https://cdn.shopify.com/s/files/1/0690/1977/files/minimeis-g5-shoulder-carrier-black-premium-flat-6.jpg?v=1713343914,"Give your little one the ultimate front-row seat to life with the MiniMeis G5 Shoulder Carrier. Perfect from 6 months to 4 years old (up to 18kg), this award-winning carrier lifts kids up for the best view while keeping them safe and comfortable. Lightweight, foldable, and crafted from recycled ocean bottles, it’s a stylish and eco-friendly solution for families on the move. The G5’s ergonomic design evenly distributes weight, while padded seats, leg straps, and an optional shoulder strap ensure happy kids and relaxed parents. Pair it with the HERO Backpack (sold separately) for an effortless, hands-free adventure anywhere.",Baby Carriers,199,Natural Baby Shower Ltd,64830,Children's Accessories,539,https://images2.productserve.com/?w=200&h=200&bg=white&trim=5&t=letterbox&url=ssl%3Acdn.shopify.com%2Fs%2Ffiles%2F1%2F0690%2F1977%2Ffiles%2Fminimeis-g5-shoulder-carrier-black-premium-flat-6.jpg%3Fv%3D1713343914&feedId=89138&k=dafad414de6e3b288ba8dc1336dcc4b3e4e9eb2a,GBP,,,https://natural-baby-2.myshopify.com/products/minimeis-g5-shoulder-carrier-black-premium?variant=41073469718606,,,GBP199.00,89138,MiniMeis,1,https://cdn.shopify.com/s/files/1/0690/1977/files/minimeis-g5-shoulder-carrier-black-premium-lifestyle.jpg?v=1713343914,https://cdn.shopify.com/s/files/1/0690/1977/files/minimeis-g5-shoulder-carrier-black-premium-lifestyle-5.jpg?v=1713343914,,,https://cdn.shopify.com/s/files/1/0690/1977/files/minimeis-g5-shoulder-carrier-black-premium-lifestyle-4.jpg?v=1713343914,Baby Carrier & Sling
https://www.awin1.com/pclick.php?p=37861473950&a=2771700&m=64830,ergoPouch Organic All Year Jersey Baby Sleeping Bag - 1 Tog - Dragonfly,37861473950,49114-22795,https://cdn.shopify.com/s/files/1/0690/1977/files/ergopouch-organic-all-year-jersey-sleeping-bag-1-tog-dragonflys-flat.jpg?v=1727785468,"The ergoPouch Organic All Year Jersey Sleeping Bag in Dragonfly is designed for a little one who prefers a slim fit feel through the body with plenty of room for the legs. We suggest to use the Jersey Bag as the next transition from the ErgoCocoon, ensuring your little one is sleeping arms out (not swaddled), age 8-24 months.",Baby & Children's Sleepwear,31.41,Natural Baby Shower Ltd,64830,,,https://images2.productserve.com/?w=200&h=200&bg=white&trim=5&t=letterbox&url=ssl%3Acdn.shopify.com%2Fs%2Ffiles%2F1%2F0690%2F1977%2Ffiles%2Fergopouch-organic-all-year-jersey-sleeping-bag-1-tog-dragonflys-flat.jpg%3Fv%3D1727785468&feedId=89138&k=77163ffa53217837cba1f54e041e50fe588f9030,GBP,,,https://natural-baby-2.myshopify.com/products/ergopouch-organic-all-year-jersey-sleeping-bag-1-tog-dragonfly?variant=41341670457422,,,GBP31.41,89138,ergoPouch,1,https://cdn.shopify.com/s/files/1/0690/1977/files/ergopouch-jersey-bag-1-0-tog-sage-lifestyle-3.jpg?v=1778219703,https://cdn.shopify.com/s/files/1/0690/1977/files/ergopouch-jersey-bag-1-0-tog-sage-lifestyle.jpg?v=1778219704,,,https://cdn.shopify.com/s/files/1/0690/1977/files/ergopouch-organic-all-year-jersey-sleeping-bag-1-tog-dragonflys-lifestyle.jpg?v=1727785473,Baby Sleeping Bags
https://www.awin1.com/pclick.php?p=45463870667&a=2771700&m=64830,Little Dutch Activity Soft Toy - Forest Friends - Fox - Forest Friends / Fox,45463870667,49139-89187,https://cdn.shopify.com/s/files/1/0690/1977/files/little-dutch-activity-soft-toy-forest-friends-fox-flat.jpg?v=1728569219,"The Little Dutch Activity Soft Toy Forest Friends Fox has so much more to offer than just cuddles. The crinkly beetle, delightful rattling sound, labels, acorn and mushroom to touch and feel and mirror are just a few of the charming details that will ignite your little one’s curiosity. And after all that fun, this charming fox will inspire the sweetest dreams of an enchanted forest where Forest Friends have a blast together!",Baby Activity Toys,17.56,Natural Baby Shower Ltd,64830,Toys,187,https://images2.productserve.com/?w=200&h=200&bg=white&trim=5&t=letterbox&url=ssl%3Acdn.shopify.com%2Fs%2Ffiles%2F1%2F0690%2F1977%2Ffiles%2Flittle-dutch-activity-soft-toy-forest-friends-fox-flat.jpg%3Fv%3D1728569219&feedId=89138&k=2ab678147726974557a236328d674bf2420a72c1,GBP,,,https://natural-baby-2.myshopify.com/products/little-dutch-activity-soft-toy-forest-friends-fox?variant=41488831545422,,,GBP17.56,89138,Little Dutch,1,https://cdn.shopify.com/s/files/1/0690/1977/files/little-dutch-activity-soft-toy-forest-friends-fox-lifestyle-2.jpg?v=1728569223,https://cdn.shopify.com/s/files/1/0690/1977/files/little-dutch-activity-soft-toy-forest-friends-fox-lifestyle.jpg?v=1728569228,,,https://cdn.shopify.com/s/files/1/0690/1977/files/little-dutch-activity-soft-toy-forest-friends-fox-flat-2.jpg?v=1728569231,First Toys
https://www.awin1.com/pclick.php?p=38877714323&a=2771700&m=64830,Britax Römer Kidfix Pro i-Size Car Seat - Warm Caramel - Lux,38877714323,49683-39491,https://cdn.shopify.com/s/files/1/0690/1977/files/britax-romer-kidfix-pro-warm-caramel-lux-flat-2.jpg?v=1727796089,"The Britax Römer Kidfix Pro i-Size is a safe, cosy haven for your growing child. Designed for ages 3.5 to 12 years (100–150 cm), this high back booster combines thoughtful ergonomics with advanced safety features, including SICT, XP-Pad, and SecureGuard*, giving your little one protection from every angle. Its slim yet spacious design ensures a comfortable fit in almost any car, while adjustable headrest and soft padding grow with your child. With i-Size approval and German-engineered quality, the KIDFIX PRO turns every journey into a safe and enjoyable adventure.",Baby & Toddler Car Seats,199,Natural Baby Shower Ltd,64830,Baby Products,599,https://images2.productserve.com/?w=200&h=200&bg=white&trim=5&t=letterbox&url=ssl%3Acdn.shopify.com%2Fs%2Ffiles%2F1%2F0690%2F1977%2Ffiles%2Fbritax-romer-kidfix-pro-warm-caramel-lux-flat-2.jpg%3Fv%3D1727796089&feedId=89138&k=c15de054cf9b48b94c4558182f5a139f1781023a,GBP,,,https://natural-baby-2.myshopify.com/products/britax-romer-kidfix-pro-car-seat-warm-caramel-lux?variant=41780708802638,,,GBP199.00,89138,Britax Römer,1,https://cdn.shopify.com/s/files/1/0690/1977/files/britax-romer-kidfix-pro-lifestyle_9b1b01e2-1680-4070-9f28-b3faba3a91cf.jpg?v=1753867154,https://cdn.shopify.com/s/files/1/0690/1977/files/britax-romer-adac-kidfix-pro.jpg?v=1776464030,,,https://cdn.shopify.com/s/files/1/0690/1977/files/britax-romer-kidfix-pro-warm-caramel-lux-flat.jpg?v=1761219367,Car Seats
https://www.awin1.com/pclick.php?p=36496683770&a=2771700&m=64830,MORI Baby Mittens - Blue Stripe,36496683770,42275-BLS,https://cdn.shopify.com/s/files/1/0690/1977/products/mori-baby-mittens-blue-stripe.jpg?v=1699390364,"The MORI Baby Mittens in Blue Stripe will keep your little one nice and warm, made from MORI's signature organic cotton + bamboo fabric to help keep little ones cosy on chilly days.",Baby & Children's Gloves & Mittens,7.5,Natural Baby Shower Ltd,64830,,,https://images2.productserve.com/?w=200&h=200&bg=white&trim=5&t=letterbox&url=ssl%3Acdn.shopify.com%2Fs%2Ffiles%2F1%2F0690%2F1977%2Fproducts%2Fmori-baby-mittens-blue-stripe.jpg%3Fv%3D1699390364&feedId=89138&k=071ba18795236d00cc0f491822af29801d873254,GBP,,,https://natural-baby-2.myshopify.com/products/mori-baby-mittens-blue-stripe?variant=32488468119630,,,GBP7.50,89138,MORI,1,https://cdn.shopify.com/s/files/1/0690/1977/products/mori-baby-mittens-blue-stripe_7d07b285-eb26-4660-b629-cf427074f6e1.jpg?v=1699390365,,,,,Mittens
https://www.awin1.com/pclick.php?p=36496683772&a=2771700&m=64830,MORI Baby Mittens - Blush Stripe,36496683772,42275-BSS,https://cdn.shopify.com/s/files/1/0690/1977/products/mori-baby-mittens-blush-stripe.jpg?v=1699390367,"The MORI Baby Mittens in Blush Stripe will keep your little one nice and warm, made from MORI's signature organic cotton + bamboo fabric to help keep little ones cosy on chilly days.",Baby & Children's Gloves & Mittens,7.5,Natural Baby Shower Ltd,64830,,,https://images2.productserve.com/?w=200&h=200&bg=white&trim=5&t=letterbox&url=ssl%3Acdn.shopify.com%2Fs%2Ffiles%2F1%2F0690%2F1977%2Fproducts%2Fmori-baby-mittens-blush-stripe.jpg%3Fv%3D1699390367&feedId=89138&k=6efaae27b9addbab237ceb1b9a95e5e8714156b1,GBP,,,https://natural-baby-2.myshopify.com/products/mori-baby-mittens-blush-stripe?variant=32488468152398,,,GBP7.50,89138,MORI,1,https://cdn.shopify.com/s/files/1/0690/1977/products/mori-baby-mittens-blush-stripe_29ae7fe5-e6e8-48ee-a71d-2e690c7ff48f.jpg?v=1699390368,,,,,Mittens
https://www.awin1.com/pclick.php?p=36496692095&a=2771700&m=64830,MORI Baby Mittens - Grey,36496692095,42275-GRY,https://cdn.shopify.com/s/files/1/0690/1977/products/mori-baby-mittens-grey.jpg?v=1699390384,"The MORI Baby Mittens in Grey will keep your little one nice and warm, made from MORI's signature organic cotton + bamboo fabric to help keep little ones cosy on chilly days.",Baby & Children's Gloves & Mittens,6.75,Natural Baby Shower Ltd,64830,,,https://images2.productserve.com/?w=200&h=200&bg=white&trim=5&t=letterbox&url=ssl%3Acdn.shopify.com%2Fs%2Ffiles%2F1%2F0690%2F1977%2Fproducts%2Fmori-baby-mittens-grey.jpg%3Fv%3D1699390384&feedId=89138&k=67715b42d42a2503ad937e1618f3dc5b60289c78,GBP,,,https://natural-baby-2.myshopify.com/products/mori-baby-mittens-grey?variant=32488469037134,,,GBP6.75,89138,MORI,1,https://cdn.shopify.com/s/files/1/0690/1977/products/mori-baby-mittens-grey_042721c2-00dc-4f7f-8dc0-e85c575ffc67.jpg?v=1699390385,,,,,Mittens
https://www.awin1.com/pclick.php?p=44323814763&a=2771700&m=64830,CYBEX e-PRIAM Single Pushchair - Style - Coconut Brown / Chrome Brown / Without Carrycot,44323814763,52136-90148-CB-CB-NC,https://cdn.shopify.com/s/files/1/0690/1977/files/cybex-e-priam-sepia-black-rose-gold-flat.jpg?v=1774394766,"Effortless strolls, elevated style, and a little extra help when you need it most. The CYBEX e-Priam Style Single Pushchair blends smart technology with luxurious design to make everyday parenting feel that little bit easier. With its innovative e-powered support, this beautifully crafted pushchair helps you glide up hills, navigate uneven terrain, and enjoy smoother journeys wherever you go - from cobbled streets to countryside paths. When it’s time to pause, the gentle automatic rocking function can soothe your baby to sleep, giving you a moment to breathe. Part of the Platinum Style collection, it’s finished with thoughtful details like vegan leather trims and refined stitching, creating a look that feels as premium as it performs. Travel system ready from day one, the e-Priam grows with your child - offering comfort, flexibility, and effortless elegance at every stage.",Baby Strollers,1329.9,Natural Baby Shower Ltd,64830,Baby Products,599,https://images2.productserve.com/?w=200&h=200&bg=white&trim=5&t=letterbox&url=ssl%3Acdn.shopify.com%2Fs%2Ffiles%2F1%2F0690%2F1977%2Ffiles%2Fcybex-e-priam-sepia-black-rose-gold-flat.jpg%3Fv%3D1774394766&feedId=89138&k=9b82f793b8ec0df9630ba8151e861fd9d2634657,GBP,,,https://natural-baby-2.myshopify.com/products/cybex-e-priam-pushchair?variant=56166348915067,,,GBP1329.90,89138,Cybex,1,https://cdn.shopify.com/s/files/1/0690/1977/files/cybex-e-priam-carrycot-fold-flat.jpg?v=1782442059,https://cdn.shopify.com/s/files/1/0690/1977/files/cybex-e-priam-cozy-beige-chrome-brown-flat.jpg?v=1774394767,,,https://cdn.shopify.com/s/files/1/0690/1977/files/cybex-e-priam-cozy-beige-chrome-brown-flat-4.jpg?v=1774342989,Pram & Pushchair
https://www.awin1.com/pclick.php?p=44323814764&a=2771700&m=64830,CYBEX e-PRIAM Single Pushchair - Style - Coconut Brown / Chrome Brown / With Carrycot,44323814764,52136-90148-CB-CB-CC,https://cdn.shopify.com/s/files/1/0690/1977/files/cybex-e-priam-sepia-black-rose-gold-flat.jpg?v=1774394766,"Effortless strolls, elevated style, and a little extra help when you need it most. The CYBEX e-Priam Style Single Pushchair blends smart technology with luxurious design to make everyday parenting feel that little bit easier. With its innovative e-powered support, this beautifully crafted pushchair helps you glide up hills, navigate uneven terrain, and enjoy smoother journeys wherever you go - from cobbled streets to countryside paths. When it’s time to pause, the gentle automatic rocking function can soothe your baby to sleep, giving you a moment to breathe. Part of the Platinum Style collection, it’s finished with thoughtful details like vegan leather trims and refined stitching, creating a look that feels as premium as it performs. Travel system ready from day one, the e-Priam grows with your child - offering comfort, flexibility, and effortless elegance at every stage.",Baby Strollers,1739.85,Natural Baby Shower Ltd,64830,Baby Products,599,https://images2.productserve.com/?w=200&h=200&bg=white&trim=5&t=letterbox&url=ssl%3Acdn.shopify.com%2Fs%2Ffiles%2F1%2F0690%2F1977%2Ffiles%2Fcybex-e-priam-sepia-black-rose-gold-flat.jpg%3Fv%3D1774394766&feedId=89138&k=9b82f793b8ec0df9630ba8151e861fd9d2634657,GBP,,,https://natural-baby-2.myshopify.com/products/cybex-e-priam-pushchair?variant=56166348947835,,,GBP1739.85,89138,Cybex,1,https://cdn.shopify.com/s/files/1/0690/1977/files/cybex-e-priam-carrycot-fold-flat.jpg?v=1782442059,https://cdn.shopify.com/s/files/1/0690/1977/files/cybex-e-priam-cozy-beige-chrome-brown-flat.jpg?v=1774394767,,,https://cdn.shopify.com/s/files/1/0690/1977/files/cybex-e-priam-cozy-beige-chrome-brown-flat-4.jpg?v=1774342989,Pram & Pushchair
https://www.awin1.com/pclick.php?p=44323814767&a=2771700&m=64830,CYBEX e-PRIAM Single Pushchair - Style - Coconut Brown / Rose Gold / Without Carrycot,44323814767,52136-90148-CB-RG-NC,https://cdn.shopify.com/s/files/1/0690/1977/files/cybex-e-priam-sepia-black-rose-gold-flat.jpg?v=1774394766,"Effortless strolls, elevated style, and a little extra help when you need it most. The CYBEX e-Priam Style Single Pushchair blends smart technology with luxurious design to make everyday parenting feel that little bit easier. With its innovative e-powered support, this beautifully crafted pushchair helps you glide up hills, navigate uneven terrain, and enjoy smoother journeys wherever you go - from cobbled streets to countryside paths. When it’s time to pause, the gentle automatic rocking function can soothe your baby to sleep, giving you a moment to breathe. Part of the Platinum Style collection, it’s finished with thoughtful details like vegan leather trims and refined stitching, creating a look that feels as premium as it performs. Travel system ready from day one, the e-Priam grows with your child - offering comfort, flexibility, and effortless elegance at every stage.",Baby Strollers,1379.9,Natural Baby Shower Ltd,64830,Baby Products,599,https://images2.productserve.com/?w=200&h=200&bg=white&trim=5&t=letterbox&url=ssl%3Acdn.shopify.com%2Fs%2Ffiles%2F1%2F0690%2F1977%2Ffiles%2Fcybex-e-priam-sepia-black-rose-gold-flat.jpg%3Fv%3D1774394766&feedId=89138&k=9b82f793b8ec0df9630ba8151e861fd9d2634657,GBP,,,https://natural-baby-2.myshopify.com/products/cybex-e-priam-pushchair?variant=56166349046139,,,GBP1379.90,89138,Cybex,1,https://cdn.shopify.com/s/files/1/0690/1977/files/cybex-e-priam-carrycot-fold-flat.jpg?v=1782442059,https://cdn.shopify.com/s/files/1/0690/1977/files/cybex-e-priam-cozy-beige-chrome-brown-flat.jpg?v=1774394767,,,https://cdn.shopify.com/s/files/1/0690/1977/files/cybex-e-priam-cozy-beige-chrome-brown-flat-4.jpg?v=1774342989,Pram & Pushchair
https://www.awin1.com/pclick.php?p=44323814768&a=2771700&m=64830,CYBEX e-PRIAM Single Pushchair - Style - Coconut Brown / Rose Gold / With Carrycot,44323814768,52136-90148-CB-RG-CC,https://cdn.shopify.com/s/files/1/0690/1977/files/cybex-e-priam-sepia-black-rose-gold-flat.jpg?v=1774394766,"Effortless strolls, elevated style, and a little extra help when you need it most. The CYBEX e-Priam Style Single Pushchair blends smart technology with luxurious design to make everyday parenting feel that little bit easier. With its innovative e-powered support, this beautifully crafted pushchair helps you glide up hills, navigate uneven terrain, and enjoy smoother journeys wherever you go - from cobbled streets to countryside paths. When it’s time to pause, the gentle automatic rocking function can soothe your baby to sleep, giving you a moment to breathe. Part of the Platinum Style collection, it’s finished with thoughtful details like vegan leather trims and refined stitching, creating a look that feels as premium as it performs. Travel system ready from day one, the e-Priam grows with your child - offering comfort, flexibility, and effortless elegance at every stage.",Baby Strollers,1789.85,Natural Baby Shower Ltd,64830,Baby Products,599,https://images2.productserve.com/?w=200&h=200&bg=white&trim=5&t=letterbox&url=ssl%3Acdn.shopify.com%2Fs%2Ffiles%2F1%2F0690%2F1977%2Ffiles%2Fcybex-e-priam-sepia-black-rose-gold-flat.jpg%3Fv%3D1774394766&feedId=89138&k=9b82f793b8ec0df9630ba8151e861fd9d2634657,GBP,,,https://natural-baby-2.myshopify.com/products/cybex-e-priam-pushchair?variant=56166349078907,,,GBP1789.85,89138,Cybex,1,https://cdn.shopify.com/s/files/1/0690/1977/files/cybex-e-priam-carrycot-fold-flat.jpg?v=1782442059,https://cdn.shopify.com/s/files/1/0690/1977/files/cybex-e-priam-cozy-beige-chrome-brown-flat.jpg?v=1774394767,,,https://cdn.shopify.com/s/files/1/0690/1977/files/cybex-e-priam-cozy-beige-chrome-brown-flat-4.jpg?v=1774342989,Pram & Pushchair
https://www.awin1.com/pclick.php?p=43837047208&a=2771700&m=64830,Done by Deer Silicone Bib - Playground Green - 0+,43837047208,51800-62820,https://cdn.shopify.com/s/files/1/0690/1977/files/done-by-deer-silicone-bib-playground-green-flat.jpg?v=1769735412,"Mealtime just got a little easier with the Done by Deer Silicone Bib. Crafted from soft, food-grade silicone, this bib features a clever pocket that stays open to catch dribbles and crumbs, keeping your little one and the floor tidy. Adjustable double closures ensure a secure, comfortable fit, while the easy-to-clean silicone makes it simple to wipe down or pop in the dishwasher. Safe from newborns onwards, it’s durable, gentle on the skin, and perfect for everyday family mealtimes.",Bibs,9.95,Natural Baby Shower Ltd,64830,Children's Accessories,539,https://images2.productserve.com/?w=200&h=200&bg=white&trim=5&t=letterbox&url=ssl%3Acdn.shopify.com%2Fs%2Ffiles%2F1%2F0690%2F1977%2Ffiles%2Fdone-by-deer-silicone-bib-playground-green-flat.jpg%3Fv%3D1769735412&feedId=89138&k=05bb5f8078c73d13dfdffa05339907b7a093b300,GBP,,,https://natural-baby-2.myshopify.com/products/done-by-deer-silicone-bib-playground-green?variant=56001721762171,,,GBP9.95,89138,Done by Deer,1,https://cdn.shopify.com/s/files/1/0690/1977/files/done-by-deer-silicone-bib-playground-green-lifestyle.jpg?v=1769735414,https://cdn.shopify.com/s/files/1/0690/1977/files/done-by-deer-silicone-bib-playground-green-lifestyle-2.jpg?v=1769735415,,,https://cdn.shopify.com/s/files/1/0690/1977/files/done-by-deer-silicone-bib-playground-green-lifestyle-3.jpg?v=1769735415,Bibs
https://www.awin1.com/pclick.php?p=42215956066&a=2771700&m=64830,Love to Dream Baby Sleep Bag (2.5 Tog) - Pebbles Rose,42215956066,51187-12168,https://cdn.shopify.com/s/files/1/0690/1977/files/love-to-dream-sleeping-bag-rose-flat.jpg?v=1755917419,"The Love to Dream™ Sleep Bag (2.5 TOG) is a safer, cosier alternative to loose blankets, helping your little one drift off in warmth and comfort. Perfect for cooler nights, this wearable blanket is thoughtfully designed with soft organic cotton, a built-in quilted layer for extra warmth, and roomy sizing for natural movement. With twin zippers for fuss-free changes and sleeves to keep little arms snug, it’s a sleep essential that keeps baby cosy and parents reassured.",Baby & Children's Sleepwear,42.99,Natural Baby Shower Ltd,64830,,,https://images2.productserve.com/?w=200&h=200&bg=white&trim=5&t=letterbox&url=ssl%3Acdn.shopify.com%2Fs%2Ffiles%2F1%2F0690%2F1977%2Ffiles%2Flove-to-dream-sleeping-bag-rose-flat.jpg%3Fv%3D1755917419&feedId=89138&k=2aff6067ba036e8aed6c7edc01a2d1e17fb33f9c,GBP,,,https://natural-baby-2.myshopify.com/products/love-to-dream-sleep-bag-2-5-tog-pebbles-rose?variant=55688485208443,,,GBP42.99,89138,Love to Dream,1,https://cdn.shopify.com/s/files/1/0690/1977/files/love-to-dream-sleeping-bag-dark-blue-lifestyle-4.jpg?v=1755917410,https://cdn.shopify.com/s/files/1/0690/1977/files/love-to-dream-sleeping-bag-rose-lifestyle-3.jpg?v=1755917420,,,https://cdn.shopify.com/s/files/1/0690/1977/files/love-to-dream-sleep-suit-2.5-tog-moonlight-white-lifestyle-4.jpg?v=1755861578,Baby Sleeping Bags
https://www.awin1.com/pclick.php?p=41859624214&a=2771700&m=64830,Joie Signature i-Level Pro Infant Carrier - Maple - No Base,41859624214,50107-20237,https://cdn.shopify.com/s/files/1/0690/1977/files/joie-signature-i-level_pro-infant-carrier-maple-flat_81c54332-4e9a-472d-9c55-76a176ff8913.jpg?v=1749599253,"The Joie Signature i-Level Pro Infant Carrier is a dream come true for newborns and growing babies up to around 15 months. With a super comfy near-flat recline, adjustable headrest and flexible installation options, it’s designed to make every trip calm and safe for your little one, and simple for you.",Baby & Toddler Car Seats,150,Natural Baby Shower Ltd,64830,Baby Products,599,https://images2.productserve.com/?w=200&h=200&bg=white&trim=5&t=letterbox&url=ssl%3Acdn.shopify.com%2Fs%2Ffiles%2F1%2F0690%2F1977%2Ffiles%2Fjoie-signature-i-level_pro-infant-carrier-maple-flat_81c54332-4e9a-472d-9c55-76a176ff8913.jpg%3Fv%3D1749599253&feedId=89138&k=dbe9e7b18f32310d43e7e97388d87330d8a35259,GBP,,,https://natural-baby-2.myshopify.com/products/joie-signature-i-level-pro-infant-carrier-maple?variant=54871253221755,,,GBP150.00,89138,Joie,1,https://cdn.shopify.com/s/files/1/0690/1977/files/joie-signature-i-level_pro-infant-carrier-maple-lifestyle.jpg?v=1749551651,https://cdn.shopify.com/s/files/1/0690/1977/files/joie-signature-i-level_pro-infant-carrier-maple-lifestyle-2.jpg?v=1749551651,,,https://cdn.shopify.com/s/files/1/0690/1977/files/joie-signature-i-level_pro-infant-carrier-maple-lifestyle-3.jpg?v=1749551651,Car Seats
https://www.awin1.com/pclick.php?p=41859624215&a=2771700&m=64830,Joie Signature i-Level Pro Infant Carrier - Maple - With Base,41859624215,50107-20237-WB,https://cdn.shopify.com/s/files/1/0690/1977/files/joie-signature-i-level_pro-infant-carrier-maple-flat_81c54332-4e9a-472d-9c55-76a176ff8913.jpg?v=1749599253,"The Joie Signature i-Level Pro Infant Carrier is a dream come true for newborns and growing babies up to around 15 months. With a super comfy near-flat recline, adjustable headrest and flexible installation options, it’s designed to make every trip calm and safe for your little one, and simple for you.",Baby & Toddler Car Seats,340,Natural Baby Shower Ltd,64830,Baby Products,599,https://images2.productserve.com/?w=200&h=200&bg=white&trim=5&t=letterbox&url=ssl%3Acdn.shopify.com%2Fs%2Ffiles%2F1%2F0690%2F1977%2Ffiles%2Fjoie-signature-i-level_pro-infant-carrier-maple-flat_81c54332-4e9a-472d-9c55-76a176ff8913.jpg%3Fv%3D1749599253&feedId=89138&k=dbe9e7b18f32310d43e7e97388d87330d8a35259,GBP,,,https://natural-baby-2.myshopify.com/products/joie-signature-i-level-pro-infant-carrier-maple?variant=55509271019899,,,GBP340.00,89138,Joie,1,https://cdn.shopify.com/s/files/1/0690/1977/files/joie-signature-i-level_pro-infant-carrier-maple-lifestyle.jpg?v=1749551651,https://cdn.shopify.com/s/files/1/0690/1977/files/joie-signature-i-level_pro-infant-carrier-maple-lifestyle-2.jpg?v=1749551651,,,https://cdn.shopify.com/s/files/1/0690/1977/files/joie-signature-i-level_pro-infant-carrier-maple-lifestyle-3.jpg?v=1749551651,Car Seats
https://www.awin1.com/pclick.php?p=40477872532&a=2771700&m=64830,Ergobaby Omni Deluxe Carrier - Mesh - Canyon Clay,40477872532,50351-NCLAY,https://cdn.shopify.com/s/files/1/0690/1977/files/ergobaby-omni-deluxe-mesh-canyone-clay-flat-2.jpg?v=1762438713,"Awarded ""Best Overall Carrier"" by Parents Best for Baby 2025. A four-position all-in-one carrier with patented, industry-leading ergonomic support for everyday comfort and versatility plus included convenience features like built-in phone storage, sun/nursing hood and pockets to support everyday parenting.",Baby Carriers,199.9,Natural Baby Shower Ltd,64830,Children's Accessories,539,https://images2.productserve.com/?w=200&h=200&bg=white&trim=5&t=letterbox&url=ssl%3Acdn.shopify.com%2Fs%2Ffiles%2F1%2F0690%2F1977%2Ffiles%2Fergobaby-omni-deluxe-mesh-canyone-clay-flat-2.jpg%3Fv%3D1762438713&feedId=89138&k=9ff949e2ea83a8c3fde50828f7e82171d41cd809,GBP,,,https://natural-baby-2.myshopify.com/products/ergobaby-omni-deluxe-mesh-canyon-clay?variant=54970716094843,,,GBP199.90,89138,Ergobaby,1,https://cdn.shopify.com/s/files/1/0690/1977/files/ergobaby-omni-deluxe-mesh-canyone-clay-flat-3.jpg?v=1762438713,https://cdn.shopify.com/s/files/1/0690/1977/files/ergobaby-omni-deluxe-mesh-baby-carrier-canyon-clay-lifestyle-3.jpg?v=1778628474,,,https://cdn.shopify.com/s/files/1/0690/1977/files/ergobaby-omni-deluxe-mesh-baby-carrier-natural-beige-flat-2.jpg?v=1778628475,Baby Carrier & Sling
https://www.awin1.com/pclick.php?p=40328234321&a=2771700&m=64830,Maxi-Cosi RodiFix Pro2 i-Size Car Seat - Authentic Black,40328234321,47857-83495,https://cdn.shopify.com/s/files/1/0690/1977/files/maxi-cosi-rodifix-pro2-car-seat-authentic-black-flat.jpg?v=1738835041,"The Maxi-Cosi RodiFix Pro2 i-Size Car Seat in Authentic Black is designed to grow with your child, from 3.5 years old to 12. With three recline positions and adjustable height and width, it keeps them comfy and safe for years to come. Installing is a breeze with ISOFIX connectors, and no armrests mean buckling up is quick and easy. As your child grows, simply adjust the seat by pressing the button on the headrest and expanding the side wings. With three recline positions and extra padding, the RodiFix Pro² i-Size ensures comfort, whether they’re cruising or napping. The seat grows with your child, offering years of comfort from toddler to preteen. Made from 100% recycled EcoCare fabric, the seat has extra padding, improved ClimaFlow ventilation, and soft AirProtect® Safety cushions for added comfort and breathability.",Baby & Toddler Car Seats,169.95,Natural Baby Shower Ltd,64830,Baby Products,599,https://images2.productserve.com/?w=200&h=200&bg=white&trim=5&t=letterbox&url=ssl%3Acdn.shopify.com%2Fs%2Ffiles%2F1%2F0690%2F1977%2Ffiles%2Fmaxi-cosi-rodifix-pro2-car-seat-authentic-black-flat.jpg%3Fv%3D1738835041&feedId=89138&k=865e52a8bb3b1ead7d3a535f644be5277e73039c,GBP,,,https://natural-baby-2.myshopify.com/products/maxi-cosi-rodifix-pro2-i-size-car-seat-authentic-black?variant=55025950556539,,,GBP169.95,89138,Maxi-Cosi,1,https://cdn.shopify.com/s/files/1/0690/1977/files/maxi-cosi-rodifix-pro2-car-seat-authentic-black-flat-6.jpg?v=1738879621,https://cdn.shopify.com/s/files/1/0690/1977/files/maxi-cosi-rodifix-pro2-car-seat-authentic-black-flat-7.jpg?v=1738879621,,,https://cdn.shopify.com/s/files/1/0690/1977/files/maxi-cosi-rodifix-pro2-car-seat-authentic-black-flat-5_2872bc46-5c73-4272-ba74-c6d39aa999bc.jpg?v=1738879623,Car Seats
https://www.awin1.com/pclick.php?p=43841629766&a=2771700&m=64830,Konges Sløjd Nappy Organiser - Ilmia,43841629766,51737-48720,https://cdn.shopify.com/s/files/1/0690/1977/files/konges-slojd-ilmia-flat.jpg?v=1766534271,"Make your nursery practical and cute with this decorative nappy organiser. The nappy organiser is softly padded and features two separate compartments. It's the perfect place to store nappys, lotions, and other essentials you'll need to have right at hand while you're changing your little one.",Diaper Pail Accessories,29.95,Natural Baby Shower Ltd,64830,Baby Products,599,https://images2.productserve.com/?w=200&h=200&bg=white&trim=5&t=letterbox&url=ssl%3Acdn.shopify.com%2Fs%2Ffiles%2F1%2F0690%2F1977%2Ffiles%2Fkonges-slojd-ilmia-flat.jpg%3Fv%3D1766534271&feedId=89138&k=b059c2df2302bf5f6632239d7a99a24a4b62221c,GBP,,,https://natural-baby-2.myshopify.com/products/konges-slojd-diaper-organiser-ilmia?variant=55992957305211,,,GBP29.95,89138,Konges Sløjd,1,https://cdn.shopify.com/s/files/1/0690/1977/files/konges-slojd-ilmia-lifestyle.jpg?v=1766534273,https://cdn.shopify.com/s/files/1/0690/1977/files/konges-slojd-ilmia-flat-2.jpg?v=1766534272,,,,Nappy Caddy
https://www.awin1.com/pclick.php?p=43841629767&a=2771700&m=64830,Konges Sløjd Nappy Organiser - Punto Blu,43841629767,51737-48737,https://cdn.shopify.com/s/files/1/0690/1977/files/konges-slojd-punto-blu-flat.jpg?v=1766534274,"Make your nursery practical and cute with this decorative nappy organiser. The nappy organiser is softly padded and features two separate compartments. It's the perfect place to store nappys, lotions, and other essentials you'll need to have right at hand while you're changing your little one.",Diaper Pail Accessories,29.95,Natural Baby Shower Ltd,64830,Baby Products,599,https://images2.productserve.com/?w=200&h=200&bg=white&trim=5&t=letterbox&url=ssl%3Acdn.shopify.com%2Fs%2Ffiles%2F1%2F0690%2F1977%2Ffiles%2Fkonges-slojd-punto-blu-flat.jpg%3Fv%3D1766534274&feedId=89138&k=e9e3d2049263b1f33d99c6e5b8aab055247c8be7,GBP,,,https://natural-baby-2.myshopify.com/products/konges-slojd-diaper-organiser-punto-blu?variant=55992957337979,,,GBP29.95,89138,Konges Sløjd,1,https://cdn.shopify.com/s/files/1/0690/1977/files/konges-slojd-punto-blu-flat-2.jpg?v=1766534275,,,,,Nappy Caddy
https://www.awin1.com/pclick.php?p=44323814618&a=2771700&m=64830,CYBEX PRIAM Fold Cot Ultimate Travel System Bundle - Style - Coconut Brown / Chrome Brown,44323814618,52197-85304-CB-CB-WB-UAB-S,https://cdn.shopify.com/s/files/1/0690/1977/files/cybex-priam-ultimate-accessory-bundle-style-collection-sepia-black-rose-gold-flat.jpg?v=1775575190,"The CYBEX Priam Ultimate Accessory Bundle – Style delivers a fully equipped luxury travel system, combining the iconic Priam pushchair with all essential accessories for newborns and infants. This bundle includes the Fold Carrycot, designed for premium sleep comfort, and the Cloud T i-Size Car Seat with Base T ISOFIX, offering lie-flat recline, ergonomic support, and effortless 180° rotation for safe on/off-boarding. From weatherproof raincovers to the sun sail, footmuff, and cupholder, every accessory is included for convenient, stylish, and comfortable outings. Travel-ready from day one, this bundle is perfect for families who want luxury, safety, and all-in-one versatility.",Travel Systems,1924.65,Natural Baby Shower Ltd,64830,Baby Products,599,https://images2.productserve.com/?w=200&h=200&bg=white&trim=5&t=letterbox&url=ssl%3Acdn.shopify.com%2Fs%2Ffiles%2F1%2F0690%2F1977%2Ffiles%2Fcybex-priam-ultimate-accessory-bundle-style-collection-sepia-black-rose-gold-flat.jpg%3Fv%3D1775575190&feedId=89138&k=1fe7662d41d7aad7a36519a77867281b15148c40,GBP,,,https://natural-baby-2.myshopify.com/products/cybex-priam-ultimate-accessory-bundle-style-collection?variant=56169801417083,,,GBP1924.65,89138,Cybex,1,https://cdn.shopify.com/s/files/1/0690/1977/files/cybex-priam-lifestyle.jpg?v=1775575215,https://cdn.shopify.com/s/files/1/0690/1977/files/cybex-priam-folding-carrycot-flat-2.jpg?v=1782366436,,,https://cdn.shopify.com/s/files/1/0690/1977/files/cybex-priam-ultimate-accessory-bundle-style-collection-sepia-black-chrome-brown-flat.jpg?v=1775575190,Travel Bundle
https://www.awin1.com/pclick.php?p=44323814620&a=2771700&m=64830,CYBEX PRIAM Fold Cot Ultimate Travel System Bundle - Style - Coconut Brown / Matt Black,44323814620,52197-85304-CB-MB-WB-UAB-S,https://cdn.shopify.com/s/files/1/0690/1977/files/cybex-priam-ultimate-accessory-bundle-style-collection-sepia-black-rose-gold-flat.jpg?v=1775575190,"The CYBEX Priam Ultimate Accessory Bundle – Style delivers a fully equipped luxury travel system, combining the iconic Priam pushchair with all essential accessories for newborns and infants. This bundle includes the Fold Carrycot, designed for premium sleep comfort, and the Cloud T i-Size Car Seat with Base T ISOFIX, offering lie-flat recline, ergonomic support, and effortless 180° rotation for safe on/off-boarding. From weatherproof raincovers to the sun sail, footmuff, and cupholder, every accessory is included for convenient, stylish, and comfortable outings. Travel-ready from day one, this bundle is perfect for families who want luxury, safety, and all-in-one versatility.",Travel Systems,1924.65,Natural Baby Shower Ltd,64830,Baby Products,599,https://images2.productserve.com/?w=200&h=200&bg=white&trim=5&t=letterbox&url=ssl%3Acdn.shopify.com%2Fs%2Ffiles%2F1%2F0690%2F1977%2Ffiles%2Fcybex-priam-ultimate-accessory-bundle-style-collection-sepia-black-rose-gold-flat.jpg%3Fv%3D1775575190&feedId=89138&k=1fe7662d41d7aad7a36519a77867281b15148c40,GBP,,,https://natural-baby-2.myshopify.com/products/cybex-priam-ultimate-accessory-bundle-style-collection?variant=56169801482619,,,GBP1924.65,89138,Cybex,1,https://cdn.shopify.com/s/files/1/0690/1977/files/cybex-priam-lifestyle.jpg?v=1775575215,https://cdn.shopify.com/s/files/1/0690/1977/files/cybex-priam-folding-carrycot-flat-2.jpg?v=1782366436,,,https://cdn.shopify.com/s/files/1/0690/1977/files/cybex-priam-ultimate-accessory-bundle-style-collection-sepia-black-chrome-brown-flat.jpg?v=1775575190,Travel Bundle
https://www.awin1.com/pclick.php?p=44323814622&a=2771700&m=64830,CYBEX PRIAM Fold Cot Ultimate Travel System Bundle - Style - Coconut Brown / Rose Gold,44323814622,52197-85304-CB-RG-WB-UAB-S,https://cdn.shopify.com/s/files/1/0690/1977/files/cybex-priam-ultimate-accessory-bundle-style-collection-sepia-black-rose-gold-flat.jpg?v=1775575190,"The CYBEX Priam Ultimate Accessory Bundle – Style delivers a fully equipped luxury travel system, combining the iconic Priam pushchair with all essential accessories for newborns and infants. This bundle includes the Fold Carrycot, designed for premium sleep comfort, and the Cloud T i-Size Car Seat with Base T ISOFIX, offering lie-flat recline, ergonomic support, and effortless 180° rotation for safe on/off-boarding. From weatherproof raincovers to the sun sail, footmuff, and cupholder, every accessory is included for convenient, stylish, and comfortable outings. Travel-ready from day one, this bundle is perfect for families who want luxury, safety, and all-in-one versatility.",Travel Systems,1974.65,Natural Baby Shower Ltd,64830,Baby Products,599,https://images2.productserve.com/?w=200&h=200&bg=white&trim=5&t=letterbox&url=ssl%3Acdn.shopify.com%2Fs%2Ffiles%2F1%2F0690%2F1977%2Ffiles%2Fcybex-priam-ultimate-accessory-bundle-style-collection-sepia-black-rose-gold-flat.jpg%3Fv%3D1775575190&feedId=89138&k=1fe7662d41d7aad7a36519a77867281b15148c40,GBP,,,https://natural-baby-2.myshopify.com/products/cybex-priam-ultimate-accessory-bundle-style-collection?variant=56169801548155,,,GBP1974.65,89138,Cybex,1,https://cdn.shopify.com/s/files/1/0690/1977/files/cybex-priam-lifestyle.jpg?v=1775575215,https://cdn.shopify.com/s/files/1/0690/1977/files/cybex-priam-folding-carrycot-flat-2.jpg?v=1782366436,,,https://cdn.shopify.com/s/files/1/0690/1977/files/cybex-priam-ultimate-accessory-bundle-style-collection-sepia-black-chrome-brown-flat.jpg?v=1775575190,Travel Bundle
https://www.awin1.com/pclick.php?p=44323814666&a=2771700&m=64830,CYBEX e-PRIAM Fold Cot Newborn to Toddler Travel System Bundle - Style - Coconut Brown / Chrome Brown,44323814666,52197-85304-CB-CB-WB-UBBB-S-EP,https://cdn.shopify.com/s/files/1/0690/1977/files/cybex-e-priam-ultimate-birth-beyond-bundle-style-collection-cozy-beige-flat-11.jpg?v=1774433202,"The CYBEX e-Priam Ultimate Birth & Beyond Bundle – Style is the ultimate all-in-one travel solution for parents who want safety, comfort, and style from birth through toddlerhood. Centred around the innovative e-Priam pushchair, this bundle combines cutting-edge technology, luxury design, and thoughtful features for effortless everyday outings. Included in the bundle is the Fold Carrycot, offering premium sleep comfort with breathable mattress and sky-view windows, and the Cloud T i-Size PLUS Car Seat with Base T ISOFIX, providing lie-flat travel and 180° rotation for easy on/off-boarding. The Sirona T i-Size Car Seat grows with your child up to 4 years, offering superior side-impact protection and adjustable recline in both rear- and forward-facing positions. Weatherproof accessories like raincovers, sun sail, footmuff, and cupholder, along with adapters for carrycot and car seats, complete the package - giving parents peace of mind and maximum convenience for every journey.",Travel Systems,2634.6,Natural Baby Shower Ltd,64830,Baby Products,599,https://images2.productserve.com/?w=200&h=200&bg=white&trim=5&t=letterbox&url=ssl%3Acdn.shopify.com%2Fs%2Ffiles%2F1%2F0690%2F1977%2Ffiles%2Fcybex-e-priam-ultimate-birth-beyond-bundle-style-collection-cozy-beige-flat-11.jpg%3Fv%3D1774433202&feedId=89138&k=be8753325bf12bfebaabf1fe1319ad1fd36cb7a6,GBP,,,https://natural-baby-2.myshopify.com/products/cybex-e-priam-ultimate-birth-beyond-bundle-style-collection?variant=56169819996539,,,GBP2634.60,89138,Cybex,1,https://cdn.shopify.com/s/files/1/0690/1977/files/cybex-e-priam-ultimate-birth-beyond-bundle-style-collection-cozy-beige-flat-9.jpg?v=1774482125,https://cdn.shopify.com/s/files/1/0690/1977/files/cybex-e-priam-carrycot-fold-flat.jpg?v=1782442059,,,https://cdn.shopify.com/s/files/1/0690/1977/files/cybex-e-priam-ultimate-birth-beyond-bundle-style-collection-cozy-beige-flat-7.jpg?v=1774433202,Travel Bundle
https://www.awin1.com/pclick.php?p=44323814670&a=2771700&m=64830,CYBEX e-PRIAM Fold Cot Newborn to Toddler Travel System Bundle - Style - Coconut Brown / Rose Gold,44323814670,52197-85304-CB-RG-WB-UBBB-S-EP,https://cdn.shopify.com/s/files/1/0690/1977/files/cybex-e-priam-ultimate-birth-beyond-bundle-style-collection-cozy-beige-flat-11.jpg?v=1774433202,"The CYBEX e-Priam Ultimate Birth & Beyond Bundle – Style is the ultimate all-in-one travel solution for parents who want safety, comfort, and style from birth through toddlerhood. Centred around the innovative e-Priam pushchair, this bundle combines cutting-edge technology, luxury design, and thoughtful features for effortless everyday outings. Included in the bundle is the Fold Carrycot, offering premium sleep comfort with breathable mattress and sky-view windows, and the Cloud T i-Size PLUS Car Seat with Base T ISOFIX, providing lie-flat travel and 180° rotation for easy on/off-boarding. The Sirona T i-Size Car Seat grows with your child up to 4 years, offering superior side-impact protection and adjustable recline in both rear- and forward-facing positions. Weatherproof accessories like raincovers, sun sail, footmuff, and cupholder, along with adapters for carrycot and car seats, complete the package - giving parents peace of mind and maximum convenience for every journey.",Travel Systems,2684.6,Natural Baby Shower Ltd,64830,Baby Products,599,https://images2.productserve.com/?w=200&h=200&bg=white&trim=5&t=letterbox&url=ssl%3Acdn.shopify.com%2Fs%2Ffiles%2F1%2F0690%2F1977%2Ffiles%2Fcybex-e-priam-ultimate-birth-beyond-bundle-style-collection-cozy-beige-flat-11.jpg%3Fv%3D1774433202&feedId=89138&k=be8753325bf12bfebaabf1fe1319ad1fd36cb7a6,GBP,,,https://natural-baby-2.myshopify.com/products/cybex-e-priam-ultimate-birth-beyond-bundle-style-collection?variant=56169820127611,,,GBP2684.60,89138,Cybex,1,https://cdn.shopify.com/s/files/1/0690/1977/files/cybex-e-priam-ultimate-birth-beyond-bundle-style-collection-cozy-beige-flat-9.jpg?v=1774482125,https://cdn.shopify.com/s/files/1/0690/1977/files/cybex-e-priam-carrycot-fold-flat.jpg?v=1782442059,,,https://cdn.shopify.com/s/files/1/0690/1977/files/cybex-e-priam-ultimate-birth-beyond-bundle-style-collection-cozy-beige-flat-7.jpg?v=1774433202,Travel Bundle
https://www.awin1.com/pclick.php?p=44323814690&a=2771700&m=64830,CYBEX e-PRIAM Fold Cot Ultimate Travel System Bundle - Style - Coconut Brown / Chrome Brown,44323814690,52197-85304-CB-CB-WB-UAB-S-EP,https://cdn.shopify.com/s/files/1/0690/1977/files/cybex-e-priam-ultimate-accessory-bundle-style-collection-flat-11.jpg?v=1774482135,"The CYBEX e-Priam Ultimate Accessory Bundle – Style brings together everything you need for effortless, stylish, and safe outings with your little one from birth up to toddlerhood. Featuring the smart and luxurious e-Priam pushchair, this bundle combines cutting-edge technology with elegant design from the Platinum Style collection. The foldable carrycot ensures premium sleep comfort, while the Cloud T i-Size PLUS Car Seat and Base T ISOFIX provide exceptional safety and ergonomic support for newborns. Complete with raincovers, a sun sail, car seat adapters, footmuff, and cupholder, this all-in-one bundle offers convenience, comfort, and safety – making it perfect for modern families on the go. Whether you’re strolling through city streets, traveling by car, or heading to the park, every element in this bundle is designed to keep your baby secure, comfortable, and happy, while parents enjoy effortless handling, smooth rides, and thoughtful storage solutions.",Travel Systems,2324.65,Natural Baby Shower Ltd,64830,Baby Products,599,https://images2.productserve.com/?w=200&h=200&bg=white&trim=5&t=letterbox&url=ssl%3Acdn.shopify.com%2Fs%2Ffiles%2F1%2F0690%2F1977%2Ffiles%2Fcybex-e-priam-ultimate-accessory-bundle-style-collection-flat-11.jpg%3Fv%3D1774482135&feedId=89138&k=3a8854313875a9f6cc08dc89ff94fc3c73086fad,GBP,,,https://natural-baby-2.myshopify.com/products/cybex-e-priam-ultimate-accessory-bundle-style-collection?variant=56169836380539,,,GBP2324.65,89138,Cybex,1,https://cdn.shopify.com/s/files/1/0690/1977/files/cybex-e-priam-ultimate-accessory-bundle-style-collection-flat-9.jpg?v=1774482133,https://cdn.shopify.com/s/files/1/0690/1977/files/cybex-e-priam-carrycot-fold-flat.jpg?v=1782442059,,,https://cdn.shopify.com/s/files/1/0690/1977/files/cybex-e-priam-ultimate-accessory-bundle-style-collection-flat-7.jpg?v=1774482131,Travel Bundle
https://www.awin1.com/pclick.php?p=44323814694&a=2771700&m=64830,CYBEX e-PRIAM Fold Cot Ultimate Travel System Bundle - Style - Coconut Brown / Rose Gold,44323814694,52197-85304-CB-RG-WB-UAB-S-EP,https://cdn.shopify.com/s/files/1/0690/1977/files/cybex-e-priam-ultimate-accessory-bundle-style-collection-flat-11.jpg?v=1774482135,"The CYBEX e-Priam Ultimate Accessory Bundle – Style brings together everything you need for effortless, stylish, and safe outings with your little one from birth up to toddlerhood. Featuring the smart and luxurious e-Priam pushchair, this bundle combines cutting-edge technology with elegant design from the Platinum Style collection. The foldable carrycot ensures premium sleep comfort, while the Cloud T i-Size PLUS Car Seat and Base T ISOFIX provide exceptional safety and ergonomic support for newborns. Complete with raincovers, a sun sail, car seat adapters, footmuff, and cupholder, this all-in-one bundle offers convenience, comfort, and safety – making it perfect for modern families on the go. Whether you’re strolling through city streets, traveling by car, or heading to the park, every element in this bundle is designed to keep your baby secure, comfortable, and happy, while parents enjoy effortless handling, smooth rides, and thoughtful storage solutions.",Travel Systems,2374.65,Natural Baby Shower Ltd,64830,Baby Products,599,https://images2.productserve.com/?w=200&h=200&bg=white&trim=5&t=letterbox&url=ssl%3Acdn.shopify.com%2Fs%2Ffiles%2F1%2F0690%2F1977%2Ffiles%2Fcybex-e-priam-ultimate-accessory-bundle-style-collection-flat-11.jpg%3Fv%3D1774482135&feedId=89138&k=3a8854313875a9f6cc08dc89ff94fc3c73086fad,GBP,,,https://natural-baby-2.myshopify.com/products/cybex-e-priam-ultimate-accessory-bundle-style-collection?variant=56169836511611,,,GBP2374.65,89138,Cybex,1,https://cdn.shopify.com/s/files/1/0690/1977/files/cybex-e-priam-ultimate-accessory-bundle-style-collection-flat-9.jpg?v=1774482133,https://cdn.shopify.com/s/files/1/0690/1977/files/cybex-e-priam-carrycot-fold-flat.jpg?v=1782442059,,,https://cdn.shopify.com/s/files/1/0690/1977/files/cybex-e-priam-ultimate-accessory-bundle-style-collection-flat-7.jpg?v=1774482131,Travel Bundle
https://www.awin1.com/pclick.php?p=44323814714&a=2771700&m=64830,CYBEX e-PRIAM Fold Cot Travel System Bundle - Style - Coconut Brown / Chrome Brown,44323814714,52197-85304-CB-CB-WB-UB-S-EP,https://cdn.shopify.com/s/files/1/0690/1977/files/cybex-e-priam-ultimate-bundle-style-collection-flat-11.jpg?v=1774482140,"The CYBEX e-Priam Ultimate Bundle – Style offers a complete travel system for newborns and infants, combining luxury, safety, and convenience. At its core is the e-Priam pushchair, featuring motor-assisted support, smooth all-wheel suspension, and a unique automatic rocking mode to gently soothe your baby. This bundle includes the Fold Carrycot for premium sleep comfort, along with the Cloud T i-Size PLUS Car Seat and Base T ISOFIX, providing lie-flat recline, ergonomic support, and easy 180° rotation for stress-free on/off-boarding. Weatherproof raincovers, sun sail, and adapters make every outing seamless, while accessories are designed for comfort and ease from the very first days. Perfect for parents seeking a stylish, functional, and safe travel system, this bundle covers all your newborn’s essential needs.",Travel Systems,2159.75,Natural Baby Shower Ltd,64830,Baby Products,599,https://images2.productserve.com/?w=200&h=200&bg=white&trim=5&t=letterbox&url=ssl%3Acdn.shopify.com%2Fs%2Ffiles%2F1%2F0690%2F1977%2Ffiles%2Fcybex-e-priam-ultimate-bundle-style-collection-flat-11.jpg%3Fv%3D1774482140&feedId=89138&k=d61e698be3fa7c702117c0b5098f8573730c103e,GBP,,,https://natural-baby-2.myshopify.com/products/cybex-e-priam-ultimate-bundle-style-collection?variant=56169837166971,,,GBP2159.75,89138,Cybex,1,https://cdn.shopify.com/s/files/1/0690/1977/files/cybex-e-priam-ultimate-bundle-style-collection-flat-9.jpg?v=1774434308,https://cdn.shopify.com/s/files/1/0690/1977/files/cybex-e-priam-carrycot-fold-flat.jpg?v=1782442059,,,https://cdn.shopify.com/s/files/1/0690/1977/files/cybex-e-priam-ultimate-bundle-style-collection-flat-7.jpg?v=1774434308,Travel Bundle
https://www.awin1.com/pclick.php?p=44323814981&a=2771700&m=64830,CYBEX e-PRIAM Fold Cot Travel System Bundle - Style - Coconut Brown / Rose Gold,44323814981,52197-85304-CB-RG-WB-UB-S-EP,https://cdn.shopify.com/s/files/1/0690/1977/files/cybex-e-priam-ultimate-bundle-style-collection-flat-11.jpg?v=1774482140,"The CYBEX e-Priam Ultimate Bundle – Style offers a complete travel system for newborns and infants, combining luxury, safety, and convenience. At its core is the e-Priam pushchair, featuring motor-assisted support, smooth all-wheel suspension, and a unique automatic rocking mode to gently soothe your baby. This bundle includes the Fold Carrycot for premium sleep comfort, along with the Cloud T i-Size PLUS Car Seat and Base T ISOFIX, providing lie-flat recline, ergonomic support, and easy 180° rotation for stress-free on/off-boarding. Weatherproof raincovers, sun sail, and adapters make every outing seamless, while accessories are designed for comfort and ease from the very first days. Perfect for parents seeking a stylish, functional, and safe travel system, this bundle covers all your newborn’s essential needs.",Travel Systems,2209.75,Natural Baby Shower Ltd,64830,Baby Products,599,https://images2.productserve.com/?w=200&h=200&bg=white&trim=5&t=letterbox&url=ssl%3Acdn.shopify.com%2Fs%2Ffiles%2F1%2F0690%2F1977%2Ffiles%2Fcybex-e-priam-ultimate-bundle-style-collection-flat-11.jpg%3Fv%3D1774482140&feedId=89138&k=d61e698be3fa7c702117c0b5098f8573730c103e,GBP,,,https://natural-baby-2.myshopify.com/products/cybex-e-priam-ultimate-bundle-style-collection?variant=56169837298043,,,GBP2209.75,89138,Cybex,1,https://cdn.shopify.com/s/files/1/0690/1977/files/cybex-e-priam-ultimate-bundle-style-collection-flat-9.jpg?v=1774434308,https://cdn.shopify.com/s/files/1/0690/1977/files/cybex-e-priam-carrycot-fold-flat.jpg?v=1782442059,,,https://cdn.shopify.com/s/files/1/0690/1977/files/cybex-e-priam-ultimate-bundle-style-collection-flat-7.jpg?v=1774434308,Travel Bundle
https://www.awin1.com/pclick.php?p=45284177018&a=2771700&m=64830,Ergobaby Omni Lite Mesh Carrier - Onyx Black - Onyx Black,45284177018,52606-60820,https://cdn.shopify.com/s/files/1/0690/1977/files/ergobaby-omni-lite-onyx-black-flat-2.jpg?v=1783409063,"A simple, inward-facing, newborn-ready carrier designed for baby's first 24 months, with patented, industry-leading ergonomic support for effortless everyday babywearing. Supports baby's development with an adjustable bucket seat for healthy positioning and close carry, plus a patented back panel that adapts through baby’s changing stages. Supports comfortable wear for parents through even weight distribution and lumbar support, intuitive Cross-Back (X) straps for ease of use, and quick on/off adjustments for daily convenience. Certified as Hip Healthy by the IHDI and compatible with accessories.",Baby Carriers,129.9,Natural Baby Shower Ltd,64830,Children's Accessories,539,https://images2.productserve.com/?w=200&h=200&bg=white&trim=5&t=letterbox&url=ssl%3Acdn.shopify.com%2Fs%2Ffiles%2F1%2F0690%2F1977%2Ffiles%2Fergobaby-omni-lite-onyx-black-flat-2.jpg%3Fv%3D1783409063&feedId=89138&k=e1180a0a762bfbb5100122dadb64f8da17fc7459,GBP,,,https://natural-baby-2.myshopify.com/products/ergobaby-omni-lite-mesh-carrier-onyx-black?variant=56317793763707,,,GBP129.90,89138,Ergobaby,1,https://cdn.shopify.com/s/files/1/0690/1977/files/ergobaby-omni-lite-onyx-black-flat.jpg?v=1783409064,https://cdn.shopify.com/s/files/1/0690/1977/files/ergobaby-omni-lite-onyx-black-lifestyle-3.jpg?v=1783466710,,,https://cdn.shopify.com/s/files/1/0690/1977/files/ergobaby-omni-lite-onyx-black-lifestyle-6.jpg?v=1783466704,Baby Carrier & Sling
https://www.awin1.com/pclick.php?p=45490709540&a=2771700&m=64830,CYBEX Pallas G3 Plus i-Size Car Seat - Chocolate Brown - Chocolate Brown / One Size,45490709540,52756-93163,https://cdn.shopify.com/s/files/1/0690/1977/files/cybex-pallas-g3-chocolate-brown-plus-flat.jpg?v=1785976287,"Meet the CYBEX Pallas G3 i-Size - the next generation of forward-facing safety that grows with your child from toddler to pre-teen. Thoughtfully designed with award-winning impact shield technology, this clever 2-in-1 car seat offers advanced protection and all-day comfort for every journey. From 15 months up to around 12 years, the Pallas G3 keeps your little one secure using a soft, adjustable impact shield that reduces the risk of neck injury by up to 25% compared to traditional harness systems. The shield clicks into place in seconds, making daily on-and-off-boarding simple for parents and comfy for curious little travellers. As your child grows, the seat easily adapts - simply remove the shield and switch to the car’s seatbelt system. The L.S.P. System Plus enhances side-impact protection by up to 20%, while the reclining headrest helps keep your child’s head safely in position even during naps, offering up to seven times more head safety in side collisions. Breathable all-round air ventilation ensures a fresh and comfortable ride on warm days, while premium mesh fabrics keep things cool. Certified to the latest i-Size safety standard (UN R129/04), the Pallas G3 installs securely using ISOFIX and top tether, giving you complete peace of mind that your child is protected wherever the road takes you. With its easy recline, plush comfort, and advanced safety technology, the Pallas G3 i-Size is a smart, future-ready choice for families who value safety and simplicity in equal measure.",Baby & Toddler Car Seats,229.95,Natural Baby Shower Ltd,64830,Baby Products,599,https://images2.productserve.com/?w=200&h=200&bg=white&trim=5&t=letterbox&url=ssl%3Acdn.shopify.com%2Fs%2Ffiles%2F1%2F0690%2F1977%2Ffiles%2Fcybex-pallas-g3-chocolate-brown-plus-flat.jpg%3Fv%3D1785976287&feedId=89138&k=202c7fbf35184b5b255ad09346f12a54c1bdbf32,GBP,,,https://natural-baby-2.myshopify.com/products/cybex-pallas-g3-plus-i-size-chocolate-brown?variant=56364980994427,,,GBP229.95,89138,Cybex,1,https://cdn.shopify.com/s/files/1/0690/1977/files/cybex-pallas-g3-chocolate-brown-plus-flat-6.jpg?v=1785976286,https://cdn.shopify.com/s/files/1/0690/1977/files/cybex-pallas-g3-chocolate-brown-plus-flat-2.jpg?v=1785976288,,,https://cdn.shopify.com/s/files/1/0690/1977/files/cybex-pallas-g3-chocolate-brown-plus-flat-3.jpg?v=1785976288,Car Seats
https://www.awin1.com/pclick.php?p=45457753383&a=2771700&m=64830,Avery Row Sleeved Bib - Wildflower Garden - Wildflower Garden / One Size,45457753383,50565-58231,https://cdn.shopify.com/s/files/1/0690/1977/files/avery-row-sleeved-bib-wildflower-garden-flat_5424844a-30ae-40bc-923e-3430d0a82ba7.jpg?v=1746063710,"Make mealtimes and messy play easier (and tidier!) with Avery Row's beautifully designed Sleeved Bib in Wildflower Garden. Made from GOTS organic cotton percale with a light acrylic coating, it’s practical, easy to wipe clean, and oh-so-stylish. The elasticated sleeves offer a snug fit from 6 months up to 3 years, while the front pocket is perfect for catching those little spills and crumbs.",Bibs,16.5,Natural Baby Shower Ltd,64830,Children's Accessories,539,https://images2.productserve.com/?w=200&h=200&bg=white&trim=5&t=letterbox&url=ssl%3Acdn.shopify.com%2Fs%2Ffiles%2F1%2F0690%2F1977%2Ffiles%2Favery-row-sleeved-bib-wildflower-garden-flat_5424844a-30ae-40bc-923e-3430d0a82ba7.jpg%3Fv%3D1746063710&feedId=89138&k=b141a75faeb753e10cdc143b643d8873982ca3e7,GBP,,,https://natural-baby-2.myshopify.com/products/avery-row-sleeved-bib-wildflower-garden?variant=55334944440699,,,GBP16.50,89138,Avery Row,1,https://cdn.shopify.com/s/files/1/0690/1977/files/avery-row-sleeved-bib-wildflower-garden-lifestyle_b8fc4f3e-1eec-4cd5-b7c7-f904236858d0.jpg?v=1746063714,https://cdn.shopify.com/s/files/1/0690/1977/files/avery-row-sleeved-bib-wildflower-garden-lifestyle-2_410e1fc7-528a-44f0-a4f9-c840df7dc85b.jpg?v=1746063713,,,,Bibs
https://www.awin1.com/pclick.php?p=39405395478&a=2771700&m=64830,Ergobaby Alta Hip Seat Carrier - Midnight Blue,39405395478,49868-05437,https://cdn.shopify.com/s/files/1/0690/1977/files/ergobaby-alta-hip-seat-blue-flat-2.jpg?v=1778058119,"A two-in-one hip seat and 3-position carrier for ages 4–48 months, featuring an ergonomically designed wide, curved seat plus convenience features like storage and a sun hood—offering maximum versatility as baby grows.",Baby Carriers,119.9,Natural Baby Shower Ltd,64830,Children's Accessories,539,https://images2.productserve.com/?w=200&h=200&bg=white&trim=5&t=letterbox&url=ssl%3Acdn.shopify.com%2Fs%2Ffiles%2F1%2F0690%2F1977%2Ffiles%2Fergobaby-alta-hip-seat-blue-flat-2.jpg%3Fv%3D1778058119&feedId=89138&k=5ddb9efc1b6b666c22d61c358f1fa8b3c0a23203,GBP,,,https://natural-baby-2.myshopify.com/products/ergobaby-alta-hip-seat-midnight-blue?variant=41958430441550,,,GBP119.90,89138,Ergobaby,1,https://cdn.shopify.com/s/files/1/0690/1977/files/ergobaby-alta-hip-seat-blue-flat.jpg?v=1778058119,https://cdn.shopify.com/s/files/1/0690/1977/files/ergobaby-alta-hip-seat-blue-lifestyle-5.jpg?v=1778162124,,,https://cdn.shopify.com/s/files/1/0690/1977/files/ergobaby-alta-hip-seat-blue-lifestyle-2.jpg?v=1778162120,Baby Carrier & Sling
https://www.awin1.com/pclick.php?p=39550862244&a=2771700&m=64830,Ergobaby Alta Hip Seat Carrier - Onyx Black,39550862244,49868-09909,https://cdn.shopify.com/s/files/1/0690/1977/files/ergobaby-alta-hip-seat-black-flat-2.jpg?v=1778058093,"A two-in-one hip seat and 3-position carrier for ages 4–48 months, featuring an ergonomically designed wide, curved seat plus convenience features like storage and a sun hood—offering maximum versatility as baby grows.",Baby Carriers,119.9,Natural Baby Shower Ltd,64830,Children's Accessories,539,https://images2.productserve.com/?w=200&h=200&bg=white&trim=5&t=letterbox&url=ssl%3Acdn.shopify.com%2Fs%2Ffiles%2F1%2F0690%2F1977%2Ffiles%2Fergobaby-alta-hip-seat-black-flat-2.jpg%3Fv%3D1778058093&feedId=89138&k=b57800ada42417777d43c9eab00316ca7caa3896,GBP,,,https://natural-baby-2.myshopify.com/products/ergobaby-alta-hip-seat-onyx-black?variant=41958430605390,,,GBP119.90,89138,Ergobaby,1,https://cdn.shopify.com/s/files/1/0690/1977/files/ergobaby-alta-hip-seat-black-flat.jpg?v=1778058094,https://cdn.shopify.com/s/files/1/0690/1977/files/ergobaby-alta-hip-seat-black-lifestyle-5.jpg?v=1778162129,,,https://cdn.shopify.com/s/files/1/0690/1977/files/ergobaby-alta-hip-seat-black-lifestyle-2.jpg?v=1778162130,Baby Carrier & Sling
https://www.awin1.com/pclick.php?p=42931830050&a=2771700&m=64830,Liewood Mabel Doll Bouncer - Berry / Pale Tuscany,42931830050,50787-91604,https://cdn.shopify.com/s/files/1/0690/1977/files/liewood-mabel-doll-bouncer-berry-pale-tuscany-flat.jpg?v=1761175524,"A sweet little spot for your little one’s favourite doll or teddy to rest, the Liewood Mabel Doll Bouncer adds a touch of charm to every playtime. Featuring a softly quilted seat in the prettiest Berry and Pale Tuscany hues, and a lightweight, flexible steel frame, it’s perfect for hours of imaginative fun. Just like the real thing, this miniature bouncer helps bring pretend play to life, encouraging nurturing skills and storytelling. A thoughtful gift and a beautiful addition to any playroom.",Doll & Action Figure Accessories,30,Natural Baby Shower Ltd,64830,Toys,187,https://images2.productserve.com/?w=200&h=200&bg=white&trim=5&t=letterbox&url=ssl%3Acdn.shopify.com%2Fs%2Ffiles%2F1%2F0690%2F1977%2Ffiles%2Fliewood-mabel-doll-bouncer-berry-pale-tuscany-flat.jpg%3Fv%3D1761175524&feedId=89138&k=d93ac401d664829f6f435a294f245777e0d8b5c1,GBP,,,https://natural-baby-2.myshopify.com/products/liewood-mabel-doll-bouncer-berry-pale-tuscany?variant=55464520057211,,,GBP30.00,89138,Liewood,1,https://cdn.shopify.com/s/files/1/0690/1977/files/liewood-mabel-doll-bouncer-berry-pale-tuscany-flat-2.jpg?v=1761175526,,,,,Baby Rocker & Bouncer
https://www.awin1.com/pclick.php?p=40979529745&a=2771700&m=64830,Stokke® Sleepi™ Mini Fitted Sheet - Lavender Osc,40979529745,50372-30053,https://cdn.shopify.com/s/files/1/0690/1977/files/stokke-sleepi-mini-fitted-sheet-lavendar-flat_2ccc314c-439a-433f-b8cb-2b76bf85ed3c.jpg?v=1776382508,"The Stokke Sleepi Mini Fitted Sheet in Lavender Ocs is a soft and breathable cotton sheet, gentle on delicate skin and offering ultimate comfort for peaceful nights. With elastic all the way around, it provides a secure, snug fit, ensuring a safe and restful sleep for your baby. Crafted with quality and safety in mind, the Stokke Sleepi Mini Fitted Sheet is Oeko-Tex® Standard 100, Class 1 approved, meaning it’s free from harmful substances and it's available in a range of playful colours, so you can find the perfect match for your nursery décor. For dreamy nights and cosy naps, this fitted sheet is the perfect finishing touch for your baby's Stokke® Sleepi™ Mini Bed.",Bed Sheets,20.8,Natural Baby Shower Ltd,64830,Baby Products,599,https://images2.productserve.com/?w=200&h=200&bg=white&trim=5&t=letterbox&url=ssl%3Acdn.shopify.com%2Fs%2Ffiles%2F1%2F0690%2F1977%2Ffiles%2Fstokke-sleepi-mini-fitted-sheet-lavendar-flat_2ccc314c-439a-433f-b8cb-2b76bf85ed3c.jpg%3Fv%3D1776382508&feedId=89138&k=c4cefb8d94d3570b9b69a7aba0bae81b76c21cba,GBP,,,https://natural-baby-2.myshopify.com/products/stokke-sleepi-mini-fitted-sheet-lavender-osc?variant=54982241091963,,,GBP20.80,89138,Stokke,1,https://cdn.shopify.com/s/files/1/0690/1977/files/stokke-sleepi-mini-fitted-sheet-lavendar-flat-3.jpg?v=1776336610,https://cdn.shopify.com/s/files/1/0690/1977/files/stokke-sleepi-mini-fitted-sheet-lavendar-flat-2.jpg?v=1776336610,,,,Bedding & Sheets
https://www.awin1.com/pclick.php?p=36786342353&a=2771700&m=64830,Stokke® Snoozi™ Fitted Sheet - 2 Pack  - Vanilla Dandelion,36786342353,48445-97016,https://cdn.shopify.com/s/files/1/0690/1977/files/stokke-snoozi-fitted-sheet-2-pack-vanilla-dandelion-flat.jpg?v=1702628293,"The Stokke Snoozi Fitted Sheet 2 Pack in Vanilla Dandelion is made to fit the unique shape of the Stokke® Snoozi™ mattress', the sheets offer ultimate comfort and are gentle against your newborn baby's delicate skin. ​ ​Elastic all the way around to ensure a snug fit. Available in a convenient 2-pack with interior-friendly colours, you're sure to find the perfect style.​ ​​Stokke® Snoozi™ Fitted Sheets are Oeko-Tex® Standard 100, class 1 approved. Oeko-Tex® Standard 100 is one of the world's best-known labels for textiles tested for harmful substances. It stands for customer confidence and high product safety.",Bed Sheets,48,Natural Baby Shower Ltd,64830,Baby Products,599,https://images2.productserve.com/?w=200&h=200&bg=white&trim=5&t=letterbox&url=ssl%3Acdn.shopify.com%2Fs%2Ffiles%2F1%2F0690%2F1977%2Ffiles%2Fstokke-snoozi-fitted-sheet-2-pack-vanilla-dandelion-flat.jpg%3Fv%3D1702628293&feedId=89138&k=26c9f8689c8568512cce2a882cbeea8f4ec10314,GBP,,,https://natural-baby-2.myshopify.com/products/stokke-snoozi-fitted-sheet-2-pack-vanilla-dandelion?variant=40441390202958,,,GBP48.00,89138,Stokke,1,https://cdn.shopify.com/s/files/1/0690/1977/files/stokke-snoozi-fitted-sheet-2-pack-vanilla-dandelion-flat-2.jpg?v=1702628297,https://cdn.shopify.com/s/files/1/0690/1977/files/stokke-snoozi-fitted-sheet-2-pack-vanilla-dandelion-flat-3.jpg?v=1702628301,,,,Bedding & Sheets
https://www.awin1.com/pclick.php?p=44127262124&a=2771700&m=64830,CuddleCo Clara Wide 6 Draw Dresser Changer - White/Ash,44127262124,51941-55937,https://cdn.shopify.com/s/files/1/0690/1977/files/cuddleco-clara-luxe-dresser-changer-white-ash-flat.jpg?v=1769597791,"The CuddleCo Clara 6 Drawer Dresser Changer combines timeless style with practical nursery storage. With six spacious drawers and a removable changing top, it keeps nappies, clothing, and everyday essentials organised while supporting daily routines. When your baby outgrows the changing area, the dresser transitions seamlessly into a standalone unit, offering long-term storage for bedrooms or nurseries. Its classic finish pairs beautifully with the Clara furniture range or can be used on its own.",Changing Tables,499,Natural Baby Shower Ltd,64830,Baby Products,599,https://images2.productserve.com/?w=200&h=200&bg=white&trim=5&t=letterbox&url=ssl%3Acdn.shopify.com%2Fs%2Ffiles%2F1%2F0690%2F1977%2Ffiles%2Fcuddleco-clara-luxe-dresser-changer-white-ash-flat.jpg%3Fv%3D1769597791&feedId=89138&k=916880dfe90c362d05c23c109ed8b955c08c38a7,GBP,,,https://natural-baby-2.myshopify.com/products/cuddleco-clara-wide-6-draw-dresser-changer-white-ash?variant=56031185207675,,,GBP499.00,89138,CuddleCo,1,https://cdn.shopify.com/s/files/1/0690/1977/files/cuddleco-clara-luxe-dresser-changer-white-ash-lifestyle.jpg?v=1769598811,https://cdn.shopify.com/s/files/1/0690/1977/files/cuddleco-clara-luxe-dresser-changer-white-ash-lifestyle-3.jpg?v=1769597791,,,https://cdn.shopify.com/s/files/1/0690/1977/files/cuddleco-clara-luxe-dresser-changer-white-ash-lifestyle-2.jpg?v=1769597791,Nursery Furniture Piece
https://www.awin1.com/pclick.php?p=44120063591&a=2771700&m=64830,CuddleCo Beaumont Dresser Changer - White,44120063591,51929-55067,https://cdn.shopify.com/s/files/1/0690/1977/files/cuddleco-beaumont-dresser-changer-white-flat.jpg?v=1769591822,"Keep your nursery organised in style with the CuddleCo Beaumont Dresser Changer. Designed to support busy daily routines, this versatile piece combines a secure changing surface with generous storage, helping you keep nappies, clothing, and essentials close at hand. The removable changing top adapts as your child grows, transforming the dresser into a timeless storage solution that works long after the nursery stage. Smooth-glide drawers with soft-close runners add a premium, fuss-free feel, while the crisp white finish and refined detailing bring elegance and balance to your nursery space.",Changing Tables,599,Natural Baby Shower Ltd,64830,Baby Products,599,https://images2.productserve.com/?w=200&h=200&bg=white&trim=5&t=letterbox&url=ssl%3Acdn.shopify.com%2Fs%2Ffiles%2F1%2F0690%2F1977%2Ffiles%2Fcuddleco-beaumont-dresser-changer-white-flat.jpg%3Fv%3D1769591822&feedId=89138&k=8f7a9e69e52777eb79b2b46b31b1ea2c8a46cd4d,GBP,,,https://natural-baby-2.myshopify.com/products/cuddleco-beaumont-dresser-changer-white?variant=56031186190715,,,GBP599.00,89138,CuddleCo,1,https://cdn.shopify.com/s/files/1/0690/1977/files/cuddleco-beaumont-dresser-changer-white-lifestyle-5.jpg?v=1769591822,https://cdn.shopify.com/s/files/1/0690/1977/files/cuddleco-beaumont-dresser-changer-white-lifestyle-3.jpg?v=1769591822,,,https://cdn.shopify.com/s/files/1/0690/1977/files/cuddleco-beaumont-dresser-changer-white-lifestyle.jpg?v=1769591822,Nursery Furniture Piece
https://www.awin1.com/pclick.php?p=44120072231&a=2771700&m=64830,Bugaboo Organizer - Cocoa Brown,44120072231,51890-70656,https://cdn.shopify.com/s/files/1/0690/1977/files/ugaboo-organiser-cocoa-brown-flat.jpg?v=1771489125,"The Bugaboo Organizer is perfect for parents who love to keep their essentials close at hand. Thoughtfully designed with plenty of handy pockets, it makes staying organised effortless. It’s super easy to attach and remove thanks to the sturdy Velcro tabs, so you can pop it on your pushchair in seconds. Not just a pushchair organiser, it also transforms into a stylish and compact tote bag - simply grab and go when you’re heading out without the pushchair. Elevated in Earth-inspired tones for effortless styling, the Bugaboo Organizer is designed to last and keep up with everyday adventures. Practical, versatile, and beautifully designed, it’s a must-have for parents on the move.","Handbags, Wallets & Cases",54.95,Natural Baby Shower Ltd,64830,Bags,595,https://images2.productserve.com/?w=200&h=200&bg=white&trim=5&t=letterbox&url=ssl%3Acdn.shopify.com%2Fs%2Ffiles%2F1%2F0690%2F1977%2Ffiles%2Fugaboo-organiser-cocoa-brown-flat.jpg%3Fv%3D1771489125&feedId=89138&k=5a011f2ce9e448236861e57c609f8b7de87845b6,GBP,,,https://natural-baby-2.myshopify.com/products/bugaboo-organizer-cocoa-brown?variant=56019803767163,,,GBP54.95,89138,Bugaboo,1,https://cdn.shopify.com/s/files/1/0690/1977/files/ugaboo-organiser-cocoa-brown-flat-2.jpg?v=1771544966,https://cdn.shopify.com/s/files/1/0690/1977/files/ugaboo-organiser-cocoa-brown-flat-3.jpg?v=1771489126,,,,Pushchair Organiser
https://www.awin1.com/pclick.php?p=36496692779&a=2771700&m=64830,Avery Row  Travel Baby Changing Mat - Riverbank,36496692779,46399-14301,https://cdn.shopify.com/s/files/1/0690/1977/products/avery-row-travel-changing-mat-riverbank-flat.jpg?v=1699463854,The Avery Row Travel Baby Changing Mat in Riverbank is ideal for keeping the little one safe and snuggly while changing. Super practical and stylish with a water repellent lining and it comes in your favourite Avery Row prints. It is super easy to clean and maintain. It is sure to become yours and littles ones new favourite changing mat.,Changing Mats & Trays,39,Natural Baby Shower Ltd,64830,Baby Products,599,https://images2.productserve.com/?w=200&h=200&bg=white&trim=5&t=letterbox&url=ssl%3Acdn.shopify.com%2Fs%2Ffiles%2F1%2F0690%2F1977%2Fproducts%2Favery-row-travel-changing-mat-riverbank-flat.jpg%3Fv%3D1699463854&feedId=89138&k=711f9dd5c076d1b21eca478d568b97dd793299de,GBP,,,https://natural-baby-2.myshopify.com/products/avery-row-travel-baby-changing-mat-riverbank?variant=40134151766094,,,GBP39.00,89138,Avery Row,1,https://cdn.shopify.com/s/files/1/0690/1977/products/avery-row-travel-changing-mat-riverbank-lifestyle.jpg?v=1699463856,,,,,Changing Mat
https://www.awin1.com/pclick.php?p=39264612235&a=2771700&m=64830,Maxi-Cosi Titan Pro2 i-Size Car Seat - Authentic Graphite 2,39264612235,49542-09306,https://cdn.shopify.com/s/files/1/0690/1977/files/maxi-cosi-titan-pro-graphite-2-flat.jpg?v=1730893897,"The Maxi-Cosi Titan Pro2 i-Size car seat in Authentic Graphite is designed with superior style and modern innovation, our newest premium multi-age car seat was created to meet the highest R129 standards. Perfect for protecting little ones ages 15 months to 12 years old, it will become your peace of mind knowing you are providing them with the best protection available. Enhance the safety of your next road trip with a 4-star rating from StiWa/ADAC and a recent award as ‘the safest ever R129 harness multi-age car seat’ in Autumn 2022 test results. The distinctive stitching pattern on the backrest will ensure your little one is always travelling with superior design and superior protection. All you need now is to hit the road and adventure out. The Titan Pro2 i-Size is an ISOFIX car seat in groups 1-2-3 that can be fitted quickly and effortlessly into any car, via ISOFIX installation and top-tether. The Easy-in 5-point safety harness in this car seat has some extra magic. The shoulder pads have invisible magnets that stick to the headrest, to keep the harness open and out of the seat. This makes getting your little one in and out of the car feel like a breeze instead of a daily chore. And as your child grows, the headrest and harness are simple to adjust, so they’re sitting comfortably at every age.",Baby & Toddler Car Seats,279.95,Natural Baby Shower Ltd,64830,Baby Products,599,https://images2.productserve.com/?w=200&h=200&bg=white&trim=5&t=letterbox&url=ssl%3Acdn.shopify.com%2Fs%2Ffiles%2F1%2F0690%2F1977%2Ffiles%2Fmaxi-cosi-titan-pro-graphite-2-flat.jpg%3Fv%3D1730893897&feedId=89138&k=c5f1017268873c3830db472dc69c8e9efbc67d47,GBP,,,https://natural-baby-2.myshopify.com/products/maxi-cosi-titan-pro2-i-size-car-seat-authentic-graphite-2?variant=41733683609678,,,GBP279.95,89138,Maxi-Cosi,1,https://cdn.shopify.com/s/files/1/0690/1977/files/maxi-cosi-titan-pro-2-lifestyle_4eb73cb1-654a-4312-968c-ddeb15274054.jpg?v=1699496503,https://cdn.shopify.com/s/files/1/0690/1977/files/maxi-cosi-titan-pro-2-lifestyle-4_8c58247e-bc8c-4bfd-a42c-9daa72aa4ac1.webp?v=1730800495,,,https://cdn.shopify.com/s/files/1/0690/1977/files/maxi-cosi-titan-pro-2-lifestyle-2_bcd92279-886a-4354-b346-594810c9561a.webp?v=1728442442,Car Seats
https://www.awin1.com/pclick.php?p=36496681088&a=2771700&m=64830,Ergobaby Embrace Carrier - Soft Olive,36496681088,47285-06755,https://cdn.shopify.com/s/files/1/0690/1977/files/ergobaby-embrace-soft-olive-flat-2.jpg?v=1778060336,"Awarded ""The Best Baby Carrier for Newborns"" by the NY Times Wirecutter. A simple, two-position, soft and cosy newborn-ready carrier designed for baby's first 12 months with patented, industry-leading ergonomic support.",Baby Carriers,99.9,Natural Baby Shower Ltd,64830,Children's Accessories,539,https://images2.productserve.com/?w=200&h=200&bg=white&trim=5&t=letterbox&url=ssl%3Acdn.shopify.com%2Fs%2Ffiles%2F1%2F0690%2F1977%2Ffiles%2Fergobaby-embrace-soft-olive-flat-2.jpg%3Fv%3D1778060336&feedId=89138&k=9cd215585f857f02b5aad621978bb0d69b528b4f,GBP,,,https://natural-baby-2.myshopify.com/products/ergobaby-embrace-soft-and-snug-newborn-carrier-embrace-soft?variant=40242737283150,,,GBP99.90,89138,Ergobaby,1,https://cdn.shopify.com/s/files/1/0690/1977/files/ergobaby-embrace-soft-olive-flat.jpg?v=1778060336,https://cdn.shopify.com/s/files/1/0690/1977/files/ergobaby-embrace-soft-olive-lifestyle-5.jpg?v=1778156255,,,https://cdn.shopify.com/s/files/1/0690/1977/files/ergobaby-embrace-infographics-soft-olive-lifestyle-5.jpg?v=1778156254,Baby Carrier & Sling
https://www.awin1.com/pclick.php?p=41037613541&a=2771700&m=64830,Ergobaby Omni Deluxe Carrier - Mesh - Serene Blue,41037613541,50351-70078,https://cdn.shopify.com/s/files/1/0690/1977/files/ergobaby-omni-deluxe-mesh-blue-flat-1.jpg?v=1781776276,"Awarded ""Best Overall Carrier"" by Parents Best for Baby 2025. A four-position all-in-one carrier with patented, industry-leading ergonomic support for everyday comfort and versatility plus included convenience features like built-in phone storage, sun/nursing hood and pockets to support everyday parenting.",Baby Carriers,199.9,Natural Baby Shower Ltd,64830,Children's Accessories,539,https://images2.productserve.com/?w=200&h=200&bg=white&trim=5&t=letterbox&url=ssl%3Acdn.shopify.com%2Fs%2Ffiles%2F1%2F0690%2F1977%2Ffiles%2Fergobaby-omni-deluxe-mesh-blue-flat-1.jpg%3Fv%3D1781776276&feedId=89138&k=64fd13fd1c5d4cc9f441376c01ee3dc525188fee,GBP,,,https://natural-baby-2.myshopify.com/products/ergobaby-omni-deluxe-mesh-serene-blue?variant=55310865990011,,,GBP199.90,89138,Ergobaby,1,https://cdn.shopify.com/s/files/1/0690/1977/files/ergobaby-omni-deluxe-mesh-blue-flat-2.jpg?v=1781776277,https://cdn.shopify.com/s/files/1/0690/1977/files/ergobaby-omni-deluxe-mesh-baby-carrier-serene-blue-lifestyle-3.jpg?v=1778628682,,,https://cdn.shopify.com/s/files/1/0690/1977/files/ergobaby-omni-deluxe-mesh-baby-carrier-serene-blue--flat-2.jpg?v=1778628682,Baby Carrier & Sling
https://www.awin1.com/pclick.php?p=41036777820&a=2771700&m=64830,Tutti Bambini Modena Changing Unit - Oak,41036777820,50563-43414,https://cdn.shopify.com/s/files/1/0690/1977/files/tutti-bambini-modena-changing-unit-oak-flat.jpg?v=1744860861,"The Tutti Bambini Modena Changing Unit in Oak brings a soft, contemporary touch to your nursery. With its clean lines, smooth edges, and calming natural tones, this multi-purpose piece offers a practical changing area alongside generous storage – all crafted with the care and quality you can trust from the Modena collection. The removable changing top creates a dedicated space for changing time, while three spacious drawers help keep nappies, muslins, clothing, and everyday essentials close to hand. Soft-close drawers offer quiet convenience, ideal for peaceful nap times, and the unit’s non-toxic finish ensures a safe, nurturing environment for your baby to grow and thrive.",Changing Tables,260,Natural Baby Shower Ltd,64830,Baby Products,599,https://images2.productserve.com/?w=200&h=200&bg=white&trim=5&t=letterbox&url=ssl%3Acdn.shopify.com%2Fs%2Ffiles%2F1%2F0690%2F1977%2Ffiles%2Ftutti-bambini-modena-changing-unit-oak-flat.jpg%3Fv%3D1744860861&feedId=89138&k=c9e306cd1551d587cd9bf27ae547bd36beca9a25,GBP,,,https://natural-baby-2.myshopify.com/products/tutti-bambini-modena-changing-unit-oak?variant=55339824218491,,,GBP260.00,89138,Tutti Bambini,1,https://cdn.shopify.com/s/files/1/0690/1977/files/tutti-bambini-modena-changing-unit-oak-lifestyle.jpg?v=1744860859,https://cdn.shopify.com/s/files/1/0690/1977/files/tutti-bambini-modena-changing-unit-oak-lifestyle-2.jpg?v=1744860936,,,https://cdn.shopify.com/s/files/1/0690/1977/files/tutti-bambini-modena-changing-unit-oak-lifestyle-3.jpg?v=1744860859,Nursery Furniture Piece
https://www.awin1.com/pclick.php?p=41036777778&a=2771700&m=64830,Tutti Bambini Modena Changing Unit - White/Oak,41036777778,50563-41564,https://cdn.shopify.com/s/files/1/0690/1977/files/tutti-bambini-modena-changing-unit-white-oak-flat.jpg?v=1744860906,"The Tutti Bambini Modena Changing Unit in White/Oak brings a soft, contemporary touch to your nursery. With its clean lines, smooth edges, and calming natural tones, this multi-purpose piece offers a practical changing area alongside generous storage – all crafted with the care and quality you can trust from the Modena collection. The removable changing top creates a dedicated space for changing time, while three spacious drawers help keep nappies, muslins, clothing, and everyday essentials close to hand. Soft-close drawers offer quiet convenience, ideal for peaceful nap times, and the unit’s non-toxic finish ensures a safe, nurturing environment for your baby to grow and thrive.",Changing Tables,260,Natural Baby Shower Ltd,64830,Baby Products,599,https://images2.productserve.com/?w=200&h=200&bg=white&trim=5&t=letterbox&url=ssl%3Acdn.shopify.com%2Fs%2Ffiles%2F1%2F0690%2F1977%2Ffiles%2Ftutti-bambini-modena-changing-unit-white-oak-flat.jpg%3Fv%3D1744860906&feedId=89138&k=ab7157e0721bbed28d2ec981b741b0afb06aa05c,GBP,,,https://natural-baby-2.myshopify.com/products/tutti-bambini-modena-changing-unit-white-oak?variant=55339824611707,,,GBP260.00,89138,Tutti Bambini,1,https://cdn.shopify.com/s/files/1/0690/1977/files/tutti-bambini-modena-changing-unit-white-oak-lifestyle-3.jpg?v=1744860887,https://cdn.shopify.com/s/files/1/0690/1977/files/tutti-bambini-modena-changing-unit-white-oak-lifestyle.jpg?v=1744860985,,,https://cdn.shopify.com/s/files/1/0690/1977/files/tutti-bambini-modena-changing-unit-white-oak-lifestyle-4.jpg?v=1744860885,Nursery Furniture Piece
https://www.awin1.com/pclick.php?p=41547025255&a=2771700&m=64830,Mushie Long Sleeve Bib - Cream Bees,41547025255,50724-01422,https://cdn.shopify.com/s/files/1/0690/1977/files/mushie-long-sleeve-bib-cream-bees-flat-6.jpg?v=1748908543,"Whether it’s mealtimes, messy play, or painting masterpieces, the Mushie Long Sleeve Bib has your little one covered, literally. Designed for babies from 6 to 24 months, this water-resistant bib offers full outfit protection with soft, comfy sleeves and a secure Velcro neck closure. A wide front pocket catches crumbs and spills, while the wipeable, machine-washable material makes clean-up beautifully simple. Thoughtfully made for busy days and growing explorers.",Bibs,12.59,Natural Baby Shower Ltd,64830,Children's Accessories,539,https://images2.productserve.com/?w=200&h=200&bg=white&trim=5&t=letterbox&url=ssl%3Acdn.shopify.com%2Fs%2Ffiles%2F1%2F0690%2F1977%2Ffiles%2Fmushie-long-sleeve-bib-cream-bees-flat-6.jpg%3Fv%3D1748908543&feedId=89138&k=1e3608138d4087ff950ebb1dea0af0be6f4cb0c0,GBP,,,https://natural-baby-2.myshopify.com/products/mushie-long-sleeve-bib-cream-bees?variant=55443285082491,,,GBP12.59,89138,Mushie,1,https://cdn.shopify.com/s/files/1/0690/1977/files/mushie-long-sleeve-bib-cream-bees-flat-3.jpg?v=1748908545,https://cdn.shopify.com/s/files/1/0690/1977/files/mushie-long-sleeve-bib-cream-bees-flat.jpg?v=1748908544,,,https://cdn.shopify.com/s/files/1/0690/1977/files/mushie-long-sleeve-bib-cream-bees-flat-2.jpg?v=1748908546,Bibs
https://www.awin1.com/pclick.php?p=43748959668&a=2771700&m=64830,Ergobaby Embrace Carrier - Heather Grey,43748959668,40474-HG,https://cdn.shopify.com/s/files/1/0690/1977/files/ergobaby-embrace-grey-flat-2.jpg?v=1778060658,"Awarded ""The Best Baby Carrier for Newborns"" by the NY Times Wirecutter. A simple, two-position, soft and cosy newborn-ready carrier designed for baby's first 12 months with patented, industry-leading ergonomic support.",Baby Carriers,69.93,Natural Baby Shower Ltd,64830,Children's Accessories,539,https://images2.productserve.com/?w=200&h=200&bg=white&trim=5&t=letterbox&url=ssl%3Acdn.shopify.com%2Fs%2Ffiles%2F1%2F0690%2F1977%2Ffiles%2Fergobaby-embrace-grey-flat-2.jpg%3Fv%3D1778060658&feedId=89138&k=665428acef56976c32e89e60f68af4523bb8eb23,GBP,,,https://natural-baby-2.myshopify.com/products/ergobaby-embrace-baby-carrier-heather-grey?variant=30265102205006,,,GBP69.93,89138,Ergobaby,1,https://cdn.shopify.com/s/files/1/0690/1977/files/ergobaby-embrace-grey-flat.jpg?v=1778060659,https://cdn.shopify.com/s/files/1/0690/1977/files/ergobaby-embrace-grey-lifestyle-5.jpg?v=1778146989,,,https://cdn.shopify.com/s/files/1/0690/1977/files/ergobaby-embrace-infographics-grey-lifestyle-2.jpg?v=1778146989,Baby Carrier & Sling
https://www.awin1.com/pclick.php?p=36496683512&a=2771700&m=64830,Bugaboo Stardust Travel Cot Sheet - Mineral White,36496683512,41276-MW,https://cdn.shopify.com/s/files/1/0690/1977/products/Bugaboo-Stardust-Travel-Cot-Sheet---Mineral-White.jpg?v=1699380472,Use the Bugaboo Stardust Travel Cot Sheet in Mineral White to keep your Stardust travel cot mattress protected and comfy for your little one. It's easy to pop on and take off when needed + fits the mattress perfectly.,Bed Sheets,27.95,Natural Baby Shower Ltd,64830,Baby Products,599,https://images2.productserve.com/?w=200&h=200&bg=white&trim=5&t=letterbox&url=ssl%3Acdn.shopify.com%2Fs%2Ffiles%2F1%2F0690%2F1977%2Fproducts%2FBugaboo-Stardust-Travel-Cot-Sheet---Mineral-White.jpg%3Fv%3D1699380472&feedId=89138&k=c150eb97c2d70a9235de3ba39806eecf86455966,GBP,,,https://natural-baby-2.myshopify.com/products/bugaboo-stardust-travel-cot-sheet-mineral-white?variant=31923081543758,,,GBP27.95,89138,Bugaboo,1,https://cdn.shopify.com/s/files/1/0690/1977/products/bugaboo-stardust-travel-cot-sheet-mineral-white.jpg?v=1699380474,https://cdn.shopify.com/s/files/1/0690/1977/products/bugaboo-stardust-travel-cot-sheet-mineral-white-2.jpg?v=1699380475,,,,Bedding & Sheets
https://www.awin1.com/pclick.php?p=36496680996&a=2771700&m=64830,Bugaboo Organizer - Midnight Black (2021),36496680996,43911-MB,https://cdn.shopify.com/s/files/1/0690/1977/files/bugaboo-organiser-midnight-black-flat-5.jpg?v=1723554689,"The Bugaboo Organizer is perfect for parents who love to keep their essentials close at hand. Thoughtfully designed with plenty of handy pockets, it makes staying organised effortless. It’s super easy to attach and remove thanks to the sturdy Velcro tabs, so you can pop it on your pushchair in seconds. Not just a pushchair organiser, it also transforms into a stylish and compact tote bag - simply grab and go when you’re heading out without the pushchair. Elevated in Earth-inspired tones for effortless styling, the Bugaboo Organizer is designed to last and keep up with everyday adventures. Practical, versatile, and beautifully designed, it’s a must-have for parents on the move.","Handbags, Wallets & Cases",54.95,Natural Baby Shower Ltd,64830,Bags,595,https://images2.productserve.com/?w=200&h=200&bg=white&trim=5&t=letterbox&url=ssl%3Acdn.shopify.com%2Fs%2Ffiles%2F1%2F0690%2F1977%2Ffiles%2Fbugaboo-organiser-midnight-black-flat-5.jpg%3Fv%3D1723554689&feedId=89138&k=1f0e40f9c9a95e909ec77db565e1c1d785479056,GBP,,,https://natural-baby-2.myshopify.com/products/bugaboo-organizer-midnight-black-2021?variant=39426816868430,,,GBP54.95,89138,Bugaboo,1,https://cdn.shopify.com/s/files/1/0690/1977/files/bugaboo-organiser-midnight-black-flat.jpg?v=1727732607,https://cdn.shopify.com/s/files/1/0690/1977/files/bugaboo-organiser-midnight-black-flat-2.jpg?v=1727732611,,,https://cdn.shopify.com/s/files/1/0690/1977/files/bugaboo-organiser-midnight-black-flat-3.jpg?v=1723554689,Pushchair Organiser
https://www.awin1.com/pclick.php?p=36496688699&a=2771700&m=64830,Obaby Pocket Sprung Mattress - Cot,36496688699,45017-COT,https://cdn.shopify.com/s/files/1/0690/1977/products/obaby-pocket-sprung-mattress-cot.jpg?v=1699439628,"The Obaby Pocket Sprung Mattress in Cot is fantastic for providing baby with optimum support and luxurious levels of comfort during their slumber. Individual pocket springs are cleverly integrated to give increased support to your little ones' back, neck and head during sleep. Promoting perfect posture and sweet dreams for your little one. These individual springs are then encased in a high grade of dent resistant nursery foam ensuring superior comfort. The cover is made of flat-weave microfibre which is delicately soft to the touch and breathable yet refreshingly durable.",Mattresses,81,Natural Baby Shower Ltd,64830,Mattresses,453,https://images2.productserve.com/?w=200&h=200&bg=white&trim=5&t=letterbox&url=ssl%3Acdn.shopify.com%2Fs%2Ffiles%2F1%2F0690%2F1977%2Fproducts%2Fobaby-pocket-sprung-mattress-cot.jpg%3Fv%3D1699439628&feedId=89138&k=bbff343c9cc48f2e3486d0f1fff523e6db92fa1e,GBP,,,https://natural-baby-2.myshopify.com/products/obaby-pocket-sprung-mattress-cot?variant=39748783013966,,,GBP81.00,89138,OBaby,1,https://cdn.shopify.com/s/files/1/0690/1977/products/obaby-pocket-sprung-mattress-cot-3.jpg?v=1699439629,https://cdn.shopify.com/s/files/1/0690/1977/products/obaby-pocket-sprung-mattress-cot-2.jpg?v=1699439630,,,,Cot Mattress
https://www.awin1.com/pclick.php?p=36496688700&a=2771700&m=64830,Obaby Pocket Sprung Mattress - Cot Bed,36496688700,45017-CB,https://cdn.shopify.com/s/files/1/0690/1977/products/obaby-pocket-sprung-mattress-cot-bed.jpg?v=1699439636,"The Obaby Pocket Sprung Mattress in Cot Bed is fantastic for providing baby with optimum support and luxurious levels of comfort during their slumber. Individual pocket springs are cleverly integrated to give increased support to your little ones' back, neck and head during sleep. These individual springs are then encased in a high grade of dent resistant nursery foam ensuring superior comfort. The cover is made of flat-weave microfibre which is delicately soft to the touch and breathable yet refreshingly durable.",Mattresses,90,Natural Baby Shower Ltd,64830,Mattresses,453,https://images2.productserve.com/?w=200&h=200&bg=white&trim=5&t=letterbox&url=ssl%3Acdn.shopify.com%2Fs%2Ffiles%2F1%2F0690%2F1977%2Fproducts%2Fobaby-pocket-sprung-mattress-cot-bed.jpg%3Fv%3D1699439636&feedId=89138&k=082b734198103c44398529019802cdbfd5516489,GBP,,,https://natural-baby-2.myshopify.com/products/obaby-pocket-sprung-mattress-cot-bed?variant=39748783079502,,,GBP90.00,89138,OBaby,1,https://cdn.shopify.com/s/files/1/0690/1977/products/obaby-pocket-sprung-mattress-cot-bed-3.jpg?v=1699439638,https://cdn.shopify.com/s/files/1/0690/1977/products/obaby-pocket-sprung-mattress-cot-bed-2.jpg?v=1699439639,,,,Cot Mattress
https://www.awin1.com/pclick.php?p=36496687533&a=2771700&m=64830,Maxi-Cosi CabrioFix i-Size Car Seat + Base - Essential Black,36496687533,44561-EBLK-BAS,https://cdn.shopify.com/s/files/1/0690/1977/products/maxi-cosi-cabriofix-i-size-car-seat-base-essential-black-7.jpg?v=1699439691,"The lightweight Maxi-Cosi CabrioFix i-Size Car Seat + Base in Essential Black ensures safe rearward-facing travelling, providing extra protection for the baby’s head and neck. The newborn inlay keeps the head of your baby safe and comfortable as it will always fit perfectly. The Side Impact Protection adds additional protection, meaning the CabrioFix contains improved impact-absorbing material, which absorbs even more force from an impact, in case of an accident. This lightweight baby car seat can either be installed using a seat belt or the ISOFIX base. The user manual guides you through the seat belt installation steps for a secure fit. The Maxi-Cosi CabrioFix i-Size Base enables ISOFIX installation. Click the Maxi-Cosi CabrioFix onto the CabrioFix base and use it from birth up to approx. 12 kg. The base ensures correct installation, complying with the latest i-Size safety standards for excellent safety performance.",Baby & Toddler Car Seats,199.95,Natural Baby Shower Ltd,64830,Baby Products,599,https://images2.productserve.com/?w=200&h=200&bg=white&trim=5&t=letterbox&url=ssl%3Acdn.shopify.com%2Fs%2Ffiles%2F1%2F0690%2F1977%2Fproducts%2Fmaxi-cosi-cabriofix-i-size-car-seat-base-essential-black-7.jpg%3Fv%3D1699439691&feedId=89138&k=4e2814ef0a908eca55965947bbafb21cad0a9086,GBP,,,https://natural-baby-2.myshopify.com/products/maxi-cosi-cabriofix-i-size-car-seat-base-essential-black?variant=39750196297806,,,GBP199.95,89138,Maxi-Cosi,1,https://cdn.shopify.com/s/files/1/0690/1977/products/maxi-cosi-cabriofix-i-size-car-seat-base-essential-black-lifestyle.jpg?v=1699439692,https://cdn.shopify.com/s/files/1/0690/1977/products/maxi-cosi-cabriofix-i-size-car-seat-base-essential-black.jpg?v=1699439694,,,https://cdn.shopify.com/s/files/1/0690/1977/products/maxi-cosi-cabriofix-i-size-car-seat-base-essential-black-2.jpg?v=1699439695,Car Seats
https://www.awin1.com/pclick.php?p=36496687534&a=2771700&m=64830,Maxi-Cosi CabrioFix i-Size Car Seat + Base - Essential Graphite,36496687534,44561-EGRA-BAS,https://cdn.shopify.com/s/files/1/0690/1977/products/maxi-cosi-cabriofix-i-size-car-seat-base-essential-graphite.jpg?v=1699439705,"The lightweight Maxi-Cosi CabrioFix i-Size Car Seat + Base in Essential Graphite ensures safe rearward-facing travelling, providing extra protection for the baby’s head and neck. The newborn inlay keeps the head of your baby safe and comfortable as it will always fit perfectly. The Side Impact Protection adds additional protection, meaning the CabrioFix contains improved impact-absorbing material, which absorbs even more force from an impact, in case of an accident. This lightweight baby car seat can either be installed using a seat belt or the ISOFIX base. The user manual guides you through the seat belt installation steps for a secure fit. The Maxi-Cosi CabrioFix i-Size Base enables ISOFIX installation. Click the Maxi-Cosi CabrioFix onto the CabrioFix base and use it from birth up to approx. 12 kg. The base ensures correct installation, complying with the latest i-Size safety standards for excellent safety performance.",Baby & Toddler Car Seats,199.95,Natural Baby Shower Ltd,64830,Baby Products,599,https://images2.productserve.com/?w=200&h=200&bg=white&trim=5&t=letterbox&url=ssl%3Acdn.shopify.com%2Fs%2Ffiles%2F1%2F0690%2F1977%2Fproducts%2Fmaxi-cosi-cabriofix-i-size-car-seat-base-essential-graphite.jpg%3Fv%3D1699439705&feedId=89138&k=2f946e007ddb9835b6e7839dfb78dd299b5e19b1,GBP,,,https://natural-baby-2.myshopify.com/products/maxi-cosi-cabriofix-i-size-car-seat-base-essential-graphite?variant=39750196723790,,,GBP199.95,89138,Maxi-Cosi,1,https://cdn.shopify.com/s/files/1/0690/1977/products/maxi-cosi-cabriofix-i-size-car-seat-base-essential-graphite-lifestyle.jpg?v=1699439706,https://cdn.shopify.com/s/files/1/0690/1977/products/maxi-cosi-cabriofix-i-size-car-seat-base-essential-graphite-2.jpg?v=1699439707,,,https://cdn.shopify.com/s/files/1/0690/1977/products/maxi-cosi-cabriofix-i-size-car-seat-base-essential-graphite-3.jpg?v=1699439709,Car Seats
https://www.awin1.com/pclick.php?p=44244421719&a=2771700&m=64830,Mushie Long Sleeve Bib - Bows,44244421719,51858-04485,https://cdn.shopify.com/s/files/1/0690/1977/files/mushie-long-sleeve-bib-bows-flat.jpg?v=1768950769,"Whether it’s mealtimes, messy play, or painting masterpieces, the Mushie Long Sleeve Bib has your little one covered, literally. Designed for babies from 6 to 24 months, this water-resistant bib offers full outfit protection with soft, comfy sleeves and a secure Velcro neck closure. A wide front pocket catches crumbs and spills, while the wipeable, machine-washable material makes clean-up beautifully simple. Thoughtfully made for busy days and growing explorers.",Bibs,12.56,Natural Baby Shower Ltd,64830,Children's Accessories,539,https://images2.productserve.com/?w=200&h=200&bg=white&trim=5&t=letterbox&url=ssl%3Acdn.shopify.com%2Fs%2Ffiles%2F1%2F0690%2F1977%2Ffiles%2Fmushie-long-sleeve-bib-bows-flat.jpg%3Fv%3D1768950769&feedId=89138&k=3b40e4880b042cf5d67af1f7c07c51c3f7a8a733,GBP,,,https://natural-baby-2.myshopify.com/products/mushie-muhsie-long-sleeve-bib-bows?variant=56008444248443,,,GBP12.56,89138,Mushie,1,https://cdn.shopify.com/s/files/1/0690/1977/files/mushie-long-sleeve-bib-space-lifestyle-3.jpg?v=1768950770,https://cdn.shopify.com/s/files/1/0690/1977/files/mushie-long-sleeve-bib-bows-lifestyle.jpg?v=1768950771,,,https://cdn.shopify.com/s/files/1/0690/1977/files/mushie-long-sleeve-bib-bows-lifestyle-5.jpg?v=1768950771,Bibs
https://www.awin1.com/pclick.php?p=41859624220&a=2771700&m=64830,Olli Ella Dinkum Dolls Quilted Carrier - Rose,41859624220,51062-49523,https://cdn.shopify.com/s/files/1/0690/1977/files/olli-ella-quilted-carrier-rose-flat.jpg?v=1752711111,"Perfectly sized for little nurturers, the Dinkum Dolls Quilted Carrier in Rose lets your child carry their favourite doll close - on playtime adventures big and small. With padded straps and a soft, quilted finish in a gentle dusty pink, it’s as comfy as it is charming. Designed to fit most 34cm dolls, this mini carrier is just right for wearing on the front or back, and makes role play even more magical. Whether heading to the garden, the shops, or just the sofa, every journey feels more special with a little friend in tow.",Doll & Action Figure Accessories,24.9,Natural Baby Shower Ltd,64830,Toys,187,https://images2.productserve.com/?w=200&h=200&bg=white&trim=5&t=letterbox&url=ssl%3Acdn.shopify.com%2Fs%2Ffiles%2F1%2F0690%2F1977%2Ffiles%2Folli-ella-quilted-carrier-rose-flat.jpg%3Fv%3D1752711111&feedId=89138&k=95a0eedad10d395dc0fee1f7024f74cda98dd899,GBP,,,https://natural-baby-2.myshopify.com/products/olli-ella-dinkum-dolls-quilted-carrier-rose?variant=55616610304379,,,GBP24.90,89138,Olli Ella,1,https://cdn.shopify.com/s/files/1/0690/1977/files/olli-ella-quilted-carrier-rose-lifestyle.jpg?v=1752711112,https://cdn.shopify.com/s/files/1/0690/1977/files/olli-ella-quilted-carrier-rose-lifestyle-2.jpg?v=1752711113,,,,Baby Carrier & Sling
https://www.awin1.com/pclick.php?p=44188003090&a=2771700&m=64830,CYBEX Amya Baby Carrier - Almond Beige,44188003090,52114-55543,https://cdn.shopify.com/s/files/1/0690/1977/files/cybex-amya-baby-carrier-almond-beige-flat-3.jpg?v=1772699112,"From day one through toddlerhood, the CYBEX Amya Baby Carrier grows with your little one, making everyday adventures effortless and comfortable. Designed to self-adapt to your baby’s body, it offers four ergonomic carrying positions for ultimate flexibility while keeping your child close and secure. Breathable 3D mesh fabric ensures you both stay cool, while padded support encourages healthy hips and spine development. With clever one-click buckles, cushioned neck support, and posture-friendly lumbar padding, Amya makes carrying your baby safe, supportive, and stress-free - so you can focus on the moments that matter most.",Baby Carriers,124.95,Natural Baby Shower Ltd,64830,Children's Accessories,539,https://images2.productserve.com/?w=200&h=200&bg=white&trim=5&t=letterbox&url=ssl%3Acdn.shopify.com%2Fs%2Ffiles%2F1%2F0690%2F1977%2Ffiles%2Fcybex-amya-baby-carrier-almond-beige-flat-3.jpg%3Fv%3D1772699112&feedId=89138&k=ba3920fce6fabdf2a2eb7ad1b0db4d85e61c9fe7,GBP,,,https://natural-baby-2.myshopify.com/products/cybex-amya-baby-carrier-almond-beige?variant=56099729015163,,,GBP124.95,89138,Cybex,1,https://cdn.shopify.com/s/files/1/0690/1977/files/cybex-amya-baby-carrier-almond-beige-flat-2.jpg?v=1772757751,https://cdn.shopify.com/s/files/1/0690/1977/files/cybex-amya-baby-carrier-almond-beige-flat.jpg?v=1772757750,,,https://cdn.shopify.com/s/files/1/0690/1977/files/cybex-amya-baby-carrier-almond-beige-lifestyle-6.jpg?v=1772757751,Baby Carrier & Sling
https://www.awin1.com/pclick.php?p=36496686821&a=2771700&m=64830,Stokke® Sleepi™ V3 Mini Crib - White - No Mattress,36496686821,45674-WHT,https://cdn.shopify.com/s/files/1/0690/1977/files/stokke-sleepi-v3-mini-crib-white.jpg?v=1776293330,"The Stokke® Sleepi™ V3 Mini Crib in White creates a nest-like environment for your little one, helping them feel snug and secure. The soft oval design makes it a truly elegant addition to any nursery. The lockable swivel wheels allow you to rock your baby gently to sleep and makes the crib easy to move from room to room. At only 67 cm wide, it’s amazingly space-efficient, making it ideal for petite nurseries. The Stokke Sleepi concept has been developed with sound sleep and safety in mind. The Stokke® Sleepi™ V3 Mini Mattress is a high-quality, firm and breathable mattress that ensures the air can circulate and remove the carbon dioxide exhaled by the baby. This way, overheating is avoided. This is especially important when the little ones turn over onto their stomachs while sleeping and breathe into the mattress. The Sleepi Mini mattress is made with multiple layers of breathable 3D mesh with a Sorona Bicomponent Stretch fiber core to offer firmness, maximal airflow and to exceed the highest safety standards.",Mini Cribs,335,Natural Baby Shower Ltd,64830,,,https://images2.productserve.com/?w=200&h=200&bg=white&trim=5&t=letterbox&url=ssl%3Acdn.shopify.com%2Fs%2Ffiles%2F1%2F0690%2F1977%2Ffiles%2Fstokke-sleepi-v3-mini-crib-white.jpg%3Fv%3D1776293330&feedId=89138&k=061290c51c5306c4b5ccae5244fe2414d9d0e94f,GBP,,,https://natural-baby-2.myshopify.com/products/stokke-sleepi-v3-mini-crib-white?variant=40203505434702,,,GBP335.00,89138,Stokke,1,https://cdn.shopify.com/s/files/1/0690/1977/files/stokke-sleepi-mini-lifestyle-8.jpg?v=1776334586,https://cdn.shopify.com/s/files/1/0690/1977/files/stokke-sleepi-mini-lifestyle-6.jpg?v=1776264818,,,https://cdn.shopify.com/s/files/1/0690/1977/files/stokke-sleepi-mini-lifestyle-9.jpg?v=1776334586,Nappy Caddy
https://www.awin1.com/pclick.php?p=36496686820&a=2771700&m=64830,Stokke® Sleepi™ V3 Mini Crib - White - Stokke Sleepi Mini Mattress V3,36496686820,45674-WHT-M,https://cdn.shopify.com/s/files/1/0690/1977/files/stokke-sleepi-mini-white-v3-mattress-flat.jpg?v=1776293331,"The Stokke® Sleepi™ V3 Mini Crib in White creates a nest-like environment for your little one, helping them feel snug and secure. The soft oval design makes it a truly elegant addition to any nursery. The lockable swivel wheels allow you to rock your baby gently to sleep and makes the crib easy to move from room to room. At only 67 cm wide, it’s amazingly space-efficient, making it ideal for petite nurseries. The Stokke Sleepi concept has been developed with sound sleep and safety in mind. The Stokke® Sleepi™ V3 Mini Mattress is a high-quality, firm and breathable mattress that ensures the air can circulate and remove the carbon dioxide exhaled by the baby. This way, overheating is avoided. This is especially important when the little ones turn over onto their stomachs while sleeping and breathe into the mattress. The Sleepi Mini mattress is made with multiple layers of breathable 3D mesh with a Sorona Bicomponent Stretch fiber core to offer firmness, maximal airflow and to exceed the highest safety standards.",Mini Cribs,454,Natural Baby Shower Ltd,64830,,,https://images2.productserve.com/?w=200&h=200&bg=white&trim=5&t=letterbox&url=ssl%3Acdn.shopify.com%2Fs%2Ffiles%2F1%2F0690%2F1977%2Ffiles%2Fstokke-sleepi-mini-white-v3-mattress-flat.jpg%3Fv%3D1776293331&feedId=89138&k=ddcaeb717b337323bcba79b2259225bc9d0810e6,GBP,,,https://natural-baby-2.myshopify.com/products/stokke-sleepi-v3-mini-crib-white?variant=40203505467470,,,GBP454.00,89138,Stokke,1,https://cdn.shopify.com/s/files/1/0690/1977/files/stokke-sleepi-mini-lifestyle-8.jpg?v=1776334586,https://cdn.shopify.com/s/files/1/0690/1977/files/stokke-sleepi-mini-lifestyle-6.jpg?v=1776264818,,,https://cdn.shopify.com/s/files/1/0690/1977/files/stokke-sleepi-mini-lifestyle-9.jpg?v=1776334586,Nappy Caddy
https://www.awin1.com/pclick.php?p=37635284757&a=2771700&m=64830,ergoPouch Organic All Year Cocoon Swaddle Sleeping Bag - 1 Tog - Blue Dragonflies - 3-6m,37635284757,48824-22412,https://cdn.shopify.com/s/files/1/0690/1977/files/ergopouch-organic-all-year-coccon-swaddle-sleeping-bag-1-tog-dragonfly-flat.jpg?v=1727776956,The ergoPouch Cocoon Swaddle Bag 1.0 TOG in Dragonfly is designed to be both easy to use and difficult to escape from. The simple zip up design will help baby stay snug whilst being securely swaddled without the need for complicated wrapping.,Baby & Children's Sleepwear,27.16,Natural Baby Shower Ltd,64830,,,https://images2.productserve.com/?w=200&h=200&bg=white&trim=5&t=letterbox&url=ssl%3Acdn.shopify.com%2Fs%2Ffiles%2F1%2F0690%2F1977%2Ffiles%2Fergopouch-organic-all-year-coccon-swaddle-sleeping-bag-1-tog-dragonfly-flat.jpg%3Fv%3D1727776956&feedId=89138&k=51ace4cf7d636bb24a3c19f9c9a786f60ffccc52,GBP,,,https://natural-baby-2.myshopify.com/products/ergopouch-organic-all-year-cocoon-swaddle-sleeping-bag-1-tog-dragonfly?variant=40759734173774,,,GBP27.16,89138,ergoPouch,1,https://cdn.shopify.com/s/files/1/0690/1977/files/ergopouch-ergococoon-2-5-tog-sage-lifestyle-2.jpg?v=1778165280,https://cdn.shopify.com/s/files/1/0690/1977/files/ergopouch-ergococoon-2-5-tog-sage-lifestyle.jpg?v=1778165281,,,https://cdn.shopify.com/s/files/1/0690/1977/files/ergopouch-organic-winter-sleeping-bag-.3.5-3.jpg?v=1778161357,Swaddles
https://www.awin1.com/pclick.php?p=45482612889&a=2771700&m=64830,Elodie Details Comfort Footmuff - Black - Black / One Size,45482612889,52752-26002,https://cdn.shopify.com/s/files/1/0690/1977/files/elodie-details-comfort-footmuff-black-flat-3.jpg?v=1785889122,"Keep your little one warm, cosy and comfortable on every winter stroll with the Elodie Details Comfort Footmuff. Suitable from birth up to approximately 3 years, this beautifully designed footmuff is filled with a soft, down-like padding to provide comforting warmth through the colder months. Designed with everyday practicality in mind, the Comfort Footmuff features a universal fit that works with virtually all pushchairs, thanks to generous harness openings that accommodate 5-point harness systems. The curved back panel helps keep the footmuff securely in place while adding extra comfort for your child, whether they're sitting up to explore or drifting off to sleep. The wind- and water-repellent outer is treated with eco-friendly BIONIC-FINISH® ECO to help protect against the elements, while the easy-access zip and poppers allow you to adjust ventilation as the temperature changes. Made from durable, high-quality materials and designed to last through years of family adventures, it's a stylish essential you'll reach for winter after winter.",Stroller Footmuffs,99.9,Natural Baby Shower Ltd,64830,,,https://images2.productserve.com/?w=200&h=200&bg=white&trim=5&t=letterbox&url=ssl%3Acdn.shopify.com%2Fs%2Ffiles%2F1%2F0690%2F1977%2Ffiles%2Felodie-details-comfort-footmuff-black-flat-3.jpg%3Fv%3D1785889122&feedId=89138&k=512c002bb5025081165b135c233bef4a6d9ac032,GBP,,,https://natural-baby-2.myshopify.com/products/elodie-details-comfort-footmuff-black?variant=56364950520187,,,GBP99.90,89138,Elodie Details,1,https://cdn.shopify.com/s/files/1/0690/1977/files/elodie-details-comfort-footmuff-black-lifestyle.jpg?v=1785889124,https://cdn.shopify.com/s/files/1/0690/1977/files/elodie-details-comfort-footmuff-black-flat-2.jpg?v=1785889124,,,https://cdn.shopify.com/s/files/1/0690/1977/files/elodie-details-comfort-footmuff-black-flat.jpg?v=1785889126,Pram Footmuff
https://www.awin1.com/pclick.php?p=45482612890&a=2771700&m=64830,Elodie Details Comfort Footmuff - Leopard - Leopard / One Size,45482612890,52752-26019,https://cdn.shopify.com/s/files/1/0690/1977/files/elodie-details-comfort-footmuff-leopard-flat-3.jpg?v=1785889127,"Keep your little one warm, cosy and comfortable on every winter stroll with the Elodie Details Comfort Footmuff. Suitable from birth up to approximately 3 years, this beautifully designed footmuff is filled with a soft, down-like padding to provide comforting warmth through the colder months. Designed with everyday practicality in mind, the Comfort Footmuff features a universal fit that works with virtually all pushchairs, thanks to generous harness openings that accommodate 5-point harness systems. The curved back panel helps keep the footmuff securely in place while adding extra comfort for your child, whether they're sitting up to explore or drifting off to sleep. The wind- and water-repellent outer is treated with eco-friendly BIONIC-FINISH® ECO to help protect against the elements, while the easy-access zip and poppers allow you to adjust ventilation as the temperature changes. Made from durable, high-quality materials and designed to last through years of family adventures, it's a stylish essential you'll reach for winter after winter.",Stroller Footmuffs,99.9,Natural Baby Shower Ltd,64830,,,https://images2.productserve.com/?w=200&h=200&bg=white&trim=5&t=letterbox&url=ssl%3Acdn.shopify.com%2Fs%2Ffiles%2F1%2F0690%2F1977%2Ffiles%2Felodie-details-comfort-footmuff-leopard-flat-3.jpg%3Fv%3D1785889127&feedId=89138&k=504052d89b4e13c3a35a0d17b4970bd34b62f20e,GBP,,,https://natural-baby-2.myshopify.com/products/elodie-details-comfort-footmuff-leopard?variant=56364950552955,,,GBP99.90,89138,Elodie Details,1,https://cdn.shopify.com/s/files/1/0690/1977/files/elodie-details-comfort-footmuff-leopard-lifestyle-3.jpg?v=1785889128,https://cdn.shopify.com/s/files/1/0690/1977/files/elodie-details-comfort-footmuff-leopard-lifestyle.jpg?v=1785889129,,,https://cdn.shopify.com/s/files/1/0690/1977/files/elodie-details-comfort-footmuff-leopard-lifestyle-2.jpg?v=1785889130,Pram Footmuff
https://www.awin1.com/pclick.php?p=45482612891&a=2771700&m=64830,Elodie Details Comfort Footmuff - Blueberry Bliss - Blueberry Bliss / One Size,45482612891,52752-25999,https://cdn.shopify.com/s/files/1/0690/1977/files/elodie-details-comfort-footmuff-bleberry-bliss-flat-3.jpg?v=1785889134,"Keep your little one warm, cosy and comfortable on every winter stroll with the Elodie Details Comfort Footmuff. Suitable from birth up to approximately 3 years, this beautifully designed footmuff is filled with a soft, down-like padding to provide comforting warmth through the colder months. Designed with everyday practicality in mind, the Comfort Footmuff features a universal fit that works with virtually all pushchairs, thanks to generous harness openings that accommodate 5-point harness systems. The curved back panel helps keep the footmuff securely in place while adding extra comfort for your child, whether they're sitting up to explore or drifting off to sleep. The wind- and water-repellent outer is treated with eco-friendly BIONIC-FINISH® ECO to help protect against the elements, while the easy-access zip and poppers allow you to adjust ventilation as the temperature changes. Made from durable, high-quality materials and designed to last through years of family adventures, it's a stylish essential you'll reach for winter after winter.",Stroller Footmuffs,99.9,Natural Baby Shower Ltd,64830,,,https://images2.productserve.com/?w=200&h=200&bg=white&trim=5&t=letterbox&url=ssl%3Acdn.shopify.com%2Fs%2Ffiles%2F1%2F0690%2F1977%2Ffiles%2Felodie-details-comfort-footmuff-bleberry-bliss-flat-3.jpg%3Fv%3D1785889134&feedId=89138&k=dd28e6f02e06c09ea5d1c9d1d339e5d0f855da23,GBP,,,https://natural-baby-2.myshopify.com/products/elodie-details-comfort-footmuff-blueberry-bliss?variant=56364950585723,,,GBP99.90,89138,Elodie Details,1,https://cdn.shopify.com/s/files/1/0690/1977/files/elodie-details-comfort-footmuff-bleberry-bliss-lifestyle-5.jpg?v=1785889134,https://cdn.shopify.com/s/files/1/0690/1977/files/elodie-details-comfort-footmuff-bleberry-bliss-lifestyle.jpg?v=1785889135,,,https://cdn.shopify.com/s/files/1/0690/1977/files/elodie-details-comfort-footmuff-bleberry-bliss-lifestyle-6.jpg?v=1785889137,Pram Footmuff
https://www.awin1.com/pclick.php?p=45482612892&a=2771700&m=64830,Elodie Details Mittens - Leopard - Leopard / 0-12m,45482612892,52753-25975,https://cdn.shopify.com/s/files/1/0690/1977/files/elodie-details-mittens-leopard-flat.jpg?v=1785889142,"Keep little hands warm on every winter adventure with the Elodie Details Mittens in Leopard. Specially designed for babies from birth to 12 months, these cosy mittens combine soft warmth with practical features to make chilly days more comfortable. Made from recycled materials with a padded lining, they provide gentle insulation for delicate hands, while the soft elasticated openings ensure a secure, comfortable fit without feeling restrictive. A clever safety cord threads through your little one's coat sleeves to help keep the mittens together and reduce the chance of them getting lost. Finished in Elodie Details' iconic Leopard print, they're a stylish cold-weather essential for everyday outings.",Baby & Children's Gloves & Mittens,29.9,Natural Baby Shower Ltd,64830,,,https://images2.productserve.com/?w=200&h=200&bg=white&trim=5&t=letterbox&url=ssl%3Acdn.shopify.com%2Fs%2Ffiles%2F1%2F0690%2F1977%2Ffiles%2Felodie-details-mittens-leopard-flat.jpg%3Fv%3D1785889142&feedId=89138&k=73f8f0189f8f0c76d3375ae7db00d81469511770,GBP,,,https://natural-baby-2.myshopify.com/products/elodie-details-mittens-0-12-months-leopard?variant=56364950618491,,,GBP29.90,89138,Elodie Details,1,https://cdn.shopify.com/s/files/1/0690/1977/files/elodie-details-mittens-leopard-lifestyle-3.jpg?v=1785889143,https://cdn.shopify.com/s/files/1/0690/1977/files/elodie-details-mittens-leopard-lifestyle.jpg?v=1785889144,,,https://cdn.shopify.com/s/files/1/0690/1977/files/elodie-details-mittens-leopard-lifestyle-2.jpg?v=1785889145,Mittens
https://www.awin1.com/pclick.php?p=43697604248&a=2771700&m=64830,UPPAbaby VISTA V3 Pushchair + Accessory Pack Bundle - Evelyn,43697604248,51148-12282-AP-BUNDLE,https://cdn.shopify.com/s/files/1/0690/1977/files/uppababy-vista-accessory-pack-evelyn-flat.jpg?v=1768518705,"Meet the UPPAbaby VISTA V3, now beautifully paired with the UPPAbaby Accessory Pack - a complete pushchair solution designed to grow with your family, from the very first days and well beyond. Exceptionally versatile, the VISTA V3 adapts effortlessly from newborn to toddler and beyond, offering smooth manoeuvrability and premium comfort at every stage. The included Carrycot provides a safe, breathable space for newborn naps on the go and is approved for overnight sleep, making it perfect for both strolls and rest at home. As your child grows, the All-Weather Comfort Toddler Seat offers both parent- and forward-facing positions, with a multi-position recline and seasonal seat liners that adapt to changing temperatures. UPF 50+ extendable canopies with ventilation panels help shield little ones from sun, wind and rain, while ensuring fresh air flows freely. The included UPPAbaby Accessory Pack adds thoughtful comfort for every season. The CozyGanoosh Footmuff keeps your child snug during colder months, the CozyHandmuffs ensure warm hands for parents, the Changing Backpack keeps essentials organised on or off the stroller, and the Cup Holder keeps drinks close at hand. Built for confidence on any terrain, the VISTA V3 features enhanced FlexRide suspension, never-flat tyres and dual-spring technology for a smooth, stable ride - whether strolling with one child or expanding to accommodate siblings. A generous under-seat basket, one-step fold and easy one-handed adjustments make everyday outings feel effortless. From newborn naps to busy family adventures, this beautifully considered bundle offers comfort, flexibility and timeless design - supporting your family through every season and stage.",Baby Strollers,1199.99,Natural Baby Shower Ltd,64830,Baby Products,599,https://images2.productserve.com/?w=200&h=200&bg=white&trim=5&t=letterbox&url=ssl%3Acdn.shopify.com%2Fs%2Ffiles%2F1%2F0690%2F1977%2Ffiles%2Fuppababy-vista-accessory-pack-evelyn-flat.jpg%3Fv%3D1768518705&feedId=89138&k=2d54dd30db21427539ecbdd63c1b780516d12777,GBP,,,https://natural-baby-2.myshopify.com/products/uppababy-vista-v3-pushchair-accessory-pack-bundle?variant=56020188037499,,,GBP1199.99,89138,Uppababy,1,https://cdn.shopify.com/s/files/1/0690/1977/files/uppababy-vista-v3-pushchair-accessory-pack-bundle-james-flat.jpg?v=1785320289,https://cdn.shopify.com/s/files/1/0690/1977/files/uppababy-vista-accessory-pack-evelyn-flat.jpg?v=1768518705,,,https://cdn.shopify.com/s/files/1/0690/1977/files/uppababy-vista-accessory-pack-owen-flat.jpg?v=1768518704,Pram & Pushchair
https://www.awin1.com/pclick.php?p=43697604247&a=2771700&m=64830,UPPAbaby VISTA V3 Pushchair + Accessory Pack Bundle - Owen,43697604247,51148-12305-AP-BUNDLE,https://cdn.shopify.com/s/files/1/0690/1977/files/uppababy-vista-accessory-pack-owen-flat.jpg?v=1768518704,"Meet the UPPAbaby VISTA V3, now beautifully paired with the UPPAbaby Accessory Pack - a complete pushchair solution designed to grow with your family, from the very first days and well beyond. Exceptionally versatile, the VISTA V3 adapts effortlessly from newborn to toddler and beyond, offering smooth manoeuvrability and premium comfort at every stage. The included Carrycot provides a safe, breathable space for newborn naps on the go and is approved for overnight sleep, making it perfect for both strolls and rest at home. As your child grows, the All-Weather Comfort Toddler Seat offers both parent- and forward-facing positions, with a multi-position recline and seasonal seat liners that adapt to changing temperatures. UPF 50+ extendable canopies with ventilation panels help shield little ones from sun, wind and rain, while ensuring fresh air flows freely. The included UPPAbaby Accessory Pack adds thoughtful comfort for every season. The CozyGanoosh Footmuff keeps your child snug during colder months, the CozyHandmuffs ensure warm hands for parents, the Changing Backpack keeps essentials organised on or off the stroller, and the Cup Holder keeps drinks close at hand. Built for confidence on any terrain, the VISTA V3 features enhanced FlexRide suspension, never-flat tyres and dual-spring technology for a smooth, stable ride - whether strolling with one child or expanding to accommodate siblings. A generous under-seat basket, one-step fold and easy one-handed adjustments make everyday outings feel effortless. From newborn naps to busy family adventures, this beautifully considered bundle offers comfort, flexibility and timeless design - supporting your family through every season and stage.",Baby Strollers,1199.99,Natural Baby Shower Ltd,64830,Baby Products,599,https://images2.productserve.com/?w=200&h=200&bg=white&trim=5&t=letterbox&url=ssl%3Acdn.shopify.com%2Fs%2Ffiles%2F1%2F0690%2F1977%2Ffiles%2Fuppababy-vista-accessory-pack-owen-flat.jpg%3Fv%3D1768518704&feedId=89138&k=9dade5c5a9e090900dad651ccd88daef9caa33ff,GBP,,,https://natural-baby-2.myshopify.com/products/uppababy-vista-v3-pushchair-accessory-pack-bundle?variant=56020187054459,,,GBP1199.99,89138,Uppababy,1,https://cdn.shopify.com/s/files/1/0690/1977/files/uppababy-vista-v3-pushchair-accessory-pack-bundle-james-flat.jpg?v=1785320289,https://cdn.shopify.com/s/files/1/0690/1977/files/uppababy-vista-accessory-pack-evelyn-flat.jpg?v=1768518705,,,https://cdn.shopify.com/s/files/1/0690/1977/files/uppababy-vista-accessory-pack-owen-flat.jpg?v=1768518704,Pram & Pushchair
https://www.awin1.com/pclick.php?p=44127262126&a=2771700&m=64830,CuddleCo Clara Wide 6 Draw Dresser Changer - Cashmere/Ash,44127262126,51941-55852,https://cdn.shopify.com/s/files/1/0690/1977/files/cuddleco-clara-luxe-dresser-changer-cashmere-ash-flat.jpg?v=1769643209,"The CuddleCo Clara 6 Drawer Dresser Changer combines timeless style with practical nursery storage. With six spacious drawers and a removable changing top, it keeps nappies, clothing, and everyday essentials organised while supporting daily routines. When your baby outgrows the changing area, the dresser transitions seamlessly into a standalone unit, offering long-term storage for bedrooms or nurseries. Its classic finish pairs beautifully with the Clara furniture range or can be used on its own.",Changing Tables,499,Natural Baby Shower Ltd,64830,Baby Products,599,https://images2.productserve.com/?w=200&h=200&bg=white&trim=5&t=letterbox&url=ssl%3Acdn.shopify.com%2Fs%2Ffiles%2F1%2F0690%2F1977%2Ffiles%2Fcuddleco-clara-luxe-dresser-changer-cashmere-ash-flat.jpg%3Fv%3D1769643209&feedId=89138&k=e5ef126be0fc786b5aa75901a357fe7024637a3b,GBP,,,https://natural-baby-2.myshopify.com/products/cuddleco-clara-wide-6-draw-dresser-changer-cashmere-ash?variant=56031185666427,,,GBP499.00,89138,CuddleCo,1,https://cdn.shopify.com/s/files/1/0690/1977/files/cuddleco-clara-luxe-dresser-changer-cashmere-ash-lifestyle-3.jpg?v=1769643211,https://cdn.shopify.com/s/files/1/0690/1977/files/cuddleco-clara-luxe-dresser-changer-cashmere-ash-lifestyle-2.jpg?v=1769643213,,,https://cdn.shopify.com/s/files/1/0690/1977/files/cuddleco-clara-luxe-dresser-changer-cashmere-ash-lifestyle.jpg?v=1769643213,Nursery Furniture Piece
https://www.awin1.com/pclick.php?p=44242017856&a=2771700&m=64830,Mama Shack Anti Roll Wedge Changing Mat - Greige Gingham,44242017856,52139-67008,https://cdn.shopify.com/s/files/1/0690/1977/files/mama-shack-gingham-antil-roll-greig-gingham-flat.jpg?v=1773740903,"Thoughtfully crafted to keep your baby snug and supported during changes, the Mama Shack Anti-Roll Changing Mat combines comfort with practicality. Designed with a gentle incline, it helps prevent rolling, offering extra peace of mind while you change your baby. The waterproof, wipe-clean surface makes everyday clean-ups effortless, so you can spend less time tidying and more time soaking up those precious newborn cuddles.",Changing Mats & Trays,30,Natural Baby Shower Ltd,64830,Baby Products,599,https://images2.productserve.com/?w=200&h=200&bg=white&trim=5&t=letterbox&url=ssl%3Acdn.shopify.com%2Fs%2Ffiles%2F1%2F0690%2F1977%2Ffiles%2Fmama-shack-gingham-antil-roll-greig-gingham-flat.jpg%3Fv%3D1773740903&feedId=89138&k=40d17a468b87ba796f3e1570f7f50af6d4bb295b,GBP,,,https://natural-baby-2.myshopify.com/products/mama-shack-anti-roll-wedge-changing-mat-greige-gingham?variant=56120219763067,,,GBP30.00,89138,Mama Shack,1,https://cdn.shopify.com/s/files/1/0690/1977/files/mama-shack-gingham-antil-roll-greig-gingham-lifestyle-3.jpg?v=1773740920,https://cdn.shopify.com/s/files/1/0690/1977/files/mama-shack-gingham-antil-roll-greig-gingham-lifestyle.jpg?v=1773740920,,,https://cdn.shopify.com/s/files/1/0690/1977/files/mama-shack-gingham-antil-roll-greig-gingham-lifestyle-2.jpg?v=1773740920,Changing Mat
https://www.awin1.com/pclick.php?p=44139115587&a=2771700&m=64830,Gaia Baby Dual Fibre Cot Bed Eos Mattress (140 x 70cm) - White,44139115587,52143-46530,https://cdn.shopify.com/s/files/1/0690/1977/files/gaia-baby-dual-fibre-cot-bed-eos-mattress-flat.jpg?v=1772614709,"Designed to support safer, more comfortable sleep from newborn through to toddlerhood, the Gaia Baby Dual Fibre Cot Bed Eos Mattress offers clever, dual-stage support in one thoughtfully designed mattress. Featuring an ultra-breathable 3D spacer mesh sleep surface and a dual-density, foam-free recycled fibre core, it provides a firmer side for newborns and a slightly softer side for growing toddlers. The breathable construction helps regulate temperature by allowing heat and moisture to escape, creating a fresher, more comfortable sleep space. A zip-off, waterproof cover makes life easier for busy parents - simply remove and machine wash at 40°C. Tested and certified to BS EN 16890 and perfectly sized for standard cot beds (140 x 70cm), it’s designed to pair seamlessly with the Gaia Baby Eos Cot Bed.",Mattresses,99.95,Natural Baby Shower Ltd,64830,Mattresses,453,https://images2.productserve.com/?w=200&h=200&bg=white&trim=5&t=letterbox&url=ssl%3Acdn.shopify.com%2Fs%2Ffiles%2F1%2F0690%2F1977%2Ffiles%2Fgaia-baby-dual-fibre-cot-bed-eos-mattress-flat.jpg%3Fv%3D1772614709&feedId=89138&k=2b5b0d6f93088eda71aa77fe3ca11547519c0e03,GBP,,,https://natural-baby-2.myshopify.com/products/gaia-baby-dual-fibre-cot-bed-eos-mattress-140-x-70cm-white?variant=56124155298171,,,GBP99.95,89138,Gaia Baby,1,https://cdn.shopify.com/s/files/1/0690/1977/files/gaia-baby-dual-fibre-cot-bed-eos-mattress-flat-3.jpg?v=1772688525,https://cdn.shopify.com/s/files/1/0690/1977/files/gaia-baby-dual-fibre-cot-bed-eos-mattress-flat-2.jpg?v=1772614716,,,https://cdn.shopify.com/s/files/1/0690/1977/files/gaia-baby-dual-fibre-cot-bed-eos-mattress-flat-4.jpg?v=1772688528,Cot Mattress
https://www.awin1.com/pclick.php?p=44261071572&a=2771700&m=64830,Silver Cross Cove + Go Beyond 2 Travel System - Champagne,44261071572,50563-32662-GB2,https://cdn.shopify.com/s/files/1/0690/1977/files/silver-cross-cove-go-beyond-2-travel-system-flat.jpg?v=1773961846,"Step out with confidence and style with the Silver Cross Cove + BeSafe Go Beyond 2 Travel System Bundle - the ultimate all-in-one solution for newborns and growing babies. Thoughtfully designed for comfort, safety, and everyday convenience, this bundle makes every outing a joy. The Cove pushchair offers a smooth, gentle ride with one-hand steering, soft suspension, and a clever elevation system that brings your little one closer for easy check-ins and bonding. Coordinated accessories - from rain cover to footmuff - ensure you’re ready for anything from day one. Paired with the BeSafe Go Beyond 2 car seat, your baby enjoys safe, supported travel in the car or on the stroller, with the revolutionary Active Lay Flat™ system, advanced side-impact protection, and breathable, spine-friendly fabrics. Together, this bundle gives parents peace of mind, flexibility, and comfort - whether you’re strolling in the park, hopping in the car, or traveling the world.",Travel Systems,1186.24,Natural Baby Shower Ltd,64830,Baby Products,599,https://images2.productserve.com/?w=200&h=200&bg=white&trim=5&t=letterbox&url=ssl%3Acdn.shopify.com%2Fs%2Ffiles%2F1%2F0690%2F1977%2Ffiles%2Fsilver-cross-cove-go-beyond-2-travel-system-flat.jpg%3Fv%3D1773961846&feedId=89138&k=09e75dffe528d31e9115982bed0e698630395a5a,GBP,,,https://natural-baby-2.myshopify.com/products/silver-cross-cove-go-beyond-2-travel-system?variant=56151068213627,,,GBP1186.24,89138,Silver Cross,1,https://cdn.shopify.com/s/files/1/0690/1977/files/silver-cross-cove-pushchair-accessory-bundle-onyx-lifestyle-2_f47a5f3e-bebd-46d2-b623-dec3778e7808.jpg?v=1773922755,https://cdn.shopify.com/s/files/1/0690/1977/files/silver-cross-cove-pushchair-accessory-bundle-onyx-flat-6_c97a6643-77af-4f8e-af7b-e58aa6d565c4.jpg?v=1773922755,,,https://cdn.shopify.com/s/files/1/0690/1977/files/silver-cross-cove-pushchair-accessory-bundle-onyx-lifestyle_500ff907-15f6-4a3f-a98b-f1179a63828b.jpg?v=1773922755,Travel Bundle
https://www.awin1.com/pclick.php?p=44261071573&a=2771700&m=64830,Silver Cross Cove + Go Beyond 2 Travel System - Damson,44261071573,50563-32679-GB2,https://cdn.shopify.com/s/files/1/0690/1977/files/silver-cross-cove-go-beyond-2-travel-system-flat-5.jpg?v=1773961847,"Step out with confidence and style with the Silver Cross Cove + BeSafe Go Beyond 2 Travel System Bundle - the ultimate all-in-one solution for newborns and growing babies. Thoughtfully designed for comfort, safety, and everyday convenience, this bundle makes every outing a joy. The Cove pushchair offers a smooth, gentle ride with one-hand steering, soft suspension, and a clever elevation system that brings your little one closer for easy check-ins and bonding. Coordinated accessories - from rain cover to footmuff - ensure you’re ready for anything from day one. Paired with the BeSafe Go Beyond 2 car seat, your baby enjoys safe, supported travel in the car or on the stroller, with the revolutionary Active Lay Flat™ system, advanced side-impact protection, and breathable, spine-friendly fabrics. Together, this bundle gives parents peace of mind, flexibility, and comfort - whether you’re strolling in the park, hopping in the car, or traveling the world.",Travel Systems,1163.36,Natural Baby Shower Ltd,64830,Baby Products,599,https://images2.productserve.com/?w=200&h=200&bg=white&trim=5&t=letterbox&url=ssl%3Acdn.shopify.com%2Fs%2Ffiles%2F1%2F0690%2F1977%2Ffiles%2Fsilver-cross-cove-go-beyond-2-travel-system-flat-5.jpg%3Fv%3D1773961847&feedId=89138&k=1d8a5b6b37bda6f782de610573dcef250abb6062,GBP,,,https://natural-baby-2.myshopify.com/products/silver-cross-cove-go-beyond-2-travel-system?variant=56151068246395,,,GBP1163.36,89138,Silver Cross,1,https://cdn.shopify.com/s/files/1/0690/1977/files/silver-cross-cove-pushchair-accessory-bundle-onyx-lifestyle-2_f47a5f3e-bebd-46d2-b623-dec3778e7808.jpg?v=1773922755,https://cdn.shopify.com/s/files/1/0690/1977/files/silver-cross-cove-pushchair-accessory-bundle-onyx-flat-6_c97a6643-77af-4f8e-af7b-e58aa6d565c4.jpg?v=1773922755,,,https://cdn.shopify.com/s/files/1/0690/1977/files/silver-cross-cove-pushchair-accessory-bundle-onyx-lifestyle_500ff907-15f6-4a3f-a98b-f1179a63828b.jpg?v=1773922755,Travel Bundle
https://www.awin1.com/pclick.php?p=44261071575&a=2771700&m=64830,Silver Cross Cove + Go Beyond 2 Travel System - Onyx,44261071575,50563-32693-GB2,https://cdn.shopify.com/s/files/1/0690/1977/files/silver-cross-cove-go-beyond-2-travel-system-flat-4.jpg?v=1773961849,"Step out with confidence and style with the Silver Cross Cove + BeSafe Go Beyond 2 Travel System Bundle - the ultimate all-in-one solution for newborns and growing babies. Thoughtfully designed for comfort, safety, and everyday convenience, this bundle makes every outing a joy. The Cove pushchair offers a smooth, gentle ride with one-hand steering, soft suspension, and a clever elevation system that brings your little one closer for easy check-ins and bonding. Coordinated accessories - from rain cover to footmuff - ensure you’re ready for anything from day one. Paired with the BeSafe Go Beyond 2 car seat, your baby enjoys safe, supported travel in the car or on the stroller, with the revolutionary Active Lay Flat™ system, advanced side-impact protection, and breathable, spine-friendly fabrics. Together, this bundle gives parents peace of mind, flexibility, and comfort - whether you’re strolling in the park, hopping in the car, or traveling the world.",Travel Systems,1186.24,Natural Baby Shower Ltd,64830,Baby Products,599,https://images2.productserve.com/?w=200&h=200&bg=white&trim=5&t=letterbox&url=ssl%3Acdn.shopify.com%2Fs%2Ffiles%2F1%2F0690%2F1977%2Ffiles%2Fsilver-cross-cove-go-beyond-2-travel-system-flat-4.jpg%3Fv%3D1773961849&feedId=89138&k=246b14b51f35a650ac2afbdf7957c9a6e92f2e7d,GBP,,,https://natural-baby-2.myshopify.com/products/silver-cross-cove-go-beyond-2-travel-system?variant=56151068311931,,,GBP1186.24,89138,Silver Cross,1,https://cdn.shopify.com/s/files/1/0690/1977/files/silver-cross-cove-pushchair-accessory-bundle-onyx-lifestyle-2_f47a5f3e-bebd-46d2-b623-dec3778e7808.jpg?v=1773922755,https://cdn.shopify.com/s/files/1/0690/1977/files/silver-cross-cove-pushchair-accessory-bundle-onyx-flat-6_c97a6643-77af-4f8e-af7b-e58aa6d565c4.jpg?v=1773922755,,,https://cdn.shopify.com/s/files/1/0690/1977/files/silver-cross-cove-pushchair-accessory-bundle-onyx-lifestyle_500ff907-15f6-4a3f-a98b-f1179a63828b.jpg?v=1773922755,Travel Bundle
https://www.awin1.com/pclick.php?p=44261071576&a=2771700&m=64830,Silver Cross Cove + Go Beyond 2 Travel System - Pewter,44261071576,50563-32709-GB2,https://cdn.shopify.com/s/files/1/0690/1977/files/silver-cross-cove-go-beyond-2-travel-system-flat-3.jpg?v=1773961845,"Step out with confidence and style with the Silver Cross Cove + BeSafe Go Beyond 2 Travel System Bundle - the ultimate all-in-one solution for newborns and growing babies. Thoughtfully designed for comfort, safety, and everyday convenience, this bundle makes every outing a joy. The Cove pushchair offers a smooth, gentle ride with one-hand steering, soft suspension, and a clever elevation system that brings your little one closer for easy check-ins and bonding. Coordinated accessories - from rain cover to footmuff - ensure you’re ready for anything from day one. Paired with the BeSafe Go Beyond 2 car seat, your baby enjoys safe, supported travel in the car or on the stroller, with the revolutionary Active Lay Flat™ system, advanced side-impact protection, and breathable, spine-friendly fabrics. Together, this bundle gives parents peace of mind, flexibility, and comfort - whether you’re strolling in the park, hopping in the car, or traveling the world.",Travel Systems,1186.24,Natural Baby Shower Ltd,64830,Baby Products,599,https://images2.productserve.com/?w=200&h=200&bg=white&trim=5&t=letterbox&url=ssl%3Acdn.shopify.com%2Fs%2Ffiles%2F1%2F0690%2F1977%2Ffiles%2Fsilver-cross-cove-go-beyond-2-travel-system-flat-3.jpg%3Fv%3D1773961845&feedId=89138&k=acc528084cfa23e96d9411fcae8d757ba882c7a3,GBP,,,https://natural-baby-2.myshopify.com/products/silver-cross-cove-go-beyond-2-travel-system?variant=56151068344699,,,GBP1186.24,89138,Silver Cross,1,https://cdn.shopify.com/s/files/1/0690/1977/files/silver-cross-cove-pushchair-accessory-bundle-onyx-lifestyle-2_f47a5f3e-bebd-46d2-b623-dec3778e7808.jpg?v=1773922755,https://cdn.shopify.com/s/files/1/0690/1977/files/silver-cross-cove-pushchair-accessory-bundle-onyx-flat-6_c97a6643-77af-4f8e-af7b-e58aa6d565c4.jpg?v=1773922755,,,https://cdn.shopify.com/s/files/1/0690/1977/files/silver-cross-cove-pushchair-accessory-bundle-onyx-lifestyle_500ff907-15f6-4a3f-a98b-f1179a63828b.jpg?v=1773922755,Travel Bundle
https://www.awin1.com/pclick.php?p=44323814787&a=2771700&m=64830,CYBEX PRIAM Single Pushchair - Style - Coconut Brown / Chrome Brown / Without Carrycot,44323814787,52136-90148-CB-CB-NC-PRIAM,https://cdn.shopify.com/s/files/1/0690/1977/files/cybex-priam-cozy-beige-chrome-brown-flat.jpg?v=1774394779,"The CYBEX PRIAM Single Pushchair - Style is a premium pushchair for parents who want everyday ease with a polished finish. Designed from birth to toddlerhood, it blends timeless CYBEX style with the flexibility busy family life needs.It brings together vegan leather trims, elegant stitching, a reversible seat, all-wheel suspension, a one-hand fold and a one-pull harness. Add the optional Priam Fold Lux Carry Cot or a compatible CYBEX infant car seat and you have a travel system ready pushchair that can grow with your child.From town trips to countryside paths, the Priam helps outings feel smoother and more comfortable. The large wheels and suspension support an easy ride, while the adjustable leg rest gives your little one a more settled seat as they grow.With more than 25 years of CYBEX innovation behind it, this is a pushchair made to last. At Natural Baby Shower, we love pieces that balance safety, style and practical everyday use, and the Priam does exactly that.",Baby Strollers,929.9,Natural Baby Shower Ltd,64830,Baby Products,599,https://images2.productserve.com/?w=200&h=200&bg=white&trim=5&t=letterbox&url=ssl%3Acdn.shopify.com%2Fs%2Ffiles%2F1%2F0690%2F1977%2Ffiles%2Fcybex-priam-cozy-beige-chrome-brown-flat.jpg%3Fv%3D1774394779&feedId=89138&k=adcf6c182624fb0f453a8f653f159da1dd734ebe,GBP,,,https://natural-baby-2.myshopify.com/products/cybex-priam-single-pushchair?variant=56166387876219,,,GBP929.90,89138,Cybex,1,https://cdn.shopify.com/s/files/1/0690/1977/files/cybex-priam-lifestyle.jpg?v=1775575215,https://cdn.shopify.com/s/files/1/0690/1977/files/cybex-priam-folding-carrycot-flat-2.jpg?v=1782366436,,,https://cdn.shopify.com/s/files/1/0690/1977/files/cybex-priam-sepia-black-chrome-brown-flat.jpg?v=1775575215,Pram & Pushchair
https://www.awin1.com/pclick.php?p=44323814788&a=2771700&m=64830,CYBEX PRIAM Single Pushchair - Style - Coconut Brown / Chrome Brown / With Carrycot,44323814788,52136-90148-CB-CB-CC-PRIAM,https://cdn.shopify.com/s/files/1/0690/1977/files/cybex-priam-cozy-beige-chrome-brown-flat.jpg?v=1774394779,"The CYBEX PRIAM Single Pushchair - Style is a premium pushchair for parents who want everyday ease with a polished finish. Designed from birth to toddlerhood, it blends timeless CYBEX style with the flexibility busy family life needs.It brings together vegan leather trims, elegant stitching, a reversible seat, all-wheel suspension, a one-hand fold and a one-pull harness. Add the optional Priam Fold Lux Carry Cot or a compatible CYBEX infant car seat and you have a travel system ready pushchair that can grow with your child.From town trips to countryside paths, the Priam helps outings feel smoother and more comfortable. The large wheels and suspension support an easy ride, while the adjustable leg rest gives your little one a more settled seat as they grow.With more than 25 years of CYBEX innovation behind it, this is a pushchair made to last. At Natural Baby Shower, we love pieces that balance safety, style and practical everyday use, and the Priam does exactly that.",Baby Strollers,1339.85,Natural Baby Shower Ltd,64830,Baby Products,599,https://images2.productserve.com/?w=200&h=200&bg=white&trim=5&t=letterbox&url=ssl%3Acdn.shopify.com%2Fs%2Ffiles%2F1%2F0690%2F1977%2Ffiles%2Fcybex-priam-cozy-beige-chrome-brown-flat.jpg%3Fv%3D1774394779&feedId=89138&k=adcf6c182624fb0f453a8f653f159da1dd734ebe,GBP,,,https://natural-baby-2.myshopify.com/products/cybex-priam-single-pushchair?variant=56166387908987,,,GBP1339.85,89138,Cybex,1,https://cdn.shopify.com/s/files/1/0690/1977/files/cybex-priam-lifestyle.jpg?v=1775575215,https://cdn.shopify.com/s/files/1/0690/1977/files/cybex-priam-folding-carrycot-flat-2.jpg?v=1782366436,,,https://cdn.shopify.com/s/files/1/0690/1977/files/cybex-priam-sepia-black-chrome-brown-flat.jpg?v=1775575215,Pram & Pushchair
https://www.awin1.com/pclick.php?p=44323814789&a=2771700&m=64830,CYBEX PRIAM Single Pushchair - Style - Coconut Brown / Matt Black / Without Carrycot,44323814789,52136-90148-CB-MB-NC-PRIAM,https://cdn.shopify.com/s/files/1/0690/1977/files/cybex-priam-cozy-beige-chrome-brown-flat.jpg?v=1774394779,"The CYBEX PRIAM Single Pushchair - Style is a premium pushchair for parents who want everyday ease with a polished finish. Designed from birth to toddlerhood, it blends timeless CYBEX style with the flexibility busy family life needs.It brings together vegan leather trims, elegant stitching, a reversible seat, all-wheel suspension, a one-hand fold and a one-pull harness. Add the optional Priam Fold Lux Carry Cot or a compatible CYBEX infant car seat and you have a travel system ready pushchair that can grow with your child.From town trips to countryside paths, the Priam helps outings feel smoother and more comfortable. The large wheels and suspension support an easy ride, while the adjustable leg rest gives your little one a more settled seat as they grow.With more than 25 years of CYBEX innovation behind it, this is a pushchair made to last. At Natural Baby Shower, we love pieces that balance safety, style and practical everyday use, and the Priam does exactly that.",Baby Strollers,929.9,Natural Baby Shower Ltd,64830,Baby Products,599,https://images2.productserve.com/?w=200&h=200&bg=white&trim=5&t=letterbox&url=ssl%3Acdn.shopify.com%2Fs%2Ffiles%2F1%2F0690%2F1977%2Ffiles%2Fcybex-priam-cozy-beige-chrome-brown-flat.jpg%3Fv%3D1774394779&feedId=89138&k=adcf6c182624fb0f453a8f653f159da1dd734ebe,GBP,,,https://natural-baby-2.myshopify.com/products/cybex-priam-single-pushchair?variant=56166387941755,,,GBP929.90,89138,Cybex,1,https://cdn.shopify.com/s/files/1/0690/1977/files/cybex-priam-lifestyle.jpg?v=1775575215,https://cdn.shopify.com/s/files/1/0690/1977/files/cybex-priam-folding-carrycot-flat-2.jpg?v=1782366436,,,https://cdn.shopify.com/s/files/1/0690/1977/files/cybex-priam-sepia-black-chrome-brown-flat.jpg?v=1775575215,Pram & Pushchair
https://www.awin1.com/pclick.php?p=44323814790&a=2771700&m=64830,CYBEX PRIAM Single Pushchair - Style - Coconut Brown / Matt Black / With Carrycot,44323814790,52136-90148-CB-MB-CC-PRIAM,https://cdn.shopify.com/s/files/1/0690/1977/files/cybex-priam-cozy-beige-chrome-brown-flat.jpg?v=1774394779,"The CYBEX PRIAM Single Pushchair - Style is a premium pushchair for parents who want everyday ease with a polished finish. Designed from birth to toddlerhood, it blends timeless CYBEX style with the flexibility busy family life needs.It brings together vegan leather trims, elegant stitching, a reversible seat, all-wheel suspension, a one-hand fold and a one-pull harness. Add the optional Priam Fold Lux Carry Cot or a compatible CYBEX infant car seat and you have a travel system ready pushchair that can grow with your child.From town trips to countryside paths, the Priam helps outings feel smoother and more comfortable. The large wheels and suspension support an easy ride, while the adjustable leg rest gives your little one a more settled seat as they grow.With more than 25 years of CYBEX innovation behind it, this is a pushchair made to last. At Natural Baby Shower, we love pieces that balance safety, style and practical everyday use, and the Priam does exactly that.",Baby Strollers,1339.85,Natural Baby Shower Ltd,64830,Baby Products,599,https://images2.productserve.com/?w=200&h=200&bg=white&trim=5&t=letterbox&url=ssl%3Acdn.shopify.com%2Fs%2Ffiles%2F1%2F0690%2F1977%2Ffiles%2Fcybex-priam-cozy-beige-chrome-brown-flat.jpg%3Fv%3D1774394779&feedId=89138&k=adcf6c182624fb0f453a8f653f159da1dd734ebe,GBP,,,https://natural-baby-2.myshopify.com/products/cybex-priam-single-pushchair?variant=56166387974523,,,GBP1339.85,89138,Cybex,1,https://cdn.shopify.com/s/files/1/0690/1977/files/cybex-priam-lifestyle.jpg?v=1775575215,https://cdn.shopify.com/s/files/1/0690/1977/files/cybex-priam-folding-carrycot-flat-2.jpg?v=1782366436,,,https://cdn.shopify.com/s/files/1/0690/1977/files/cybex-priam-sepia-black-chrome-brown-flat.jpg?v=1775575215,Pram & Pushchair
https://www.awin1.com/pclick.php?p=44323814791&a=2771700&m=64830,CYBEX PRIAM Single Pushchair - Style - Coconut Brown / Rose Gold / Without Carrycot,44323814791,52136-90148-CB-RG-NC-PRIAM,https://cdn.shopify.com/s/files/1/0690/1977/files/cybex-priam-cozy-beige-chrome-brown-flat.jpg?v=1774394779,"The CYBEX PRIAM Single Pushchair - Style is a premium pushchair for parents who want everyday ease with a polished finish. Designed from birth to toddlerhood, it blends timeless CYBEX style with the flexibility busy family life needs.It brings together vegan leather trims, elegant stitching, a reversible seat, all-wheel suspension, a one-hand fold and a one-pull harness. Add the optional Priam Fold Lux Carry Cot or a compatible CYBEX infant car seat and you have a travel system ready pushchair that can grow with your child.From town trips to countryside paths, the Priam helps outings feel smoother and more comfortable. The large wheels and suspension support an easy ride, while the adjustable leg rest gives your little one a more settled seat as they grow.With more than 25 years of CYBEX innovation behind it, this is a pushchair made to last. At Natural Baby Shower, we love pieces that balance safety, style and practical everyday use, and the Priam does exactly that.",Baby Strollers,979.9,Natural Baby Shower Ltd,64830,Baby Products,599,https://images2.productserve.com/?w=200&h=200&bg=white&trim=5&t=letterbox&url=ssl%3Acdn.shopify.com%2Fs%2Ffiles%2F1%2F0690%2F1977%2Ffiles%2Fcybex-priam-cozy-beige-chrome-brown-flat.jpg%3Fv%3D1774394779&feedId=89138&k=adcf6c182624fb0f453a8f653f159da1dd734ebe,GBP,,,https://natural-baby-2.myshopify.com/products/cybex-priam-single-pushchair?variant=56166388007291,,,GBP979.90,89138,Cybex,1,https://cdn.shopify.com/s/files/1/0690/1977/files/cybex-priam-lifestyle.jpg?v=1775575215,https://cdn.shopify.com/s/files/1/0690/1977/files/cybex-priam-folding-carrycot-flat-2.jpg?v=1782366436,,,https://cdn.shopify.com/s/files/1/0690/1977/files/cybex-priam-sepia-black-chrome-brown-flat.jpg?v=1775575215,Pram & Pushchair
https://www.awin1.com/pclick.php?p=44323814792&a=2771700&m=64830,CYBEX PRIAM Single Pushchair - Style - Coconut Brown / Rose Gold / With Carrycot,44323814792,52136-90148-CB-RG-CC-PRIAM,https://cdn.shopify.com/s/files/1/0690/1977/files/cybex-priam-cozy-beige-chrome-brown-flat.jpg?v=1774394779,"The CYBEX PRIAM Single Pushchair - Style is a premium pushchair for parents who want everyday ease with a polished finish. Designed from birth to toddlerhood, it blends timeless CYBEX style with the flexibility busy family life needs.It brings together vegan leather trims, elegant stitching, a reversible seat, all-wheel suspension, a one-hand fold and a one-pull harness. Add the optional Priam Fold Lux Carry Cot or a compatible CYBEX infant car seat and you have a travel system ready pushchair that can grow with your child.From town trips to countryside paths, the Priam helps outings feel smoother and more comfortable. The large wheels and suspension support an easy ride, while the adjustable leg rest gives your little one a more settled seat as they grow.With more than 25 years of CYBEX innovation behind it, this is a pushchair made to last. At Natural Baby Shower, we love pieces that balance safety, style and practical everyday use, and the Priam does exactly that.",Baby Strollers,1389.85,Natural Baby Shower Ltd,64830,Baby Products,599,https://images2.productserve.com/?w=200&h=200&bg=white&trim=5&t=letterbox&url=ssl%3Acdn.shopify.com%2Fs%2Ffiles%2F1%2F0690%2F1977%2Ffiles%2Fcybex-priam-cozy-beige-chrome-brown-flat.jpg%3Fv%3D1774394779&feedId=89138&k=adcf6c182624fb0f453a8f653f159da1dd734ebe,GBP,,,https://natural-baby-2.myshopify.com/products/cybex-priam-single-pushchair?variant=56166388040059,,,GBP1389.85,89138,Cybex,1,https://cdn.shopify.com/s/files/1/0690/1977/files/cybex-priam-lifestyle.jpg?v=1775575215,https://cdn.shopify.com/s/files/1/0690/1977/files/cybex-priam-folding-carrycot-flat-2.jpg?v=1782366436,,,https://cdn.shopify.com/s/files/1/0690/1977/files/cybex-priam-sepia-black-chrome-brown-flat.jpg?v=1775575215,Pram & Pushchair
https://www.awin1.com/pclick.php?p=43213967838&a=2771700&m=64830,Bababing Bababiing Universal Waterproof Sheet - White,43213967838,51520-02493,https://cdn.shopify.com/s/files/1/0690/1977/files/bababing-universal-waterproof-sheet-flat.jpg?v=1763545030,"Keep your baby comfortable, clean and dry with the Bababing Universal Waterproof Sheet. Designed for quick absorption and everyday practicality, this soft, lightweight protector adds a reliable barrier against leaks, spills and night-time accidents. A simple, fuss-free essential for any nursery.",Mattress Encasements,14.99,Natural Baby Shower Ltd,64830,Baby Products,599,https://images2.productserve.com/?w=200&h=200&bg=white&trim=5&t=letterbox&url=ssl%3Acdn.shopify.com%2Fs%2Ffiles%2F1%2F0690%2F1977%2Ffiles%2Fbababing-universal-waterproof-sheet-flat.jpg%3Fv%3D1763545030&feedId=89138&k=cdaec21d2af2c2c4a7aaa9070e5b5cc92db4322b,GBP,,,https://natural-baby-2.myshopify.com/products/bababing-bababiing-universal-waterproof-sheet-white?variant=55923252658555,,,GBP14.99,89138,BabaBing,1,,,,,,Bedding & Sheets
https://www.awin1.com/pclick.php?p=43709131923&a=2771700&m=64830,CuddleCo Aria Wave Crib - Rattan,43709131923,48840-52424,https://cdn.shopify.com/s/files/1/0690/1977/files/cuddleco-aria-wave-crib-flat-3.jpg?v=1727777146,"The CuddleCo Aria Wave Crib in Rattan is a beautiful sleeptime must-have for your new arrival with a beautiful, intricate, handwoven design and soft curves. The natural rattan bassinet is supported by contemporary, sleek black legs and is lightweight enough to be easily transported around the house so your baby can snooze by your side no matter which room you’re in. The Aria Wave Crib comes with a soft and supportive crib mattress featuring a hypo-allergenic knitted cover with natural bamboo fibre for a clean sleep environment.",Mini Cribs,199,Natural Baby Shower Ltd,64830,,,https://images2.productserve.com/?w=200&h=200&bg=white&trim=5&t=letterbox&url=ssl%3Acdn.shopify.com%2Fs%2Ffiles%2F1%2F0690%2F1977%2Ffiles%2Fcuddleco-aria-wave-crib-flat-3.jpg%3Fv%3D1727777146&feedId=89138&k=328b3dd65b7b62cd64d2551208469d99a9f7f167,GBP,,,https://natural-baby-2.myshopify.com/products/cuddleco-aria-wave-crib-rattan?variant=40777273573454,,,GBP199.00,89138,CuddleCo,1,https://cdn.shopify.com/s/files/1/0690/1977/files/cuddleco-aria-wave-crib-lifestyle-3.jpg?v=1727777151,https://cdn.shopify.com/s/files/1/0690/1977/files/aria-wave-changing-rail-lifestyle.jpg?v=1741841144,,,https://cdn.shopify.com/s/files/1/0690/1977/files/cuddleco-aria-wave-crib-lifestyle.jpg?v=1741778170,Nappy Caddy
https://www.awin1.com/pclick.php?p=44281384821&a=2771700&m=64830,iCandy Cocoon 360 Infant Carrier & Base - Sandstone,44281384821,52106-64130,https://cdn.shopify.com/s/files/1/0690/1977/files/icandy-cocoon-360-infant-carrier-sand-flat.jpg?v=1775655100,"Meet the iCandy Cocoon 360 Infant Carrier & Base, a next-generation child restraint system designed for safety, comfort, and style from birth. Lightweight at just 4.2 kg, the Cocoon 360 features enhanced side ventilation and a fully adjustable headrest to support your newborn on every journey. For seamless everyday use, the carrier easily attaches to the 360° ISOFIX base, allowing smooth rotation, automatic locking, and a foldable support leg for compact storage. Finished in premium, trend-led fabrics, the Cocoon 360 combines contemporary design with modern convenience, making it the perfect companion for life on the go.",Baby & Toddler Car Seats,349,Natural Baby Shower Ltd,64830,Baby Products,599,https://images2.productserve.com/?w=200&h=200&bg=white&trim=5&t=letterbox&url=ssl%3Acdn.shopify.com%2Fs%2Ffiles%2F1%2F0690%2F1977%2Ffiles%2Ficandy-cocoon-360-infant-carrier-sand-flat.jpg%3Fv%3D1775655100&feedId=89138&k=051ad9d7b66dc970e230e89e0a23a13a3917f34d,GBP,,,https://natural-baby-2.myshopify.com/products/icandy-cocoon-360-infant-carrier-base-sandstone?variant=56092802875771,,,GBP349.00,89138,iCandy,1,https://cdn.shopify.com/s/files/1/0690/1977/files/icandy-cocoon-360-infant-carrier-sand-flat-5.jpg?v=1771979706,https://cdn.shopify.com/s/files/1/0690/1977/files/icandy-cocoon-360-infant-carrier-sand-flat-6.jpg?v=1771979707,,,https://cdn.shopify.com/s/files/1/0690/1977/files/icandy-cocoon-360-infant-carrier-sand-flat-2.jpg?v=1771979709,Car Seats
https://www.awin1.com/pclick.php?p=44281384823&a=2771700&m=64830,iCandy Cocoon 360 Infant Carrier & Base - Black,44281384823,52106-64116,https://cdn.shopify.com/s/files/1/0690/1977/files/icandy-cocoon-360-infant-carrier-black-flat.jpg?v=1775655174,"Meet the iCandy Cocoon 360 Infant Carrier & Base, a next-generation child restraint system designed for safety, comfort, and style from birth. Lightweight at just 4.2 kg, the Cocoon 360 features enhanced side ventilation and a fully adjustable headrest to support your newborn on every journey. For seamless everyday use, the carrier easily attaches to the 360° ISOFIX base, allowing smooth rotation, automatic locking, and a foldable support leg for compact storage. Finished in premium, trend-led fabrics, the Cocoon 360 combines contemporary design with modern convenience, making it the perfect companion for life on the go.",Baby & Toddler Car Seats,349,Natural Baby Shower Ltd,64830,Baby Products,599,https://images2.productserve.com/?w=200&h=200&bg=white&trim=5&t=letterbox&url=ssl%3Acdn.shopify.com%2Fs%2Ffiles%2F1%2F0690%2F1977%2Ffiles%2Ficandy-cocoon-360-infant-carrier-black-flat.jpg%3Fv%3D1775655174&feedId=89138&k=e4ddb43aa739d8120ac1fd4fff44728a2800d825,GBP,,,https://natural-baby-2.myshopify.com/products/icandy-cocoon-360-infant-carrier-base-black?variant=56092803105147,,,GBP349.00,89138,iCandy,1,https://cdn.shopify.com/s/files/1/0690/1977/files/icandy-cocoon-360-infant-carrier-black-flat-3.jpg?v=1771979718,https://cdn.shopify.com/s/files/1/0690/1977/files/icandy-cocoon-360-infant-carrier-black-flat-2.jpg?v=1771979719,,,https://cdn.shopify.com/s/files/1/0690/1977/files/icandy-cocoon-360-infant-carrier-black-flat-4.jpg?v=1771979720,Car Seats
https://www.awin1.com/pclick.php?p=44281384803&a=2771700&m=64830,iCandy Cocoon 360 Infant Carrier & Base - Storm Grey,44281384803,52106-64123,https://cdn.shopify.com/s/files/1/0690/1977/files/icandy-cocoon-360-infant-carrier-grey-flat.jpg?v=1771979827,"Meet the iCandy Cocoon 360 Infant Carrier & Base, a next-generation child restraint system designed for safety, comfort, and style from birth. Lightweight at just 4.2 kg, the Cocoon 360 features enhanced side ventilation and a fully adjustable headrest to support your newborn on every journey. For seamless everyday use, the carrier easily attaches to the 360° ISOFIX base, allowing smooth rotation, automatic locking, and a foldable support leg for compact storage. Finished in premium, trend-led fabrics, the Cocoon 360 combines contemporary design with modern convenience, making it the perfect companion for life on the go.",Baby & Toddler Car Seats,349,Natural Baby Shower Ltd,64830,Baby Products,599,https://images2.productserve.com/?w=200&h=200&bg=white&trim=5&t=letterbox&url=ssl%3Acdn.shopify.com%2Fs%2Ffiles%2F1%2F0690%2F1977%2Ffiles%2Ficandy-cocoon-360-infant-carrier-grey-flat.jpg%3Fv%3D1771979827&feedId=89138&k=7785dd16d327f11df52748403eba1840542acf0e,GBP,,,https://natural-baby-2.myshopify.com/products/icandy-cocoon-360-infant-carrier-base-storm-grey?variant=56092803432827,,,GBP349.00,89138,iCandy,1,https://cdn.shopify.com/s/files/1/0690/1977/files/icandy-cocoon-360-infant-carrier-grey-flat-5.jpg?v=1771979829,https://cdn.shopify.com/s/files/1/0690/1977/files/icandy-cocoon-360-infant-carrier-grey-flat-6.jpg?v=1771979830,,,https://cdn.shopify.com/s/files/1/0690/1977/files/icandy-cocoon-360-infant-carrier-grey-flat-2.jpg?v=1771979831,Car Seats
https://www.awin1.com/pclick.php?p=37861473941&a=2771700&m=64830,Purflo Cuddle To Baby Sleep Bag - 2.5 Tog - Minimal Grey,37861473941,49112-88458,https://cdn.shopify.com/s/files/1/0690/1977/files/purflo-cuddle-to-sleep-bag-minimal-grey-8.jpg?v=1727785163,"The Purflo Cuddle To Sleep Bag 2.5 Tog in Minimal Grey has been developed to continue supporting babies from 3 months. It has been designed to allow them to learn to roll without getting tangled up, grow 50% longer, have the leg space to crawl and learn to self soothe with free arms. The Purflo Cuddle to Sleep Bag is the second stage in Purflo's Sleep Bag range, which follows on from their Swaddle to Sleep Bag. The Cuddle to Sleep Bag will support the many changes babies go through in their first year while maintaining the breathable mesh panels for ventilation. The Cuddle To Sleep Bag 2.5tog is ideal for use in rooms between 14c – 22c with appropriate clothing as suggested.",Baby & Children's Sleepwear,34,Natural Baby Shower Ltd,64830,,,https://images2.productserve.com/?w=200&h=200&bg=white&trim=5&t=letterbox&url=ssl%3Acdn.shopify.com%2Fs%2Ffiles%2F1%2F0690%2F1977%2Ffiles%2Fpurflo-cuddle-to-sleep-bag-minimal-grey-8.jpg%3Fv%3D1727785163&feedId=89138&k=5765d8869285e567e66e1a5b9d0f01875ba90e30,GBP,,,https://natural-baby-2.myshopify.com/products/purflo-cuddle-to-sleep-bag-2-5-tog-minimal-grey?variant=41296223109198,,,GBP34.00,89138,Purflo,1,https://cdn.shopify.com/s/files/1/0690/1977/files/purflo-cuddle-to-sleep-bag-minimal-grey.jpg?v=1727785167,https://cdn.shopify.com/s/files/1/0690/1977/files/purflo-cuddle-to-sleep-bag-minimal-grey-2.jpg?v=1727785172,,,https://cdn.shopify.com/s/files/1/0690/1977/files/purflo-cuddle-to-sleep-bag-minimal-grey-3.jpg?v=1727785175,Baby Sleeping Bags
https://www.awin1.com/pclick.php?p=38040996666&a=2771700&m=64830,MORI Pre-Washed Large Muslin Swaddle - White,38040996666,49122-05731,https://cdn.shopify.com/s/files/1/0690/1977/files/mori-pre-washed-large-muslin-swaddle-white-flat.jpg?v=1727785733,"The MORI Pre-Washed Large Muslin Swaddle in White is essential for every parent. Crafted in breathable cotton, it has a variety of uses such as swaddling your little one, burp cloth or a comforting wearable blanket.",Swaddling Blankets,16,Natural Baby Shower Ltd,64830,Baby Products,599,https://images2.productserve.com/?w=200&h=200&bg=white&trim=5&t=letterbox&url=ssl%3Acdn.shopify.com%2Fs%2Ffiles%2F1%2F0690%2F1977%2Ffiles%2Fmori-pre-washed-large-muslin-swaddle-white-flat.jpg%3Fv%3D1727785733&feedId=89138&k=6f95f4497416d60602d149cbc7a29584267c7148,GBP,,,https://natural-baby-2.myshopify.com/products/mori-pre-washed-large-muslin-swaddle-white?variant=41393794449486,,,GBP16.00,89138,MORI,1,https://cdn.shopify.com/s/files/1/0690/1977/files/mori-pre-washed-large-muslin-swaddle-white-lifestyle.jpg?v=1727785737,https://cdn.shopify.com/s/files/1/0690/1977/files/mori-pre-washed-large-muslin-swaddle-white-flat-2.jpg?v=1727785741,,,,Swaddles
https://www.awin1.com/pclick.php?p=43284528893&a=2771700&m=64830,Jollein Fitted Jersey Sheet Jersey 75x150cm (2pk) - Oatmeal/Sand - 75x150cm,43284528893,51518-04038,https://cdn.shopify.com/s/files/1/0690/1977/files/jollein-fitted-jersey-sheet-jersey-milky-oatmeal-sand-flat.jpg?v=1764113164,"Keep your little one cosy and comfortable with the Jollein 2-pack Fitted Jersey Sheets. Made from 100% soft OEKO-TEX cotton jersey, these sheets provide a gentle, breathable sleep surface for delicate skin. The elastic corners ensure a snug fit on 75x150cm mattresses, while the soft, serene colours create a calming base for any nursery. With two sheets in each set, you’ll always have a fresh one ready for a restful night’s sleep.",Bed Sheets,18.95,Natural Baby Shower Ltd,64830,Baby Products,599,https://images2.productserve.com/?w=200&h=200&bg=white&trim=5&t=letterbox&url=ssl%3Acdn.shopify.com%2Fs%2Ffiles%2F1%2F0690%2F1977%2Ffiles%2Fjollein-fitted-jersey-sheet-jersey-milky-oatmeal-sand-flat.jpg%3Fv%3D1764113164&feedId=89138&k=3ab8b28e8e1c5a18616176e05bfc514e343f1974,GBP,,,https://natural-baby-2.myshopify.com/products/jollein-fitted-jersey-sheet-jersey-75x150cm-2pk-oatmeal-sand?variant=55938805006715,,,GBP18.95,89138,Jollein,1,,,,,,Bedding & Sheets
https://www.awin1.com/pclick.php?p=43284528894&a=2771700&m=64830,Jollein Fitted Jersey Sheet Jersey 75x150cm (2pk) - Milky Coffee/Ivory - 75x150cm,43284528894,51518-00221,https://cdn.shopify.com/s/files/1/0690/1977/files/jollein-fitted-jersey-sheet-jersey-milky-coffee-ivory-flat.jpg?v=1764113166,"Keep your little one cosy and comfortable with the Jollein 2-pack Fitted Jersey Sheets. Made from 100% soft OEKO-TEX cotton jersey, these sheets provide a gentle, breathable sleep surface for delicate skin. The elastic corners ensure a snug fit on 75x150cm mattresses, while the soft, serene colours create a calming base for any nursery. With two sheets in each set, you’ll always have a fresh one ready for a restful night’s sleep.",Bed Sheets,18.95,Natural Baby Shower Ltd,64830,Baby Products,599,https://images2.productserve.com/?w=200&h=200&bg=white&trim=5&t=letterbox&url=ssl%3Acdn.shopify.com%2Fs%2Ffiles%2F1%2F0690%2F1977%2Ffiles%2Fjollein-fitted-jersey-sheet-jersey-milky-coffee-ivory-flat.jpg%3Fv%3D1764113166&feedId=89138&k=00af0980cf36b631edffe8fe23ece3d02f0f48fb,GBP,,,https://natural-baby-2.myshopify.com/products/jollein-fitted-jersey-sheet-jersey-75x150cm-2pk-milky-coffee-ivory?variant=55938807398779,,,GBP18.95,89138,Jollein,1,,,,,,Bedding & Sheets
https://www.awin1.com/pclick.php?p=43636061949&a=2771700&m=64830,BabyBjörn Baby Crib - White - Crib,43636061949,51558-50218,https://cdn.shopify.com/s/files/1/0690/1977/files/babybjorn-baby-crib-white-flat.jpg?v=1765930674,"The BabyBjörn Baby Crib is a beautifully designed, 2-in-1 sleep solution that grows with your child from day one through toddlerhood. Thoughtfully engineered with safety, comfort, and simplicity at its core, it seamlessly transforms from a bassinet into a crib, offering a reassuring and adaptable sleep space from newborn up to approximately 2 years. Its intuitive zip-and-click design allows for quick, tool-free setup and effortless mattress height adjustment as your baby grows. Lightweight yet sturdy, the crib’s sleek Scandinavian aesthetic fits effortlessly into any home, while its airy mesh sides promote excellent airflow and visibility - creating a calm, breathable environment for restful sleep. Unlike traditional slatted cribs, the BabyBjörn Baby Crib features soft mesh sides and an integrated mattress, eliminating gaps and reducing the risk of bumps or entrapment. All materials in contact with your baby’s skin are OEKO-TEX® Standard 100, Class 1 certified, ensuring they are gentle, safe, and suitable even for babies who like to explore with their mouths. Complete with an integrated inner mattress and a custom mattress topper, this crib requires no additional mattress purchase. Easy-to-remove, machine-washable textiles make everyday care simple, giving parents peace of mind and babies a safe, comfortable place to sleep.",Mini Cribs,439,Natural Baby Shower Ltd,64830,,,https://images2.productserve.com/?w=200&h=200&bg=white&trim=5&t=letterbox&url=ssl%3Acdn.shopify.com%2Fs%2Ffiles%2F1%2F0690%2F1977%2Ffiles%2Fbabybjorn-baby-crib-white-flat.jpg%3Fv%3D1765930674&feedId=89138&k=274d07b98e33d88bdd0a7f0d7ad189cf0c7327d0,GBP,,,https://natural-baby-2.myshopify.com/products/babybjorn-baby-crib-white?variant=55959843701115,,,GBP439.00,89138,BabyBjörn,1,https://cdn.shopify.com/s/files/1/0690/1977/files/babybjorn-baby-crib-white-lifestyle.jpg?v=1765930674,https://cdn.shopify.com/s/files/1/0690/1977/files/babybjorn-baby-crib-white-lifestyle-2.jpg?v=1765930676,,,https://cdn.shopify.com/s/files/1/0690/1977/files/babybjorn-baby-crib-white-lifestyle-3.jpg?v=1765930677,Nappy Caddy
https://www.awin1.com/pclick.php?p=43636061950&a=2771700&m=64830,BabyBjörn Fitted Sheet for Baby Crib - White - Crib,43636061950,51561-55213,https://cdn.shopify.com/s/files/1/0690/1977/files/babybjorn-fitted-sheet-crib-white-flat.jpg?v=1765930679,"The BabyBjörn Fitted Sheet for Baby Crib is crafted from soft, organically grown cotton to create a comfortable, sustainable sleep environment for your baby. Specially designed to fit the BabyBjörn Baby Crib mattress, it offers a smooth, snug fit that stays securely in place throughout naps and night time sleep. Elasticated edges make the sheet quick and easy to put on or remove, while ensuring it lies flat without slipping or bunching. Certified according to OEKO-TEX® Standard 100, Class 1, the fabric is free from harmful substances and gentle on sensitive skin - even safe for babies who like to taste and explore. Machine washable for easy care, this fitted sheet is a practical everyday essential for your baby’s crib.",Bed Sheets,28.9,Natural Baby Shower Ltd,64830,Baby Products,599,https://images2.productserve.com/?w=200&h=200&bg=white&trim=5&t=letterbox&url=ssl%3Acdn.shopify.com%2Fs%2Ffiles%2F1%2F0690%2F1977%2Ffiles%2Fbabybjorn-fitted-sheet-crib-white-flat.jpg%3Fv%3D1765930679&feedId=89138&k=49bec50c0aa2bc43746ae0d6b4c1fbb76b23ae8f,GBP,,,https://natural-baby-2.myshopify.com/products/babybjorn-fitted-sheet-for-baby-crib-white?variant=55959843733883,,,GBP28.90,89138,BabyBjörn,1,https://cdn.shopify.com/s/files/1/0690/1977/files/babybjorn-fitted-sheet-crib-white-flat-2.jpg?v=1765930679,,,,,Bedding & Sheets
https://www.awin1.com/pclick.php?p=43636061951&a=2771700&m=64830,BabyBjörn Fitted Sheet for Cradle - White - Cradle,43636061951,51562-70218,https://cdn.shopify.com/s/files/1/0690/1977/files/babybjorn-fitted-sheet-cradle-white-flat.jpg?v=1765930679,"Designed to give your baby a soft and comfortable sleeping surface, the BabyBjörn Fitted Sheet for Cradle is made from organically grown cotton that feels gentle against delicate skin. Specially tailored to fit the BabyBjörn Cradle mattress, it provides a smooth, secure fit. The elasticated edges keep the sheet firmly in place while making it easy to put on and remove - ideal for quick changes. Certified according to OEKO-TEX® Standard 100, Class 1, the fabric is free from harmful substances and safe even for babies who explore with their mouths. Machine washable, this fitted sheet is a practical choice for everyday use.",Bed Sheets,28.9,Natural Baby Shower Ltd,64830,Baby Products,599,https://images2.productserve.com/?w=200&h=200&bg=white&trim=5&t=letterbox&url=ssl%3Acdn.shopify.com%2Fs%2Ffiles%2F1%2F0690%2F1977%2Ffiles%2Fbabybjorn-fitted-sheet-cradle-white-flat.jpg%3Fv%3D1765930679&feedId=89138&k=d7346c8e85def66e00168c8c1bb31178df9d24e8,GBP,,,https://natural-baby-2.myshopify.com/products/babybjorn-fitted-sheet-for-cradle-white?variant=55959843766651,,,GBP28.90,89138,BabyBjörn,1,https://cdn.shopify.com/s/files/1/0690/1977/files/babybjorn-fitted-sheet-cradle-white-lifestyle.jpg?v=1765930681,https://cdn.shopify.com/s/files/1/0690/1977/files/babybjorn-fitted-sheet-cradle-white-lifestyle-2.jpg?v=1765930683,,,,Bedding & Sheets
https://www.awin1.com/pclick.php?p=42927165643&a=2771700&m=64830,Jollein Bath Poncho - Diego,42927165643,51374-04090,https://cdn.shopify.com/s/files/1/0690/1977/files/jollein-bath-poncho-diego-flat.jpg?v=1761176845,"Make post-bath cuddles even cosier with the Jollein Diego Bath Poncho. Made from 100% soft, absorbent cotton, this poncho wraps your little one in warmth and comfort after bath time, swimming, or a day at the beach. The playful hood with little ears adds an extra dose of fun, while the gentle fabric helps dry delicate skin without irritation. With its easy pull-over design, it’s perfect for wriggly babies and toddlers who love to move, keeping them snug and warm while giving you peace of mind. Designed with both practicality and cuteness in mind, the Diego Poncho turns every bath time into a joyful moment.",Bath Towels & Washcloths,27.95,Natural Baby Shower Ltd,64830,Baby Products,599,https://images2.productserve.com/?w=200&h=200&bg=white&trim=5&t=letterbox&url=ssl%3Acdn.shopify.com%2Fs%2Ffiles%2F1%2F0690%2F1977%2Ffiles%2Fjollein-bath-poncho-diego-flat.jpg%3Fv%3D1761176845&feedId=89138&k=e630d1f7e0fb446909147a693c48f18d6506de54,GBP,,,https://natural-baby-2.myshopify.com/products/jollein-bath-poncho-diego?variant=55841580384635,,,GBP27.95,89138,Jollein,1,https://cdn.shopify.com/s/files/1/0690/1977/files/jollein-bath-poncho-diego-flat-3.jpg?v=1761176846,https://cdn.shopify.com/s/files/1/0690/1977/files/jollein-bath-poncho-diego-flat-4.jpg?v=1761176847,,,https://cdn.shopify.com/s/files/1/0690/1977/files/jollein-bath-poncho-diego-flat-2.jpg?v=1761176849,Baby Towels
https://www.awin1.com/pclick.php?p=41577113541&a=2771700&m=64830,Etta Loves XL Muslin - Fern,41577113541,50844-60630,https://cdn.shopify.com/s/files/1/0690/1977/files/etta-loves-xl-muslin-fern-flat-4.jpg?v=1749544187,"Beautifully soft and thoughtfully designed, the Etta Loves XL Muslin in Fern is more than just a muslin – it's a multi-tasking essential that supports your baby’s early development while making everyday parenting that little bit easier. Created in collaboration with expert orthoptists and The Sussex Baby Lab, this striking fern print in high-contrast black and white is designed to support your baby’s visual and cognitive development from birth to around four months. Whether you're using it for feeding, cuddles, tummy time or out and about, it’s a clever companion throughout your day. Made from 100% GOTS certified organic cotton, it’s gentle on delicate skin and kind to the planet too.",Swaddling Blankets,19,Natural Baby Shower Ltd,64830,Baby Products,599,https://images2.productserve.com/?w=200&h=200&bg=white&trim=5&t=letterbox&url=ssl%3Acdn.shopify.com%2Fs%2Ffiles%2F1%2F0690%2F1977%2Ffiles%2Fetta-loves-xl-muslin-fern-flat-4.jpg%3Fv%3D1749544187&feedId=89138&k=5982ed7e2e5dcaffcb49f3ef50939ed7617d289b,GBP,,,https://natural-baby-2.myshopify.com/products/etta-loves-xl-fern-muslin?variant=55483058192763,,,GBP19.00,89138,Etta Loves,1,https://cdn.shopify.com/s/files/1/0690/1977/files/etta-loves-xl-muslin-fern-flat.jpg?v=1749544187,https://cdn.shopify.com/s/files/1/0690/1977/files/etta-loves-xl-muslin-fern-flat-2.jpg?v=1749544187,,,https://cdn.shopify.com/s/files/1/0690/1977/files/etta-loves-xl-muslin-fern-flat-3.jpg?v=1749544188,Muslins
https://www.awin1.com/pclick.php?p=42555168212&a=2771700&m=64830,Mushie Silicone Bib - Bows - 0m+,42555168212,51187-03167,https://cdn.shopify.com/s/files/1/0690/1977/files/mushie-silicone-bib-bow-flat.jpg?v=1756865544,"The Mushie Silicone Bib in Bows will keep your little one comfortable and clean. With colourful, timeless patterns, the Silicone Bibs are practical and fun, and they feature rounded, built-in neck fasteners for a snug and comfy fit.",Bibs,13.94,Natural Baby Shower Ltd,64830,Children's Accessories,539,https://images2.productserve.com/?w=200&h=200&bg=white&trim=5&t=letterbox&url=ssl%3Acdn.shopify.com%2Fs%2Ffiles%2F1%2F0690%2F1977%2Ffiles%2Fmushie-silicone-bib-bow-flat.jpg%3Fv%3D1756865544&feedId=89138&k=e6de348686a7a6cb1a683614629647ff28531613,GBP,,,https://natural-baby-2.myshopify.com/products/mushie-silicone-bib-bows?variant=55678706188667,,,GBP13.94,89138,Mushie,1,https://cdn.shopify.com/s/files/1/0690/1977/files/mushie-silicone-bib-bow-lifestyle-3.jpg?v=1756865545,https://cdn.shopify.com/s/files/1/0690/1977/files/mushie-silicone-bib-bow-lifestyle-4.jpg?v=1756865548,,,https://cdn.shopify.com/s/files/1/0690/1977/files/mushie-silicone-bib-bow-lifestyle-2.jpg?v=1756865550,Bibs
https://www.awin1.com/pclick.php?p=36496681897&a=2771700&m=64830,Etta Loves x Keith Haring XL Muslin - Baby,36496681897,38919-BA-0-4m,https://cdn.shopify.com/s/files/1/0690/1977/products/etta-loves-xl-muslin-baby-by-keith-haring.jpg?v=1699407148,"The Etta Loves Sensory XL Muslin in Baby by Keith Haring print is perfect for cuddles, spillages, for using as a lightweight blanket, breastfeeding cover or to put over a playmat to encourage tummy time. You can even wind it up in a car window for shade and stimulation for calmer car journeys. Designed to the millimetre to support babies' cognitive and visual development from birth to around 4 months. Etta Loves x Keith Haring Etta Loves x Keith Haring celebrates the highly popular artwork of renowned American artist Keith Haring, whose pop art and grafitti-like work grew out of the New York City street culture of the 1980s.",Swaddling Blankets,19,Natural Baby Shower Ltd,64830,Baby Products,599,https://images2.productserve.com/?w=200&h=200&bg=white&trim=5&t=letterbox&url=ssl%3Acdn.shopify.com%2Fs%2Ffiles%2F1%2F0690%2F1977%2Fproducts%2Fetta-loves-xl-muslin-baby-by-keith-haring.jpg%3Fv%3D1699407148&feedId=89138&k=fbaae0d2b33a607a285ca76d2460c27eeb8d5d4d,GBP,,,https://natural-baby-2.myshopify.com/products/etta-loves-keith-haring-xl-muslin-baby?variant=39262015651918,,,GBP19.00,89138,Etta Loves,1,https://cdn.shopify.com/s/files/1/0690/1977/products/etta-loves-xl-muslin-baby-by-keith-haring-lifestyle.jpg?v=1699407149,https://cdn.shopify.com/s/files/1/0690/1977/products/etta-loves-xl-muslin-baby-by-keith-haring-2.jpg?v=1699407150,,,,Muslins
https://www.awin1.com/pclick.php?p=36496691493&a=2771700&m=64830,Maxi-Cosi CabrioFix i-Size Car Seat - Essential Graphite,36496691493,44561-EGRA,https://cdn.shopify.com/s/files/1/0690/1977/products/maxi-cosi-cabriofix-i-size-car-seat-essential-graphite.jpg?v=1699429272,"The lightweight Maxi-Cosi CabrioFix i-Size Car Seat in Essential Graphite ensures safe rearward-facing travelling, providing extra protection for the baby’s head and neck. The newborn inlay keeps the head of your baby safe and comfortable as it will always fit perfectly. The Side Impact Protection adds additional protection, meaning the CabrioFix contains improved impact-absorbing material, which absorbs even more force from an impact, in case of an accident. This lightweight baby car seat can either be installed using a seat belt or an ISOFIX base. The user manual guides you through the seat belt installation steps for a secure fit.",Baby & Toddler Car Seats,129.95,Natural Baby Shower Ltd,64830,Baby Products,599,https://images2.productserve.com/?w=200&h=200&bg=white&trim=5&t=letterbox&url=ssl%3Acdn.shopify.com%2Fs%2Ffiles%2F1%2F0690%2F1977%2Fproducts%2Fmaxi-cosi-cabriofix-i-size-car-seat-essential-graphite.jpg%3Fv%3D1699429272&feedId=89138&k=580623f397efa655fbe7da3ab2de2e77de91bb82,GBP,,,https://natural-baby-2.myshopify.com/products/maxi-cosi-cabriofix-i-size-car-seat-essential-graphite?variant=39563174314062,,,GBP129.95,89138,Maxi-Cosi,1,https://cdn.shopify.com/s/files/1/0690/1977/products/maxi-cosi-cabriofix-i-size-car-seat-essential-graphite-lifestyle.jpg?v=1699429273,https://cdn.shopify.com/s/files/1/0690/1977/products/maxi-cosi-cabriofix-i-size-car-seat-essential-graphite-4.jpg?v=1699429275,,,https://cdn.shopify.com/s/files/1/0690/1977/products/maxi-cosi-cabriofix-i-size-car-seat-essential-graphite-2.jpg?v=1699429276,Car Seats
https://www.awin1.com/pclick.php?p=36496688692&a=2771700&m=64830,Obaby Maya Changing Unit - White + Natural,36496688692,45005-WN,https://cdn.shopify.com/s/files/1/0690/1977/products/obaby-maya-changing-unit-white-natural.jpg?v=1699439548,"The Obaby Maya Changing Unit in White + Natural is inspired by a Scandinavian design, featuring a clean-cut finish and two-tone colourway, making it the perfect addition to a modern and stylish nursery. The Maya changing unit is the perfect storage companion, featuring three 34L capacity drawers with recessed handles, enabling you to easily put away and quickly locate your little one’s belongings. Once the changing area is no longer required it can be removed to create a stylish chest of drawers that can be used for years to come.",Changing Tables,216,Natural Baby Shower Ltd,64830,Baby Products,599,https://images2.productserve.com/?w=200&h=200&bg=white&trim=5&t=letterbox&url=ssl%3Acdn.shopify.com%2Fs%2Ffiles%2F1%2F0690%2F1977%2Fproducts%2Fobaby-maya-changing-unit-white-natural.jpg%3Fv%3D1699439548&feedId=89138&k=4459ec49c73a33b17d6fd3ac55d6acb7f8f59b17,GBP,,,https://natural-baby-2.myshopify.com/products/obaby-maya-changing-unit-white-natural?variant=39748782424142,,,GBP216.00,89138,OBaby,1,https://cdn.shopify.com/s/files/1/0690/1977/products/obaby-maya-changing-unit-white-natural-lifestyle.jpg?v=1699439550,https://cdn.shopify.com/s/files/1/0690/1977/products/obaby-maya-changing-unit-white-natural-2.jpg?v=1699439551,,,https://cdn.shopify.com/s/files/1/0690/1977/products/obaby-maya-changing-unit-white-natural-3.jpg?v=1699439552,Nursery Furniture Piece
https://www.awin1.com/pclick.php?p=38877714313&a=2771700&m=64830,Britax Römer Kidfix Pro i-Size Car Seat - Linen Grey - Lux,38877714313,49683-39507,https://cdn.shopify.com/s/files/1/0690/1977/files/britax-romer-kidfix-pro-linen-grey-lux-flat.jpg?v=1726484174,"The Britax Römer Kidfix Pro i-Size is a safe, cosy haven for your growing child. Designed for ages 3.5 to 12 years (100–150 cm), this high back booster combines thoughtful ergonomics with advanced safety features, including SICT, XP-Pad, and SecureGuard*, giving your little one protection from every angle. Its slim yet spacious design ensures a comfortable fit in almost any car, while adjustable headrest and soft padding grow with your child. With i-Size approval and German-engineered quality, the KIDFIX PRO turns every journey into a safe and enjoyable adventure.",Baby & Toddler Car Seats,199,Natural Baby Shower Ltd,64830,Baby Products,599,https://images2.productserve.com/?w=200&h=200&bg=white&trim=5&t=letterbox&url=ssl%3Acdn.shopify.com%2Fs%2Ffiles%2F1%2F0690%2F1977%2Ffiles%2Fbritax-romer-kidfix-pro-linen-grey-lux-flat.jpg%3Fv%3D1726484174&feedId=89138&k=32295c5209d49ee615307188336f8176f66e05b9,GBP,,,https://natural-baby-2.myshopify.com/products/britax-romer-kidfix-pro-car-seat-linen-grey-lux?variant=41780709032014,,,GBP199.00,89138,Britax Römer,1,https://cdn.shopify.com/s/files/1/0690/1977/files/britax-romer-kidfix-pro-linen-grey-lux-lifestyle.jpg?v=1727796129,https://cdn.shopify.com/s/files/1/0690/1977/files/britax-romer-adac-kidfix-pro.jpg?v=1776464030,,,https://cdn.shopify.com/s/files/1/0690/1977/files/britax-romer-kidfix-pro-lifestyle_096dd4a2-cd78-4e22-8ee2-f86c67a43e20.jpg?v=1761219364,Car Seats
https://www.awin1.com/pclick.php?p=36496683526&a=2771700&m=64830,Obaby Moisture Management Dual Core Mattress - Cot,36496683526,45015-COT,https://cdn.shopify.com/s/files/1/0690/1977/products/obaby-moisture-management-dual-core-mattress-cot.jpg?v=1699439611,"The Obaby Moisture Management Dual Core Mattress in Cot adapts as your little one grows and is fantastic for providing little ones with optimum support. The mattress offers an impressive four sleep options thanks to the reversible core and cover meaning you can always choose the best combination for a perfect night’s sleep. The Mattress is suitable from birth, one side of the mattress is firm which aids in muscle development, bone growth and features an inner core comprised of coconut coir, bonded with natural latex that provides a naturally springy feel whilst being extremely resilient, durable and breathable. It is then topped with a soft and luxurious lambswool that regulates body temperature and moisture for maximum comfort as well as being naturally hypoallergenic. As your little one grows, so do their needs. This mattress can be flipped, one side offering individual pocket springs encased in high-grade, dent-resistant nursery foam. The other side gives increased support to your little ones' back, neck and head during sleep, promoting perfect posture and sweet dreams.",Mattresses,144,Natural Baby Shower Ltd,64830,Mattresses,453,https://images2.productserve.com/?w=200&h=200&bg=white&trim=5&t=letterbox&url=ssl%3Acdn.shopify.com%2Fs%2Ffiles%2F1%2F0690%2F1977%2Fproducts%2Fobaby-moisture-management-dual-core-mattress-cot.jpg%3Fv%3D1699439611&feedId=89138&k=4aa7c2c4feb95e3961dc723dbf58d090ac4f39e1,GBP,,,https://natural-baby-2.myshopify.com/products/obaby-moisture-management-dual-core-mattress-cot?variant=39748782915662,,,GBP144.00,89138,OBaby,1,https://cdn.shopify.com/s/files/1/0690/1977/products/obaby-moisture-management-dual-core-mattress-cot-3.jpg?v=1699439612,https://cdn.shopify.com/s/files/1/0690/1977/products/obaby-moisture-management-dual-core-mattress-cot-2.jpg?v=1699439614,,,https://cdn.shopify.com/s/files/1/0690/1977/products/obaby-moisture-management-dual-core-mattress-cot-4.jpg?v=1699439615,Cot Mattress
https://www.awin1.com/pclick.php?p=36496685075&a=2771700&m=64830,Obaby Stamford Closed Changing Unit - Warm Grey,36496685075,45238-WG,https://cdn.shopify.com/s/files/1/0690/1977/products/obaby-stamford-closed-changing-unit-warm-grey-2.jpg?v=1699445514,"The Obaby Stamford Closed Changing Unit in Warm Grey is a beautiful piece that features the same elegant sleigh design as the rest of the Stamford range, with sleek lines and recessed handles that create a stylish look. Simple to use, with three spacious 13L capacity drawers and a full height cupboard with an adjustable shelf and soft close door that provide plenty of storage options for all of your little one's things. Plus, the cleverly recessed section on the top of the unit perfectly accommodates a changing mat, making nappy changes a breeze.",Changing Tables,225,Natural Baby Shower Ltd,64830,Baby Products,599,https://images2.productserve.com/?w=200&h=200&bg=white&trim=5&t=letterbox&url=ssl%3Acdn.shopify.com%2Fs%2Ffiles%2F1%2F0690%2F1977%2Fproducts%2Fobaby-stamford-closed-changing-unit-warm-grey-2.jpg%3Fv%3D1699445514&feedId=89138&k=e5c9a0ecec601a56d311bc0c91013ecb0c57af4c,GBP,,,https://natural-baby-2.myshopify.com/products/obaby-stamford-closed-changing-unit-warm-grey?variant=39855568519246,,,GBP225.00,89138,OBaby,1,https://cdn.shopify.com/s/files/1/0690/1977/products/obaby-stamford-closed-changing-unit-warm-grey.jpg?v=1699445515,,,,,Nursery Furniture Piece
https://www.awin1.com/pclick.php?p=36496685076&a=2771700&m=64830,Obaby Stamford Closed Changing Unit - White,36496685076,45238-WHT,https://cdn.shopify.com/s/files/1/0690/1977/products/obaby-stamford-closed-changing-unit-white-2.jpg?v=1699445517,"The Obaby Stamford Closed Changing Unit in White is a beautiful piece that features the same elegant sleigh design as the rest of the Stamford range, with sleek lines and recessed handles that create a stylish look. Simple to use, with three spacious 13L capacity drawers and a full height cupboard with an adjustable shelf and soft close door that provide plenty of storage options for all of your little one's things. Plus, the cleverly recessed section on the top of the unit perfectly accommodates a changing mat, making nappy changes a breeze.",Changing Tables,225,Natural Baby Shower Ltd,64830,Baby Products,599,https://images2.productserve.com/?w=200&h=200&bg=white&trim=5&t=letterbox&url=ssl%3Acdn.shopify.com%2Fs%2Ffiles%2F1%2F0690%2F1977%2Fproducts%2Fobaby-stamford-closed-changing-unit-white-2.jpg%3Fv%3D1699445517&feedId=89138&k=bfd4955708366ca1c9dbd10e62989ae25e341151,GBP,,,https://natural-baby-2.myshopify.com/products/obaby-stamford-closed-changing-unit-white?variant=39855568748622,,,GBP225.00,89138,OBaby,1,https://cdn.shopify.com/s/files/1/0690/1977/products/obaby-stamford-closed-changing-unit-white-lifestyle.jpg?v=1699445518,https://cdn.shopify.com/s/files/1/0690/1977/products/obaby-stamford-closed-changing-unit-white.jpg?v=1699445519,,,,Nursery Furniture Piece
https://www.awin1.com/pclick.php?p=45352439452&a=2771700&m=64830,SnuzPod 5 & SnuzPod Studio Crib Mattress - 44x80cm,45352439452,37291,https://cdn.shopify.com/s/files/1/0690/1977/products/snuzpod3-crib-mattress-mesh_1080x1080_6fcb287a-983a-4c71-a0e7-b3808471bac4.jpg?v=1699349749,"Give your little one the comfort and support they need with the SnuzPod 5 & SnuzPod Studio Crib Mattress. Designed to fit perfectly inside the SnuzPod 5 and SnuzPod Studio bedside cribs, this supportive mattress features a breathable 3D mesh surface to encourage airflow while your baby sleeps. The firm foam core provides the level of support recommended for newborns, while the removable cover is machine washable to help keep their sleep space fresh and clean. Pair with a waterproof mattress protector to help protect the mattress from everyday spills and little accidents.",Mattresses,34.95,Natural Baby Shower Ltd,64830,Mattresses,453,https://images2.productserve.com/?w=200&h=200&bg=white&trim=5&t=letterbox&url=ssl%3Acdn.shopify.com%2Fs%2Ffiles%2F1%2F0690%2F1977%2Fproducts%2Fsnuzpod3-crib-mattress-mesh_1080x1080_6fcb287a-983a-4c71-a0e7-b3808471bac4.jpg%3Fv%3D1699349749&feedId=89138&k=ae05647f87437b50054409d9b847e359aa2c8fa2,GBP,,,https://natural-baby-2.myshopify.com/products/snuzpod-3-crib-mattress?variant=3433911091224,,,GBP34.95,89138,Snuz,1,https://cdn.shopify.com/s/files/1/0690/1977/products/snuzpod3-crib-mattress-mesh3_1080x1080_c7568c9f-82f9-41cc-9e7b-cd7400258adf.jpg?v=1699349751,https://cdn.shopify.com/s/files/1/0690/1977/products/snuzpod3-crib-mattress-mesh5_1080x1080_de128936-6351-4200-8f23-20e5ededa1a2.jpg?v=1699349752,,,https://cdn.shopify.com/s/files/1/0690/1977/products/snuzpod3-crib-mattress-mesh2_1080x1080_00015fb2-0a07-45bd-a269-f7aa86d07ca5.jpg?v=1699349753,Next-to-Me Mattress
https://www.awin1.com/pclick.php?p=39605458274&a=2771700&m=64830,BabyBjörn Carrier Pouch Mesh - Grey,39605458274,49993-80029,https://cdn.shopify.com/s/files/1/0690/1977/files/babybjorn-carrier-pouch-mesh-grey-flat-3.jpg?v=1731938114,"The BabyBjörn Carrier Pouch Mesh in Grey is great for keeping everything organised and close-by, ready for those quick, on-the-go, moments. No more fumbling for soothers, wipes, or snacks! The Carrier Pouch fits all BabyBjörn carriers, is easy to attach and remove, has a zip closure and is machine-washable - it's everything you would want it to be.",Baby Carrier Accessories,11.94,Natural Baby Shower Ltd,64830,Baby Products,599,https://images2.productserve.com/?w=200&h=200&bg=white&trim=5&t=letterbox&url=ssl%3Acdn.shopify.com%2Fs%2Ffiles%2F1%2F0690%2F1977%2Ffiles%2Fbabybjorn-carrier-pouch-mesh-grey-flat-3.jpg%3Fv%3D1731938114&feedId=89138&k=eaac4ac5b1ceab56f439fd8488acd9081daf81de,GBP,,,https://natural-baby-2.myshopify.com/products/babybjorn-carrier-pouch-mesh-grey?variant=53569821933947,,,GBP11.94,89138,BabyBjörn,1,https://cdn.shopify.com/s/files/1/0690/1977/files/babybjorn-carrier-pouch-mesh-grey-lifestyle.jpg?v=1731938114,https://cdn.shopify.com/s/files/1/0690/1977/files/babybjorn-carrier-pouch-mesh-grey-lifestyle-3.jpg?v=1731938115,,,https://cdn.shopify.com/s/files/1/0690/1977/files/babybjorn-carrier-pouch-mesh-grey-lifestyle-2.jpg?v=1731938115,Baby Carrier & Sling
https://www.awin1.com/pclick.php?p=36736045864&a=2771700&m=64830,Gaia Baby Serena Complete Sleep Mattress,36736045864,36928,https://cdn.shopify.com/s/files/1/0690/1977/products/Gaia-Baby-Serena-Complete-Sleep-Mattress.jpg?v=1699347681,"This Gaia Baby Serena mattress is designed/sized to fit in your Gaia Serena Cot Bed. This fully pocket sprung mattress adapts in size to fit the cot in both Bedside Cot and Maxi Cot sizes. Made in the UK, this mattress is made to the highest quality ensuring your baby is safe and sound and adheres to the highest safety standards.",Mattresses,149.95,Natural Baby Shower Ltd,64830,Mattresses,453,https://images2.productserve.com/?w=200&h=200&bg=white&trim=5&t=letterbox&url=ssl%3Acdn.shopify.com%2Fs%2Ffiles%2F1%2F0690%2F1977%2Fproducts%2FGaia-Baby-Serena-Complete-Sleep-Mattress.jpg%3Fv%3D1699347681&feedId=89138&k=2259661585443208585dda56f4636a4daa2b0bfe,GBP,,,https://natural-baby-2.myshopify.com/products/gaia-baby-serena-complete-sleep-mattress?variant=3386548879384,,,GBP149.95,89138,Gaia Baby,1,https://cdn.shopify.com/s/files/1/0690/1977/products/Gaia-Baby-4-in-1-Complete-Sleep-Mattress-1.jpg?v=1699347682,https://cdn.shopify.com/s/files/1/0690/1977/products/Gaia-Baby-4-in-1-Complete-Sleep-Mattress.jpg?v=1699347683,,,https://cdn.shopify.com/s/files/1/0690/1977/products/Gaia-Baby-4-in-1-Complete-Sleep-Mattress-2.jpg?v=1699347685,Cot Mattress
https://www.awin1.com/pclick.php?p=36496687778&a=2771700&m=64830,Ergobaby Omni Classic Carrier - Mesh - Onyx Black,36496687778,36864-BLK,https://cdn.shopify.com/s/files/1/0690/1977/files/ergobaby-omni-classic-mesh-onyx-black-flat-1.jpg?v=1781775685,"A four-position, newborn-ready carrier designed for baby's first 48 months, with patented, industry-leading ergonomic support for everyday comfort and versatility.",Baby Carriers,164.9,Natural Baby Shower Ltd,64830,Children's Accessories,539,https://images2.productserve.com/?w=200&h=200&bg=white&trim=5&t=letterbox&url=ssl%3Acdn.shopify.com%2Fs%2Ffiles%2F1%2F0690%2F1977%2Ffiles%2Fergobaby-omni-classic-mesh-onyx-black-flat-1.jpg%3Fv%3D1781775685&feedId=89138&k=721cfcc709d28e6e6a58cd7b003c4937dcc6605a,GBP,,,https://natural-baby-2.myshopify.com/products/ergobaby-omni-360-cool-air-mesh-carrier-onyx-black?variant=12557921878094,,,GBP164.90,89138,Ergobaby,1,https://cdn.shopify.com/s/files/1/0690/1977/files/ergobaby-omni-classic-mesh-onyx-black-flat-2.jpg?v=1781775793,https://cdn.shopify.com/s/files/1/0690/1977/files/ergobaby-omni-classic-mesh-onyx-black-lifestyle-1.jpg?v=1781822146,,,https://cdn.shopify.com/s/files/1/0690/1977/files/ergobaby-omni-classic-mesh-baby-carrier-natural-beige-lifestyle-7.jpg?v=1778629189,Baby Carrier & Sling
https://www.awin1.com/pclick.php?p=38657207537&a=2771700&m=64830,Elodie Details Mittens  - Fairytale Forest - 0-12m,38657207537,49069-22370,https://cdn.shopify.com/s/files/1/0690/1977/files/elodie-details-fairytale-forest-flat.jpg?v=1727784249,"Keep tiny hands warm and snug with the Elodie Details Mittens in Fairytale Forest. Designed with practicality in mind, the smaller size is thumbless with a connecting cotton drawstring to prevent losing them, while the larger size features a full-zip to the thumb for easy on and off. Perfect for chilly days, now part of our clearance collection.",Baby & Children's Gloves & Mittens,21.21,Natural Baby Shower Ltd,64830,,,https://images2.productserve.com/?w=200&h=200&bg=white&trim=5&t=letterbox&url=ssl%3Acdn.shopify.com%2Fs%2Ffiles%2F1%2F0690%2F1977%2Ffiles%2Felodie-details-fairytale-forest-flat.jpg%3Fv%3D1727784249&feedId=89138&k=1a780868f164246c48831ae00741acae9b914d67,GBP,,,https://natural-baby-2.myshopify.com/products/elodie-details-mittens-fairytale-forest?variant=41214528651342,,,GBP21.21,89138,Elodie Details,1,https://cdn.shopify.com/s/files/1/0690/1977/files/elodie-details-fairytale-forest-flat-2.jpg?v=1727784254,https://cdn.shopify.com/s/files/1/0690/1977/files/elodie-details-mittens-fairytale-forest-flat.jpg?v=1774480247,,,https://cdn.shopify.com/s/files/1/0690/1977/files/elodie-details-mittens-fairytale-forest-flat-2.jpg?v=1774480250,Mittens
https://www.awin1.com/pclick.php?p=36496682260&a=2771700&m=64830,The Little Green Sheep Natural Moses Basket Mattress - Mamas & Papas Small Moses,36496682260,31901,https://cdn.shopify.com/s/files/1/0690/1977/files/The-Little-Green-Sheep-Natural-Moses-Basket-Mattress---Mamas-_-Papas-Small-Moses---Flat-1.jpg?v=1784173857,"The Little Green Sheep Natural Moses Basket Mattress, compatible with the Mamas Papas Moses basket, has been beautifully crafted using natural ingredients and is free from any harmful toxins and chemicals, giving you peace of mind that your baby is sleeping in a pure and natural environment. The mattress core is created from coconut fibres blended together with natural latex to act as thousands of tiny springs, providing your baby with the firm support recommended by safe sleep experts, whilst reducing individual pressure points and the risk of dipping. The core is then wrapped in a layer of natural wool which brings an abundance of benefits to your little sleeper. It's naturally hypo-allergenic and temperature regulating with excellent breathability. It’s also a natural defence against dust mites and a natural fire retardant, meaning that the mattress passes the UK and European Fire Regulation Tests without the need for any chemical fire retardant sprays. Holding all these layers together is a luxury Herringbone cotton cover that helps aid the breathability of the mattress and is super soft for baby’s delicate skin, so they can sleep comfortably time and time again.",Mattresses,55,Natural Baby Shower Ltd,64830,Mattresses,453,https://images2.productserve.com/?w=200&h=200&bg=white&trim=5&t=letterbox&url=ssl%3Acdn.shopify.com%2Fs%2Ffiles%2F1%2F0690%2F1977%2Ffiles%2FThe-Little-Green-Sheep-Natural-Moses-Basket-Mattress---Mamas-_-Papas-Small-Moses---Flat-1.jpg%3Fv%3D1784173857&feedId=89138&k=ac6b068d8f59e419eca5a4cfff127a003b292fdd,GBP,,,https://natural-baby-2.myshopify.com/products/the-little-green-sheep-natural-mattress-moses-basket-m-p-sizes?variant=5769280515,,,GBP55.00,89138,The Little Green Sheep,1,https://cdn.shopify.com/s/files/1/0690/1977/files/The-Little-Green-Sheep-Natural-Moses-Basket-Mattress---Mamas-_-Papas-Small-Moses---Lifestyle-1.jpg?v=1784173858,https://cdn.shopify.com/s/files/1/0690/1977/files/The-Little-Green-Sheep-Natural-Moses-Basket-Mattress---Mamas-_-Papas-Small-Moses---Lifestyle-2.jpg?v=1784173859,,,https://cdn.shopify.com/s/files/1/0690/1977/files/The-Little-Green-Sheep-Natural-Moses-Basket-Mattress---Mamas-_-Papas-Small-Moses---Ecom-Benefits.jpg?v=1784173859,Cot Mattress
https://www.awin1.com/pclick.php?p=36496683597&a=2771700&m=64830,Thule Sapling Child Carrier Backpack - Agave,36496683597,44854-AGV,https://cdn.shopify.com/s/files/1/0690/1977/products/thlue-sapling-child-carrier-back-pack-agave-2.jpg?v=1699436893,"The Thule Sapling Child Carrier Backpack in Agave is a baby backpack that lets you share a perfect day on the trail. You and your little one can find adventure in comfort. It is ergonomic and has great leg support for little ones. The Thule Sapling has a modular design, a fully machine washable seat and for longer hikes that require additional storage, easily add on the Thule Sapling Sling Pack (available separately). The Sapling is fully adjustable at the torso and the hip belt to provide a perfect fit, a comfortable carry and quick transition from parent to parent while on the move.",Baby Carriers,399.99,Natural Baby Shower Ltd,64830,Children's Accessories,539,https://images2.productserve.com/?w=200&h=200&bg=white&trim=5&t=letterbox&url=ssl%3Acdn.shopify.com%2Fs%2Ffiles%2F1%2F0690%2F1977%2Fproducts%2Fthlue-sapling-child-carrier-back-pack-agave-2.jpg%3Fv%3D1699436893&feedId=89138&k=5527e59fe4eb76683309adfabab93c72ad800269,GBP,,,https://natural-baby-2.myshopify.com/products/thule-sapling-child-carrier-backpack-agave?variant=39711620464718,,,GBP399.99,89138,Thule,1,https://cdn.shopify.com/s/files/1/0690/1977/products/thlue-sapling-child-carrier-back-pack-agave-lifestyle.jpg?v=1699436895,https://cdn.shopify.com/s/files/1/0690/1977/products/thlue-sapling-child-carrier-back-pack-agave.jpg?v=1699436896,,,https://cdn.shopify.com/s/files/1/0690/1977/products/thlue-sapling-child-carrier-back-pack-agave-3.jpg?v=1699436897,Baby Carrier & Sling
https://www.awin1.com/pclick.php?p=41370735087&a=2771700&m=64830,Obaby Nika Changing Unit - Oak,41370735087,50633-19804,https://cdn.shopify.com/s/files/1/0690/1977/files/obaby-nika-oak-chest-drawers-flat-4.jpg?v=1747699689,"The Obaby Nika Changing Unit is a beautifully practical piece for your nursery, offering everyday ease with a warm, modern design. With a spacious changing area and three deep drawers, it keeps all your essentials organised and close to hand – making those daily nappy changes calm and comfortable. Thoughtfully designed to grow with your family, the removable changing top transforms it into a classic chest of drawers, giving it a life well beyond the baby years. It blends seamlessly into both modern and traditional spaces – a lasting addition to your little one’s room.",Changing Tables,207,Natural Baby Shower Ltd,64830,Baby Products,599,https://images2.productserve.com/?w=200&h=200&bg=white&trim=5&t=letterbox&url=ssl%3Acdn.shopify.com%2Fs%2Ffiles%2F1%2F0690%2F1977%2Ffiles%2Fobaby-nika-oak-chest-drawers-flat-4.jpg%3Fv%3D1747699689&feedId=89138&k=a2891fecd8286a04621cf1c3fd5675335ebab60e,GBP,,,https://natural-baby-2.myshopify.com/products/obaby-nika-changing-unit-oak?variant=55424805568891,,,GBP207.00,89138,OBaby,1,https://cdn.shopify.com/s/files/1/0690/1977/files/obaby-nika-oak-chest-drawers-lifestyle.jpg?v=1747663192,https://cdn.shopify.com/s/files/1/0690/1977/files/obaby-nika-oak-chest-drawers-lifestyle-2.jpg?v=1747663192,,,https://cdn.shopify.com/s/files/1/0690/1977/files/obaby-nika-oak-chest-drawers-flat-5.jpg?v=1747699691,Nursery Furniture Piece
https://www.awin1.com/pclick.php?p=36496691871&a=2771700&m=64830,MORI Clever Zip Sleepsuit - Grey Marl - 0-3m,36496691871,43456-GM-0-3m,https://cdn.shopify.com/s/files/1/0690/1977/products/mori-clever-zip-up-sleepsuit-grey-marl.jpg?v=1699434265,"The MORI Clever Zip-Up Sleepsuit in Grey Marl has been designed to make changing quick and easy - with just one zip up and down - no tricky poppers. Made from bamboo and organic cotton for the softest and safest feel on a baby’s sensitive skin, it's also breathable and thermoregulating for a night of safe sleep. The zip fastening is made from non-metal nylon and concealed from the inside to ensure no catching on the skin and to avoid any unnecessary irritation for the baby. Foldover mitts are included for sizes under 9 months to make sure your little one doesn’t accidentally scratch themselves.",Baby & Children's Sleepwear,33.5,Natural Baby Shower Ltd,64830,,,https://images2.productserve.com/?w=200&h=200&bg=white&trim=5&t=letterbox&url=ssl%3Acdn.shopify.com%2Fs%2Ffiles%2F1%2F0690%2F1977%2Fproducts%2Fmori-clever-zip-up-sleepsuit-grey-marl.jpg%3Fv%3D1699434265&feedId=89138&k=7a1693f187e1c51ce0ed4d6e6ae9725789413b65,GBP,,,https://natural-baby-2.myshopify.com/products/mori-clever-zip-up-sleepsuit-grey-marl-2021?variant=39667298730062,,,GBP33.50,89138,MORI,1,https://cdn.shopify.com/s/files/1/0690/1977/products/mori-clever-zip-up-sleepsuit-grey-marl-2.jpg?v=1699434267,,,,,Sleepsuits
https://www.awin1.com/pclick.php?p=42215956065&a=2771700&m=64830,Love to Dream Toddler Sleep Bag (2.5 Tog) - Pebbles Rose,42215956065,51187-12175,https://cdn.shopify.com/s/files/1/0690/1977/files/love-to-dream-sleeping-bag-rose-flat.jpg?v=1755917419,"The Love to Dream™ Sleep Bag (2.5 TOG) is a safer, cosier alternative to loose blankets, helping your little one drift off in warmth and comfort. Perfect for cooler nights, this wearable blanket is thoughtfully designed with soft organic cotton, a built-in quilted layer for extra warmth, and roomy sizing for natural movement. With twin zippers for fuss-free changes and sleeves to keep little arms snug, it’s a sleep essential that keeps baby cosy and parents reassured.",Baby & Children's Sleepwear,42.99,Natural Baby Shower Ltd,64830,,,https://images2.productserve.com/?w=200&h=200&bg=white&trim=5&t=letterbox&url=ssl%3Acdn.shopify.com%2Fs%2Ffiles%2F1%2F0690%2F1977%2Ffiles%2Flove-to-dream-sleeping-bag-rose-flat.jpg%3Fv%3D1755917419&feedId=89138&k=2aff6067ba036e8aed6c7edc01a2d1e17fb33f9c,GBP,,,https://natural-baby-2.myshopify.com/products/love-to-dream-sleep-bag-2-5-tog-pebbles-rose?variant=55688485175675,,,GBP42.99,89138,Love to Dream,1,https://cdn.shopify.com/s/files/1/0690/1977/files/love-to-dream-sleeping-bag-dark-blue-lifestyle-4.jpg?v=1755917410,https://cdn.shopify.com/s/files/1/0690/1977/files/love-to-dream-sleeping-bag-rose-lifestyle-3.jpg?v=1755917420,,,https://cdn.shopify.com/s/files/1/0690/1977/files/love-to-dream-sleep-suit-2.5-tog-moonlight-white-lifestyle-4.jpg?v=1755861578,Baby Sleeping Bags
https://www.awin1.com/pclick.php?p=45463870665&a=2771700&m=64830,Axkid ONE 3 Car Seat - Arctic Mist Grey,45463870665,51970-74953,https://cdn.shopify.com/s/files/1/0690/1977/files/axkid-one-3-car-seat-arcyic-mist-grey-flat.jpg?v=1785917154,"The Axkid ONE 3 is a Scandinavian-designed ISOFIX car seat that prioritises safety, comfort, and practicality. Tested to the toughest standards, including the Swedish Plus Test and ADAC recommendations, it allows extended rear-facing travel up to 7 years (61–125cm/23kg), giving your child the safest and most supportive ride. Weighing less than 10kg, the ONE 3 is light, easy to handle, and quick to install in under 30 seconds with its guided 6-step ISOFIX system. Adjustable legroom of up to 30cm ensures comfort on long journeys, while magnetic harness holders and a smooth recline make every outing effortless for parents. The integrated Easy Climb handle encourages independence as your child grows, and soft, durable textiles ensure every ride is as cosy as it is secure. Built to last across siblings, the ONE 3 combines longevity, safety, and everyday practicality in one sleek, Scandinavian-inspired design.",Baby & Toddler Car Seats,450,Natural Baby Shower Ltd,64830,Baby Products,599,https://images2.productserve.com/?w=200&h=200&bg=white&trim=5&t=letterbox&url=ssl%3Acdn.shopify.com%2Fs%2Ffiles%2F1%2F0690%2F1977%2Ffiles%2Faxkid-one-3-car-seat-arcyic-mist-grey-flat.jpg%3Fv%3D1785917154&feedId=89138&k=5736e8d16d5b847286d9ecb6ce6d6931d67bf722,GBP,,,https://natural-baby-2.myshopify.com/products/axkid-one-3-car-seat-arctic-mist-grey?variant=56364579979643,,,GBP450.00,89138,Axkid,1,https://cdn.shopify.com/s/files/1/0690/1977/files/axkid-one-3-car-seat-arcyic-mist-grey-lifestyle.jpg?v=1785976270,https://cdn.shopify.com/s/files/1/0690/1977/files/axkid-one-3-car-seat-arcyic-mist-grey-flat-2.jpg?v=1785917153,,,https://cdn.shopify.com/s/files/1/0690/1977/files/axkid-one-3-car-seat-arcyic-mist-grey-flat-3.jpg?v=1785976271,Car Seats
https://www.awin1.com/pclick.php?p=45490709539&a=2771700&m=64830,CYBEX Solution G2 Car Seat - Almond Beige - Almond Beige / One Size,45490709539,52757-93200,https://cdn.shopify.com/s/files/1/0690/1977/files/cybex-solution-g2-i-size-almond-beige-flat.jpg?v=1785976278,"The CYBEX Solution G2 Car Seat is built for growing families who need exceptional safety without compromising on convenience. Suitable from approximately 3 to 12 years (100–150cm), this lightweight, foldable high-back booster is easy to move between vehicles, store at home or take on family holidays, making everyday travel simpler wherever life takes you. Designed with CYBEX's trusted safety technology, the Solution G2 features a patented reclining headrest to help keep your child's head in the protected zone while they sleep, alongside the Linear Side-impact Protection (L.S.P.) System Plus, which helps reduce side-impact forces. Flexible side wings provide extra room as your little one grows, while specially placed air vents encourage airflow for lasting comfort on every journey. Compact, comfortable and easy to carry, it's a clever choice that grows with your child for years of safer travel.",Baby & Toddler Car Seats,129.95,Natural Baby Shower Ltd,64830,Baby Products,599,https://images2.productserve.com/?w=200&h=200&bg=white&trim=5&t=letterbox&url=ssl%3Acdn.shopify.com%2Fs%2Ffiles%2F1%2F0690%2F1977%2Ffiles%2Fcybex-solution-g2-i-size-almond-beige-flat.jpg%3Fv%3D1785976278&feedId=89138&k=374739f93fb4b689082ad6d4d22a513a16d94958,GBP,,,https://natural-baby-2.myshopify.com/products/cybex-solution-g2-i-size-almond-beige?variant=56364980928891,,,GBP129.95,89138,Cybex,1,https://cdn.shopify.com/s/files/1/0690/1977/files/cybex-solution-g2-i-size-almond-beige-flat-7.jpg?v=1785976279,https://cdn.shopify.com/s/files/1/0690/1977/files/cybex-solution-g2-i-size-almond-beige-flat-2.jpg?v=1785976280,,,https://cdn.shopify.com/s/files/1/0690/1977/files/cybex-solution-g2-i-size-almond-beige-flat-3.jpg?v=1785976281,Car Seats
https://www.awin1.com/pclick.php?p=36496680249&a=2771700&m=64830,Mama Shack Anti Roll Changing Mat - Giraffe Print,36496680249,42493-GP,https://cdn.shopify.com/s/files/1/0690/1977/products/mama-shack-anti-roll-changing-mat-giraffe-print.jpg?v=1699422507,"Thoughtfully crafted to keep your baby snug and supported during changes, the Mama Shack Anti-Roll Changing Mat combines comfort with practicality. Designed with a gentle incline, it helps prevent rolling, offering extra peace of mind while you change your baby. The waterproof, wipe-clean surface makes everyday clean-ups effortless, so you can spend less time tidying and more time soaking up those precious newborn cuddles.",Changing Mats & Trays,30,Natural Baby Shower Ltd,64830,Baby Products,599,https://images2.productserve.com/?w=200&h=200&bg=white&trim=5&t=letterbox&url=ssl%3Acdn.shopify.com%2Fs%2Ffiles%2F1%2F0690%2F1977%2Fproducts%2Fmama-shack-anti-roll-changing-mat-giraffe-print.jpg%3Fv%3D1699422507&feedId=89138&k=9eca82c64e1f12729c79252f62f91989c3ea529b,GBP,,,https://natural-baby-2.myshopify.com/products/mama-shack-anti-roll-changing-mat-giraffe-print?variant=39492035936334,,,GBP30.00,89138,Mama Shack,1,https://cdn.shopify.com/s/files/1/0690/1977/products/mama-shack-anti-roll-changing-mat-giraffe-print-lifestyle-2.jpg?v=1699422509,https://cdn.shopify.com/s/files/1/0690/1977/products/mama-shack-anti-roll-changing-mat-giraffe-print-lifestyle.jpg?v=1699422510,,,,Changing Mat
https://www.awin1.com/pclick.php?p=36496686812&a=2771700&m=64830,Stokke® Sleepi™ V3 Mini Crib - Natural - No Mattress,36496686812,45674-NAT,https://cdn.shopify.com/s/files/1/0690/1977/files/stokke-sleepi-v3-mini-crib-natural.jpg?v=1776293327,"The Stokke® Sleepi™ V3 Mini Crib in Natural creates a nest-like environment for your little one, helping them feel snug and secure. The soft oval design makes it a truly elegant addition to any nursery. The lockable swivel wheels allow you to rock your baby gently to sleep and makes the crib easy to move from room to room. At only 67 cm wide, it’s amazingly space-efficient, making it ideal for petite nurseries. The Stokke Sleepi concept has been developed with sound sleep and safety in mind. The Stokke® Sleepi™ V3 Mini Mattress is a high-quality, firm and breathable mattress that ensures the air can circulate and remove the carbon dioxide exhaled by the baby. This way, overheating is avoided. This is especially important when the little ones turn over onto their stomachs while sleeping and breathe into the mattress. The Sleepi Mini mattress is made with multiple layers of breathable 3D mesh with a Sorona Bicomponent Stretch fiber core to offer firmness, maximal airflow and to exceed the highest safety standards.",Mini Cribs,335,Natural Baby Shower Ltd,64830,,,https://images2.productserve.com/?w=200&h=200&bg=white&trim=5&t=letterbox&url=ssl%3Acdn.shopify.com%2Fs%2Ffiles%2F1%2F0690%2F1977%2Ffiles%2Fstokke-sleepi-v3-mini-crib-natural.jpg%3Fv%3D1776293327&feedId=89138&k=8577f8f7c65d4bda61474127214a6af50799a23c,GBP,,,https://natural-baby-2.myshopify.com/products/stokke-sleepi-v3-mini-crib-natural?variant=40203505369166,,,GBP335.00,89138,Stokke,1,https://cdn.shopify.com/s/files/1/0690/1977/files/stokke-sleepi-mini-lifestyle-3.jpg?v=1776264818,https://cdn.shopify.com/s/files/1/0690/1977/products/stokke-sleepi-v3-mini-crib-natural-lifestyle.jpg?v=1776264818,,,https://cdn.shopify.com/s/files/1/0690/1977/files/stokke-sleepi-mini-lifestyle-7.jpg?v=1776264818,Nappy Caddy
https://www.awin1.com/pclick.php?p=36496686811&a=2771700&m=64830,Stokke® Sleepi™ V3 Mini Crib - Natural - Stokke Sleepi Mini Mattress V3,36496686811,45674-NAT-M,https://cdn.shopify.com/s/files/1/0690/1977/files/stokke-sleepi-mini-natural-v3-mattress-flat.jpg?v=1776293328,"The Stokke® Sleepi™ V3 Mini Crib in Natural creates a nest-like environment for your little one, helping them feel snug and secure. The soft oval design makes it a truly elegant addition to any nursery. The lockable swivel wheels allow you to rock your baby gently to sleep and makes the crib easy to move from room to room. At only 67 cm wide, it’s amazingly space-efficient, making it ideal for petite nurseries. The Stokke Sleepi concept has been developed with sound sleep and safety in mind. The Stokke® Sleepi™ V3 Mini Mattress is a high-quality, firm and breathable mattress that ensures the air can circulate and remove the carbon dioxide exhaled by the baby. This way, overheating is avoided. This is especially important when the little ones turn over onto their stomachs while sleeping and breathe into the mattress. The Sleepi Mini mattress is made with multiple layers of breathable 3D mesh with a Sorona Bicomponent Stretch fiber core to offer firmness, maximal airflow and to exceed the highest safety standards.",Mini Cribs,454,Natural Baby Shower Ltd,64830,,,https://images2.productserve.com/?w=200&h=200&bg=white&trim=5&t=letterbox&url=ssl%3Acdn.shopify.com%2Fs%2Ffiles%2F1%2F0690%2F1977%2Ffiles%2Fstokke-sleepi-mini-natural-v3-mattress-flat.jpg%3Fv%3D1776293328&feedId=89138&k=987ac67264f8fbc1c89372888bda00c4eedb5102,GBP,,,https://natural-baby-2.myshopify.com/products/stokke-sleepi-v3-mini-crib-natural?variant=40203505401934,,,GBP454.00,89138,Stokke,1,https://cdn.shopify.com/s/files/1/0690/1977/files/stokke-sleepi-mini-lifestyle-3.jpg?v=1776264818,https://cdn.shopify.com/s/files/1/0690/1977/products/stokke-sleepi-v3-mini-crib-natural-lifestyle.jpg?v=1776264818,,,https://cdn.shopify.com/s/files/1/0690/1977/files/stokke-sleepi-mini-lifestyle-7.jpg?v=1776264818,Nappy Caddy
https://www.awin1.com/pclick.php?p=36496681019&a=2771700&m=64830,Stokke® Sleepi™ V3 Fitted Sheet - White,36496681019,41920-WHT-V3,https://cdn.shopify.com/s/files/1/0690/1977/files/stokke-sleepi-v3-fitted-sheet-white.jpg?v=1776381071,"The Stokke® Sleepi™ V3 Fitted Sheet in White is made from the softest cotton and with elastic all the way around, this sheet is designed to fit the unique shape of the Stokke Sleepi Bed Mattress (available separately). It's perfect for your newborn baby's delicate skin and offers the ultimate comfort for a sound night's sleep.",Bed Sheets,27,Natural Baby Shower Ltd,64830,Baby Products,599,https://images2.productserve.com/?w=200&h=200&bg=white&trim=5&t=letterbox&url=ssl%3Acdn.shopify.com%2Fs%2Ffiles%2F1%2F0690%2F1977%2Ffiles%2Fstokke-sleepi-v3-fitted-sheet-white.jpg%3Fv%3D1776381071&feedId=89138&k=23f26cfd7c50f17fc37389d5ed035224d33545a2,GBP,,,https://natural-baby-2.myshopify.com/products/stokke-sleepi-v3-fitted-sheet-white?variant=39974963937358,,,GBP27.00,89138,Stokke,1,https://cdn.shopify.com/s/files/1/0690/1977/products/stokke-sleepi-v3-fitted-sheet-white-2.jpg?v=1776336710,,,,,Bedding & Sheets
https://www.awin1.com/pclick.php?p=38426795015&a=2771700&m=64830,Joolz Organiser - Sandy Taupe,38426795015,49422-92217,https://cdn.shopify.com/s/files/1/0690/1977/files/joolz-organser-sandy-taupe-flat-4.jpg?v=1720601792,"The Joolz Organiser in Sandy Taupe is the definition of practicality, without sacrificing style. With its sleek and chic design, this handy accessory offers a convenient solution for travelling light. A perfect alternative to large changing bags where literally everything gets lost. Thanks to the multiple pockets and compartments, you’re able to keep a bottle, nappies, snacks and wipes close wherever you go. Plus, a front pocket ensures your personal items stay safe and secure.","Handbags, Wallets & Cases",49.95,Natural Baby Shower Ltd,64830,Bags,595,https://images2.productserve.com/?w=200&h=200&bg=white&trim=5&t=letterbox&url=ssl%3Acdn.shopify.com%2Fs%2Ffiles%2F1%2F0690%2F1977%2Ffiles%2Fjoolz-organser-sandy-taupe-flat-4.jpg%3Fv%3D1720601792&feedId=89138&k=e2d8235a12701f6b7cbcaaa5dbaeecdc7f0d50e6,GBP,,,https://natural-baby-2.myshopify.com/products/joolz-organiser-sandy-taupe?variant=41620445397070,,,GBP49.95,89138,Joolz,1,https://cdn.shopify.com/s/files/1/0690/1977/files/joolz-organser-sandy-taupe-flat.jpg?v=1720652681,https://cdn.shopify.com/s/files/1/0690/1977/files/joolz-organser-flat.jpg?v=1720601792,,,https://cdn.shopify.com/s/files/1/0690/1977/files/joolz-organser-sandy-taupe-flat-2.jpg?v=1720652685,Pushchair Organiser
https://www.awin1.com/pclick.php?p=39110973437&a=2771700&m=64830,Britax Römer Kidfix Pro i-Size Car Seat - Space Black - Classic,39110973437,49683-38029,https://cdn.shopify.com/s/files/1/0690/1977/files/britax-romer-kidfix-pro-space-black-classic-flat-4.jpg?v=1726484192,"The Britax Römer Kidfix Pro i-Size is a safe, cosy haven for your growing child. Designed for ages 3.5 to 12 years (100–150 cm), this high back booster combines thoughtful ergonomics with advanced safety features, including SICT, XP-Pad, and SecureGuard*, giving your little one protection from every angle. Its slim yet spacious design ensures a comfortable fit in almost any car, while adjustable headrest and soft padding grow with your child. With i-Size approval and German-engineered quality, the KIDFIX PRO turns every journey into a safe and enjoyable adventure.",Baby & Toddler Car Seats,159,Natural Baby Shower Ltd,64830,Baby Products,599,https://images2.productserve.com/?w=200&h=200&bg=white&trim=5&t=letterbox&url=ssl%3Acdn.shopify.com%2Fs%2Ffiles%2F1%2F0690%2F1977%2Ffiles%2Fbritax-romer-kidfix-pro-space-black-classic-flat-4.jpg%3Fv%3D1726484192&feedId=89138&k=8e26183f4b5bcc82dd0692f602d8f81ba6e7787e,GBP,,,https://natural-baby-2.myshopify.com/products/britax-romer-kidfix-pro-car-seat-space-black-classic?variant=41780708442190,,,GBP159.00,89138,Britax Römer,1,https://cdn.shopify.com/s/files/1/0690/1977/files/britax-romer-kidfix-pro-lifestyle_e8dd3f2f-126a-4c62-96c4-317ab91e30d1.jpg?v=1776464030,https://cdn.shopify.com/s/files/1/0690/1977/files/britax-romer-adac-kidfix-pro.jpg?v=1776464030,,,https://cdn.shopify.com/s/files/1/0690/1977/files/britax-romer-kidfix-pro-space-black-classic-flat-2.jpg?v=1776464030,Car Seats
https://www.awin1.com/pclick.php?p=36555695216&a=2771700&m=64830,Maxi-Cosi 360 Family Kit Car Seat Bundle - Essential Collection - Essential Graphite,36555695216,48042-EGRA,https://cdn.shopify.com/s/files/1/0690/1977/files/maxi-cosi-360-kit-car-seat-bundle-essential-graphite-flat.jpg?v=1699883226,"The Maxi-Cosi 360 Family Kit Car Seat Bundle includes the innovative Maxi-Cosi Pebble 360 and Maxi-Cosi Pearl 360, paired with the FamilyFix 360 Base for a complete travel solution. Designed for safety and comfort, the Pebble 360 i-Size Car Seat accommodates newborns from birth up to approximately 15 months. Its smooth 360° rotation on the FamilyFix 360 base allows for effortless transitions using just one hand, making getting your baby in and out of the car a breeze. The easy-in harness ensures quick access, while the super-comfy baby-hugg inlay keeps your little one snug and secure. Safety is paramount with the Pebble 360, featuring ClimaFlow technology to help regulate your baby's temperature and G-CELL Side Impact Technology to protect against side collisions. The ergonomic carrying handle enhances portability, ensuring you can take your baby wherever you go with ease. From day one, the Pebble 360 provides maximum comfort, i-Size safety, and unparalleled convenience. The Maxi-Cosi Pearl 360 Car Seat is designed for longevity, suitable for children from 3 months up to 4 years. This rotating car seat is crafted for comfort and safety, allowing for smooth rotation in any recline position with its 360° rotation handle on the base. The Pearl 360 is equipped with a cosy from-birth inlay (sold separately) to keep your newborn snug, and as your child grows, the extra-spacious seat provides ample room for comfort. It’s the perfect solution for parents seeking a versatile and reliable car seat that adapts to their child’s needs. With the Maxi-Cosi 360 Family Kit, you can enjoy peace of mind knowing your child is safe and comfortable on every journey. Experience the ultimate in convenience and design with this exceptional car seat bundle, tailored for modern families.",Baby & Toddler Car Seats,549.99,Natural Baby Shower Ltd,64830,Baby Products,599,https://images2.productserve.com/?w=200&h=200&bg=white&trim=5&t=letterbox&url=ssl%3Acdn.shopify.com%2Fs%2Ffiles%2F1%2F0690%2F1977%2Ffiles%2Fmaxi-cosi-360-kit-car-seat-bundle-essential-graphite-flat.jpg%3Fv%3D1699883226&feedId=89138&k=d244816c0f399d46b81d095d0aeff31f2742dcc5,GBP,,,https://natural-baby-2.myshopify.com/products/maxi-cosi-360-family-kit-car-seat-bundle-essential-collection?variant=41960005140558,,,GBP549.99,89138,Maxi-Cosi,1,https://cdn.shopify.com/s/files/1/0690/1977/files/maxi-cosi-pebble-360-i-size-car-seat-lifestyle_a1dfc78a-8913-4e2c-a047-66bd0f672057.jpg?v=1699222395,https://cdn.shopify.com/s/files/1/0690/1977/files/maxi-cosi-pearl-360-car-seat-lifestyle-4_28cfb9d7-b657-47cd-ba15-e23936d9b14d.jpg?v=1699222397,,,https://cdn.shopify.com/s/files/1/0690/1977/files/maxi-cosi-pearl-360-car-seat-lifestyle-3_6f738d87-8ef8-4536-bec7-665d9d2fe3ca.jpg?v=1699222398,Car Seats
https://www.awin1.com/pclick.php?p=42076909588&a=2771700&m=64830,Joie Signature i-Level Pro Infant Carrier - Evergreen - No Base,42076909588,50107-20213,https://cdn.shopify.com/s/files/1/0690/1977/files/joie-signature-i-level_pro-infant-carrier-evergreen-flat.jpg?v=1749466021,"The Joie Signature i-Level Pro Infant Carrier is a dream come true for newborns and growing babies up to around 15 months. With a super comfy near-flat recline, adjustable headrest and flexible installation options, it’s designed to make every trip calm and safe for your little one, and simple for you.",Baby & Toddler Car Seats,150,Natural Baby Shower Ltd,64830,Baby Products,599,https://images2.productserve.com/?w=200&h=200&bg=white&trim=5&t=letterbox&url=ssl%3Acdn.shopify.com%2Fs%2Ffiles%2F1%2F0690%2F1977%2Ffiles%2Fjoie-signature-i-level_pro-infant-carrier-evergreen-flat.jpg%3Fv%3D1749466021&feedId=89138&k=3ca32d808a462f6be8da16f3f02095257dfe3530,GBP,,,https://natural-baby-2.myshopify.com/products/joie-signature-i-level-pro-infant-carrier-evergreen?variant=54871252894075,,,GBP150.00,89138,Joie,1,https://cdn.shopify.com/s/files/1/0690/1977/files/joie-signature-i-level_pro-infant-carrier-maple-lifestyle-3.jpg?v=1749551651,https://cdn.shopify.com/s/files/1/0690/1977/files/joie-signature-i-level_pro-infant-carrier-maple-lifestyle-2.jpg?v=1749551651,,,https://cdn.shopify.com/s/files/1/0690/1977/files/joie-signature-i-level_pro-infant-carrier-maple-lifestyle.jpg?v=1749551651,Car Seats
https://www.awin1.com/pclick.php?p=42076909589&a=2771700&m=64830,Joie Signature i-Level Pro Infant Carrier - Evergreen - With Base,42076909589,50107-20213-WB,https://cdn.shopify.com/s/files/1/0690/1977/files/joie-signature-i-level_pro-infant-carrier-evergreen-flat.jpg?v=1749466021,"The Joie Signature i-Level Pro Infant Carrier is a dream come true for newborns and growing babies up to around 15 months. With a super comfy near-flat recline, adjustable headrest and flexible installation options, it’s designed to make every trip calm and safe for your little one, and simple for you.",Baby & Toddler Car Seats,340,Natural Baby Shower Ltd,64830,Baby Products,599,https://images2.productserve.com/?w=200&h=200&bg=white&trim=5&t=letterbox&url=ssl%3Acdn.shopify.com%2Fs%2Ffiles%2F1%2F0690%2F1977%2Ffiles%2Fjoie-signature-i-level_pro-infant-carrier-evergreen-flat.jpg%3Fv%3D1749466021&feedId=89138&k=3ca32d808a462f6be8da16f3f02095257dfe3530,GBP,,,https://natural-baby-2.myshopify.com/products/joie-signature-i-level-pro-infant-carrier-evergreen?variant=55509272887675,,,GBP340.00,89138,Joie,1,https://cdn.shopify.com/s/files/1/0690/1977/files/joie-signature-i-level_pro-infant-carrier-maple-lifestyle-3.jpg?v=1749551651,https://cdn.shopify.com/s/files/1/0690/1977/files/joie-signature-i-level_pro-infant-carrier-maple-lifestyle-2.jpg?v=1749551651,,,https://cdn.shopify.com/s/files/1/0690/1977/files/joie-signature-i-level_pro-infant-carrier-maple-lifestyle.jpg?v=1749551651,Car Seats
https://www.awin1.com/pclick.php?p=40979529468&a=2771700&m=64830,Mama Shack Foldable Travel Changing Mat - Bunnies,40979529468,50549-66827,https://cdn.shopify.com/s/files/1/0690/1977/files/mama-shack-foldable-travel-mat-bunnies-flat.jpg?v=1744159587,"Say hello to stress-free, on-the-go nappy changes with Mama Shack's Foldable Travel Mat. Lightweight, portable, and easy to fold with a secure popper fastening, this mat is a must-have for any busy parent. Perfect for covering public changing tables or for quick, convenient changes at the park, pool, or while on holiday. Compact and versatile, it fits perfectly inside changing bags and nappy caddies.",Changing Mats & Trays,14,Natural Baby Shower Ltd,64830,Baby Products,599,https://images2.productserve.com/?w=200&h=200&bg=white&trim=5&t=letterbox&url=ssl%3Acdn.shopify.com%2Fs%2Ffiles%2F1%2F0690%2F1977%2Ffiles%2Fmama-shack-foldable-travel-mat-bunnies-flat.jpg%3Fv%3D1744159587&feedId=89138&k=dd7edb4c46bc58e6c8bd9150e53138efdc039a81,GBP,,,https://natural-baby-2.myshopify.com/products/mama-shack-foldable-travel-mat-bunnies?variant=55190628401531,,,GBP14.00,89138,Mama Shack,1,https://cdn.shopify.com/s/files/1/0690/1977/files/mama-shack-foldable-travel-mat-bunnies-lifestyle-2.jpg?v=1744159589,https://cdn.shopify.com/s/files/1/0690/1977/files/mama-shack-foldable-travel-mat-bunnies-lifestyle.jpg?v=1744109323,,,,Portable Changing Mat
https://www.awin1.com/pclick.php?p=40979529472&a=2771700&m=64830,Mama Shack Anti Roll Changing Mat - Candy Stripe - Sage,40979529472,50546-66681,https://cdn.shopify.com/s/files/1/0690/1977/files/mama-shack-anti-roll-changing-mat-candy-stripe-sage-flat.jpg?v=1744159603,"Thoughtfully crafted to keep your baby snug and supported during changes, the Mama Shack Anti-Roll Changing Mat combines comfort with practicality. Designed with a gentle incline, it helps prevent rolling, offering extra peace of mind while you change your baby. The waterproof, wipe-clean surface makes everyday clean-ups effortless, so you can spend less time tidying and more time soaking up those precious newborn cuddles.",Changing Mats & Trays,30,Natural Baby Shower Ltd,64830,Baby Products,599,https://images2.productserve.com/?w=200&h=200&bg=white&trim=5&t=letterbox&url=ssl%3Acdn.shopify.com%2Fs%2Ffiles%2F1%2F0690%2F1977%2Ffiles%2Fmama-shack-anti-roll-changing-mat-candy-stripe-sage-flat.jpg%3Fv%3D1744159603&feedId=89138&k=e8de0267ca6eeec18fad699ab515b5fef4a8fafd,GBP,,,https://natural-baby-2.myshopify.com/products/mama-shack-anti-roll-changing-mat-candy-stripe-sage?variant=55190628925819,,,GBP30.00,89138,Mama Shack,1,https://cdn.shopify.com/s/files/1/0690/1977/files/mama-shack-anti-roll-changing-mat-candy-stripe-sage-lifestyle-2.jpg?v=1744159607,https://cdn.shopify.com/s/files/1/0690/1977/files/mama-shack-anti-roll-changing-mat-candy-stripe-sage-lifestyle-3.jpg?v=1744108434,,,https://cdn.shopify.com/s/files/1/0690/1977/files/mama-shack-anti-roll-changing-mat-candy-stripe-sage-lifestyle.jpg?v=1744159607,Changing Mat
https://www.awin1.com/pclick.php?p=41382327717&a=2771700&m=64830,Bugaboo Butterfly 2 Complete Compact Stroller - Deep Indigo - With Bumper Bar,41382327717,50561-38047-WB,https://cdn.shopify.com/s/files/1/0690/1977/files/bugaboo-butterfly-bumper-bar-variant-flat-4.jpg?v=1773746329,"The Bugaboo Butterfly 2 Complete Compact Stroller is here to simplify your adventures, no matter how near or far. Designed with both baby and parent in mind, this ultra-compact stroller brings comfort, convenience, and style together. With a one-second fold, this lightweight stroller makes traveling a breeze, whether it's a stroll around the park or a family vacation. The spacious ergonomic seat offers ultimate comfort, with the flexibility of a fully reclined or fully upright position to suit your little one's needs. Plus, the larger wheels and full suspension ensure a smooth ride on all surfaces, while the spacious underseat basket and additional storage keep your essentials within easy reach. Beyond its thoughtful design, the Bugaboo Butterfly 2 is built with sustainability in mind, made with durable bio-based materials and recycled aluminium, reducing its CO2 footprint by 37% compared to its predecessor. Travel with peace of mind knowing your stroller is tested beyond industry standards for safety and durability. The Bugaboo Butterfly 2 will be right there with you, every step of the way.",Baby Strollers,410.95,Natural Baby Shower Ltd,64830,Baby Products,599,https://images2.productserve.com/?w=200&h=200&bg=white&trim=5&t=letterbox&url=ssl%3Acdn.shopify.com%2Fs%2Ffiles%2F1%2F0690%2F1977%2Ffiles%2Fbugaboo-butterfly-bumper-bar-variant-flat-4.jpg%3Fv%3D1773746329&feedId=89138&k=fab3e25da4391a656c952e1c2ffda1b9759bcf8b,GBP,,,https://natural-baby-2.myshopify.com/products/bugaboo-butterfly-2-complete-compact-stroller-deep-indigo?variant=55444579680635,,,GBP410.95,89138,Bugaboo,1,https://cdn.shopify.com/s/files/1/0690/1977/files/bugaboo-butterfly-2-lifestyle.jpg?v=1773746329,https://cdn.shopify.com/s/files/1/0690/1977/files/bugaboo-butterfly-2-lifestyle-10.jpg?v=1773746329,,,https://cdn.shopify.com/s/files/1/0690/1977/files/22daff35-d302-44bb-b6bc-cbeb59fae5a7.jpg?v=1783703877,Lightweight Stroller
https://www.awin1.com/pclick.php?p=42237433966&a=2771700&m=64830,Jollein Jersey Fitted Sheet - Teddy Bear,42237433966,51166-69429,https://cdn.shopify.com/s/files/1/0690/1977/files/jollein-jersey-fitted-sheet-teddy-bear-flat.jpg?v=1756351004,"Wrap your little one in softness with the Jollein Jersey Fitted Sheet in the adorable Teddy Bear print. Made from gentle, breathable cotton, this fitted sheet ensures a snug and comfortable fit for your baby’s cot mattress.",Bed Sheets,10.95,Natural Baby Shower Ltd,64830,Baby Products,599,https://images2.productserve.com/?w=200&h=200&bg=white&trim=5&t=letterbox&url=ssl%3Acdn.shopify.com%2Fs%2Ffiles%2F1%2F0690%2F1977%2Ffiles%2Fjollein-jersey-fitted-sheet-teddy-bear-flat.jpg%3Fv%3D1756351004&feedId=89138&k=fcf1bd41be0ba0b72c0de8e90a62e1f3439a9891,GBP,,,https://natural-baby-2.myshopify.com/products/jollein-jersey-fitted-sheet-teddy-bear?variant=55672639947131,,,GBP10.95,89138,Jollein,1,https://cdn.shopify.com/s/files/1/0690/1977/files/jollein-jersey-fitted-sheet-teddy-bear-lifestyle.jpg?v=1756351006,https://cdn.shopify.com/s/files/1/0690/1977/files/jollein-jersey-fitted-sheet-teddy-bear-lifestyle-2.jpg?v=1756351007,,,https://cdn.shopify.com/s/files/1/0690/1977/files/jollein-jersey-fitted-sheet-teddy-bear-flat-3.jpg?v=1756351008,Bedding & Sheets
https://www.awin1.com/pclick.php?p=36496688561&a=2771700&m=64830,Obaby Evie Changing Unit - Cashmere,36496688561,47516-07169,https://cdn.shopify.com/s/files/1/0690/1977/files/obaby-evie-changing-unit-cashmere-flat.jpg?v=1699491061,"The Obaby Evie Changing Unit in Cashmere is created with love and modern elegance in mind. Crafted with beautiful natural wood and inlay detailing, this luxurious piece of furniture will look stunning in any nursery. It's graceful silhouette and unique brass hardware instantly add sophistication to your little one's space. With three large drawers offering plenty of space for all your baby's belongings, it also for added convenience, has a removable changing top so you can enjoy the gorgeous chest of drawers for years to come. Stylish and practical, the Obaby Evie Changing Unit is the perfect addition to any home. Crafted with love, it's an elegant statement piece that looks beautiful and stands up to the everyday wear and tear of family life with ease.",Changing Tables,225,Natural Baby Shower Ltd,64830,Baby Products,599,https://images2.productserve.com/?w=200&h=200&bg=white&trim=5&t=letterbox&url=ssl%3Acdn.shopify.com%2Fs%2Ffiles%2F1%2F0690%2F1977%2Ffiles%2Fobaby-evie-changing-unit-cashmere-flat.jpg%3Fv%3D1699491061&feedId=89138&k=1880c9020a174f1302ef3e28fa2dab7f7e0dbe6c,GBP,,,https://natural-baby-2.myshopify.com/products/obaby-evie-changing-unit-cashmere?variant=40261031362638,,,GBP225.00,89138,OBaby,1,https://cdn.shopify.com/s/files/1/0690/1977/files/obaby-evie-changing-unit-cashmere-lifestyle-2.jpg?v=1699491063,https://cdn.shopify.com/s/files/1/0690/1977/files/obaby-evie-changing-unit-cashmere-lifestyle.jpg?v=1699491064,,,https://cdn.shopify.com/s/files/1/0690/1977/files/obaby-evie-changing-unit-cashmere-lifestyle-3.jpg?v=1699491066,Nursery Furniture Piece
https://www.awin1.com/pclick.php?p=39321730956&a=2771700&m=64830,Shnuggle Wash Cloths - White,39321730956,49321-70066,https://cdn.shopify.com/s/files/1/0690/1977/files/shnuggle-wash-cloths-flat.jpg?v=1731441472,The Shnuggle Wash Cloths in White are made from a bamboo and cotton blend to provide extra softness against the baby’s skin. They come boxed in a set of 3 and are perfectly sized for baby.,Bath Towels & Washcloths,8.46,Natural Baby Shower Ltd,64830,Baby Products,599,https://images2.productserve.com/?w=200&h=200&bg=white&trim=5&t=letterbox&url=ssl%3Acdn.shopify.com%2Fs%2Ffiles%2F1%2F0690%2F1977%2Ffiles%2Fshnuggle-wash-cloths-flat.jpg%3Fv%3D1731441472&feedId=89138&k=878bbff08a603303fc26b3ffba998d79f8aa69ee,GBP,,,https://natural-baby-2.myshopify.com/products/shnuggle-wash-cloths?variant=41966371668046,,,GBP8.46,89138,Shnuggle,1,,,,,,Baby Washcloths
https://www.awin1.com/pclick.php?p=40477872531&a=2771700&m=64830,Ergobaby Omni Deluxe Carrier - Mesh - Midnight Blue,40477872531,50351-IDBLU,https://cdn.shopify.com/s/files/1/0690/1977/files/ergobaby-omni-deluxe-mesh-midnight-blue-flat-2.jpg?v=1762438761,"Awarded ""Best Overall Carrier"" by Parents Best for Baby 2025. A four-position all-in-one carrier with patented, industry-leading ergonomic support for everyday comfort and versatility plus included convenience features like built-in phone storage, sun/nursing hood and pockets to support everyday parenting.",Baby Carriers,199.9,Natural Baby Shower Ltd,64830,Children's Accessories,539,https://images2.productserve.com/?w=200&h=200&bg=white&trim=5&t=letterbox&url=ssl%3Acdn.shopify.com%2Fs%2Ffiles%2F1%2F0690%2F1977%2Ffiles%2Fergobaby-omni-deluxe-mesh-midnight-blue-flat-2.jpg%3Fv%3D1762438761&feedId=89138&k=5035314a232c2ae61d56ffee157f6bf72ba5ab24,GBP,,,https://natural-baby-2.myshopify.com/products/ergobaby-omni-deluxe-mesh-midnight-blue?variant=54970716029307,,,GBP199.90,89138,Ergobaby,1,https://cdn.shopify.com/s/files/1/0690/1977/files/ergobaby-omni-deluxe-mesh-midnight-blue-flat-3.jpg?v=1762438761,https://cdn.shopify.com/s/files/1/0690/1977/files/ergobaby-omni-deluxe-mesh-baby-carrier-midnigjt-blue-lifestyle-3.jpg?v=1778628467,,,https://cdn.shopify.com/s/files/1/0690/1977/files/ergobaby-omni-deluxe-mesh-baby-carrier-midnigjt-blue-flat-2.jpg?v=1778628469,Baby Carrier & Sling
https://www.awin1.com/pclick.php?p=37679426860&a=2771700&m=64830,MiniMeis G5 Shoulder Carrier - Dusk Blue Core,37679426860,48981-00510,https://cdn.shopify.com/s/files/1/0690/1977/files/minimeis-g5-shoulder-carrier-dusk-blue-core-flat-6.jpg?v=1727306222,"Give your little one the ultimate front-row seat to life with the MiniMeis G5 Shoulder Carrier. Perfect from 6 months to 4 years old (up to 18kg), this award-winning carrier lifts kids up for the best view while keeping them safe and comfortable. Lightweight, foldable, and crafted from recycled ocean bottles, it’s a stylish and eco-friendly solution for families on the move. The G5’s ergonomic design evenly distributes weight, while padded seats, leg straps, and an optional shoulder strap ensure happy kids and relaxed parents. Pair it with the HERO Backpack (sold separately) for an effortless, hands-free adventure anywhere.",Baby Carriers,169,Natural Baby Shower Ltd,64830,Children's Accessories,539,https://images2.productserve.com/?w=200&h=200&bg=white&trim=5&t=letterbox&url=ssl%3Acdn.shopify.com%2Fs%2Ffiles%2F1%2F0690%2F1977%2Ffiles%2Fminimeis-g5-shoulder-carrier-dusk-blue-core-flat-6.jpg%3Fv%3D1727306222&feedId=89138&k=fd582628a9f8e96bbb3a8c681d98b5b0db9e79af,GBP,,,https://natural-baby-2.myshopify.com/products/minimeis-g5-shoulder-carrier-dusk-blue-core?variant=41012649427022,,,GBP169.00,89138,MiniMeis,1,https://cdn.shopify.com/s/files/1/0690/1977/files/minimeis-g5-shoulder-carrier-dusk-blue-core-lifestyle-5.jpg?v=1713343893,https://cdn.shopify.com/s/files/1/0690/1977/files/minimeis-g5-shoulder-carrier-dusk-blue-core-lifestyle-4.jpg?v=1713343893,,,https://cdn.shopify.com/s/files/1/0690/1977/files/minimeis-g5-shoulder-carrier-dusk-blue-core-lifestyle-3.jpg?v=1713343893,Baby Carrier & Sling
https://www.awin1.com/pclick.php?p=43145024621&a=2771700&m=64830,Jollein Fitted Jersey Sheet Jersey 60x120cm - Miffy And Friends - 60x120cm,43145024621,51518-00450,https://cdn.shopify.com/s/files/1/0690/1977/files/jollein-fitted-sheet-miffy-friends-flat.jpg?v=1762990889,"Ensure a cosy and playful sleep space with the Jollein Miffy and Friends Fitted Jersey Sheet. Crafted from soft OEKO-TEX cotton jersey, this stretchy sheet fits snugly on 60x120cm mattresses and stays in place with elastic corners. Featuring sweet illustrations of Miffy and her friends, it adds a cheerful touch to any nursery while feeling gentle against delicate skin.",Bed Sheets,11.95,Natural Baby Shower Ltd,64830,Baby Products,599,https://images2.productserve.com/?w=200&h=200&bg=white&trim=5&t=letterbox&url=ssl%3Acdn.shopify.com%2Fs%2Ffiles%2F1%2F0690%2F1977%2Ffiles%2Fjollein-fitted-sheet-miffy-friends-flat.jpg%3Fv%3D1762990889&feedId=89138&k=d98ce02b8a959c02d230d8e1de184eb7ab35e97d,GBP,,,https://natural-baby-2.myshopify.com/products/jollein-fitted-jersey-sheet-jersey-60x120cm-2pk-miffy-and-friends?variant=55911118930299,,,GBP11.95,89138,Jollein,1,,,,,,Bedding & Sheets
https://www.awin1.com/pclick.php?p=36496683938&a=2771700&m=64830,babymoov Turbo Pure Sterilizer + Dryer,36496683938,40728,https://cdn.shopify.com/s/files/1/0690/1977/products/babymoov-turbo-pure-sterilizer-dryer.jpg?v=1699375337,"The babymoov Turbo Pure Sterilizer + Dryer with purified storage ensures the best possible cleaning and sterilising method with the use of a HEPA filter for plastic + glass baby bottles and accessories so that parents have peace of mind straight from birth. The 3-in-1 Turbo Pure sterilises and dries plastic and glass baby bottles and accessories with a high-performance HEPA filter to the core in just 38 minutes and stores them in an ultra-hygienic and purified environment for up to 24 hours. The steam emitted by the Turbo Pure via the main tank itself and through the removable steam arms is at 95c to eliminate even the most resistant bacteria (99%), and destroys stubborn odours and calcium build-ups from milk. You can add up to 6 baby bottles as well as a breast pump, teats and other accessories suitable for sterilising. Turbo Pure is equipped with a unique 'Pure Drying' function (30, 45 or 60 mins). Hot air is forced deep into the bottle and is purified from bacteria, dust mites and other allergens thanks to the addition of an HEPA filter. This is the safest, most hygienic way to dry your baby bottles, teats and other accessories after sterilisation. Any humidity and pollutants contained in the air are eliminated (99%). Your baby bottles are ready to use and retain all the benefits of sterilisation. The HEPA filter can be easily changed every 6 months and Turbo Pure comes with a spare filter.",Bottle Warmers & Sterilizers,89.95,Natural Baby Shower Ltd,64830,Baby Products,599,https://images2.productserve.com/?w=200&h=200&bg=white&trim=5&t=letterbox&url=ssl%3Acdn.shopify.com%2Fs%2Ffiles%2F1%2F0690%2F1977%2Fproducts%2Fbabymoov-turbo-pure-sterilizer-dryer.jpg%3Fv%3D1699375337&feedId=89138&k=f47c9f29b7c4992dfd1236f9d50007fc4dd635b3,GBP,,,https://natural-baby-2.myshopify.com/products/babymoov-turbo-pure-sterilizer-dryer?variant=31248730488910,,,GBP89.95,89138,babymoov,1,https://cdn.shopify.com/s/files/1/0690/1977/products/babymoov-turbo-pure-sterilizer-dryer-lifestyle-2.jpg?v=1699375338,https://cdn.shopify.com/s/files/1/0690/1977/products/babymoov-turbo-pure-sterilizer-dryer-lifestyle-3.jpg?v=1699375339,,,https://cdn.shopify.com/s/files/1/0690/1977/products/babymoov-turbo-pure-sterilizer-dryer-2.jpg?v=1699375340,Bottle Steriliser
https://www.awin1.com/pclick.php?p=41094526500&a=2771700&m=64830,Joie Signature i-Level Pro Infant Carrier - Eclipse,41094526500,50107-19514,https://cdn.shopify.com/s/files/1/0690/1977/files/joie-signature-i-level-pro-infant-carrier-eclipse-flat.jpg?v=1745414313,"Give your baby the ultimate in comfort and protection with the Joie Signature i-Level Pro, a beautifully crafted infant carrier designed for snug, ergonomic journeys from day one. Whether you're on a quick trip or a longer adventure, this clever carrier keeps your little one safely cradled with a near-flat recline, premium fabrics, and top-tier safety features. From first outings to everyday errands, the i-Level Pro grows with your baby, offering comfort and peace of mind every step of the way. Compatible with most Joie pushchairs and Maxi-Cosi® style adapters, it also transforms into a reclining travel seat with the Encore Spinning System for seamless transitions as they grow. Crafted as part of the Joie Signature collection, the i-Level Pro is more than a car seat, it's a statement piece. Made with timeless style, sleek finishing and thoughtful design.",Baby & Toddler Car Seats,150,Natural Baby Shower Ltd,64830,Baby Products,599,https://images2.productserve.com/?w=200&h=200&bg=white&trim=5&t=letterbox&url=ssl%3Acdn.shopify.com%2Fs%2Ffiles%2F1%2F0690%2F1977%2Ffiles%2Fjoie-signature-i-level-pro-infant-carrier-eclipse-flat.jpg%3Fv%3D1745414313&feedId=89138&k=246726a196d24a6bf359bdedcba28b969995d439,GBP,,,https://natural-baby-2.myshopify.com/products/joie-signature-i-level-pro-infant-carrier-eclipse?variant=54871253746043,,,GBP150.00,89138,Joie,1,https://cdn.shopify.com/s/files/1/0690/1977/files/joie-signature-i-level-pro-infant-carrier-eclipse-lifestyle-7.jpg?v=1745463307,https://cdn.shopify.com/s/files/1/0690/1977/files/joie-signature-i-level-pro-infant-carrier-eclipse-lifestyle-8.jpg?v=1745463309,,,https://cdn.shopify.com/s/files/1/0690/1977/files/joie-signature-i-level-pro-infant-carrier-eclipse-lifestyle-6.jpg?v=1745414321,Baby Carrier & Sling
https://www.awin1.com/pclick.php?p=43709131921&a=2771700&m=64830,CuddleCo Aria Crib - Rattan,43709131921,48837-49833,https://cdn.shopify.com/s/files/1/0690/1977/files/cuddleco-aria-cribe-flat-2.jpg?v=1727777066,"The CuddleCo Aria Crib in Rattan promises to add warmth and texture to your nursery with its natural materials. Hand-made almost entirely of rattan, the newborn baby crib features an intricate design that will become the focal point of your nursery. Add a boho-chic feel to your baby’s bedroom with the Aria rattan nursery crib. Aria will look beautiful next to your bed or in the nursery. The Aria Rattan Crib comes with a foam mattress and a crib liner, containing anti-microbial properties to provide your baby with a clean, germ-free sleep environment. The mattress and liner feature a quilted fabric made with ultra-soft bamboo fibres, which help promote airflow and regulate temperature. The breathable mattress will support your baby as they sleep and grow.",Mini Cribs,199,Natural Baby Shower Ltd,64830,,,https://images2.productserve.com/?w=200&h=200&bg=white&trim=5&t=letterbox&url=ssl%3Acdn.shopify.com%2Fs%2Ffiles%2F1%2F0690%2F1977%2Ffiles%2Fcuddleco-aria-cribe-flat-2.jpg%3Fv%3D1727777066&feedId=89138&k=70b66a46d0d17ad970dad07df6df26a29b81e74b,GBP,,,https://natural-baby-2.myshopify.com/products/cuddleco-aria-crib-rattan?variant=40777272950862,,,GBP199.00,89138,CuddleCo,1,https://cdn.shopify.com/s/files/1/0690/1977/files/cuddleco-aria-cribe-lifestyle-3.jpg?v=1741778426,https://cdn.shopify.com/s/files/1/0690/1977/files/cuddleco-aria-cribe-lifestyle-4.jpg?v=1741778426,,,https://cdn.shopify.com/s/files/1/0690/1977/files/cuddleco-aria-cribe-lifestyle-2.jpg?v=1741778426,Nappy Caddy
https://www.awin1.com/pclick.php?p=43417402734&a=2771700&m=64830,Gaia Baby Gaia Stretchy Baby Wrap Carrier - Organic Cotton - Nutmeg,43417402734,50005-43713,https://cdn.shopify.com/s/files/1/0690/1977/files/gaia-baby-stretchy-baby-wrap-carrier-nutmeg-flat.jpg?v=1731942589,"The Gaia Baby Gaia Stretchy Baby Wrap Carrier in Organic Cotton Nutmeg is crafted from 100% certified organic cotton and features an easy-to-use, one-way stretch fabric. It's ergonomic, lightweight, durable, breathable, and machine washable too! From the very first moment you bring your baby home, you can enjoy the convenience of hands-free carrying. It's a wonderful way to strengthen the bond with your little one, while keeping them safe and snug. The wrap is suitable from 8-33 lbs or 3.6 - 15kg, with multiple carry positions: Newborn, Baby & Toddler. The Gaia Stretchy Baby Wrap Carriers are designed to be size-inclusive and gender-neutral, with about 5 meters of machine-washable fabric.",Baby Carriers,39.99,Natural Baby Shower Ltd,64830,Children's Accessories,539,https://images2.productserve.com/?w=200&h=200&bg=white&trim=5&t=letterbox&url=ssl%3Acdn.shopify.com%2Fs%2Ffiles%2F1%2F0690%2F1977%2Ffiles%2Fgaia-baby-stretchy-baby-wrap-carrier-nutmeg-flat.jpg%3Fv%3D1731942589&feedId=89138&k=d6c298c4c0bda3916cc3563b4c66524b2b41ff56,GBP,,,https://natural-baby-2.myshopify.com/products/gaia-baby-gaia-stretchy-baby-wrap-carrier-organic-cotton-nutmeg?variant=54537869361531,,,GBP39.99,89138,Gaia Baby,1,https://cdn.shopify.com/s/files/1/0690/1977/files/gaia-baby-stretchy-baby-wrap-carrier-nutmeg-lifestyle.jpg?v=1731942594,https://cdn.shopify.com/s/files/1/0690/1977/files/gaia-baby-stretchy-baby-wrap-carrier-nutmeg-lifestyle-4.jpg?v=1731942600,,,https://cdn.shopify.com/s/files/1/0690/1977/files/gaia-baby-stretchy-baby-wrap-carrier-nutmeg-lifestyle-2.jpg?v=1731942605,Baby Carrier & Sling
https://www.awin1.com/pclick.php?p=40477872530&a=2771700&m=64830,Ergobaby Omni Deluxe Carrier - Natural Linen,40477872530,50350-ATLIN,https://cdn.shopify.com/s/files/1/0690/1977/files/ergobaby-omni-deluxe-natural-linen-flat-3.jpg?v=1762438813,"Awarded ""Best Overall Carrier"" by Parents Best for Baby 2025. A four-position all-in-one carrier with patented, industry-leading ergonomic support for everyday comfort and versatility plus included convenience features like built-in phone storage, sun/nursing hood and pockets to support everyday parenting.",Baby Carriers,199.9,Natural Baby Shower Ltd,64830,Children's Accessories,539,https://images2.productserve.com/?w=200&h=200&bg=white&trim=5&t=letterbox&url=ssl%3Acdn.shopify.com%2Fs%2Ffiles%2F1%2F0690%2F1977%2Ffiles%2Fergobaby-omni-deluxe-natural-linen-flat-3.jpg%3Fv%3D1762438813&feedId=89138&k=d7db4324e118a4954aa719da7089105523e7f8e2,GBP,,,https://natural-baby-2.myshopify.com/products/ergobaby-omni-deluxe-natural-linen?variant=54970715832699,,,GBP199.90,89138,Ergobaby,1,https://cdn.shopify.com/s/files/1/0690/1977/files/ergobaby-omni-deluxe-natural-linen-flat-2.jpg?v=1762438813,https://cdn.shopify.com/s/files/1/0690/1977/files/ergobaby-omni-deluxe-baby-carrier-natural-linen-lifestyle-2.jpg?v=1778628458,,,https://cdn.shopify.com/s/files/1/0690/1977/files/ergobaby-omni-deluxe-baby-carrier-natural-linen-flat-5.jpg?v=1778628459,Baby Carrier & Sling
https://www.awin1.com/pclick.php?p=40987060111&a=2771700&m=64830,Stokke® Sleepi™ Mini Fitted Sheet - White Ocs,40987060111,50372-30015,https://cdn.shopify.com/s/files/1/0690/1977/files/stokke-sleepi-mini-fitted-sheet-white-flat_6ce71802-1f12-4fd4-9822-6180e8fa0a6f.jpg?v=1776382509,"The Stokke Sleepi Mini Fitted Sheet in White Ocs is a soft and breathable cotton sheet, gentle on delicate skin and offering ultimate comfort for peaceful nights. With elastic all the way around, it provides a secure, snug fit, ensuring a safe and restful sleep for your baby. Crafted with quality and safety in mind, the Stokke Sleepi Mini Fitted Sheet is Oeko-Tex® Standard 100, Class 1 approved, meaning it’s free from harmful substances and it's available in a range of playful colours, so you can find the perfect match for your nursery décor. For dreamy nights and cosy naps, this fitted sheet is the perfect finishing touch for your baby's Stokke® Sleepi™ Mini Bed.",Bed Sheets,17,Natural Baby Shower Ltd,64830,Baby Products,599,https://images2.productserve.com/?w=200&h=200&bg=white&trim=5&t=letterbox&url=ssl%3Acdn.shopify.com%2Fs%2Ffiles%2F1%2F0690%2F1977%2Ffiles%2Fstokke-sleepi-mini-fitted-sheet-white-flat_6ce71802-1f12-4fd4-9822-6180e8fa0a6f.jpg%3Fv%3D1776382509&feedId=89138&k=ec76d420284384950f31fb69d69fb10441283f79,GBP,,,https://natural-baby-2.myshopify.com/products/stokke-sleepi-mini-fitted-sheet-white-ocs?variant=54982241157499,,,GBP17.00,89138,Stokke,1,https://cdn.shopify.com/s/files/1/0690/1977/files/stokke-sleepi-mini-fitted-sheet-white-flat-3.jpg?v=1776336562,https://cdn.shopify.com/s/files/1/0690/1977/files/stokke-sleepi-mini-fitted-sheet-white-flat-2.jpg?v=1776336562,,,,Bedding & Sheets
https://www.awin1.com/pclick.php?p=40655843027&a=2771700&m=64830,CYBEX Pallas G2 i-Size Car Seat - Magic Black,40655843027,50470-00555,https://cdn.shopify.com/s/files/1/0690/1977/files/cybex-pallas-g2-plus-i-size-magic-black-flat-8.jpg?v=1740638150,"The CYBEX Pallas G2 i-Size in Magic Black is a premium 2-in-1 car seat designed to grow with your child from 15 months to approximately 12 years. Offering exceptional safety, comfort, and ease of use, it provides parents with peace of mind on every journey. With award-winning impact shield technology, this seat reduces the risk of neck injuries by 40% compared to traditional harness systems. The impact shield secures your child in seconds with a simple one-click system, giving them freedom to move while staying safely protected. As they grow, the shield can be removed, transitioning the seat into a high-back booster for extended use up to 12 years. For ultimate protection, the L.S.P. System Plus reduces side-impact forces, while the patented reclining headrest keeps their head safely positioned, even when sleeping. The i-Size certification ensures a secure fit in your vehicle with ISOFIX and a top tether for extra stability. Designed for everyday comfort, the one-hand recline function allows parents to easily adjust the seat for naps on the go. Cleverly placed ventilation panels keep air flowing, ensuring a cool and comfortable ride, even on warmer days. The CYBEX Pallas G2 i-Size is the perfect long-term travel solution, combining superior safety, effortless usability, and luxurious comfort to support your little one at every stage of their journey.",Baby & Toddler Car Seats,167.96,Natural Baby Shower Ltd,64830,Baby Products,599,https://images2.productserve.com/?w=200&h=200&bg=white&trim=5&t=letterbox&url=ssl%3Acdn.shopify.com%2Fs%2Ffiles%2F1%2F0690%2F1977%2Ffiles%2Fcybex-pallas-g2-plus-i-size-magic-black-flat-8.jpg%3Fv%3D1740638150&feedId=89138&k=fe6d185cdf0a7fd9a17913a41b8e2468fddb9339,GBP,,,https://natural-baby-2.myshopify.com/products/cybex-pallas-g2-i-size-magic-black?variant=55100741190011,,,GBP167.96,89138,Cybex,1,https://cdn.shopify.com/s/files/1/0690/1977/files/cybex-pallas-g2-lifestyle-2.jpg?v=1745313239,https://cdn.shopify.com/s/files/1/0690/1977/files/cybex-pallas-g2-lifestyle-5.jpg?v=1745313264,,,https://cdn.shopify.com/s/files/1/0690/1977/files/PALLAS-G2-4.jpg?v=1745313264,Car Seats
https://www.awin1.com/pclick.php?p=41282931906&a=2771700&m=64830,Mama Shack Changing Mat - Candy Stripe - Sage,41282931906,50547-66766,https://cdn.shopify.com/s/files/1/0690/1977/files/mama-shack-changing-mat-candy-stripe-sage-flat.jpg?v=1746579636,"Create a cosy, stylish, and practical changing space with the Mama Shack Changing Mat. Lightweight and portable, it’s perfect for use on your changing table or for quick changes anywhere around the home. The durable, waterproof surface wipes clean in seconds, keeping life simple for busy parents. Meanwhile, the soft nursery-grade foam ensures your baby stays comfortable and secure. Made from phthalate-free PVC and OEKO-TEX® Standard 100 certified, it’s a safe, worry-free choice for both you and your little one.",Changing Mats & Trays,19,Natural Baby Shower Ltd,64830,Baby Products,599,https://images2.productserve.com/?w=200&h=200&bg=white&trim=5&t=letterbox&url=ssl%3Acdn.shopify.com%2Fs%2Ffiles%2F1%2F0690%2F1977%2Ffiles%2Fmama-shack-changing-mat-candy-stripe-sage-flat.jpg%3Fv%3D1746579636&feedId=89138&k=b70cc3809bdb39d345f8b46e29d5702b4d6ad726,GBP,,,https://natural-baby-2.myshopify.com/products/mama-shack-changing-mat-candy-stripe-sage?variant=55190628434299,,,GBP19.00,89138,Mama Shack,1,,,,,,Changing Mat
https://www.awin1.com/pclick.php?p=40979529473&a=2771700&m=64830,Mama Shack Anti Roll Changing Mat - Bunnies,40979529473,50546-66667,https://cdn.shopify.com/s/files/1/0690/1977/files/mama-shack-anti-roll-changing-mat-bunnies-flat.jpg?v=1744159608,"Thoughtfully crafted to keep your baby snug and supported during changes, the Mama Shack Anti-Roll Changing Mat combines comfort with practicality. Designed with a gentle incline, it helps prevent rolling, offering extra peace of mind while you change your baby. The waterproof, wipe-clean surface makes everyday clean-ups effortless, so you can spend less time tidying and more time soaking up those precious newborn cuddles.",Changing Mats & Trays,30,Natural Baby Shower Ltd,64830,Baby Products,599,https://images2.productserve.com/?w=200&h=200&bg=white&trim=5&t=letterbox&url=ssl%3Acdn.shopify.com%2Fs%2Ffiles%2F1%2F0690%2F1977%2Ffiles%2Fmama-shack-anti-roll-changing-mat-bunnies-flat.jpg%3Fv%3D1744159608&feedId=89138&k=285a2c98236e0b5377efd052db609b9568ca6463,GBP,,,https://natural-baby-2.myshopify.com/products/mama-shack-anti-roll-changing-mat-bunnies?variant=55190628958587,,,GBP30.00,89138,Mama Shack,1,https://cdn.shopify.com/s/files/1/0690/1977/files/mama-shack-anti-roll-changing-mat-bunnies-lifestyle.jpg?v=1744159611,https://cdn.shopify.com/s/files/1/0690/1977/files/mama-shack-anti-roll-changing-mat-bunnies-lifestyle-2.jpg?v=1744159612,,,,Changing Mat
https://www.awin1.com/pclick.php?p=36496689461&a=2771700&m=64830,The Little Green Sheep Natural Junior Mattress 90x190cm,36496689461,9008,https://cdn.shopify.com/s/files/1/0690/1977/files/The-Little-Green-Sheep-Natural-Junior-Mattress-Flat-1.jpg?v=1784244243,"The Little Green Sheep Natural Junior Mattress 90x190cm has been beautifully crafted using natural ingredients and is free from any harmful toxins and chemicals, giving you peace of mind that your little one is sleeping in a pure and natural environment. A layer of natural latex acts as a layer of memory foam and works with the coconut coir core to provide the correct progressive support for your little one as they grow. (Just make sure to place the mattress label side up when you receive it). The mattress core is created from thousands of coconut fibres blended together with natural latex to act as thousands of tiny springs, providing support and reducing pressure points which commonly occur with sprung type mattresses that can dip when being used for such a length of time. On the inside of the cover there is an added layer of wool which brings an abundance of benefits to your little sleeper. It's naturally hypo-allergenic and temperature regulating with excellent breathability. It’s also a natural defence against dust mites and a natural fire retardant, meaning that this mattress passes the UK and European Fire Regulation Tests without the need for any chemical fire retardant sprays. Holding all these layers together is a luxury Herringbone cotton cover that helps aid the breathability of the mattress and is super soft for baby’s delicate skin, so they can sleep comfortably time and time again.",Mattresses,314.5,Natural Baby Shower Ltd,64830,Mattresses,453,https://images2.productserve.com/?w=200&h=200&bg=white&trim=5&t=letterbox&url=ssl%3Acdn.shopify.com%2Fs%2Ffiles%2F1%2F0690%2F1977%2Ffiles%2FThe-Little-Green-Sheep-Natural-Junior-Mattress-Flat-1.jpg%3Fv%3D1784244243&feedId=89138&k=432253216ed5c482afe10a8a268cbc1508a3e585,GBP,,,https://natural-baby-2.myshopify.com/products/the-little-green-sheep-natural-junior-mattress-90x190cm?variant=1098672419,,,GBP314.50,89138,The Little Green Sheep,1,https://cdn.shopify.com/s/files/1/0690/1977/files/The-Little-Green-Sheep-Natural-Junior-Mattress-Lifestyle-Hero.jpg?v=1784244243,https://cdn.shopify.com/s/files/1/0690/1977/files/The-Little-Green-Sheep-Natural-Junior-Mattress-Lifestyle-3.jpg?v=1784244245,,,https://cdn.shopify.com/s/files/1/0690/1977/files/The-Little-Green-Sheep-Natural-Junior-Mattress-Lifestyle-2.jpg?v=1784244245,Cot Mattress
https://www.awin1.com/pclick.php?p=37581539308&a=2771700&m=64830,MORI Hat - White - 0-3m,37581539308,35281-0-3m,https://cdn.shopify.com/s/files/1/0690/1977/products/Baby-Mori-Hat---White.jpg?v=1699337395,This super cute MORI Hat in White would be perfect for when baby comes out of the hospital or has their first outing to the outside world. We think this hat is fab because of the handy feature of the flexible roll-up hat edge - you can roll up the edge of the hat to your desired length.,Baby & Children's Hats,12,Natural Baby Shower Ltd,64830,,,https://images2.productserve.com/?w=200&h=200&bg=white&trim=5&t=letterbox&url=ssl%3Acdn.shopify.com%2Fs%2Ffiles%2F1%2F0690%2F1977%2Fproducts%2FBaby-Mori-Hat---White.jpg%3Fv%3D1699337395&feedId=89138&k=0877b1aca0bb048f4772bfa05161dd8c459f962a,GBP,,,https://natural-baby-2.myshopify.com/products/baby-mori-hat-white?variant=40148115598,,,GBP12.00,89138,MORI,1,,,,,,Hats
https://www.awin1.com/pclick.php?p=36496683075&a=2771700&m=64830,BeSafe Sunshades - 2 Pack,36496683075,37447,https://cdn.shopify.com/s/files/1/0690/1977/products/BeSafe-Sunshades---2-Pack.jpg?v=1699350772,"The BeSafe Sunshades come in a set of 2 and blocks out harmful UV rays with a sun protection of UPF 50+ whilst in the car. They do not require suction cups, simply attaching to your car’s windows with static. A large surface provides more shade without obscuring the driver’s view.",Baby & Toddler Car Seat Accessories,20,Natural Baby Shower Ltd,64830,Baby Products,599,https://images2.productserve.com/?w=200&h=200&bg=white&trim=5&t=letterbox&url=ssl%3Acdn.shopify.com%2Fs%2Ffiles%2F1%2F0690%2F1977%2Fproducts%2FBeSafe-Sunshades---2-Pack.jpg%3Fv%3D1699350772&feedId=89138&k=25f149a31fdc1c13e934173a5bbb523f7733a777,GBP,,,https://natural-baby-2.myshopify.com/products/besafe-sunshades-2-pack?variant=12375518609486,,,GBP20.00,89138,BeSafe,1,https://cdn.shopify.com/s/files/1/0690/1977/products/BeSafe-Sunshades---2-Pack-2.jpg?v=1699350774,https://cdn.shopify.com/s/files/1/0690/1977/products/BeSafe-Sunshades---2-Pack-1.jpg?v=1699350775,,,,Sun Shades
https://www.awin1.com/pclick.php?p=42468560457&a=2771700&m=64830,BabyBjorn Balance Woven Baby Bouncer - Black Frame - Dark Grey/Grey - Googly Eyes B+W,42468560457,38162-GRY-GBW,https://cdn.shopify.com/s/files/1/0690/1977/files/babybjorn-baby-bouncer-grey-toy-bars-flat-4.jpg?v=1773233166,"The BabyBjorn Balance Woven Baby Bouncer in Dark Grey/Grey is an ergonomic baby bouncer with natural rocking where your baby can play or rest. Your baby’s own movements set the baby bouncer gently rocking, which provides great fun for them. The fitted fabric seat is comfortable and gives good support to your baby’s back, neck and head. Bouncer (max 9 kg): Always use the restraint system. Make sure that both buttons are locked. You can adjust between two positions. Stop using the product as a bouncer once your child can sit up without help. Chair (max 13 kg): Use as chair when your child can walk and sit on his or her own. In order to convert the product into a chair, all you have to do is turn the fabric around.",Baby Bouncers,194.48,Natural Baby Shower Ltd,64830,,,https://images2.productserve.com/?w=200&h=200&bg=white&trim=5&t=letterbox&url=ssl%3Acdn.shopify.com%2Fs%2Ffiles%2F1%2F0690%2F1977%2Ffiles%2Fbabybjorn-baby-bouncer-grey-toy-bars-flat-4.jpg%3Fv%3D1773233166&feedId=89138&k=dc5f59b39a57414ee84212f9f9893abf2db78ef8,GBP,,,https://natural-baby-2.myshopify.com/products/babybjorn-balance-soft-cotton-baby-bouncer-black-frame-dark-grey-grey?variant=55749642289531,,,GBP194.48,89138,BabyBjörn,1,https://cdn.shopify.com/s/files/1/0690/1977/files/BabyBjorn-Balance-Woven-Baby-Bouncer---Black-Frame---Dark-Grey-Grey---Lifestyle-1.jpg?v=1773233166,https://cdn.shopify.com/s/files/1/0690/1977/files/BabyBjorn-Balance-Woven-Baby-Bouncer---Black-Frame---Dark-Grey-Grey---Lifestyle-2.jpg?v=1773233166,,,https://cdn.shopify.com/s/files/1/0690/1977/files/BabyBjorn-Balance-Woven-Baby-Bouncer---Black-Frame---Dark-Grey-Grey---Lifestyle-3.jpg?v=1773270974,Baby Rocker & Bouncer
https://www.awin1.com/pclick.php?p=42468560459&a=2771700&m=64830,BabyBjorn Balance Woven Baby Bouncer - Black Frame - Dark Grey/Grey - Googly Eyes Pastel,42468560459,38162-GRY-GP,https://cdn.shopify.com/s/files/1/0690/1977/files/babybjorn-baby-bouncer-grey-toy-bars-flat-3.jpg?v=1773233166,"The BabyBjorn Balance Woven Baby Bouncer in Dark Grey/Grey is an ergonomic baby bouncer with natural rocking where your baby can play or rest. Your baby’s own movements set the baby bouncer gently rocking, which provides great fun for them. The fitted fabric seat is comfortable and gives good support to your baby’s back, neck and head. Bouncer (max 9 kg): Always use the restraint system. Make sure that both buttons are locked. You can adjust between two positions. Stop using the product as a bouncer once your child can sit up without help. Chair (max 13 kg): Use as chair when your child can walk and sit on his or her own. In order to convert the product into a chair, all you have to do is turn the fabric around.",Baby Bouncers,194.48,Natural Baby Shower Ltd,64830,,,https://images2.productserve.com/?w=200&h=200&bg=white&trim=5&t=letterbox&url=ssl%3Acdn.shopify.com%2Fs%2Ffiles%2F1%2F0690%2F1977%2Ffiles%2Fbabybjorn-baby-bouncer-grey-toy-bars-flat-3.jpg%3Fv%3D1773233166&feedId=89138&k=a5a7541596be27ab8826966f562531efdaf737e6,GBP,,,https://natural-baby-2.myshopify.com/products/babybjorn-balance-soft-cotton-baby-bouncer-black-frame-dark-grey-grey?variant=55749642355067,,,GBP194.48,89138,BabyBjörn,1,https://cdn.shopify.com/s/files/1/0690/1977/files/BabyBjorn-Balance-Woven-Baby-Bouncer---Black-Frame---Dark-Grey-Grey---Lifestyle-1.jpg?v=1773233166,https://cdn.shopify.com/s/files/1/0690/1977/files/BabyBjorn-Balance-Woven-Baby-Bouncer---Black-Frame---Dark-Grey-Grey---Lifestyle-2.jpg?v=1773233166,,,https://cdn.shopify.com/s/files/1/0690/1977/files/BabyBjorn-Balance-Woven-Baby-Bouncer---Black-Frame---Dark-Grey-Grey---Lifestyle-3.jpg?v=1773270974,Baby Rocker & Bouncer
https://www.awin1.com/pclick.php?p=36496693187&a=2771700&m=64830,Ergobaby Embrace Carrier - Oxford Blue,36496693187,40474-OB,https://cdn.shopify.com/s/files/1/0690/1977/files/ergobaby-embrace-oxford-blue-flat-2.jpg?v=1778060564,"Awarded ""The Best Baby Carrier for Newborns"" by the NY Times Wirecutter. A simple, two-position, soft and cosy newborn-ready carrier designed for baby's first 12 months with patented, industry-leading ergonomic support.",Baby Carriers,99.9,Natural Baby Shower Ltd,64830,Children's Accessories,539,https://images2.productserve.com/?w=200&h=200&bg=white&trim=5&t=letterbox&url=ssl%3Acdn.shopify.com%2Fs%2Ffiles%2F1%2F0690%2F1977%2Ffiles%2Fergobaby-embrace-oxford-blue-flat-2.jpg%3Fv%3D1778060564&feedId=89138&k=cd396382763b32914090059def6c0a324ff4132d,GBP,,,https://natural-baby-2.myshopify.com/products/ergobaby-embrace-baby-carrier-oxford-blue?variant=30265103089742,,,GBP99.90,89138,Ergobaby,1,https://cdn.shopify.com/s/files/1/0690/1977/files/ergobaby-embrace-oxford-blue-flat.jpg?v=1778060563,https://cdn.shopify.com/s/files/1/0690/1977/files/ergobaby-embrace-oxofrd-blue-lifestyle-4.jpg?v=1778146995,,,https://cdn.shopify.com/s/files/1/0690/1977/files/ergobaby-embrace-infographics-oxford-blue-lifestyle-2.jpg?v=1778146996,Baby Carrier & Sling
https://www.awin1.com/pclick.php?p=43879879701&a=2771700&m=64830,CuddleCo Burford 2pc Set - Oak,43879879701,51932-55708,https://cdn.shopify.com/s/files/1/0690/1977/files/cuddleco-burford-2pc-oak-set-flat-2.jpg?v=1770197334,"Create a calm, coordinated nursery with the CuddleCo Burford 2 Piece Nursery Furniture Set. Combining a cot bed and dresser changer in timeless shaker style, this set blends functionality with classic design, offering a soothing and organised space for your baby from day one. The cot bed features three adjustable mattress positions and converts into a toddler bed, supporting safe, comfortable sleep through the early years. The dresser changer provides generous drawer storage and a removable changing top, allowing it to transition into a standalone dresser as your child grows. Crafted with clean lines and warm oak, the Burford 2 Piece Set brings a naturally elegant and practical touch to any nursery.",Baby & Toddler Furniture Sets,699,Natural Baby Shower Ltd,64830,Furniture,424,https://images2.productserve.com/?w=200&h=200&bg=white&trim=5&t=letterbox&url=ssl%3Acdn.shopify.com%2Fs%2Ffiles%2F1%2F0690%2F1977%2Ffiles%2Fcuddleco-burford-2pc-oak-set-flat-2.jpg%3Fv%3D1770197334&feedId=89138&k=ff57ab2d7d21db09dd8f6656d11a7fe8d4b992fc,GBP,,,https://natural-baby-2.myshopify.com/products/cuddleco-burford-2pc-set-oak?variant=56031186256251,,,GBP699.00,89138,CuddleCo,1,https://cdn.shopify.com/s/files/1/0690/1977/files/cuddleco-burford-2pc-oak-set-flat.jpg?v=1770197334,https://cdn.shopify.com/s/files/1/0690/1977/files/cuddleco-burford-cot-bed-oak-lifestyle-2.jpg?v=1770251877,,,https://cdn.shopify.com/s/files/1/0690/1977/files/cuddleco-burford-cot-bed-oak-lifestyle-3.jpg?v=1770197718,Nursery Furniture Pair
https://www.awin1.com/pclick.php?p=45284177016&a=2771700&m=64830,Ergobaby Omni Lite Mesh Carrier - Natural Beige - Natural Beige,45284177016,52606-60851,https://cdn.shopify.com/s/files/1/0690/1977/files/ergobaby-omni-lite-natural-beige-flat-2.jpg?v=1783466694,"A simple, inward-facing, newborn-ready carrier designed for baby's first 24 months, with patented, industry-leading ergonomic support for effortless everyday babywearing. Supports baby's development with an adjustable bucket seat for healthy positioning and close carry, plus a patented back panel that adapts through baby’s changing stages. Supports comfortable wear for parents through even weight distribution and lumbar support, intuitive Cross-Back (X) straps for ease of use, and quick on/off adjustments for daily convenience. Certified as Hip Healthy by the IHDI and compatible with accessories.",Baby Carriers,129.9,Natural Baby Shower Ltd,64830,Children's Accessories,539,https://images2.productserve.com/?w=200&h=200&bg=white&trim=5&t=letterbox&url=ssl%3Acdn.shopify.com%2Fs%2Ffiles%2F1%2F0690%2F1977%2Ffiles%2Fergobaby-omni-lite-natural-beige-flat-2.jpg%3Fv%3D1783466694&feedId=89138&k=6d0406486e83faf30a39c776d44028600180e0f3,GBP,,,https://natural-baby-2.myshopify.com/products/ergobaby-omni-lite-mesh-carrier-natural-beige?variant=56317793665403,,,GBP129.90,89138,Ergobaby,1,https://cdn.shopify.com/s/files/1/0690/1977/files/ergobaby-omni-lite-natural-beige-flat.jpg?v=1783466685,https://cdn.shopify.com/s/files/1/0690/1977/files/ergobaby-omni-lite-natural-beige-lifestyle-3.jpg?v=1783466692,,,https://cdn.shopify.com/s/files/1/0690/1977/files/ergobaby-omni-lite-natural-beige-lifestyle-6.jpg?v=1783466686,Baby Carrier & Sling
https://www.awin1.com/pclick.php?p=38177968651&a=2771700&m=64830,Thule Organiser - Black,38177968651,49318-64924,https://cdn.shopify.com/s/files/1/0690/1977/files/thule-organiser-black-flat.jpg?v=1718785408,"The Thule Organizer in Black adds a handy cup holder and pocket to your Thule Chariot or stroller. The organizer boosts easier access to drinks, snacks and small important items whilst you are out on adventures with your little one.",Stroller Cup Holders,59.99,Natural Baby Shower Ltd,64830,,,https://images2.productserve.com/?w=200&h=200&bg=white&trim=5&t=letterbox&url=ssl%3Acdn.shopify.com%2Fs%2Ffiles%2F1%2F0690%2F1977%2Ffiles%2Fthule-organiser-black-flat.jpg%3Fv%3D1718785408&feedId=89138&k=e521f6e82af24e311077348f8f2773d0e83775ac,GBP,,,https://natural-baby-2.myshopify.com/products/thule-organiser-black?variant=41546163748942,,,GBP59.99,89138,Thule,1,,,,,,Pushchair Organiser
https://www.awin1.com/pclick.php?p=36685722733&a=2771700&m=64830,The Little Green Sheep Organic Moses Basket Fitted Sheet - Truffle,36685722733,48089-45800,https://cdn.shopify.com/s/files/1/0690/1977/files/the-little-green-sheep-organic-moses-baslet-fitted-sheet-truffle-print-flat.jpg?v=1699884649,"The Little Green Sheep Organic Moses Basket Fitted Sheet in Truffle will pop onto your little ones moses basket mattress - it will help keep their body temperature regulated, thanks to the breathable material.",Bed Sheets,11.16,Natural Baby Shower Ltd,64830,Baby Products,599,https://images2.productserve.com/?w=200&h=200&bg=white&trim=5&t=letterbox&url=ssl%3Acdn.shopify.com%2Fs%2Ffiles%2F1%2F0690%2F1977%2Ffiles%2Fthe-little-green-sheep-organic-moses-baslet-fitted-sheet-truffle-print-flat.jpg%3Fv%3D1699884649&feedId=89138&k=50b0e53bc95274d99bb02ddce397f7212ed10f26,GBP,,,https://natural-baby-2.myshopify.com/products/the-little-green-sheep-organic-moses-basket-fitted-sheet-truffle?variant=40347575287886,,,GBP11.16,89138,The Little Green Sheep,1,https://cdn.shopify.com/s/files/1/0690/1977/files/the-little-green-sheep-organic-moses-baslet-fitted-sheet-truffle-print-lifestyle.jpg?v=1699884653,,,,,Bedding & Sheets
https://www.awin1.com/pclick.php?p=40979529470&a=2771700&m=64830,Mama Shack Teddy Fleece Nappy Caddy - Ivory,40979529470,50554-66452,https://cdn.shopify.com/s/files/1/0690/1977/files/mama-shack-teddy-fleece-nappy-caddyivory-lifestyle-7.jpg?v=1744159593,"The Mama Shack Teddy Fleece Nappy Caddy brings both style and comfort to your nursery. Crafted from soft, plush teddy fleece, this chic organiser adds a cosy, inviting touch while helping you stay organised. With eight outer pockets for essentials like dummies, creams, and toys, plus three spacious interior compartments for nappies, wipes, and all those must-have items, it’s designed to make parenting a little easier. Whether it’s for those middle-of-the-night nappy changes or staying organised while on-the-go, this nappy caddy ensures everything stays beautifully in place.",Diaper Pail Accessories,27,Natural Baby Shower Ltd,64830,Baby Products,599,https://images2.productserve.com/?w=200&h=200&bg=white&trim=5&t=letterbox&url=ssl%3Acdn.shopify.com%2Fs%2Ffiles%2F1%2F0690%2F1977%2Ffiles%2Fmama-shack-teddy-fleece-nappy-caddyivory-lifestyle-7.jpg%3Fv%3D1744159593&feedId=89138&k=b21f8a355b0528b8ab8af164ce52caa61f4455eb,GBP,,,https://natural-baby-2.myshopify.com/products/mama-shack-teddy-fleece-nappy-caddy-ivory?variant=55190628761979,,,GBP27.00,89138,Mama Shack,1,https://cdn.shopify.com/s/files/1/0690/1977/files/mama-shack-teddy-fleece-nappy-caddyivory-lifestyle.jpg?v=1744159593,https://cdn.shopify.com/s/files/1/0690/1977/files/mama-shack-teddy-fleece-nappy-caddyivory-lifestyle-2.jpg?v=1744159594,,,https://cdn.shopify.com/s/files/1/0690/1977/files/mama-shack-teddy-fleece-nappy-caddyivory-lifestyle-3.jpg?v=1744159596,Nappy Caddy
https://www.awin1.com/pclick.php?p=38511948804&a=2771700&m=64830,Gaia Baby Serena Bedside Crib Mattress - White,38511948804,49455-41849,https://cdn.shopify.com/s/files/1/0690/1977/files/gaia-baby-serena-bedside-crib-mattress-white-flat-3.jpg?v=1722496592,"The Gaia Baby Serena Bedside Crib Mattress in White has a fully breathable soft core encased in a luxurious ventilated polyester cover. The zippable cover can be removed and washed at 40c for optimum hygiene. Features Adaptive technology - Treats the textile with a temperature-sensitive polymer and provides a dynamic response: the warmer it gets, the more Adaptive will evaporate moisture. More evaporation means a dryer and cooler sleeping environment.",Mattresses,49.99,Natural Baby Shower Ltd,64830,Mattresses,453,https://images2.productserve.com/?w=200&h=200&bg=white&trim=5&t=letterbox&url=ssl%3Acdn.shopify.com%2Fs%2Ffiles%2F1%2F0690%2F1977%2Ffiles%2Fgaia-baby-serena-bedside-crib-mattress-white-flat-3.jpg%3Fv%3D1722496592&feedId=89138&k=020fc0aa33995dcd0986a072cd8e09ad0800e774,GBP,,,https://natural-baby-2.myshopify.com/products/gaia-baby-serena-bedside-crib-mattress-white?variant=41649413029966,,,GBP49.99,89138,Gaia Baby,1,https://cdn.shopify.com/s/files/1/0690/1977/files/gaia-baby-serena-bedside-crib-mattress-white-lifestyle.jpg?v=1727791976,https://cdn.shopify.com/s/files/1/0690/1977/files/gaia-baby-serena-bedside-crib-mattress-white-flat.jpg?v=1722496592,,,https://cdn.shopify.com/s/files/1/0690/1977/files/gaia-baby-serena-bedside-crib-mattress-white-flat-2.jpg?v=1727791982,Next-to-Me Mattress
https://www.awin1.com/pclick.php?p=45482612887&a=2771700&m=64830,Mountain Buggy Duet Travel System - Matcha - Matcha,45482612887,52635-83728,https://cdn.shopify.com/s/files/1/0690/1977/files/mountain-buggy-duet-travel-system-matcha-flat.jpg?v=1785280357,"From the very first journey home to family adventures off the beaten track, the Mountain Buggy Duet Travel System is designed to keep life moving with ease. Pairing the award-winning Duet V4 Pushchair with the lightweight Mountain Buggy Nest R129 i-Size Car Seat and rotating ISOFIX base, this complete travel system offers everything you need for safe, comfortable travel from birth. The Duet V4 is one of the world's slimmest all-terrain side-by-side pushchairs, making it ideal for twins or siblings without compromising on manoeuvrability. Air-filled tyres, all-wheel suspension and premium Heritage Collection finishes ensure every stroll is smooth, while lie-flat seating, breathable fabrics and UPF50+ canopies keep little ones comfortable in every season. Included in the bundle, the Nest R129 i-Size Car Seat provides advanced safety from 40-87cm (approximately birth to 20+ months). Its included 180° rotating ISOFIX base makes getting your baby in and out of the car easier than ever, while the lightweight 3.9kg design clicks effortlessly onto the Duet chassis to create a seamless travel system. With intuitive installation, extended rear-facing travel and premium comfort features, every transition is simple, secure and stress-free. Whether you're exploring woodland trails, navigating busy streets or managing life with twins or siblings, the Mountain Buggy Duet Travel System delivers exceptional flexibility, premium comfort and trusted safety for every family adventure.",Travel Systems,899,Natural Baby Shower Ltd,64830,Baby Products,599,https://images2.productserve.com/?w=200&h=200&bg=white&trim=5&t=letterbox&url=ssl%3Acdn.shopify.com%2Fs%2Ffiles%2F1%2F0690%2F1977%2Ffiles%2Fmountain-buggy-duet-travel-system-matcha-flat.jpg%3Fv%3D1785280357&feedId=89138&k=9511881e01b063d8ff0affae080f89bb53d39ae6,GBP,,,https://natural-baby-2.myshopify.com/products/mountain-buggy-duet-travel-system-matcha?variant=56343626711419,,,GBP899.00,89138,Mountain Buggy,1,https://cdn.shopify.com/s/files/1/0690/1977/files/mountain-buggy-duet-v4-pushchair-heritage-collection-lifestyle-3.jpg?v=1770251862,https://cdn.shopify.com/s/files/1/0690/1977/files/mountain-buggy-duet-v4-pushchair-heritage-collection-lifestyle-8.jpg?v=1770251860,,,https://cdn.shopify.com/s/files/1/0690/1977/files/mountain-buggy-duet-v4-pushchair-heritage-collection-lifestyle-6.jpg?v=1770251865,Travel Bundle
https://www.awin1.com/pclick.php?p=45482612888&a=2771700&m=64830,Mountain Buggy Duet TWIN Travel System - Matcha - Matcha,45482612888,52636-83780,https://cdn.shopify.com/s/files/1/0690/1977/files/mountain-buggy-duet-twin-travel-system-matcha-flat.jpg?v=1785280371,"Designed for growing families from day one, the Mountain Buggy Duet Twin Travel System brings together the ultra-compact Duet V4 Pushchair with two Mountain Buggy Nest R129 i-Size Car Seats and two rotating ISOFIX bases. Whether you're welcoming twins or need a complete travel solution for two little ones, this bundle delivers outstanding safety, comfort and all-terrain performance from birth. Despite being a side-by-side pushchair, the Duet is no wider than many single buggies, making it remarkably easy to navigate through standard doorways, busy shops and everyday adventures. Air-filled tyres, rear-wheel suspension and three-mode front wheels provide exceptional handling across everything from city streets to countryside trails, while lie-flat sling seats, UPF50+ canopies and breathable fabrics ensure both babies travel in complete comfort. Each included Nest R129 i-Size Car Seat is suitable from 40-87cm (approximately birth to 20+ months) and pairs with its own 180° rotating ISOFIX base for effortless loading and secure installation. Lightweight yet packed with advanced safety features, the car seats offer extended rear-facing travel, intuitive visual installation indicators and one-hand release for smooth transitions from car to pushchair. Beautifully finished with premium Heritage Collection fabrics and vegan leather accents, the Mountain Buggy Duet Twin Travel System is built to adapt as your family grows, giving you confidence, flexibility and comfort wherever your adventures take you.",Travel Systems,1099,Natural Baby Shower Ltd,64830,Baby Products,599,https://images2.productserve.com/?w=200&h=200&bg=white&trim=5&t=letterbox&url=ssl%3Acdn.shopify.com%2Fs%2Ffiles%2F1%2F0690%2F1977%2Ffiles%2Fmountain-buggy-duet-twin-travel-system-matcha-flat.jpg%3Fv%3D1785280371&feedId=89138&k=741ab72b330d532cfef157ae4af60d87078da342,GBP,,,https://natural-baby-2.myshopify.com/products/mountain-buggy-duet-twin-travel-system-matcha?variant=56343626809723,,,GBP1099.00,89138,Mountain Buggy,1,https://cdn.shopify.com/s/files/1/0690/1977/files/mountain-buggy-duet-v4-pushchair-heritage-collection-lifestyle-9.jpg?v=1770251866,https://cdn.shopify.com/s/files/1/0690/1977/files/mountain-buggy-duet-v4-pushchair-heritage-collection-lifestyle-3.jpg?v=1770251862,,,https://cdn.shopify.com/s/files/1/0690/1977/files/mountain-buggy-duet-v4-pushchair-heritage-collection-matcha-flat.jpg?v=1770251867,Travel Bundle
https://www.awin1.com/pclick.php?p=42398249468&a=2771700&m=64830,Purflo Baby Cuddle to Sleep Bag 2.5 Tog 3-12m - Daisy Dreams,42398249468,50605-89561,https://cdn.shopify.com/s/files/1/0690/1977/files/purflo-cuddle-sleep-bag-56.jpg?v=1753754058,"The Purflo Cuddle To Sleep Bag 2.5 Tog in Daisy Dreams has been developed to continue supporting babies from 3 months. It has been designed to allow them to learn to roll without getting tangled up, grow 50% longer, have the leg space to crawl and learn to self soothe with free arms. The Purflo Cuddle to Sleep Bag is the second stage in Purflo's Sleep Bag range, which follows on from their Swaddle to Sleep Bag. The Cuddle to Sleep Bag will support the many changes babies go through in their first year while maintaining the breathable mesh panels for ventilation. The Cuddle To Sleep Bag 2.5tog is ideal for use in rooms between 14c – 22c with appropriate clothing as suggested.",Baby & Children's Sleepwear,34,Natural Baby Shower Ltd,64830,,,https://images2.productserve.com/?w=200&h=200&bg=white&trim=5&t=letterbox&url=ssl%3Acdn.shopify.com%2Fs%2Ffiles%2F1%2F0690%2F1977%2Ffiles%2Fpurflo-cuddle-sleep-bag-56.jpg%3Fv%3D1753754058&feedId=89138&k=397aafde21fe765b2498c65df620aa2079ed7f1f,GBP,,,https://natural-baby-2.myshopify.com/products/purflo-cuddle-to-sleep-bag-2-5-tog-3-12m-daisy-dreams?variant=55372836405627,,,GBP34.00,89138,Purflo,1,https://cdn.shopify.com/s/files/1/0690/1977/files/purflo-swaddle-daisy-dreams-lifestyle-2.jpg?v=1781878013,https://cdn.shopify.com/s/files/1/0690/1977/files/purflo-swaddle-daisy-dreams-lifestyle.jpg?v=1781878014,,,https://cdn.shopify.com/s/files/1/0690/1977/files/purflo-cuddle-sleep-bag-4.jpg?v=1753754060,Baby Sleeping Bags
https://www.awin1.com/pclick.php?p=39820122475&a=2771700&m=64830,Ergobaby Lift Hip Seat Carrier - Onyx Black,39820122475,49870-10646,https://cdn.shopify.com/s/files/1/0690/1977/files/ergobaby-lift-black-flat.jpg?v=1730293914,"A four-position hip seat designed for ages 6-48 months with an ergonomic wide, curved seat with ample storage. Perfect for quick ups and downs with older babies want in and out.",Baby Carriers,74.9,Natural Baby Shower Ltd,64830,Children's Accessories,539,https://images2.productserve.com/?w=200&h=200&bg=white&trim=5&t=letterbox&url=ssl%3Acdn.shopify.com%2Fs%2Ffiles%2F1%2F0690%2F1977%2Ffiles%2Fergobaby-lift-black-flat.jpg%3Fv%3D1730293914&feedId=89138&k=fc9184b0d429826d91861a229762229ab5fb3fb4,GBP,,,https://natural-baby-2.myshopify.com/products/ergobaby-lift-hip-seat-onyx-black?variant=41958430638158,,,GBP74.90,89138,Ergobaby,1,https://cdn.shopify.com/s/files/1/0690/1977/files/ergobaby-lift-hip-seat-onyx-black-lifestyle-2.jpg?v=1778162134,https://cdn.shopify.com/s/files/1/0690/1977/files/ergobaby-lift-hip-seat-onyx-black-flat-3.jpg?v=1778162136,,,https://cdn.shopify.com/s/files/1/0690/1977/files/ergobaby-lift-hip-seat-onyx-black-flat-2.jpg?v=1778058562,Baby Carrier & Sling
https://www.awin1.com/pclick.php?p=39405395480&a=2771700&m=64830,Ergobaby Alta Hip Seat Carrier - Natural Beige,39405395480,49868-07349,https://cdn.shopify.com/s/files/1/0690/1977/files/ergobaby-alta-hip-seat-natural-beige-flat-2.jpg?v=1778058069,"A two-in-one hip seat and 3-position carrier for ages 4–48 months, featuring an ergonomically designed wide, curved seat plus convenience features like storage and a sun hood—offering maximum versatility as baby grows.",Baby Carriers,119.9,Natural Baby Shower Ltd,64830,Children's Accessories,539,https://images2.productserve.com/?w=200&h=200&bg=white&trim=5&t=letterbox&url=ssl%3Acdn.shopify.com%2Fs%2Ffiles%2F1%2F0690%2F1977%2Ffiles%2Fergobaby-alta-hip-seat-natural-beige-flat-2.jpg%3Fv%3D1778058069&feedId=89138&k=6d65c8a118f52f63789887f1718170cccfe1efd1,GBP,,,https://natural-baby-2.myshopify.com/products/ergobaby-alta-hip-seat-natural-beige?variant=41958430670926,,,GBP119.90,89138,Ergobaby,1,https://cdn.shopify.com/s/files/1/0690/1977/files/ergobaby-alta-hip-seat-natural-beige-flat.jpg?v=1778162141,https://cdn.shopify.com/s/files/1/0690/1977/files/ergobaby-alta-hip-seat-natural-beige-lifestyle-5.jpg?v=1778162148,,,https://cdn.shopify.com/s/files/1/0690/1977/files/ergobaby-alta-hip-seat-natural-beige-lifestyle-2.jpg?v=1778162142,Baby Carrier & Sling
https://www.awin1.com/pclick.php?p=45220911788&a=2771700&m=64830,Maxi-Cosi Iora Pro Bedside Crib - Elegance Beige,45220911788,52347-80421,https://cdn.shopify.com/s/files/1/0690/1977/files/maxi-cosi-iora-pro-bedside-crib-elegance-beige-flat-10.jpg?v=1777595154,"The Maxi-Cosi Iora Pro Bedside Crib is designed to keep your baby close, safe, and comforted through those precious early months. With a smooth slide-to-bed system, it effortlessly transitions between co-sleeper and standalone bassinet, making night feeds and soothing moments simpler and more connected. Thoughtfully designed for both comfort and convenience, it features a gentle rocking motion to help calm your baby, while the CloudSoft 3cm mattress provides soft yet supportive sleep. Breathable 360° mesh sides promote airflow and visibility, helping you feel reassured throughout the night. With adjustable height settings for a perfect bedside fit, integrated wheels for easy movement, and practical touches like a washable cover, spacious storage basket, and included organic cotton bedding, the Iora Pro blends everyday ease with beautifully considered design - supporting you and your baby from day one.",Bedside Bassinets,199.95,Natural Baby Shower Ltd,64830,,,https://images2.productserve.com/?w=200&h=200&bg=white&trim=5&t=letterbox&url=ssl%3Acdn.shopify.com%2Fs%2Ffiles%2F1%2F0690%2F1977%2Ffiles%2Fmaxi-cosi-iora-pro-bedside-crib-elegance-beige-flat-10.jpg%3Fv%3D1777595154&feedId=89138&k=2c801c85da6ac249912344f5743159f5375279e1,GBP,,,https://natural-baby-2.myshopify.com/products/maxi-cosi-iora-pro-bedside-crib-elegance-beige?variant=56215917887867,,,GBP199.95,89138,Maxi-Cosi,1,https://cdn.shopify.com/s/files/1/0690/1977/files/maxi-cosi-iora-pro-bedside-crib-elegance-beige-lifestyle-5.jpg?v=1777595156,https://cdn.shopify.com/s/files/1/0690/1977/files/maxi-cosi-iora-pro-bedside-crib-elegance-beige-lifestyle-3.jpg?v=1777595156,,,https://cdn.shopify.com/s/files/1/0690/1977/files/maxi-cosi-iora-pro-bedside-crib-elegance-beige-lifestyle-4.jpg?v=1777595157,Nappy Caddy
https://www.awin1.com/pclick.php?p=36729312495&a=2771700&m=64830,Joie Roomie Glide Organic Cotton Sheet - 2 Pack - Moonbeam,36729312495,48483-11372,https://cdn.shopify.com/s/files/1/0690/1977/files/joie-roomie-glide-side-organic-sheet-moonbeam-flat.jpg?v=1702358577,"The Joie Roomie Glide Organic Cotton Sheet in Moonbeam is made with 100% organic cotton, designed to fit perfectly over the mattress. Let your little one sleep comfortably on this super-soft surface. Ideal for your baby’s delicate skin for a peaceful nights sleep. Please note: This is a fitted sheet to be used with the Joie Roomie/Roomie Glide Side Sleeping Cribs",Bed Sheets,20,Natural Baby Shower Ltd,64830,Baby Products,599,https://images2.productserve.com/?w=200&h=200&bg=white&trim=5&t=letterbox&url=ssl%3Acdn.shopify.com%2Fs%2Ffiles%2F1%2F0690%2F1977%2Ffiles%2Fjoie-roomie-glide-side-organic-sheet-moonbeam-flat.jpg%3Fv%3D1702358577&feedId=89138&k=9636b0d88b88b3921e4162f954be8c9267f974ce,GBP,,,https://natural-baby-2.myshopify.com/products/joie-roomie-glide-organic-cotton-sheet-2-pack-moonbeam?variant=40452461101134,,,GBP20.00,89138,Joie,1,,,,,,Bedding & Sheets
https://www.awin1.com/pclick.php?p=37679426859&a=2771700&m=64830,MiniMeis G5 Shoulder Carrier - Black Core,37679426859,48981-00633,https://cdn.shopify.com/s/files/1/0690/1977/files/minimeis-g5-shoulder-carrier-black-core-flat-6.jpg?v=1713343992,"Give your little one the ultimate front-row seat to life with the MiniMeis G5 Shoulder Carrier. Perfect from 6 months to 4 years old (up to 18kg), this award-winning carrier lifts kids up for the best view while keeping them safe and comfortable. Lightweight, foldable, and crafted from recycled ocean bottles, it’s a stylish and eco-friendly solution for families on the move. The G5’s ergonomic design evenly distributes weight, while padded seats, leg straps, and an optional shoulder strap ensure happy kids and relaxed parents. Pair it with the HERO Backpack (sold separately) for an effortless, hands-free adventure anywhere.",Baby Carriers,169,Natural Baby Shower Ltd,64830,Children's Accessories,539,https://images2.productserve.com/?w=200&h=200&bg=white&trim=5&t=letterbox&url=ssl%3Acdn.shopify.com%2Fs%2Ffiles%2F1%2F0690%2F1977%2Ffiles%2Fminimeis-g5-shoulder-carrier-black-core-flat-6.jpg%3Fv%3D1713343992&feedId=89138&k=c5b5b7fde31234a33a7e9b9a1c12bcb1ec331b52,GBP,,,https://natural-baby-2.myshopify.com/products/minimeis-g5-shoulder-carrier-black-core?variant=41012649394254,,,GBP169.00,89138,MiniMeis,1,https://cdn.shopify.com/s/files/1/0690/1977/files/minimeis-g5-shoulder-carrier-black-core-lifestyle-5.jpg?v=1713343992,https://cdn.shopify.com/s/files/1/0690/1977/files/minimeis-g5-shoulder-carrier-black-core-lifestyle.jpg?v=1713343992,,,https://cdn.shopify.com/s/files/1/0690/1977/files/minimeis-g5-shoulder-carrier-black-core-lifestyle-4.jpg?v=1713343992,Baby Carrier & Sling
https://www.awin1.com/pclick.php?p=38983429900&a=2771700&m=64830,iCandy Peach 7 Complete Travel System With Cloud T - Cookie,38983429900,B1-5010334052793,https://cdn.shopify.com/s/files/1/0690/1977/files/icandy-peach-7-complete-travel-system-cybex-cloud-t-biscotti-flat_acb0fe68-6ab2-4d80-abc0-13e886e679bf.jpg?v=1761646230,"The iCandy Peach 7 Complete Travel System with Cloud T includes the iCandy Peach 7, Changing Bag, Footmuff, Parasol, CYBEX Cloud T & Base and many more accessories. The iCandy Peach 7 is the ultimate luxury single-to-double pushchair for first-time parents, designed for comfort and style. Suitable from birth with a spacious carrycot for overnight sleeping, it features premium knitted jersey fabrics. Now in its seventh generation, the iCandy Peach excels in functionality, quality, and safety, appealing to parents who value cutting-edge design. It boasts a one-handed fold, carry strap, and can convert to a twin or double pushchair with adaptors. With a high-quality aluminium frame, puncture-proof PU tyres, and an integrated Ride-on Board, it offers an ultra-smooth ride and easy manoeuvrability on all terrains. The Peach 7 includes an ergonomic leatherette handlebar, swivel bumper bar for easy child access, and adjustable handlebar heights from 95 to 105 cm for different partner heights.",Travel Systems,1199,Natural Baby Shower Ltd,64830,Baby Products,599,https://images2.productserve.com/?w=200&h=200&bg=white&trim=5&t=letterbox&url=ssl%3Acdn.shopify.com%2Fs%2Ffiles%2F1%2F0690%2F1977%2Ffiles%2Ficandy-peach-7-complete-travel-system-cybex-cloud-t-biscotti-flat_acb0fe68-6ab2-4d80-abc0-13e886e679bf.jpg%3Fv%3D1761646230&feedId=89138&k=bddba93d99174b211111e62857706bc56d49b0d8,GBP,,,https://natural-baby-2.myshopify.com/products/icandy-peach-7-complete-travel-system-with-cloud-t?variant=41859861217358,,,GBP1199.00,89138,iCandy,1,https://cdn.shopify.com/s/files/1/0690/1977/files/icandy-peach-7-complete-travel-system-with-cloud-t-porcini-flat.jpg?v=1761695488,https://cdn.shopify.com/s/files/1/0690/1977/files/icandy-peach-7-complete-travel-system-cybex-cloud-t-truffle-flat_5442a273-4649-47c3-b8c5-6487be770c99.jpg?v=1761646230,,,https://cdn.shopify.com/s/files/1/0690/1977/files/icandy-peach-7-complete-travel-system-cybex-cloud-t-biscotti-flat_acb0fe68-6ab2-4d80-abc0-13e886e679bf.jpg?v=1761646230,Travel Bundle
https://www.awin1.com/pclick.php?p=42237433967&a=2771700&m=64830,Jollein Fitted Sheet Jersey - Bloomy,42237433967,51163-93257,https://cdn.shopify.com/s/files/1/0690/1977/files/jollein-fitted-sheet-jersey-bloomy-flat.jpg?v=1755649809,"The Fitted Sheet Jersey – Bloomy adds a soft, charming touch to your little one’s cot. Made from cosy jersey fabric, it features a delicate beige floral print that brings warmth and style to the nursery. Elastic corners make it quick and secure to fit, keeping the sheet snug and smooth on the mattress. Perfectly sized for a 60x120cm cot, it also coordinates beautifully with Jollein’s Check Knit blankets for a cosy, coordinated look.",Bed Sheets,10.95,Natural Baby Shower Ltd,64830,Baby Products,599,https://images2.productserve.com/?w=200&h=200&bg=white&trim=5&t=letterbox&url=ssl%3Acdn.shopify.com%2Fs%2Ffiles%2F1%2F0690%2F1977%2Ffiles%2Fjollein-fitted-sheet-jersey-bloomy-flat.jpg%3Fv%3D1755649809&feedId=89138&k=79e799055dda9acacb86fbc954faba16ad79d19e,GBP,,,https://natural-baby-2.myshopify.com/products/jollein-fitted-sheet-jersey-bloomy?variant=55672639914363,,,GBP10.95,89138,Jollein,1,https://cdn.shopify.com/s/files/1/0690/1977/files/jollein-fitted-sheet-jersey-bloomy-flat-3.jpg?v=1755649810,https://cdn.shopify.com/s/files/1/0690/1977/files/jollein-fitted-sheet-jersey-bloomy-flat-2.jpg?v=1755649812,,,,Bedding & Sheets
https://www.awin1.com/pclick.php?p=43879879696&a=2771700&m=64830,CuddleCo Burford Dresser Changer - White/Oak,43879879696,51935-55524,https://cdn.shopify.com/s/files/1/0690/1977/files/cuddleco-burford-dresser-changer-white-flat-2.jpg?v=1770196511,"Keep your nursery organised in style with the CuddleCo Burford Dresser Changer. Designed for everyday family life, this 2-in-1 unit combines practical storage with a secure changing surface, making nappy changes, dressing, and tidying effortless. The dresser features two spacious drawers and open storage to keep essentials close at hand, while the removable changing top provides a safe and comfortable area for your little one. Once no longer needed, the unit transitions into a standalone dresser, offering long-term functionality beyond the baby years. Finished in crisp white with warm oak detailing, it blends timeless shaker style with practical versatility for modern nurseries.",Changing Tables,399,Natural Baby Shower Ltd,64830,Baby Products,599,https://images2.productserve.com/?w=200&h=200&bg=white&trim=5&t=letterbox&url=ssl%3Acdn.shopify.com%2Fs%2Ffiles%2F1%2F0690%2F1977%2Ffiles%2Fcuddleco-burford-dresser-changer-white-flat-2.jpg%3Fv%3D1770196511&feedId=89138&k=7780cb20abd76ab570f46cf985f621245332180e,GBP,,,https://natural-baby-2.myshopify.com/products/cuddleco-burford-dresser-changer-white-oak?variant=56031185109371,,,GBP399.00,89138,CuddleCo,1,https://cdn.shopify.com/s/files/1/0690/1977/files/cuddleco-burford-dresser-changer-white-lifestyle-4.jpg?v=1770196511,https://cdn.shopify.com/s/files/1/0690/1977/files/cuddleco-burford-dresser-changer-white-lifestyle-3.jpg?v=1770196511,,,https://cdn.shopify.com/s/files/1/0690/1977/files/cuddleco-burford-dresser-changer-white-lifestyle.jpg?v=1770196511,Nursery Furniture Piece
https://www.awin1.com/pclick.php?p=42052800966&a=2771700&m=64830,Joolz Perfect Fitted Sheet  - Cloudy Grey,42052800966,51052-98370,https://cdn.shopify.com/s/files/1/0690/1977/files/joolz-perfect-fitted-sheet-cloud-grey-flat-2.jpg?v=1753183181,"Wrap your little one in gentle comfort with the Joolz Perfect Fitted Sheet, made from 100% organic & Fairtrade cotton for a safer, softer sleep. Designed to hug your Joolz cot mattress just right, it creates a cosy, breathable sleep space for your baby, wherever the day takes you. From dreamy naps to quiet strolls, this beautifully made sheet keeps your baby’s comfort and your peace of mind at heart.",Bed Sheets,14.95,Natural Baby Shower Ltd,64830,Baby Products,599,https://images2.productserve.com/?w=200&h=200&bg=white&trim=5&t=letterbox&url=ssl%3Acdn.shopify.com%2Fs%2Ffiles%2F1%2F0690%2F1977%2Ffiles%2Fjoolz-perfect-fitted-sheet-cloud-grey-flat-2.jpg%3Fv%3D1753183181&feedId=89138&k=12575c94826fb19041116a694cc33db92e1d7b20,GBP,,,https://natural-baby-2.myshopify.com/products/joolz-perfect-fitted-sheet-cloudy-grey?variant=55616585367931,,,GBP14.95,89138,Joolz,1,https://cdn.shopify.com/s/files/1/0690/1977/files/joolz-perfect-fitted-sheet-cloud-grey-flat.jpg?v=1753183181,,,,,Bedding & Sheets
https://www.awin1.com/pclick.php?p=44139115588&a=2771700&m=64830,Gaia Baby Eos Dresser - Desert Sage/Natural Ash,44139115588,52146-46264,https://cdn.shopify.com/s/files/1/0690/1977/files/gaia-baby-eos-dresser-flat.jpg?v=1772688530,"The Gaia Baby Eos Dresser is a beautifully crafted, real wood chest of drawers designed to bring both style and practicality to your nursery. Made from sustainably sourced A-Grade New Zealand Pine, it features three generous soft-close drawers and an integrated changing top, keeping everyday essentials neatly organised and close at hand. Designed with growing families in mind, the removable changing top allows this piece to transition effortlessly from baby changing station to timeless chest of drawers for toddler years and beyond. With ultra-low emissions, non-toxic water-based paint, and softly curved edges for added safety, the Eos Dresser creates a calm, healthier nursery environment without compromising on contemporary design. Its signature two-tone finish - choose Natural Ash or Soft White paired with soft neutral lower panels - coordinates beautifully with the Eos Cot Bed for a cohesive nursery look. Changing pad sold separately.",Changing Tables,349.95,Natural Baby Shower Ltd,64830,Baby Products,599,https://images2.productserve.com/?w=200&h=200&bg=white&trim=5&t=letterbox&url=ssl%3Acdn.shopify.com%2Fs%2Ffiles%2F1%2F0690%2F1977%2Ffiles%2Fgaia-baby-eos-dresser-flat.jpg%3Fv%3D1772688530&feedId=89138&k=2b312bb42410dbc71e60c33520ff055088d13ea8,GBP,,,https://natural-baby-2.myshopify.com/products/gaia-baby-eos-dresser?variant=56124155363707,,,GBP349.95,89138,Gaia Baby,1,https://cdn.shopify.com/s/files/1/0690/1977/files/gaia-baby-eos-dresser-lifestyle-4_35d5735c-9393-462e-b47d-16e7e2079686.jpg?v=1775781026,https://cdn.shopify.com/s/files/1/0690/1977/files/gaia-baby-eos-dresser-flat-9.jpg?v=1775719112,,,https://cdn.shopify.com/s/files/1/0690/1977/files/gaia-baby-eos-dresser-flat-8.jpg?v=1775719112,Nursery Furniture Piece
https://www.awin1.com/pclick.php?p=44139115589&a=2771700&m=64830,Gaia Baby Eos Dresser - Desert Sage/ White,44139115589,52146-46363,https://cdn.shopify.com/s/files/1/0690/1977/files/gaia-baby-eos-dresser-flat-2.jpg?v=1775719112,"The Gaia Baby Eos Dresser is a beautifully crafted, real wood chest of drawers designed to bring both style and practicality to your nursery. Made from sustainably sourced A-Grade New Zealand Pine, it features three generous soft-close drawers and an integrated changing top, keeping everyday essentials neatly organised and close at hand. Designed with growing families in mind, the removable changing top allows this piece to transition effortlessly from baby changing station to timeless chest of drawers for toddler years and beyond. With ultra-low emissions, non-toxic water-based paint, and softly curved edges for added safety, the Eos Dresser creates a calm, healthier nursery environment without compromising on contemporary design. Its signature two-tone finish - choose Natural Ash or Soft White paired with soft neutral lower panels - coordinates beautifully with the Eos Cot Bed for a cohesive nursery look. Changing pad sold separately.",Changing Tables,349.95,Natural Baby Shower Ltd,64830,Baby Products,599,https://images2.productserve.com/?w=200&h=200&bg=white&trim=5&t=letterbox&url=ssl%3Acdn.shopify.com%2Fs%2Ffiles%2F1%2F0690%2F1977%2Ffiles%2Fgaia-baby-eos-dresser-flat-2.jpg%3Fv%3D1775719112&feedId=89138&k=cc7f8aa710e3b539c31f0cf613047b77ccaa4325,GBP,,,https://natural-baby-2.myshopify.com/products/gaia-baby-eos-dresser?variant=56124155396475,,,GBP349.95,89138,Gaia Baby,1,https://cdn.shopify.com/s/files/1/0690/1977/files/gaia-baby-eos-dresser-lifestyle-4_35d5735c-9393-462e-b47d-16e7e2079686.jpg?v=1775781026,https://cdn.shopify.com/s/files/1/0690/1977/files/gaia-baby-eos-dresser-flat-9.jpg?v=1775719112,,,https://cdn.shopify.com/s/files/1/0690/1977/files/gaia-baby-eos-dresser-flat-8.jpg?v=1775719112,Nursery Furniture Piece
https://www.awin1.com/pclick.php?p=44139115590&a=2771700&m=64830,Gaia Baby Eos Dresser - All White,44139115590,52146-46295,https://cdn.shopify.com/s/files/1/0690/1977/files/gaia-baby-eos-dresser-flat-12.jpg?v=1775719112,"The Gaia Baby Eos Dresser is a beautifully crafted, real wood chest of drawers designed to bring both style and practicality to your nursery. Made from sustainably sourced A-Grade New Zealand Pine, it features three generous soft-close drawers and an integrated changing top, keeping everyday essentials neatly organised and close at hand. Designed with growing families in mind, the removable changing top allows this piece to transition effortlessly from baby changing station to timeless chest of drawers for toddler years and beyond. With ultra-low emissions, non-toxic water-based paint, and softly curved edges for added safety, the Eos Dresser creates a calm, healthier nursery environment without compromising on contemporary design. Its signature two-tone finish - choose Natural Ash or Soft White paired with soft neutral lower panels - coordinates beautifully with the Eos Cot Bed for a cohesive nursery look. Changing pad sold separately.",Changing Tables,349.95,Natural Baby Shower Ltd,64830,Baby Products,599,https://images2.productserve.com/?w=200&h=200&bg=white&trim=5&t=letterbox&url=ssl%3Acdn.shopify.com%2Fs%2Ffiles%2F1%2F0690%2F1977%2Ffiles%2Fgaia-baby-eos-dresser-flat-12.jpg%3Fv%3D1775719112&feedId=89138&k=7305d8f6958ea2b4325e05347af97838f87c86d9,GBP,,,https://natural-baby-2.myshopify.com/products/gaia-baby-eos-dresser?variant=56124155330939,,,GBP349.95,89138,Gaia Baby,1,https://cdn.shopify.com/s/files/1/0690/1977/files/gaia-baby-eos-dresser-lifestyle-4_35d5735c-9393-462e-b47d-16e7e2079686.jpg?v=1775781026,https://cdn.shopify.com/s/files/1/0690/1977/files/gaia-baby-eos-dresser-flat-9.jpg?v=1775719112,,,https://cdn.shopify.com/s/files/1/0690/1977/files/gaia-baby-eos-dresser-flat-8.jpg?v=1775719112,Nursery Furniture Piece
https://www.awin1.com/pclick.php?p=44139115802&a=2771700&m=64830,Gaia Baby Eos Dresser - Natural,44139115802,52146-46189,https://cdn.shopify.com/s/files/1/0690/1977/files/gaia-baby-eos-dresser-flat-3.jpg?v=1775719112,"The Gaia Baby Eos Dresser is a beautifully crafted, real wood chest of drawers designed to bring both style and practicality to your nursery. Made from sustainably sourced A-Grade New Zealand Pine, it features three generous soft-close drawers and an integrated changing top, keeping everyday essentials neatly organised and close at hand. Designed with growing families in mind, the removable changing top allows this piece to transition effortlessly from baby changing station to timeless chest of drawers for toddler years and beyond. With ultra-low emissions, non-toxic water-based paint, and softly curved edges for added safety, the Eos Dresser creates a calm, healthier nursery environment without compromising on contemporary design. Its signature two-tone finish - choose Natural Ash or Soft White paired with soft neutral lower panels - coordinates beautifully with the Eos Cot Bed for a cohesive nursery look. Changing pad sold separately.",Changing Tables,349.95,Natural Baby Shower Ltd,64830,Baby Products,599,https://images2.productserve.com/?w=200&h=200&bg=white&trim=5&t=letterbox&url=ssl%3Acdn.shopify.com%2Fs%2Ffiles%2F1%2F0690%2F1977%2Ffiles%2Fgaia-baby-eos-dresser-flat-3.jpg%3Fv%3D1775719112&feedId=89138&k=0170ed3bd7ad4ad8f8b039f80ccd44e91174624e,GBP,,,https://natural-baby-2.myshopify.com/products/gaia-baby-eos-dresser?variant=56124155429243,,,GBP349.95,89138,Gaia Baby,1,https://cdn.shopify.com/s/files/1/0690/1977/files/gaia-baby-eos-dresser-lifestyle-4_35d5735c-9393-462e-b47d-16e7e2079686.jpg?v=1775781026,https://cdn.shopify.com/s/files/1/0690/1977/files/gaia-baby-eos-dresser-flat-9.jpg?v=1775719112,,,https://cdn.shopify.com/s/files/1/0690/1977/files/gaia-baby-eos-dresser-flat-8.jpg?v=1775719112,Nursery Furniture Piece
https://www.awin1.com/pclick.php?p=44139115803&a=2771700&m=64830,Gaia Baby Eos Dresser - Natural Ash/ White,44139115803,52146-46288,https://cdn.shopify.com/s/files/1/0690/1977/files/gaia-baby-eos-dresser-flat-7.jpg?v=1775719112,"The Gaia Baby Eos Dresser is a beautifully crafted, real wood chest of drawers designed to bring both style and practicality to your nursery. Made from sustainably sourced A-Grade New Zealand Pine, it features three generous soft-close drawers and an integrated changing top, keeping everyday essentials neatly organised and close at hand. Designed with growing families in mind, the removable changing top allows this piece to transition effortlessly from baby changing station to timeless chest of drawers for toddler years and beyond. With ultra-low emissions, non-toxic water-based paint, and softly curved edges for added safety, the Eos Dresser creates a calm, healthier nursery environment without compromising on contemporary design. Its signature two-tone finish - choose Natural Ash or Soft White paired with soft neutral lower panels - coordinates beautifully with the Eos Cot Bed for a cohesive nursery look. Changing pad sold separately.",Changing Tables,349.95,Natural Baby Shower Ltd,64830,Baby Products,599,https://images2.productserve.com/?w=200&h=200&bg=white&trim=5&t=letterbox&url=ssl%3Acdn.shopify.com%2Fs%2Ffiles%2F1%2F0690%2F1977%2Ffiles%2Fgaia-baby-eos-dresser-flat-7.jpg%3Fv%3D1775719112&feedId=89138&k=cbbbd2914f7df0aae31d99047cc29b4c04bf8e02,GBP,,,https://natural-baby-2.myshopify.com/products/gaia-baby-eos-dresser?variant=56124155462011,,,GBP349.95,89138,Gaia Baby,1,https://cdn.shopify.com/s/files/1/0690/1977/files/gaia-baby-eos-dresser-lifestyle-4_35d5735c-9393-462e-b47d-16e7e2079686.jpg?v=1775781026,https://cdn.shopify.com/s/files/1/0690/1977/files/gaia-baby-eos-dresser-flat-9.jpg?v=1775719112,,,https://cdn.shopify.com/s/files/1/0690/1977/files/gaia-baby-eos-dresser-flat-8.jpg?v=1775719112,Nursery Furniture Piece
https://www.awin1.com/pclick.php?p=44139115804&a=2771700&m=64830,Gaia Baby Eos Dresser - Powder Blush/Natural Ash,44139115804,52146-46240,https://cdn.shopify.com/s/files/1/0690/1977/files/gaia-baby-eos-dresser-flat-5.jpg?v=1775719112,"The Gaia Baby Eos Dresser is a beautifully crafted, real wood chest of drawers designed to bring both style and practicality to your nursery. Made from sustainably sourced A-Grade New Zealand Pine, it features three generous soft-close drawers and an integrated changing top, keeping everyday essentials neatly organised and close at hand. Designed with growing families in mind, the removable changing top allows this piece to transition effortlessly from baby changing station to timeless chest of drawers for toddler years and beyond. With ultra-low emissions, non-toxic water-based paint, and softly curved edges for added safety, the Eos Dresser creates a calm, healthier nursery environment without compromising on contemporary design. Its signature two-tone finish - choose Natural Ash or Soft White paired with soft neutral lower panels - coordinates beautifully with the Eos Cot Bed for a cohesive nursery look. Changing pad sold separately.",Changing Tables,349.95,Natural Baby Shower Ltd,64830,Baby Products,599,https://images2.productserve.com/?w=200&h=200&bg=white&trim=5&t=letterbox&url=ssl%3Acdn.shopify.com%2Fs%2Ffiles%2F1%2F0690%2F1977%2Ffiles%2Fgaia-baby-eos-dresser-flat-5.jpg%3Fv%3D1775719112&feedId=89138&k=2b97f9a0302c97efdbffdeada66f4ec135461dd8,GBP,,,https://natural-baby-2.myshopify.com/products/gaia-baby-eos-dresser?variant=56124155494779,,,GBP349.95,89138,Gaia Baby,1,https://cdn.shopify.com/s/files/1/0690/1977/files/gaia-baby-eos-dresser-lifestyle-4_35d5735c-9393-462e-b47d-16e7e2079686.jpg?v=1775781026,https://cdn.shopify.com/s/files/1/0690/1977/files/gaia-baby-eos-dresser-flat-9.jpg?v=1775719112,,,https://cdn.shopify.com/s/files/1/0690/1977/files/gaia-baby-eos-dresser-flat-8.jpg?v=1775719112,Nursery Furniture Piece
https://www.awin1.com/pclick.php?p=44139115805&a=2771700&m=64830,Gaia Baby Eos Dresser - Powder Blush/White,44139115805,52146-46349,https://cdn.shopify.com/s/files/1/0690/1977/files/gaia-baby-eos-dresser-flat-6.jpg?v=1775719112,"The Gaia Baby Eos Dresser is a beautifully crafted, real wood chest of drawers designed to bring both style and practicality to your nursery. Made from sustainably sourced A-Grade New Zealand Pine, it features three generous soft-close drawers and an integrated changing top, keeping everyday essentials neatly organised and close at hand. Designed with growing families in mind, the removable changing top allows this piece to transition effortlessly from baby changing station to timeless chest of drawers for toddler years and beyond. With ultra-low emissions, non-toxic water-based paint, and softly curved edges for added safety, the Eos Dresser creates a calm, healthier nursery environment without compromising on contemporary design. Its signature two-tone finish - choose Natural Ash or Soft White paired with soft neutral lower panels - coordinates beautifully with the Eos Cot Bed for a cohesive nursery look. Changing pad sold separately.",Changing Tables,349.95,Natural Baby Shower Ltd,64830,Baby Products,599,https://images2.productserve.com/?w=200&h=200&bg=white&trim=5&t=letterbox&url=ssl%3Acdn.shopify.com%2Fs%2Ffiles%2F1%2F0690%2F1977%2Ffiles%2Fgaia-baby-eos-dresser-flat-6.jpg%3Fv%3D1775719112&feedId=89138&k=ba386796c833183d66e85eb63ecdb7110e4f2d48,GBP,,,https://natural-baby-2.myshopify.com/products/gaia-baby-eos-dresser?variant=56124155527547,,,GBP349.95,89138,Gaia Baby,1,https://cdn.shopify.com/s/files/1/0690/1977/files/gaia-baby-eos-dresser-lifestyle-4_35d5735c-9393-462e-b47d-16e7e2079686.jpg?v=1775781026,https://cdn.shopify.com/s/files/1/0690/1977/files/gaia-baby-eos-dresser-flat-9.jpg?v=1775719112,,,https://cdn.shopify.com/s/files/1/0690/1977/files/gaia-baby-eos-dresser-flat-8.jpg?v=1775719112,Nursery Furniture Piece
https://www.awin1.com/pclick.php?p=44681903462&a=2771700&m=64830,Joolz Aer2 Compact Stroller & Wildride Carrier - Hazel Brown - With Carrycot / No Bumper Bar,44681903462,52244-09069-WC,https://cdn.shopify.com/s/files/1/0690/1977/files/joolz-wildirde-hazel-brown-with-cot-flat.jpg?v=1778237696,"Designed for families who love to stay on the move, the Joolz Aer² Compact Stroller & Wildride Carrier Bundle offers a flexible and thoughtful way to navigate everyday life with your little one. Whether you’re travelling, exploring or simply heading out for the day, this pairing gives you the freedom to move with ease. The Joolz Aer² makes light work of busy days. Effortlessly folding, steering and adjusting with just one hand, it’s ideal when you’re juggling little ones and everything that comes with them. Its lightweight, compact design is perfect for travel, fitting neatly into overhead compartments and easy to carry with the built-in shoulder strap. From those early newborn days through to toddler adventures, the Aer² is designed to grow with your child. The lie-flat recline creates a comfortable space for rest, while the supportive seat, adjustable leg rest and extended sun hood ensure comfort as they grow. For moments when a pushchair isn’t practical, the Wildride Carrier offers a reassuring alternative. Designed for toddlers, it allows you to keep your little one close while staying hands-free - perfect for busy places, quick errands or exploring spots where wheels can’t go. Comfortable, supportive and easy to use, it’s a lovely companion for everyday adventures. Together, this bundle offers a beautifully balanced approach to getting out and about - combining comfort, flexibility and thoughtful design to support your family wherever the day leads.",Baby Strollers,628,Natural Baby Shower Ltd,64830,Baby Products,599,https://images2.productserve.com/?w=200&h=200&bg=white&trim=5&t=letterbox&url=ssl%3Acdn.shopify.com%2Fs%2Ffiles%2F1%2F0690%2F1977%2Ffiles%2Fjoolz-wildirde-hazel-brown-with-cot-flat.jpg%3Fv%3D1778237696&feedId=89138&k=603be47b8af31fc51c05a53c4ad24755127c4f7b,GBP,,,https://natural-baby-2.myshopify.com/products/joolz-aer2-compact-stroller-wildride-carrier-hazel-brown?variant=56236200788347,,,GBP628.00,89138,Joolz,1,https://cdn.shopify.com/s/files/1/0690/1977/files/joolz-wildride-lifestyle-4.jpg?v=1777423401,https://cdn.shopify.com/s/files/1/0690/1977/files/joolz-wildride-lifestyle-5.jpg?v=1777423398,,,https://cdn.shopify.com/s/files/1/0690/1977/files/9bda4ebf-4702-4922-b9f6-2947505d0699.jpg?v=1783703043,Lightweight Stroller
https://www.awin1.com/pclick.php?p=44681903463&a=2771700&m=64830,Joolz Aer2 Compact Stroller & Wildride Carrier - Hazel Brown - With Carrycot / With Bumper Bar,44681903463,52244-09069-WBC,https://cdn.shopify.com/s/files/1/0690/1977/files/joolz-wildride-hazel-brown-cot-bumper-bar-flat.jpg?v=1778166222,"Designed for families who love to stay on the move, the Joolz Aer² Compact Stroller & Wildride Carrier Bundle offers a flexible and thoughtful way to navigate everyday life with your little one. Whether you’re travelling, exploring or simply heading out for the day, this pairing gives you the freedom to move with ease. The Joolz Aer² makes light work of busy days. Effortlessly folding, steering and adjusting with just one hand, it’s ideal when you’re juggling little ones and everything that comes with them. Its lightweight, compact design is perfect for travel, fitting neatly into overhead compartments and easy to carry with the built-in shoulder strap. From those early newborn days through to toddler adventures, the Aer² is designed to grow with your child. The lie-flat recline creates a comfortable space for rest, while the supportive seat, adjustable leg rest and extended sun hood ensure comfort as they grow. For moments when a pushchair isn’t practical, the Wildride Carrier offers a reassuring alternative. Designed for toddlers, it allows you to keep your little one close while staying hands-free - perfect for busy places, quick errands or exploring spots where wheels can’t go. Comfortable, supportive and easy to use, it’s a lovely companion for everyday adventures. Together, this bundle offers a beautifully balanced approach to getting out and about - combining comfort, flexibility and thoughtful design to support your family wherever the day leads.",Baby Strollers,672.95,Natural Baby Shower Ltd,64830,Baby Products,599,https://images2.productserve.com/?w=200&h=200&bg=white&trim=5&t=letterbox&url=ssl%3Acdn.shopify.com%2Fs%2Ffiles%2F1%2F0690%2F1977%2Ffiles%2Fjoolz-wildride-hazel-brown-cot-bumper-bar-flat.jpg%3Fv%3D1778166222&feedId=89138&k=1db42d242a2e89459a340c02cf3197f0321cfd79,GBP,,,https://natural-baby-2.myshopify.com/products/joolz-aer2-compact-stroller-wildride-carrier-hazel-brown?variant=56236200821115,,,GBP672.95,89138,Joolz,1,https://cdn.shopify.com/s/files/1/0690/1977/files/joolz-wildride-lifestyle-4.jpg?v=1777423401,https://cdn.shopify.com/s/files/1/0690/1977/files/joolz-wildride-lifestyle-5.jpg?v=1777423398,,,https://cdn.shopify.com/s/files/1/0690/1977/files/9bda4ebf-4702-4922-b9f6-2947505d0699.jpg?v=1783703043,Lightweight Stroller
https://www.awin1.com/pclick.php?p=45140059410&a=2771700&m=64830,Avionaut Pixel Pro 2.0C Infant Carrier Car Seat - Black - With IQ Orbit 360,45140059410,52511-61588-WIQ,https://cdn.shopify.com/s/files/1/0690/1977/files/avionaut-pixel-pro-2-iq-orbit-base-flat.jpg?v=1781768953,"Meet the Avionaut Pixel Pro 2.0C Infant Carrier Car Seat - thoughtfully designed to keep your little one safe, supported and comfortable from their very first journey home. Suitable from birth to approximately 13kg (40–86cm), this beautifully lightweight infant carrier weighs just 2.5kg, making everyday life that little bit easier for parents on the go. Designed with both safety and comfort in mind, the Pixel Pro 2.0C features advanced side impact protection and innovative EPP materials that help absorb forces in the event of a collision. Its specially designed Cloud Care insert, created with input from doctors and physiotherapists, gently supports your baby’s natural positioning while adapting as they grow. Finished with soft-touch fabrics and a protective canopy, this rear-facing car seat offers a cosy, secure space for every adventure - from quick trips to precious family days out.",Baby & Toddler Car Seats,408,Natural Baby Shower Ltd,64830,Baby Products,599,https://images2.productserve.com/?w=200&h=200&bg=white&trim=5&t=letterbox&url=ssl%3Acdn.shopify.com%2Fs%2Ffiles%2F1%2F0690%2F1977%2Ffiles%2Favionaut-pixel-pro-2-iq-orbit-base-flat.jpg%3Fv%3D1781768953&feedId=89138&k=0dc6c796cbd2d420739b211a1d574627b201b403,GBP,,,https://natural-baby-2.myshopify.com/products/avionaut-pixel-pro-2-0c-infant-carrier-car-seat-black?variant=56287062557051,,,GBP408.00,89138,Avionaut,1,https://cdn.shopify.com/s/files/1/0690/1977/files/avionaut-pixel-pro-2-carrier-seat-lifestyle-5.jpg?v=1782366802,https://cdn.shopify.com/s/files/1/0690/1977/files/avionaut-pixel-pro-2-carrier-seat-lifestyle-3.jpg?v=1782366802,,,https://cdn.shopify.com/s/files/1/0690/1977/files/avionaut-pixel-pro-2-carrier-seat-lifestyle-2.jpg?v=1782366801,Car Seats
https://www.awin1.com/pclick.php?p=45078916418&a=2771700&m=64830,Olli Ella Dinkum Dolls Quilted Carrier - Sage,45078916418,52514-49530,https://cdn.shopify.com/s/files/1/0690/1977/files/ollie-lla-quilted-carrier-sage-flat-3.jpg?v=1781824358,"Take every adventure together with the Olli Ella Dinkum Dolls Quilted Carrier. Thoughtfully designed for little doll parents, this soft quilted carrier makes it easy to bring a favourite Dinkum Doll along on nature walks, garden explorations, playdates, and everyday outings. With comfortable padded straps and a versatile design that can be worn on the front or back, it encourages imaginative role play while keeping treasured companions close. Crafted from durable cotton canvas in a calming sage green hue, it's perfectly sized to fit most 34cm dolls and comes beautifully packaged in a gift box, making it a lovely present for little ones aged 18 months and up.",Doll & Action Figure Accessories,24.9,Natural Baby Shower Ltd,64830,Toys,187,https://images2.productserve.com/?w=200&h=200&bg=white&trim=5&t=letterbox&url=ssl%3Acdn.shopify.com%2Fs%2Ffiles%2F1%2F0690%2F1977%2Ffiles%2Follie-lla-quilted-carrier-sage-flat-3.jpg%3Fv%3D1781824358&feedId=89138&k=2ef6aff157eaf5c21e69e4120eed966274f750c3,GBP,,,https://natural-baby-2.myshopify.com/products/olli-ella-dinkum-dolls-quilted-carrier-sage?variant=56284434235771,,,GBP24.90,89138,Olli Ella,1,https://cdn.shopify.com/s/files/1/0690/1977/files/ollie-lla-quilted-carrier-sage-flat.jpg?v=1781824360,https://cdn.shopify.com/s/files/1/0690/1977/files/ollie-lla-quilted-carrier-sage-flat-2.jpg?v=1781824360,,,,Baby Carrier & Sling
https://www.awin1.com/pclick.php?p=38852969988&a=2771700&m=64830,Liewood Trine Pile Organizer Bag - Mega Leo - Oat Mix,38852969988,49312-89949,https://cdn.shopify.com/s/files/1/0690/1977/files/liewood-trine-pile-organizer-mega-leo-oatmix-flat-2.jpg?v=1739244262,"The Liewood Trine Pile Organizer Bag in Mega Leo Oat Mix is a spacious companion for toiletries, the Trine toiletry bag in soft and fluffy pile is a versatile organiser for everyday toiletries storage or traveling. Features one big room with open inside pockets and one zipper pocket for the smallest contents. The webbing handle makes is easy to hang wherever you please.","Handbags, Wallets & Cases",18.5,Natural Baby Shower Ltd,64830,Bags,595,https://images2.productserve.com/?w=200&h=200&bg=white&trim=5&t=letterbox&url=ssl%3Acdn.shopify.com%2Fs%2Ffiles%2F1%2F0690%2F1977%2Ffiles%2Fliewood-trine-pile-organizer-mega-leo-oatmix-flat-2.jpg%3Fv%3D1739244262&feedId=89138&k=c9477fd4c6162d80fe53e0aaaf75702794618e5b,GBP,,,https://natural-baby-2.myshopify.com/products/liewood-trine-pile-organizer-bag-mega-leo-oat-mix?variant=41537281589326,,,GBP18.50,89138,Liewood,1,https://cdn.shopify.com/s/files/1/0690/1977/files/liewood-trine-pile-organizer-mega-leo-oatmix-flat.jpg?v=1739244263,,,,,Pushchair Organiser
https://www.awin1.com/pclick.php?p=44649587961&a=2771700&m=64830,MORI 2pk Cellular Blanket - Green,44649587961,52274-52360,https://cdn.shopify.com/s/files/1/0690/1977/files/mori-2pk-celluar-blanket-green-flat.jpg?v=1776846475,"A true everyday essential, the MORI 2 Pack Cellular Blankets are thoughtfully designed to keep your little one comfortable all year round. Made from a beautifully soft blend of cotton and bamboo, these blankets are gentle on delicate skin while offering the perfect balance of warmth and breathability. The clever cellular weave allows air to circulate freely, helping to regulate your baby’s temperature – keeping them cool in warmer months and cosy when it’s cooler. Ideal for use in the cot, pushchair, or for swaddling your newborn, they’re as versatile as they are practical. As your baby grows, these blankets continue to be useful as a lightweight cover or comforting layer, making them a long-lasting staple for everyday life.",Receiving Blankets,35.5,Natural Baby Shower Ltd,64830,Baby Products,599,https://images2.productserve.com/?w=200&h=200&bg=white&trim=5&t=letterbox&url=ssl%3Acdn.shopify.com%2Fs%2Ffiles%2F1%2F0690%2F1977%2Ffiles%2Fmori-2pk-celluar-blanket-green-flat.jpg%3Fv%3D1776846475&feedId=89138&k=614a940960b53abcc642500b388583ef52cecfc2,GBP,,,https://natural-baby-2.myshopify.com/products/mori-2pk-cellular-blanket-green?variant=56200424685947,,,GBP35.50,89138,MORI,1,https://cdn.shopify.com/s/files/1/0690/1977/files/mori-2pk-celluar-blanket-green-flat-2.jpg?v=1776846474,,,,,Cellular Blankets
https://www.awin1.com/pclick.php?p=37012735536&a=2771700&m=64830,Ergobaby Aura Wrap Carrier - Twilight Navy,37012735536,48529-08414,https://cdn.shopify.com/s/files/1/0690/1977/files/ergobaby-aura-baby-wrap-twilight-navy-flat-2_638660c5-3aaa-42ab-a204-bbc8c2e07e17.jpg?v=1778627631,"A classic, soft and cosy newborn-ready wrap designed for fourth-trimester bonding. Perfect for keeping little one close throughout the tender newborn phase.",Baby Carriers,59.95,Natural Baby Shower Ltd,64830,Children's Accessories,539,https://images2.productserve.com/?w=200&h=200&bg=white&trim=5&t=letterbox&url=ssl%3Acdn.shopify.com%2Fs%2Ffiles%2F1%2F0690%2F1977%2Ffiles%2Fergobaby-aura-baby-wrap-twilight-navy-flat-2_638660c5-3aaa-42ab-a204-bbc8c2e07e17.jpg%3Fv%3D1778627631&feedId=89138&k=ab540bf227e4716e65026a7e9034ab3db79523d2,GBP,,,https://natural-baby-2.myshopify.com/products/ergobaby-aura-baby-wrap-twilight-navy?variant=40501723824206,,,GBP59.95,89138,Ergobaby,1,https://cdn.shopify.com/s/files/1/0690/1977/files/ergobaby-aura-baby-wrap-twilight-navy-lifestyle-2.jpg?v=1778627637,https://cdn.shopify.com/s/files/1/0690/1977/files/ergobaby-aura-baby-wrap-twilight-navy-flat-4_2278c45a-3bcd-4edd-961a-bfc158abcd67.jpg?v=1778627633,,,https://cdn.shopify.com/s/files/1/0690/1977/files/ergobaby-aura-baby-wrap-twilight-navy-flat-3_799798f5-16af-42c5-9526-20b693975ba8.jpg?v=1778627633,Baby Carrier & Sling
https://www.awin1.com/pclick.php?p=40979529744&a=2771700&m=64830,Stokke® Sleepi™ Mini Fitted Sheet - Flower Ecru Osc,40979529744,50372-30060,https://cdn.shopify.com/s/files/1/0690/1977/files/stokke-sleepi-mini-fitted-sheet-flowers-ecru-flat_8dcc9e0f-ebb9-4129-a567-25627990b294.jpg?v=1776382507,"The Stokke Sleepi Mini Fitted Sheet in Flower Ecru Ocs is a soft and breathable cotton sheet, gentle on delicate skin and offering ultimate comfort for peaceful nights. With elastic all the way around, it provides a secure, snug fit, ensuring a safe and restful sleep for your baby. Crafted with quality and safety in mind, the Stokke Sleepi Mini Fitted Sheet is Oeko-Tex® Standard 100, Class 1 approved, meaning it’s free from harmful substances and it's available in a range of playful colours, so you can find the perfect match for your nursery décor. For dreamy nights and cosy naps, this fitted sheet is the perfect finishing touch for your baby's Stokke® Sleepi™ Mini Bed.",Bed Sheets,26,Natural Baby Shower Ltd,64830,Baby Products,599,https://images2.productserve.com/?w=200&h=200&bg=white&trim=5&t=letterbox&url=ssl%3Acdn.shopify.com%2Fs%2Ffiles%2F1%2F0690%2F1977%2Ffiles%2Fstokke-sleepi-mini-fitted-sheet-flowers-ecru-flat_8dcc9e0f-ebb9-4129-a567-25627990b294.jpg%3Fv%3D1776382507&feedId=89138&k=ff47b48ab0346c2124168c5ba1ff66c1ef241759,GBP,,,https://natural-baby-2.myshopify.com/products/stokke-sleepi-mini-fitted-sheet-flower-ecru-osc?variant=54982241124731,,,GBP26.00,89138,Stokke,1,https://cdn.shopify.com/s/files/1/0690/1977/files/stokke-sleepi-mini-fitted-sheet-flowers-ecru-flat-3.jpg?v=1776336659,https://cdn.shopify.com/s/files/1/0690/1977/files/stokke-sleepi-mini-fitted-sheet-flowers-ecru-flat-2.jpg?v=1776336659,,,,Bedding & Sheets
https://www.awin1.com/pclick.php?p=42052800968&a=2771700&m=64830,Joolz Perfect Fitted Sheet  - Dusty Rose,42052800968,51052-98363,https://cdn.shopify.com/s/files/1/0690/1977/files/joolz-perfect-fitted-sheet-dusty-rose-flat-2.jpg?v=1753231062,"Wrap your little one in gentle comfort with the Joolz Perfect Fitted Sheet, made from 100% organic & Fairtrade cotton for a safer, softer sleep. Designed to hug your Joolz cot mattress just right, it creates a cosy, breathable sleep space for your baby, wherever the day takes you. From dreamy naps to quiet strolls, this beautifully made sheet keeps your baby’s comfort and your peace of mind at heart.",Bed Sheets,14.95,Natural Baby Shower Ltd,64830,Baby Products,599,https://images2.productserve.com/?w=200&h=200&bg=white&trim=5&t=letterbox&url=ssl%3Acdn.shopify.com%2Fs%2Ffiles%2F1%2F0690%2F1977%2Ffiles%2Fjoolz-perfect-fitted-sheet-dusty-rose-flat-2.jpg%3Fv%3D1753231062&feedId=89138&k=2ed4625a614a87f13b5a6c23542db2d6ee340a7a,GBP,,,https://natural-baby-2.myshopify.com/products/joolz-perfect-fitted-sheet-dusty-rose?variant=55616585662843,,,GBP14.95,89138,Joolz,1,https://cdn.shopify.com/s/files/1/0690/1977/files/joolz-perfect-fitted-sheet-dusty-rose-flat.jpg?v=1753231063,,,,,Bedding & Sheets
https://www.awin1.com/pclick.php?p=36555695228&a=2771700&m=64830,Maxi-Cosi Pearl 360 Car Seat - Authentic Graphite,36555695228,47853-85796,https://cdn.shopify.com/s/files/1/0690/1977/files/maxi-cosi-pearl-360-car-seat-authentic-graphite-flat-7.jpg?v=1699878019,"The Maxi-Cosi Pearl 360 Car Seat in Authentic Graphite is a part of the 360 Family, the Pearl 360 can be used from 3 months up to 4 years old. A perfectly comfortable and safe rotating car seat that is built for long-term use. Thanks to the 360° rotation handle on the base (sold separately), the Pearl 360 can be rotated smoothly and easily in any recline position. Super convenient for you, super comfortable for your baby. A cosy from-birth inlay (sold separately) keeps your newborn snug and when your little one isn’t so little anymore, the Pearl 360 allows room to grow with an extra-spacious seat.",Baby & Toddler Car Seats,249.95,Natural Baby Shower Ltd,64830,Baby Products,599,https://images2.productserve.com/?w=200&h=200&bg=white&trim=5&t=letterbox&url=ssl%3Acdn.shopify.com%2Fs%2Ffiles%2F1%2F0690%2F1977%2Ffiles%2Fmaxi-cosi-pearl-360-car-seat-authentic-graphite-flat-7.jpg%3Fv%3D1699878019&feedId=89138&k=17b74e04914eb72e21bcd6a174830c104ee37db4,GBP,,,https://natural-baby-2.myshopify.com/products/maxi-cosi-pearl-360-car-seat-authentic-graphite?variant=40282402553934,,,GBP249.95,89138,Maxi-Cosi,1,https://cdn.shopify.com/s/files/1/0690/1977/files/maxi-cosi-pearl-360-car-seat-authentic-graphite-flat.jpg?v=1699878023,https://cdn.shopify.com/s/files/1/0690/1977/files/maxi-cosi-pearl-360-car-seat-lifestyle-4.jpg?v=1699220343,,,https://cdn.shopify.com/s/files/1/0690/1977/files/maxi-cosi-pearl-360-car-seat-lifestyle-5.jpg?v=1699220344,Car Seats
https://www.awin1.com/pclick.php?p=44323814642&a=2771700&m=64830,CYBEX PRIAM Fold Cot Travel System Bundle - Style - Coconut Brown / Chrome Brown,44323814642,52197-85304-CB-CB-WB-UB-S,https://cdn.shopify.com/s/files/1/0690/1977/files/cybex-priam-ultimate-accessory-bundle-style-collection-cozy-beige-chrome-brown-flat_9109df54-fd2b-473d-a08c-f2e1dd121f03.jpg?v=1780627343,"The CYBEX Priam Ultimate Bundle – Style is a premium travel system offering the Priam pushchair, Fold Carrycot, and Cloud T i-Size Plus Car Seat with Base T ISOFIX. Designed for style-conscious parents, this bundle provides seamless travel from newborn to toddler with fully adjustable seating, one-hand fold, and smooth all-wheel suspension. With included adapters, sun sail, and weatherproof raincovers, every journey is comfortable, safe, and effortless. Ideal for families who want a complete, travel-ready system from day one.",Travel Systems,1759.75,Natural Baby Shower Ltd,64830,Baby Products,599,https://images2.productserve.com/?w=200&h=200&bg=white&trim=5&t=letterbox&url=ssl%3Acdn.shopify.com%2Fs%2Ffiles%2F1%2F0690%2F1977%2Ffiles%2Fcybex-priam-ultimate-accessory-bundle-style-collection-cozy-beige-chrome-brown-flat_9109df54-fd2b-473d-a08c-f2e1dd121f03.jpg%3Fv%3D1780627343&feedId=89138&k=0000704fa27b0a2bf6224ef063812dd49220b0fe,GBP,,,https://natural-baby-2.myshopify.com/products/cybex-priam-ultimate-bundle-style-collection?variant=56169802465659,,,GBP1759.75,89138,Cybex,1,https://cdn.shopify.com/s/files/1/0690/1977/files/cybex-priam-lifestyle.jpg?v=1775575215,https://cdn.shopify.com/s/files/1/0690/1977/files/cybex-priam-folding-carrycot-flat-2.jpg?v=1782366436,,,https://cdn.shopify.com/s/files/1/0690/1977/files/cybex-priam-ultimate-bundle-style-collection-sepia-black-chrome-brown-flat.jpg?v=1775575181,Travel Bundle
https://www.awin1.com/pclick.php?p=44323814644&a=2771700&m=64830,CYBEX PRIAM Fold Cot Travel System Bundle - Style - Coconut Brown / Matt Black,44323814644,52197-85304-CB-MB-WB-UB-S,https://cdn.shopify.com/s/files/1/0690/1977/files/cybex-priam-ultimate-accessory-bundle-style-collection-cozy-beige-chrome-brown-flat_9109df54-fd2b-473d-a08c-f2e1dd121f03.jpg?v=1780627343,"The CYBEX Priam Ultimate Bundle – Style is a premium travel system offering the Priam pushchair, Fold Carrycot, and Cloud T i-Size Plus Car Seat with Base T ISOFIX. Designed for style-conscious parents, this bundle provides seamless travel from newborn to toddler with fully adjustable seating, one-hand fold, and smooth all-wheel suspension. With included adapters, sun sail, and weatherproof raincovers, every journey is comfortable, safe, and effortless. Ideal for families who want a complete, travel-ready system from day one.",Travel Systems,1759.75,Natural Baby Shower Ltd,64830,Baby Products,599,https://images2.productserve.com/?w=200&h=200&bg=white&trim=5&t=letterbox&url=ssl%3Acdn.shopify.com%2Fs%2Ffiles%2F1%2F0690%2F1977%2Ffiles%2Fcybex-priam-ultimate-accessory-bundle-style-collection-cozy-beige-chrome-brown-flat_9109df54-fd2b-473d-a08c-f2e1dd121f03.jpg%3Fv%3D1780627343&feedId=89138&k=0000704fa27b0a2bf6224ef063812dd49220b0fe,GBP,,,https://natural-baby-2.myshopify.com/products/cybex-priam-ultimate-bundle-style-collection?variant=56169802531195,,,GBP1759.75,89138,Cybex,1,https://cdn.shopify.com/s/files/1/0690/1977/files/cybex-priam-lifestyle.jpg?v=1775575215,https://cdn.shopify.com/s/files/1/0690/1977/files/cybex-priam-folding-carrycot-flat-2.jpg?v=1782366436,,,https://cdn.shopify.com/s/files/1/0690/1977/files/cybex-priam-ultimate-bundle-style-collection-sepia-black-chrome-brown-flat.jpg?v=1775575181,Travel Bundle
https://www.awin1.com/pclick.php?p=44323814646&a=2771700&m=64830,CYBEX PRIAM Fold Cot Travel System Bundle - Style - Coconut Brown / Rose Gold,44323814646,52197-85304-CB-RG-WB-UB-S,https://cdn.shopify.com/s/files/1/0690/1977/files/cybex-priam-ultimate-accessory-bundle-style-collection-cozy-beige-chrome-brown-flat_9109df54-fd2b-473d-a08c-f2e1dd121f03.jpg?v=1780627343,"The CYBEX Priam Ultimate Bundle – Style is a premium travel system offering the Priam pushchair, Fold Carrycot, and Cloud T i-Size Plus Car Seat with Base T ISOFIX. Designed for style-conscious parents, this bundle provides seamless travel from newborn to toddler with fully adjustable seating, one-hand fold, and smooth all-wheel suspension. With included adapters, sun sail, and weatherproof raincovers, every journey is comfortable, safe, and effortless. Ideal for families who want a complete, travel-ready system from day one.",Travel Systems,1809.75,Natural Baby Shower Ltd,64830,Baby Products,599,https://images2.productserve.com/?w=200&h=200&bg=white&trim=5&t=letterbox&url=ssl%3Acdn.shopify.com%2Fs%2Ffiles%2F1%2F0690%2F1977%2Ffiles%2Fcybex-priam-ultimate-accessory-bundle-style-collection-cozy-beige-chrome-brown-flat_9109df54-fd2b-473d-a08c-f2e1dd121f03.jpg%3Fv%3D1780627343&feedId=89138&k=0000704fa27b0a2bf6224ef063812dd49220b0fe,GBP,,,https://natural-baby-2.myshopify.com/products/cybex-priam-ultimate-bundle-style-collection?variant=56169802596731,,,GBP1809.75,89138,Cybex,1,https://cdn.shopify.com/s/files/1/0690/1977/files/cybex-priam-lifestyle.jpg?v=1775575215,https://cdn.shopify.com/s/files/1/0690/1977/files/cybex-priam-folding-carrycot-flat-2.jpg?v=1782366436,,,https://cdn.shopify.com/s/files/1/0690/1977/files/cybex-priam-ultimate-bundle-style-collection-sepia-black-chrome-brown-flat.jpg?v=1775575181,Travel Bundle
https://www.awin1.com/pclick.php?p=44242017874&a=2771700&m=64830,Mountain Buggy Swift Pushchair - Caviar,44242017874,51911-82028,https://cdn.shopify.com/s/files/1/0690/1977/files/mountain-buggy-swift-pushchair-caviar-flat.jpg?v=1770251847,"Meet the Mountain Buggy Swift Pushchair – the ultimate lightweight, compact companion for busy families. Designed for the pace of modern life, Swift combines effortless manoeuvrability, urban-ready performance, and smart safety features in a slim, three-wheel design. From newborn to toddler, the adjustable sling seat keeps your little one comfortable while the puncture-proof tyres and one-hand standing fold make every outing simple and stress-free. Whether weaving through busy streets or enjoying a weekend stroll, Swift is the perfect blend of style, safety, and practicality.",Baby Strollers,399,Natural Baby Shower Ltd,64830,Baby Products,599,https://images2.productserve.com/?w=200&h=200&bg=white&trim=5&t=letterbox&url=ssl%3Acdn.shopify.com%2Fs%2Ffiles%2F1%2F0690%2F1977%2Ffiles%2Fmountain-buggy-swift-pushchair-caviar-flat.jpg%3Fv%3D1770251847&feedId=89138&k=32a1fa4e900ae200a0b966c07c95516436d20378,GBP,,,https://natural-baby-2.myshopify.com/products/mountain-buggy-swift-pushchair-caviar?variant=56028753297787,,,GBP399.00,89138,Mountain Buggy,1,https://cdn.shopify.com/s/files/1/0690/1977/files/mountain-buggy-swift-pushchair-lifestyle-3.jpg?v=1770251849,https://cdn.shopify.com/s/files/1/0690/1977/files/mountain-buggy-swift-pushchair-lifestyle-8.jpg?v=1770251848,,,https://cdn.shopify.com/s/files/1/0690/1977/files/mountain-buggy-swift-pushchair-lifestyle-5.jpg?v=1770251851,Pram & Pushchair
https://www.awin1.com/pclick.php?p=44178604105&a=2771700&m=64830,MORI Keppi Sun Hat - Blue Whale Print - 3-6m,44178604105,52150-69597,https://cdn.shopify.com/s/files/1/0690/1977/files/Liewood-Keppi-Hat-Whale-Blue-Flat-1.jpg?v=1773186552,"Keep little faces cool, shaded, and protected with the MORI Keppi Sun Hat in Blue Whale Print. Made from soft, recycled fabrics, this sun-safe hat features a protective peak and an extended neck flap to shield delicate skin from the sun, while UPF 50+ protection keeps them safe during sunny adventures. Lightweight and comfortable, making it perfect for beach trips, poolside fun, or garden play. Pair with MORI’s Blue Whale Sun Safe Suit for a coordinated, sun-ready outfit.",Baby & Children's Hats,14.8,Natural Baby Shower Ltd,64830,,,https://images2.productserve.com/?w=200&h=200&bg=white&trim=5&t=letterbox&url=ssl%3Acdn.shopify.com%2Fs%2Ffiles%2F1%2F0690%2F1977%2Ffiles%2FLiewood-Keppi-Hat-Whale-Blue-Flat-1.jpg%3Fv%3D1773186552&feedId=89138&k=38c36b9509df55e1013f4a57c4e9fdbfc9d7a025,GBP,,,https://natural-baby-2.myshopify.com/products/mori-keppi-sun-hat-blue-whale-print?variant=56124261958011,,,GBP14.80,89138,MORI,1,https://cdn.shopify.com/s/files/1/0690/1977/files/MORI-Keppi-Hat-Whale-Lifestyle-1.jpg?v=1773186553,https://cdn.shopify.com/s/files/1/0690/1977/files/Liewood-Keppi-Hat-Whale-Blue-Flat-2.jpg?v=1773186554,,,,Hats
https://www.awin1.com/pclick.php?p=44242017857&a=2771700&m=64830,Mama Shack Anti Roll Wedge Changing Mat - Sage Green Gingham,44242017857,52139-66995,https://cdn.shopify.com/s/files/1/0690/1977/files/mama-shack-gingham-antil-roll-green-gingham-flat.jpg?v=1773740912,"Thoughtfully crafted to keep your baby snug and supported during changes, the Mama Shack Anti-Roll Changing Mat combines comfort with practicality. Designed with a gentle incline, it helps prevent rolling, offering extra peace of mind while you change your baby. The waterproof, wipe-clean surface makes everyday clean-ups effortless, so you can spend less time tidying and more time soaking up those precious newborn cuddles.",Changing Mats & Trays,30,Natural Baby Shower Ltd,64830,Baby Products,599,https://images2.productserve.com/?w=200&h=200&bg=white&trim=5&t=letterbox&url=ssl%3Acdn.shopify.com%2Fs%2Ffiles%2F1%2F0690%2F1977%2Ffiles%2Fmama-shack-gingham-antil-roll-green-gingham-flat.jpg%3Fv%3D1773740912&feedId=89138&k=3e46eb712fcc91b6e0a81e9fd4cb910c3f9b0fad,GBP,,,https://natural-baby-2.myshopify.com/products/mama-shack-anti-roll-wedge-changing-mat-sage-green-gingham?variant=56120219828603,,,GBP30.00,89138,Mama Shack,1,https://cdn.shopify.com/s/files/1/0690/1977/files/mama-shack-gingham-antil-roll-green-gingham-lifestyle.jpg?v=1773740912,https://cdn.shopify.com/s/files/1/0690/1977/files/mama-shack-gingham-antil-roll-green-gingham-lifestyle-2.jpg?v=1773740912,,,https://cdn.shopify.com/s/files/1/0690/1977/files/mama-shack-gingham-antil-roll-green-gingham-lifestyle-4.jpg?v=1773740912,Changing Mat
https://www.awin1.com/pclick.php?p=38882705525&a=2771700&m=64830,Etta Loves XL Mono Muslin - Black + White,38882705525,49508-60890,https://cdn.shopify.com/s/files/1/0690/1977/files/etta-loves-xl-mono-muslin-black-white-flat.jpg?v=1727793438,"The Etta Loves XL Shapes Muslin Shapes in Black + White has been designed to be both visible and interesting for babies, to support their cognitive and visual development between birth and around four months. They'll find the overlays and 3D shapes fascinating and captivating as their eyes develop across their first year and beyond. Perfect for cuddles, spillages, for using as a lightweight blanket, breastfeeding cover or to put over a playmat to encourage tummy time. You can even wind it up in a car window for shade and stimulation for calmer car journeys.",Burp Cloths,24,Natural Baby Shower Ltd,64830,Baby Products,599,https://images2.productserve.com/?w=200&h=200&bg=white&trim=5&t=letterbox&url=ssl%3Acdn.shopify.com%2Fs%2Ffiles%2F1%2F0690%2F1977%2Ffiles%2Fetta-loves-xl-mono-muslin-black-white-flat.jpg%3Fv%3D1727793438&feedId=89138&k=542cc81c5184a550850321c2ccf4e5d52ff2b21a,GBP,,,https://natural-baby-2.myshopify.com/products/etta-loves-xl-mono-muslin-black-white?variant=41712441786446,,,GBP24.00,89138,Etta Loves,1,https://cdn.shopify.com/s/files/1/0690/1977/files/etta-loves-xl-mono-muslin-black-white-lifestyle.jpg?v=1725458434,https://cdn.shopify.com/s/files/1/0690/1977/files/etta-loves-xl-mono-muslin-black-white-lifestyle-2.jpg?v=1725458434,,,https://cdn.shopify.com/s/files/1/0690/1977/files/etta-loves-xl-mono-muslin-black-white-lifestyle-4.jpg?v=1727793446,Muslins
https://www.awin1.com/pclick.php?p=38882705529&a=2771700&m=64830,Etta Loves XL Shapes Muslin,38882705529,49509-60906,https://cdn.shopify.com/s/files/1/0690/1977/files/etta-loves-xl-shapes-muslin-flat.jpg?v=1727793535,"The Etta Loves XL Shapes Muslin Shapes has been designed to be both visible and interesting for babies, to support their cognitive and visual development between birth and around four months. They'll find the overlays and 3D shapes fascinating and captivating as their eyes develop across their first year and beyond. Perfect for cuddles, spillages, for using as a lightweight blanket, breastfeeding cover or to put over a playmat to encourage tummy time. You can even wind it up in a car window for shade and stimulation for calmer car journeys.",Burp Cloths,24,Natural Baby Shower Ltd,64830,Baby Products,599,https://images2.productserve.com/?w=200&h=200&bg=white&trim=5&t=letterbox&url=ssl%3Acdn.shopify.com%2Fs%2Ffiles%2F1%2F0690%2F1977%2Ffiles%2Fetta-loves-xl-shapes-muslin-flat.jpg%3Fv%3D1727793535&feedId=89138&k=4930e7fad16e05eb3ea64cd373d6871bcd0bb241,GBP,,,https://natural-baby-2.myshopify.com/products/etta-loves-xl-shapes-muslin?variant=41712441917518,,,GBP24.00,89138,Etta Loves,1,https://cdn.shopify.com/s/files/1/0690/1977/files/etta-loves-xl-shapes-muslin-lifestyle.jpg?v=1727793540,https://cdn.shopify.com/s/files/1/0690/1977/files/etta-loves-reversible-hanging-swaures-3-pack-camille-walala-lifestyle_b8620121-5f34-4a87-96a5-5abac4a2e252.jpg?v=1727793420,,,https://cdn.shopify.com/s/files/1/0690/1977/files/etta-loves-xl-shapes-muslin-lifestyle-2.jpg?v=1727793545,Muslins
https://www.awin1.com/pclick.php?p=41105952215&a=2771700&m=64830,Childs Farm Baby Shampoo & Wash 250ml - 250ml,41105952215,50562-49067,https://cdn.shopify.com/s/files/1/0690/1977/files/baby-soft-scent.jpg?v=1748488733,"Childs Farm Baby Shampoo & Wash is perfect for baby bath time. Thoughtfully made for newborns and up, this tear-free, sulfate-free formula softly cleanses both hair and body, leaving skin and delicate little locks feeling nourished and beautifully clean. Infused with soothing aloe vera and refreshing cucumber, this naturally kind shampoo is enriched with plant-based cleansers from corn and coconut, plus natural glycerine to help lock in moisture and keep your little one’s skin feeling soft and hydrated. Approved by dermatologists and paediatricians, this caring formula is suitable for all skin types, including dry, sensitive, and eczema-prone skin, so you can feel confident using it every day. Every bottle is made using prevented ocean plastic (excluding cap and label) and is fully recyclable. Certified by The Vegan Society and Leaping Bunny approved, it’s as kind to the planet as it is to your baby’s skin.",Lotion & Sunscreen Applicators,5,Natural Baby Shower Ltd,64830,,,https://images2.productserve.com/?w=200&h=200&bg=white&trim=5&t=letterbox&url=ssl%3Acdn.shopify.com%2Fs%2Ffiles%2F1%2F0690%2F1977%2Ffiles%2Fbaby-soft-scent.jpg%3Fv%3D1748488733&feedId=89138&k=061ba4932e454650ac527285760a4529f72a838f,GBP,,,https://natural-baby-2.myshopify.com/products/childs-farm-baby-shampoo-wash-250ml?variant=55314867552635,,,GBP5.00,89138,Child's Farm,1,https://cdn.shopify.com/s/files/1/0690/1977/files/childs-farm-baby-shampoo-wash-lifestyle-2.jpg?v=1748445661,https://cdn.shopify.com/s/files/1/0690/1977/files/childs-farm-baby-shampoo-wash-lifestyle.jpg?v=1748445661,,,,Baby Wash
https://www.awin1.com/pclick.php?p=44911357450&a=2771700&m=64830,Stokke® Sleepi™ Bed Fitted Sheet - Birch Beige,44911357450,52156-33146,https://cdn.shopify.com/s/files/1/0690/1977/files/stokke-sleepi-fitted-sheet-birch-beige-flat_e38dabab-b1da-4f3d-a8fb-a821a9089c88.jpg?v=1780474645,"The Stokke Sleepi Bed Fitted Sheet in Birch Beige is a soft and breathable cotton sheet, gentle on delicate skin and offering ultimate comfort for peaceful nights. With elastic all the way around, it provides a secure, snug fit, ensuring a safe and restful sleep for your baby. Available in a range of playful colours, it's easy to find the perfect match for your nursery décor. Crafted with quality and safety in mind, the Stokke® Sleepi™ Bed Fitted Sheet is Oeko-Tex® Standard 100, Class 1 approved, meaning it’s free from harmful substances and made with the latest research in baby-safe materials. For dreamy nights and cosy naps, this fitted sheet is the perfect finishing touch for your baby's Stokke® Sleepi™ Bed.",Bed Sheets,34,Natural Baby Shower Ltd,64830,Baby Products,599,https://images2.productserve.com/?w=200&h=200&bg=white&trim=5&t=letterbox&url=ssl%3Acdn.shopify.com%2Fs%2Ffiles%2F1%2F0690%2F1977%2Ffiles%2Fstokke-sleepi-fitted-sheet-birch-beige-flat_e38dabab-b1da-4f3d-a8fb-a821a9089c88.jpg%3Fv%3D1780474645&feedId=89138&k=6b4278c79ab3b9e4f5a4594c82cdfe8de2f26714,GBP,,,https://natural-baby-2.myshopify.com/products/stokke-sleepi-bed-fitted-sheet-birch-beige?variant=56125159473531,,,GBP34.00,89138,Stokke,1,,,,,,Bedding & Sheets
https://www.awin1.com/pclick.php?p=45490709541&a=2771700&m=64830,CYBEX Pallas G3 i-Size Car Seat - Almond Beige - Almond Beige / One Size,45490709541,52755-93125,https://cdn.shopify.com/s/files/1/0690/1977/files/cybex-pallas-g3-almond-beige-flat.jpg?v=1785976292,"Meet the CYBEX Pallas G3 i-Size - the next generation of forward-facing safety that grows with your child from toddler to pre-teen. Thoughtfully designed with award-winning impact shield technology, this clever 2-in-1 car seat offers advanced protection and all-day comfort for every journey. From 15 months up to around 12 years, the Pallas G3 keeps your little one secure using a soft, adjustable impact shield that reduces the risk of neck injury by up to 25% compared to traditional harness systems. The shield clicks into place in seconds, making daily on-and-off-boarding simple for parents and comfy for curious little travellers. As your child grows, the seat easily adapts - simply remove the shield and switch to the car’s seatbelt system. The L.S.P. System Plus enhances side-impact protection by up to 20%, while the reclining headrest helps keep your child’s head safely in position even during naps, offering up to seven times more head safety in side collisions. Breathable all-round air ventilation ensures a fresh and comfortable ride on warm days, while comfort fabrics keep things cosy. Certified to the latest i-Size safety standard (UN R129/04), the Pallas G3 installs securely using ISOFIX and top tether, giving you complete peace of mind that your child is protected wherever the road takes you. With its easy recline, plush comfort, and advanced safety technology, the Pallas G3 i-Size is a smart, future-ready choice for families who value safety and simplicity in equal measure.",Baby & Toddler Car Seats,209.95,Natural Baby Shower Ltd,64830,Baby Products,599,https://images2.productserve.com/?w=200&h=200&bg=white&trim=5&t=letterbox&url=ssl%3Acdn.shopify.com%2Fs%2Ffiles%2F1%2F0690%2F1977%2Ffiles%2Fcybex-pallas-g3-almond-beige-flat.jpg%3Fv%3D1785976292&feedId=89138&k=997633598710c025a3b954ac76dab6a6f4401aab,GBP,,,https://natural-baby-2.myshopify.com/products/cybex-pallas-g3-i-size-almond-beige?variant=56364980961659,,,GBP209.95,89138,Cybex,1,https://cdn.shopify.com/s/files/1/0690/1977/files/cybex-pallas-g3-almond-beige-flat-7.jpg?v=1785976292,https://cdn.shopify.com/s/files/1/0690/1977/files/cybex-pallas-g3-almond-beige-flat-2.jpg?v=1785976293,,,https://cdn.shopify.com/s/files/1/0690/1977/files/cybex-pallas-g3-almond-beige-flat-3.jpg?v=1785976294,Car Seats
https://www.awin1.com/pclick.php?p=45490709542&a=2771700&m=64830,CYBEX Solution G2 Plus Car Seat - Chocolate Brown - Chocolate Brown / One Size,45490709542,52758-93361,https://cdn.shopify.com/s/files/1/0690/1977/files/cybex-solution-g2-i-size-chocolate-brown-plus-flat-2.jpg?v=1785976298,"The CYBEX Solution G2 Plus Car Seat is built for growing families who need exceptional safety without compromising on convenience. Suitable from approximately 3 to 12 years (100–150cm), this lightweight, foldable high-back booster is easy to move between vehicles, store at home or take on family holidays, making everyday travel simpler wherever life takes you. Designed with CYBEX's trusted safety technology, the Solution G2 Plus features a patented reclining headrest to help keep your child's head in the protected zone while they sleep, alongside the Linear Side-impact Protection (L.S.P.) System Plus, which helps reduce side-impact forces. Flexible side wings provide extra room as your little one grows, while the breathable Plus fabric encourages airflow for lasting comfort on every journey. Compact, comfortable and easy to carry, it's a clever choice that grows with your child for years of safer travel.",Baby & Toddler Car Seats,149.95,Natural Baby Shower Ltd,64830,Baby Products,599,https://images2.productserve.com/?w=200&h=200&bg=white&trim=5&t=letterbox&url=ssl%3Acdn.shopify.com%2Fs%2Ffiles%2F1%2F0690%2F1977%2Ffiles%2Fcybex-solution-g2-i-size-chocolate-brown-plus-flat-2.jpg%3Fv%3D1785976298&feedId=89138&k=27d458bbf54c66f0f621dc43af94356ed5b9e20f,GBP,,,https://natural-baby-2.myshopify.com/products/cybex-solution-g2-plus-i-size-chocolate-brown?variant=56364981027195,,,GBP149.95,89138,Cybex,1,https://cdn.shopify.com/s/files/1/0690/1977/files/cybex-solution-g2-i-size-chocolate-brown-plus-flat-6.jpg?v=1785976298,https://cdn.shopify.com/s/files/1/0690/1977/files/cybex-solution-g2-i-size-chocolate-brown-plus-flat.jpg?v=1785976300,,,https://cdn.shopify.com/s/files/1/0690/1977/files/cybex-solution-g2-i-size-chocolate-brown-plus-flat-1.jpg?v=1785976301,Car Seats
https://www.awin1.com/pclick.php?p=45457753382&a=2771700&m=64830,aden + anais Organic Muslin Swaddles - Animal Kingdom - 4 Pack,45457753382,39622-AK,https://cdn.shopify.com/s/files/1/0690/1977/products/aden-anais-muslin-swaddles-animal-kingdom-4-pack.jpg?v=1699436168,"About Me The aden + anais Organic Muslin Swaddles 4 Pack in Animal Kindom are GOTS certified, breathable, versatile, and soft as a mother's touch. Made from 100% cotton muslin, these swaddle blankets ensure baby’s ultimate comfort at bedtime and beyond. The light fabric has an open weave which allows your baby's body temperature to regulate itself naturally, helping to reduce the risk of overheating. They're gentle on baby's skin, durable for everyday use, and the more you wash them the softer they get. Highlights Pack of 4 GOTS certified Gentle on the skin 100% cotton muslin Durable for everyday use Free of azo chemical compounds Pre-washed + stay soft wash after wash Packaging is recyclable + complies with the Green Dot initiative Breathability reduces the risk of your little one from overheating What can I use these swaddles for? Traditionally used for swaddling, these wraps can also be used as burp cloths, nursing and stroller covers, portable crib sheets, stroller and car seat liners, tummy time blankets, and changing table or mat covers. Size + Fit Measurements: L120 x W120cm each Sustainability The aden + anais Animal Kingdom collection is 100% organically made. From the farm to the final product, this organic cotton is made according to the highest ecological and social processing standards without sacrificing on softness. Each item has been GOTS Certified, to receive the GOTS seal, a product must adhere to strict standards from harvesting raw materials through environmentally and socially responsible manufacturing. Look after me Tumble dry low Wash before first use Do not iron or dry clean Machine wash warm - with like colours Use only chlorine-free bleach when needed",Swaddling Blankets,37.13,Natural Baby Shower Ltd,64830,Baby Products,599,https://images2.productserve.com/?w=200&h=200&bg=white&trim=5&t=letterbox&url=ssl%3Acdn.shopify.com%2Fs%2Ffiles%2F1%2F0690%2F1977%2Fproducts%2Faden-anais-muslin-swaddles-animal-kingdom-4-pack.jpg%3Fv%3D1699436168&feedId=89138&k=4932e3eb8019f844f1fb835087374b0cb2339560,GBP,,,https://natural-baby-2.myshopify.com/products/aden-anais-muslin-swaddles-animal-kingdom-4-pack?variant=39703585357902,,,GBP37.13,89138,aden + anais,1,https://cdn.shopify.com/s/files/1/0690/1977/products/aden-anais-muslin-swaddles-animal-kingdom-4-pack-2.jpg?v=1699436170,https://cdn.shopify.com/s/files/1/0690/1977/products/aden-anais-muslin-swaddles-animal-kingdom-4-pack-3.jpg?v=1699436171,,,https://cdn.shopify.com/s/files/1/0690/1977/products/aden-anais-muslin-swaddles-animal-kingdom-4-pack-4.jpg?v=1699436172,Swaddles
https://www.awin1.com/pclick.php?p=36496683594&a=2771700&m=64830,Thule Sapling Child Carrier Backpack - Black,36496683594,44854-BLK,https://cdn.shopify.com/s/files/1/0690/1977/products/thlue-sapling-child-carrier-back-pack-black-2.jpg?v=1699436885,"The Thule Sapling Child Carrier Backpack in Black is a baby backpack that lets you share a perfect day on the trail. You and your little one can find adventure in comfort. It is ergonomic and has great leg support for little ones. The Thule Sapling has a modular design, a fully machine washable seat and for longer hikes that require additional storage, easily add on the Thule Sapling Sling Pack (available separately). The Sapling is fully adjustable at the torso and the hip belt to provide a perfect fit, a comfortable carry and quick transition from parent to parent while on the move.",Baby Carriers,399.99,Natural Baby Shower Ltd,64830,Children's Accessories,539,https://images2.productserve.com/?w=200&h=200&bg=white&trim=5&t=letterbox&url=ssl%3Acdn.shopify.com%2Fs%2Ffiles%2F1%2F0690%2F1977%2Fproducts%2Fthlue-sapling-child-carrier-back-pack-black-2.jpg%3Fv%3D1699436885&feedId=89138&k=26cf8390dbf64ea833876bf23a3035b00021e121,GBP,,,https://natural-baby-2.myshopify.com/products/thule-sapling-child-carrier-backpack-black?variant=39711620431950,,,GBP399.99,89138,Thule,1,https://cdn.shopify.com/s/files/1/0690/1977/products/thlue-sapling-child-carrier-back-pack-black-lifestyle.jpg?v=1699436887,https://cdn.shopify.com/s/files/1/0690/1977/products/thlue-sapling-child-carrier-back-pack-black-lifestyle-2.jpg?v=1699436888,,,https://cdn.shopify.com/s/files/1/0690/1977/products/thlue-sapling-child-carrier-back-pack-black.jpg?v=1699436890,Baby Carrier & Sling
https://www.awin1.com/pclick.php?p=36496689909&a=2771700&m=64830,MORI Clever Baby Sleeping Bag - Grey - TOG 2.5,36496689909,35293,https://cdn.shopify.com/s/files/1/0690/1977/products/Baby-Mori-Sleeping-Bag---Grey_8861b2b9-9dd3-48bc-9def-a6d5b84ec0f9.jpg?v=1699337437,"The MORI Clever Sleeping Bag Tog 2.5 in Grey ensures your little one will have lots of freedom to grow - as this sleeping bag can be used from 4kgs (8-9lbs) all the way up to 2 years. This sleeping bag has been designed to be used instead of a blanket, as they can cause safety issues including waking up uncovered and increasing the risk of SIDS. Sleeping bags act as a wearable blanket, which can’t be kicked off, helping you as a parent to have peace of mind when putting your baby to sleep. We would recommend that you make sure your baby’s head cannot pass through the neck hole when fastened; if it can, the sleeping bag is too big. With a clever travel seat-belt opening and double direction zipper, sleeping on the move and night time changes will be easy for parents. The breathable and thermoregulating bamboo and organic cotton will keep your baby at a natural and safe temperature throughout cold nights and warm days.",Baby & Children's Sleepwear,56,Natural Baby Shower Ltd,64830,,,https://images2.productserve.com/?w=200&h=200&bg=white&trim=5&t=letterbox&url=ssl%3Acdn.shopify.com%2Fs%2Ffiles%2F1%2F0690%2F1977%2Fproducts%2FBaby-Mori-Sleeping-Bag---Grey_8861b2b9-9dd3-48bc-9def-a6d5b84ec0f9.jpg%3Fv%3D1699337437&feedId=89138&k=3c9d2a94f7b2ce60bafc314afe575913bbbdce4e,GBP,,,https://natural-baby-2.myshopify.com/products/mori-clever-sleeping-bag-tog-2-5-grey?variant=40147639758,,,GBP56.00,89138,MORI,1,https://cdn.shopify.com/s/files/1/0690/1977/products/Baby-Mori-Sleeping-Bag-Features_d5b89b4e-e73d-43ff-ac11-6b4473bd7801.jpg?v=1699337438,,,,,Baby Sleeping Bags
https://www.awin1.com/pclick.php?p=44502840851&a=2771700&m=64830,Liewood Olivie Organiser Bag - Oat,44502840851,47828-49284,https://cdn.shopify.com/s/files/1/0690/1977/files/liewood-olivie-organiser-bag-oat-flat.jpg?v=1699495656,"The Liewood Olivie Organiser Bag in Oat is crafted to make family outings effortless. Stylishly designed with an active-inspired durable recycled nylon exterior, this bag is as practical as it is beautiful. The Olivie has a zip-around opening front pocket, ideal for easy access to all of the baby’s essentials, as well as a discreet Velcro-like fastening for securely attaching to a stroller. The easy-carry webbing handle strap can be tucked away when not in use, and the outside pocket holds a foldable changing mat. An insulated bottle holder accompanies the large compartment with its half-moon opening, allowing for an overview of the essentials inside.",Diaper Bags,49.5,Natural Baby Shower Ltd,64830,Baby Products,599,https://images2.productserve.com/?w=200&h=200&bg=white&trim=5&t=letterbox&url=ssl%3Acdn.shopify.com%2Fs%2Ffiles%2F1%2F0690%2F1977%2Ffiles%2Fliewood-olivie-organiser-bag-oat-flat.jpg%3Fv%3D1699495656&feedId=89138&k=59c22b63b79efcbebc0264c58bd3b71c8bc85cad,GBP,,,https://natural-baby-2.myshopify.com/products/liewood-olivie-organiser-bag-oat?variant=40277696446542,,,GBP49.50,89138,Liewood,1,https://cdn.shopify.com/s/files/1/0690/1977/files/liewood-olivie-organiser-bag-lifestyle_8be20604-c571-4072-87d6-b9bac4d7174d.jpg?v=1699495658,https://cdn.shopify.com/s/files/1/0690/1977/files/liewood-olivie-organiser-bag-oat-flat-2.jpg?v=1699495659,,,https://cdn.shopify.com/s/files/1/0690/1977/files/liewood-olivie-organiser-bag-oat-flat-3.jpg?v=1699495661,Pushchair Organiser
https://www.awin1.com/pclick.php?p=36496692099&a=2771700&m=64830,MORI Cellular Blanket - Taupe,36496692099,42277-TAU,https://cdn.shopify.com/s/files/1/0690/1977/products/MORI-Cellular-Blanket---Taupe.jpg?v=1699390388,"The MORI Cellular Blanket in Taupe is perfect for cosy cuddles, made from organic materials, it is soft against your little one's skin. The blanket can be used safely for swaddling, sleeping and day time use. The cellular blanket is made to keep your baby warm in the winter and cool during the warmer months. It's versatility makes it ideal size for using with car seats, pushchairs, cribs and moses baskets.",Receiving Blankets,17.55,Natural Baby Shower Ltd,64830,Baby Products,599,https://images2.productserve.com/?w=200&h=200&bg=white&trim=5&t=letterbox&url=ssl%3Acdn.shopify.com%2Fs%2Ffiles%2F1%2F0690%2F1977%2Fproducts%2FMORI-Cellular-Blanket---Taupe.jpg%3Fv%3D1699390388&feedId=89138&k=964d21b516f163e9300ad1ef004eaae9d6fe4c23,GBP,,,https://natural-baby-2.myshopify.com/products/mori-cellular-blanket-taupe?variant=32488469102670,,,GBP17.55,89138,MORI,1,https://cdn.shopify.com/s/files/1/0690/1977/products/mori-cellular-blanket-taupe-1.jpg?v=1699390390,,,,,Cellular Blankets
https://www.awin1.com/pclick.php?p=36496680677&a=2771700&m=64830,MORI Ribbed Hat - Ecru - 3-6m,36496680677,42928-ECR-3-6m,https://cdn.shopify.com/s/files/1/0690/1977/products/mori-ribbed-hat-ecru.jpg?v=1699398515,"The MORI Ribbed Hat in Ecru is made from MORI's super-soft signature organic cotton and bamboo fabric. We love the cute ribbed style - this would make the perfect newborn gift. The material is breathable, which helps to keep little one's head warm and comfortable.",Baby & Children's Hats,12,Natural Baby Shower Ltd,64830,,,https://images2.productserve.com/?w=200&h=200&bg=white&trim=5&t=letterbox&url=ssl%3Acdn.shopify.com%2Fs%2Ffiles%2F1%2F0690%2F1977%2Fproducts%2Fmori-ribbed-hat-ecru.jpg%3Fv%3D1699398515&feedId=89138&k=df45386dac980e91fa70cafb5f4c89441c5646f2,GBP,,,https://natural-baby-2.myshopify.com/products/mori-ribbed-hat-ecru?variant=32689743822926,,,GBP12.00,89138,MORI,1,,,,,,Hats
https://www.awin1.com/pclick.php?p=45457753550&a=2771700&m=64830,MORI 2pk Cellular Blanket - Pink,45457753550,52274-52377,https://cdn.shopify.com/s/files/1/0690/1977/files/mori-2pk-celluar-blanket-pink-flat.jpg?v=1776905966,"A true everyday essential, the MORI 2 Pack Cellular Blankets are thoughtfully designed to keep your little one comfortable all year round. Made from a beautifully soft blend of cotton and bamboo, these blankets are gentle on delicate skin while offering the perfect balance of warmth and breathability. The clever cellular weave allows air to circulate freely, helping to regulate your baby’s temperature – keeping them cool in warmer months and cosy when it’s cooler. Ideal for use in the cot, pushchair, or for swaddling your newborn, they’re as versatile as they are practical. As your baby grows, these blankets continue to be useful as a lightweight cover or comforting layer, making them a long-lasting staple for everyday life.",Receiving Blankets,35.5,Natural Baby Shower Ltd,64830,Baby Products,599,https://images2.productserve.com/?w=200&h=200&bg=white&trim=5&t=letterbox&url=ssl%3Acdn.shopify.com%2Fs%2Ffiles%2F1%2F0690%2F1977%2Ffiles%2Fmori-2pk-celluar-blanket-pink-flat.jpg%3Fv%3D1776905966&feedId=89138&k=2472e12d8f35f2195c0cbb0a02df87e22ad11884,GBP,,,https://natural-baby-2.myshopify.com/products/mori-2pk-cellular-blanket-pink?variant=56200424325499,,,GBP35.50,89138,MORI,1,https://cdn.shopify.com/s/files/1/0690/1977/files/mori-2pk-celluar-blanket-pink-flat-2.jpg?v=1776846471,,,,,Cellular Blankets
https://www.awin1.com/pclick.php?p=44498279426&a=2771700&m=64830,UPPAbaby Ridge + Pebble 360 Pro 2 Travel System - Evelyn / With Base,44498279426,47635-EVE-B,https://cdn.shopify.com/s/files/1/0690/1977/files/uppababy-ridge-evelyn-pebble-pro-2-bundle-flat_e37cbf24-0c51-4d0b-a45c-bf61d7205037.jpg?v=1785921365,"The UPPAbaby Ridge + Pebble 360 Pro 2 Travel System is the perfect choice for families who love adventure and want to keep their little ones comfy and safe, no matter where life takes them. With the award-winning Ridge pushchair, you’ll experience a smooth ride, whether you’re strolling through city streets or tackling rougher terrain. Built for durability, its foam-filled, never-flat tyres with deep treads offer exceptional stability, while the reliable hand brake ensures you’re always in control, even on downhill slopes. Your little one will stay cosy and secure with the deep padded seat, and the easy recline allows them to go from sightseeing to napping in no time. The Ridge also includes thoughtful features like reflective accents, extendable canopy with zipper pocket, water bottle holder, adjustable handlebar and a one-hand fold for added convenience. The Maxi-Cosi Pebble 360 Pro 2 car seat is all about comfort and safety. With its full lie-flat position, your baby can sleep peacefully on the go. As part of the 360 Pro Family, the Pebble 360 Pro 2 offers 360° rotation and SlideTech® technology, making getting your baby in and out of the car effortless. For added ease, the optional FamilyFix 360 Pro base lets you rotate and slide your baby toward you without any back strain. Designed for ultimate comfort, the Pebble 360 Pro 2 features ClimaFlow ventilation panels, breathable foam, and mesh fabrics to keep your little one cool. Plus, the adjustable headrest and removable newborn inlay ensure a perfect fit from birth to 18 months (40 cm to 87 cm) – it’s even safe for premature babies. Combining the very best in safety and comfort, the Pebble 360 Pro 2 is the perfect partner for your growing family.",Travel Systems,1010.11,Natural Baby Shower Ltd,64830,Baby Products,599,https://images2.productserve.com/?w=200&h=200&bg=white&trim=5&t=letterbox&url=ssl%3Acdn.shopify.com%2Fs%2Ffiles%2F1%2F0690%2F1977%2Ffiles%2Fuppababy-ridge-evelyn-pebble-pro-2-bundle-flat_e37cbf24-0c51-4d0b-a45c-bf61d7205037.jpg%3Fv%3D1785921365&feedId=89138&k=36d1d371c2f73eef40b0e12cf4b59115bad9dada,GBP,,,https://natural-baby-2.myshopify.com/products/uppababy-ridge-pebble-360-pro-2-travel-system?variant=56209745183099,,,GBP1010.11,89138,Uppababy,1,https://cdn.shopify.com/s/files/1/0690/1977/files/uppababy-ridge-v2-evelyn-lifestyle-2.jpg?v=1776345043,https://cdn.shopify.com/s/files/1/0690/1977/files/uppababy-ridge-pebble-360-pro-2-travel-system-james-flat_dba34298-ae99-4645-b22e-0f0f84efd1d7.jpg?v=1785921364,,,https://cdn.shopify.com/s/files/1/0690/1977/files/uppababy-ridge-v2-evelyn-lifestyle-3.jpg?v=1776345043,Travel Bundle
https://www.awin1.com/pclick.php?p=44323814836&a=2771700&m=64830,CYBEX PRIAM Fold Cot Newborn to Toddler Travel System Bundle - Style - Coconut Brown / Chrome Brown,44323814836,52197-85304-CB-CB-WB-UBBB-S,https://cdn.shopify.com/s/files/1/0690/1977/files/cybex-priam-ultimate-birth-beyond-bundle-style-collection-cozy-beige-rose-gold-flat.jpg?v=1775575197,"Everything you need, from those very first cuddles to confident toddler adventures. The CYBEX Priam Ultimate Birth & Beyond Bundle – Style is a beautifully curated travel solution designed to support your family every step of the way. At its heart is the iconic Priam pushchair, combining luxurious design with smooth, all-terrain comfort and effortless functionality. Paired with the Fold Carry Cot, your newborn is cocooned in a spacious, breathable sleep environment - perfect for peaceful naps on the go. For every journey beyond the pram, the award-winning Cloud T i-Size car seat offers a lie-flat position for ergonomic comfort, while the Sirona T i-Size ensures continued safety and support as your child grows. With seamless transitions from car to stroller, thoughtful accessories included, and premium finishes throughout, this bundle brings together style, safety, and everyday ease in one complete package. Designed to grow with your child from birth to around 4 years, it’s a long-lasting, beautifully coordinated solution for modern family life - so you can focus on the moments that matter most.",Travel Systems,2234.6,Natural Baby Shower Ltd,64830,Baby Products,599,https://images2.productserve.com/?w=200&h=200&bg=white&trim=5&t=letterbox&url=ssl%3Acdn.shopify.com%2Fs%2Ffiles%2F1%2F0690%2F1977%2Ffiles%2Fcybex-priam-ultimate-birth-beyond-bundle-style-collection-cozy-beige-rose-gold-flat.jpg%3Fv%3D1775575197&feedId=89138&k=0c39713bb8e269ac124d44c759d0408e8c0c0b47,GBP,,,https://natural-baby-2.myshopify.com/products/cybex-priam-ultimate-birth-beyond-bundle-style-collection?variant=56169199731067,,,GBP2234.60,89138,Cybex,1,https://cdn.shopify.com/s/files/1/0690/1977/files/cybex-priam-lifestyle.jpg?v=1775575215,https://cdn.shopify.com/s/files/1/0690/1977/files/cybex-priam-folding-carrycot-flat-2.jpg?v=1782366436,,,https://cdn.shopify.com/s/files/1/0690/1977/files/cybex-priam-ultimate-birth-beyond-bundle-style-collection-cozy-beige-chrome-brown-flat.jpg?v=1774394801,Travel Bundle
https://www.awin1.com/pclick.php?p=44323814838&a=2771700&m=64830,CYBEX PRIAM Fold Cot Newborn to Toddler Travel System Bundle - Style - Coconut Brown / Matt Black,44323814838,52197-85304-CB-MB-WB-UBBB-S,https://cdn.shopify.com/s/files/1/0690/1977/files/cybex-priam-ultimate-birth-beyond-bundle-style-collection-cozy-beige-rose-gold-flat.jpg?v=1775575197,"Everything you need, from those very first cuddles to confident toddler adventures. The CYBEX Priam Ultimate Birth & Beyond Bundle – Style is a beautifully curated travel solution designed to support your family every step of the way. At its heart is the iconic Priam pushchair, combining luxurious design with smooth, all-terrain comfort and effortless functionality. Paired with the Fold Carry Cot, your newborn is cocooned in a spacious, breathable sleep environment - perfect for peaceful naps on the go. For every journey beyond the pram, the award-winning Cloud T i-Size car seat offers a lie-flat position for ergonomic comfort, while the Sirona T i-Size ensures continued safety and support as your child grows. With seamless transitions from car to stroller, thoughtful accessories included, and premium finishes throughout, this bundle brings together style, safety, and everyday ease in one complete package. Designed to grow with your child from birth to around 4 years, it’s a long-lasting, beautifully coordinated solution for modern family life - so you can focus on the moments that matter most.",Travel Systems,2234.6,Natural Baby Shower Ltd,64830,Baby Products,599,https://images2.productserve.com/?w=200&h=200&bg=white&trim=5&t=letterbox&url=ssl%3Acdn.shopify.com%2Fs%2Ffiles%2F1%2F0690%2F1977%2Ffiles%2Fcybex-priam-ultimate-birth-beyond-bundle-style-collection-cozy-beige-rose-gold-flat.jpg%3Fv%3D1775575197&feedId=89138&k=0c39713bb8e269ac124d44c759d0408e8c0c0b47,GBP,,,https://natural-baby-2.myshopify.com/products/cybex-priam-ultimate-birth-beyond-bundle-style-collection?variant=56169199796603,,,GBP2234.60,89138,Cybex,1,https://cdn.shopify.com/s/files/1/0690/1977/files/cybex-priam-lifestyle.jpg?v=1775575215,https://cdn.shopify.com/s/files/1/0690/1977/files/cybex-priam-folding-carrycot-flat-2.jpg?v=1782366436,,,https://cdn.shopify.com/s/files/1/0690/1977/files/cybex-priam-ultimate-birth-beyond-bundle-style-collection-cozy-beige-chrome-brown-flat.jpg?v=1774394801,Travel Bundle
https://www.awin1.com/pclick.php?p=44323814840&a=2771700&m=64830,CYBEX PRIAM Fold Cot Newborn to Toddler Travel System Bundle - Style - Coconut Brown / Rose Gold,44323814840,52197-85304-CB-RG-WB-UBBB-S,https://cdn.shopify.com/s/files/1/0690/1977/files/cybex-priam-ultimate-birth-beyond-bundle-style-collection-cozy-beige-rose-gold-flat.jpg?v=1775575197,"Everything you need, from those very first cuddles to confident toddler adventures. The CYBEX Priam Ultimate Birth & Beyond Bundle – Style is a beautifully curated travel solution designed to support your family every step of the way. At its heart is the iconic Priam pushchair, combining luxurious design with smooth, all-terrain comfort and effortless functionality. Paired with the Fold Carry Cot, your newborn is cocooned in a spacious, breathable sleep environment - perfect for peaceful naps on the go. For every journey beyond the pram, the award-winning Cloud T i-Size car seat offers a lie-flat position for ergonomic comfort, while the Sirona T i-Size ensures continued safety and support as your child grows. With seamless transitions from car to stroller, thoughtful accessories included, and premium finishes throughout, this bundle brings together style, safety, and everyday ease in one complete package. Designed to grow with your child from birth to around 4 years, it’s a long-lasting, beautifully coordinated solution for modern family life - so you can focus on the moments that matter most.",Travel Systems,2284.6,Natural Baby Shower Ltd,64830,Baby Products,599,https://images2.productserve.com/?w=200&h=200&bg=white&trim=5&t=letterbox&url=ssl%3Acdn.shopify.com%2Fs%2Ffiles%2F1%2F0690%2F1977%2Ffiles%2Fcybex-priam-ultimate-birth-beyond-bundle-style-collection-cozy-beige-rose-gold-flat.jpg%3Fv%3D1775575197&feedId=89138&k=0c39713bb8e269ac124d44c759d0408e8c0c0b47,GBP,,,https://natural-baby-2.myshopify.com/products/cybex-priam-ultimate-birth-beyond-bundle-style-collection?variant=56169199862139,,,GBP2284.60,89138,Cybex,1,https://cdn.shopify.com/s/files/1/0690/1977/files/cybex-priam-lifestyle.jpg?v=1775575215,https://cdn.shopify.com/s/files/1/0690/1977/files/cybex-priam-folding-carrycot-flat-2.jpg?v=1782366436,,,https://cdn.shopify.com/s/files/1/0690/1977/files/cybex-priam-ultimate-birth-beyond-bundle-style-collection-cozy-beige-chrome-brown-flat.jpg?v=1774394801,Travel Bundle
https://www.awin1.com/pclick.php?p=40979529748&a=2771700&m=64830,Stokke® Sleepi™ Bed Fitted Sheet - Flower Ecru Osc,40979529748,50376-33061,https://cdn.shopify.com/s/files/1/0690/1977/files/stokke-sleepi-fitted-sheets-flowers-ecru-flat_efad7154-13fe-40a4-b2e6-ee9fd134ae15.jpg?v=1776382519,"The Stokke Sleepi Bed Fitted Sheet in Flower Ecru Osc is a soft and breathable cotton sheet, gentle on delicate skin and offering ultimate comfort for peaceful nights. With elastic all the way around, it provides a secure, snug fit, ensuring a safe and restful sleep for your baby. Available in a range of playful colours, it's easy to find the perfect match for your nursery décor. Crafted with quality and safety in mind, the Stokke® Sleepi™ Bed Fitted Sheet is Oeko-Tex® Standard 100, Class 1 approved, meaning it’s free from harmful substances and made with the latest research in baby-safe materials. For dreamy nights and cosy naps, this fitted sheet is the perfect finishing touch for your baby's Stokke® Sleepi™ Bed.",Bed Sheets,34,Natural Baby Shower Ltd,64830,Baby Products,599,https://images2.productserve.com/?w=200&h=200&bg=white&trim=5&t=letterbox&url=ssl%3Acdn.shopify.com%2Fs%2Ffiles%2F1%2F0690%2F1977%2Ffiles%2Fstokke-sleepi-fitted-sheets-flowers-ecru-flat_efad7154-13fe-40a4-b2e6-ee9fd134ae15.jpg%3Fv%3D1776382519&feedId=89138&k=bc88fb9ebc15a26c6cfe35dea15f822c7eb485b7,GBP,,,https://natural-baby-2.myshopify.com/products/stokke-sleppi-bed-fitted-sheet-flower-ecru-osc?variant=54982241419643,,,GBP34.00,89138,Stokke,1,https://cdn.shopify.com/s/files/1/0690/1977/files/stokke-sleepi-fitted-sheets-flowers-ecru-flat-3.jpg?v=1776336765,https://cdn.shopify.com/s/files/1/0690/1977/files/stokke-sleepi-fitted-sheets-flowers-ecru-flat-2.jpg?v=1776336765,,,,Bedding & Sheets
https://www.awin1.com/pclick.php?p=39698162236&a=2771700&m=64830,Mushie Silicone Bib - Cherries,39698162236,49838-78530,https://cdn.shopify.com/s/files/1/0690/1977/files/mushie-silicone-cherries-flat.jpg?v=1730895446,"The Mushie Silicone Bib in Cherries will keep your little one comfortable and clean. With colourful, timeless patterns, the Silicone Bibs are practical and fun, and they feature rounded, built-in neck fasteners for a snug and comfy fit.",Bibs,13.94,Natural Baby Shower Ltd,64830,Children's Accessories,539,https://images2.productserve.com/?w=200&h=200&bg=white&trim=5&t=letterbox&url=ssl%3Acdn.shopify.com%2Fs%2Ffiles%2F1%2F0690%2F1977%2Ffiles%2Fmushie-silicone-cherries-flat.jpg%3Fv%3D1730895446&feedId=89138&k=17c7bc6ac45c2cf5f6271bef79df10a167d5a767,GBP,,,https://natural-baby-2.myshopify.com/products/mushie-silicone-bib-cherries?variant=41902123286606,,,GBP13.94,89138,Mushie,1,https://cdn.shopify.com/s/files/1/0690/1977/files/mushie-silicone-pink-flowers-lifestyle.jpg?v=1730895386,https://cdn.shopify.com/s/files/1/0690/1977/files/mushie-silicone-cherries-flat-2.jpg?v=1730895450,,,https://cdn.shopify.com/s/files/1/0690/1977/files/mushie-silicone-bib-graphic.jpg?v=1730895394,Bibs
https://www.awin1.com/pclick.php?p=36496683370&a=2771700&m=64830,Charlie Crane KUMI Crib Fitted Sheet - White,36496683370,38848-WHT,https://cdn.shopify.com/s/files/1/0690/1977/files/charlie-crane-kumi-crib-fitted-sheet-white-flat.jpg?v=1778598396,The Charlie Crane KUMI Crib Fitted Sheet in White is designed to pop over your KUMI crib mattress (sold separately). This super-soft fitted sheet will keep your little one comfy whilst protecting the mattress.,Bed Sheets,25,Natural Baby Shower Ltd,64830,Baby Products,599,https://images2.productserve.com/?w=200&h=200&bg=white&trim=5&t=letterbox&url=ssl%3Acdn.shopify.com%2Fs%2Ffiles%2F1%2F0690%2F1977%2Ffiles%2Fcharlie-crane-kumi-crib-fitted-sheet-white-flat.jpg%3Fv%3D1778598396&feedId=89138&k=9084167710e1756122b367e5f00392b4041b03e9,GBP,,,https://natural-baby-2.myshopify.com/products/charlie-crane-kumi-crib-fitted-sheet-white?variant=39443124879438,,,GBP25.00,89138,Charlie Crane,1,https://cdn.shopify.com/s/files/1/0690/1977/files/charlie-crane-kumi-crib-fitted-sheet-white-flat-2.jpg?v=1778626980,,,,,Bedding & Sheets
https://www.awin1.com/pclick.php?p=36496686709&a=2771700&m=64830,Mushie Silicone Bib - Blush,36496686709,43923-BLS,https://cdn.shopify.com/s/files/1/0690/1977/products/mushie-silicone-baby-bib-blush.jpg?v=1699417567,"The Mushie Silicone Baby Bib in Blush is perfect for keeping your little one feeling comfy and clean at mealtimes. Made from food-grade silicone, the bib is 100% BPA and phthalate-free and features rounded, built-in neck fasteners for a snug and comfy fit. The deep front pocket is perfect for catching food while keeping your little one and surrounding area clean, making this bib the perfect mealtime companion.",Bibs,13.49,Natural Baby Shower Ltd,64830,Children's Accessories,539,https://images2.productserve.com/?w=200&h=200&bg=white&trim=5&t=letterbox&url=ssl%3Acdn.shopify.com%2Fs%2Ffiles%2F1%2F0690%2F1977%2Fproducts%2Fmushie-silicone-baby-bib-blush.jpg%3Fv%3D1699417567&feedId=89138&k=0d34405db77f79e81026dfe7556b3ddb6c2d85a5,GBP,,,https://natural-baby-2.myshopify.com/products/mushie-silicone-baby-bib-blush?variant=39430246531150,,,GBP13.49,89138,Mushie,1,https://cdn.shopify.com/s/files/1/0690/1977/products/mushie-silicone-baby-bib-lifestyle-2.jpg?v=1699417568,https://cdn.shopify.com/s/files/1/0690/1977/products/mushie-silicone-baby-bib-lifestyle.jpg?v=1699417570,,,,Bibs
https://www.awin1.com/pclick.php?p=37679426855&a=2771700&m=64830,MiniMeis G5 Shoulder Carrier - Olive Premium,37679426855,48981-00541,https://cdn.shopify.com/s/files/1/0690/1977/files/minimeis-g5-carrier-olive-green-flat-4.jpg?v=1770162350,"Give your little one the ultimate front-row seat to life with the MiniMeis G5 Shoulder Carrier. Perfect from 6 months to 4 years old (up to 18kg), this award-winning carrier lifts kids up for the best view while keeping them safe and comfortable. Lightweight, foldable, and crafted from recycled ocean bottles, it’s a stylish and eco-friendly solution for families on the move. The G5’s ergonomic design evenly distributes weight, while padded seats, leg straps, and an optional shoulder strap ensure happy kids and relaxed parents. Pair it with the HERO Backpack (sold separately) for an effortless, hands-free adventure anywhere.",Baby Carriers,219,Natural Baby Shower Ltd,64830,Children's Accessories,539,https://images2.productserve.com/?w=200&h=200&bg=white&trim=5&t=letterbox&url=ssl%3Acdn.shopify.com%2Fs%2Ffiles%2F1%2F0690%2F1977%2Ffiles%2Fminimeis-g5-carrier-olive-green-flat-4.jpg%3Fv%3D1770162350&feedId=89138&k=ced26dda336e91e78ac729f16dfa7477adc4f319,GBP,,,https://natural-baby-2.myshopify.com/products/minimeis-g5-shoulder-carrier-olive-premium?variant=41012649295950,,,GBP219.00,89138,MiniMeis,1,https://cdn.shopify.com/s/files/1/0690/1977/files/minimeis-g5-carrier-olive-green-lifestyle.jpg?v=1770162352,https://cdn.shopify.com/s/files/1/0690/1977/files/minimeis-g5-carrier-olive-green-lifestyle-5.jpg?v=1770162352,,,https://cdn.shopify.com/s/files/1/0690/1977/files/minimeis-g5-carrier-olive-green-lifestyle-4.jpg?v=1770162354,Baby Carrier & Sling
https://www.awin1.com/pclick.php?p=36496688693&a=2771700&m=64830,Obaby Maya Changing Unit - Slate + Natural,36496688693,45005-SN,https://cdn.shopify.com/s/files/1/0690/1977/products/obaby-maya-changing-unit-slate-natural.jpg?v=1699439554,"The Obaby Maya Changing Unit in Slate + Natural is inspired by a Scandinavian design, featuring a clean-cut finish and two-tone colourway, making it the perfect addition to a modern and stylish nursery. The Maya changing unit is the perfect storage companion, featuring three 34L capacity drawers with recessed handles, enabling you to easily put away and quickly locate your little one’s belongings. Once the changing area is no longer required it can be removed to create a stylish chest of drawers that can be used for years to come.",Changing Tables,216,Natural Baby Shower Ltd,64830,Baby Products,599,https://images2.productserve.com/?w=200&h=200&bg=white&trim=5&t=letterbox&url=ssl%3Acdn.shopify.com%2Fs%2Ffiles%2F1%2F0690%2F1977%2Fproducts%2Fobaby-maya-changing-unit-slate-natural.jpg%3Fv%3D1699439554&feedId=89138&k=7aa2e28a39441c8c188cc7bba4d5ef24c6f91b98,GBP,,,https://natural-baby-2.myshopify.com/products/obaby-maya-changing-unit-slate-natural?variant=39748782456910,,,GBP216.00,89138,OBaby,1,https://cdn.shopify.com/s/files/1/0690/1977/products/obaby-maya-changing-unit-slate-natural-lifestyle.jpg?v=1699439555,https://cdn.shopify.com/s/files/1/0690/1977/products/obaby-maya-changing-unit-slate-natural-2.jpg?v=1699439557,,,https://cdn.shopify.com/s/files/1/0690/1977/products/obaby-maya-changing-unit-slate-natural-3.jpg?v=1699439558,Nursery Furniture Piece
https://www.awin1.com/pclick.php?p=42237434000&a=2771700&m=64830,Jollein Puffed Stroller Organizer - Biscuit,42237434000,51176-81186,https://cdn.shopify.com/s/files/1/0690/1977/files/jollein-puffed-stroller-organiser-biscuit-flat.jpg?v=1756350980,"The Jollein Puffed Stroller Organizer is the perfect blend of style and practicality for life on the go. With its soft, on-trend puffed design and warm Biscuit tone, it keeps all your essentials neatly within reach while adding a chic touch to your buggy. Inside, you’ll find Jollein’s signature dotted lining, two elasticated compartments for bottles or snacks, plus handy exterior pockets for quick-grab items. The adjustable strap makes it simple to attach to your stroller or carry with you, so you can stay organised wherever the day takes you.","Handbags, Wallets & Cases",41.95,Natural Baby Shower Ltd,64830,Bags,595,https://images2.productserve.com/?w=200&h=200&bg=white&trim=5&t=letterbox&url=ssl%3Acdn.shopify.com%2Fs%2Ffiles%2F1%2F0690%2F1977%2Ffiles%2Fjollein-puffed-stroller-organiser-biscuit-flat.jpg%3Fv%3D1756350980&feedId=89138&k=0839b1d61a8074d05517eddb1f41545b0ba76a4e,GBP,,,https://natural-baby-2.myshopify.com/products/jollein-puffed-stroller-organizer-biscuit?variant=55672639750523,,,GBP41.95,89138,Jollein,1,https://cdn.shopify.com/s/files/1/0690/1977/files/jollein-puffed-stroller-organiser-biscuit-lifestylejpg-3.jpg?v=1756307403,https://cdn.shopify.com/s/files/1/0690/1977/files/jollein-puffed-stroller-organiser-biscuit-lifestylejpg.jpg?v=1756350982,,,https://cdn.shopify.com/s/files/1/0690/1977/files/jollein-puffed-stroller-organiser-biscuit-lifestylejpg-4.jpg?v=1756350982,Pushchair Organiser
https://www.awin1.com/pclick.php?p=42237433970&a=2771700&m=64830,Jollein Puffed Stroller Organizer - Olive Green,42237433970,51176-81193,https://cdn.shopify.com/s/files/1/0690/1977/files/jollein-puffed-stroller-organiser-olive-green-flat.jpg?v=1756351021,"The Jollein Puffed Stroller Organizer is the perfect blend of style and practicality for life on the go. With its soft, on-trend puffed design and Olive Green tone, it keeps all your essentials neatly within reach while adding a chic touch to your buggy. Inside, you’ll find Jollein’s signature dotted lining, two elasticated compartments for bottles or snacks, plus handy exterior pockets for quick-grab items. The adjustable strap makes it simple to attach to your stroller or carry with you, so you can stay organised wherever the day takes you.","Handbags, Wallets & Cases",41.95,Natural Baby Shower Ltd,64830,Bags,595,https://images2.productserve.com/?w=200&h=200&bg=white&trim=5&t=letterbox&url=ssl%3Acdn.shopify.com%2Fs%2Ffiles%2F1%2F0690%2F1977%2Ffiles%2Fjollein-puffed-stroller-organiser-olive-green-flat.jpg%3Fv%3D1756351021&feedId=89138&k=fd5e3e5cb3eb87657499e087d434d49be98e6cf1,GBP,,,https://natural-baby-2.myshopify.com/products/jollein-puffed-stroller-organizer-olive-green?variant=55672640078203,,,GBP41.95,89138,Jollein,1,https://cdn.shopify.com/s/files/1/0690/1977/files/jollein-puffed-stroller-organiser-olive-green-lifestyle-2.jpg?v=1756351020,https://cdn.shopify.com/s/files/1/0690/1977/files/jollein-puffed-stroller-organiser-olive-green-lifestyle.jpg?v=1756351021,,,https://cdn.shopify.com/s/files/1/0690/1977/files/jollein-puffed-stroller-organiser-olive-green-lifestyle-3.jpg?v=1756351022,Pushchair Organiser
https://www.awin1.com/pclick.php?p=37012736208&a=2771700&m=64830,Nanit Sheet - White,37012736208,48463-51892,https://cdn.shopify.com/s/files/1/0690/1977/files/nanit-sheet-flat.jpg?v=1703895467,The Nanit Sheet in White will allows you to watch your baby grow in real time by pairing Nanit Smart Sheets with the Nanit Pro Camera. Place your baby on the sheet and the Nanit Baby automatically reads the custom-designed pattern to estimate the baby’s measurements allowing you to track your baby’s growth easily and accurately with the Nanits app.,Bed Sheets,29.74,Natural Baby Shower Ltd,64830,Baby Products,599,https://images2.productserve.com/?w=200&h=200&bg=white&trim=5&t=letterbox&url=ssl%3Acdn.shopify.com%2Fs%2Ffiles%2F1%2F0690%2F1977%2Ffiles%2Fnanit-sheet-flat.jpg%3Fv%3D1703895467&feedId=89138&k=66c904c81b70756cefc10eb8bfb127f075471ed9,GBP,,,https://natural-baby-2.myshopify.com/products/nanit-sheet-white?variant=40441700352078,,,GBP29.74,89138,Nanit,1,https://cdn.shopify.com/s/files/1/0690/1977/files/nanit-sheet-lifestyle-4.jpg?v=1703921005,https://cdn.shopify.com/s/files/1/0690/1977/files/nanit-sheet-lifestyle.jpg?v=1703921009,,,https://cdn.shopify.com/s/files/1/0690/1977/files/nanit-sheet-lifestyle-2.jpg?v=1703921013,Bedding & Sheets
https://www.awin1.com/pclick.php?p=44120072236&a=2771700&m=64830,Bugaboo Organizer - Fern Green,44120072236,51890-80348,https://cdn.shopify.com/s/files/1/0690/1977/files/ugaboo-organiser-fern-green-flat.jpg?v=1771489137,"The Bugaboo Organizer is perfect for parents who love to keep their essentials close at hand. Thoughtfully designed with plenty of handy pockets, it makes staying organised effortless. It’s super easy to attach and remove thanks to the sturdy Velcro tabs, so you can pop it on your pushchair in seconds. Not just a pushchair organiser, it also transforms into a stylish and compact tote bag - simply grab and go when you’re heading out without the pushchair. Elevated in Earth-inspired tones for effortless styling, the Bugaboo Organizer is designed to last and keep up with everyday adventures. Practical, versatile, and beautifully designed, it’s a must-have for parents on the move.","Handbags, Wallets & Cases",54.95,Natural Baby Shower Ltd,64830,Bags,595,https://images2.productserve.com/?w=200&h=200&bg=white&trim=5&t=letterbox&url=ssl%3Acdn.shopify.com%2Fs%2Ffiles%2F1%2F0690%2F1977%2Ffiles%2Fugaboo-organiser-fern-green-flat.jpg%3Fv%3D1771489137&feedId=89138&k=61e7cab2c3bbfb8329ca023e74bf1e09dffcc171,GBP,,,https://natural-baby-2.myshopify.com/products/bugaboo-organizer-fern-green?variant=56019804094843,,,GBP54.95,89138,Bugaboo,1,https://cdn.shopify.com/s/files/1/0690/1977/files/ugaboo-organiser-fern-green-flat-2.jpg?v=1771544984,https://cdn.shopify.com/s/files/1/0690/1977/files/ugaboo-organiser-fern-green-flat-3.jpg?v=1771489138,,,,Pushchair Organiser
https://www.awin1.com/pclick.php?p=45395426983&a=2771700&m=64830,UPPAbaby VISTA V3 Pushchair + Accessory Pack Bundle - Ada,45395426983,52295-18475-AP-BUNDLE,https://cdn.shopify.com/s/files/1/0690/1977/files/uppababy-vista-v3-pushchair-accessory-pack-bundle-ada-flat.jpg?v=1785368127,"Meet the UPPAbaby VISTA V3, now beautifully paired with the UPPAbaby Accessory Pack - a complete pushchair solution designed to grow with your family, from the very first days and well beyond. Exceptionally versatile, the VISTA V3 adapts effortlessly from newborn to toddler and beyond, offering smooth manoeuvrability and premium comfort at every stage. The included Carrycot provides a safe, breathable space for newborn naps on the go and is approved for overnight sleep, making it perfect for both strolls and rest at home. As your child grows, the All-Weather Comfort Toddler Seat offers both parent- and forward-facing positions, with a multi-position recline and seasonal seat liners that adapt to changing temperatures. UPF 50+ extendable canopies with ventilation panels help shield little ones from sun, wind and rain, while ensuring fresh air flows freely. The included UPPAbaby Accessory Pack adds thoughtful comfort for every season. The CozyGanoosh Footmuff keeps your child snug during colder months, the CozyHandmuffs ensure warm hands for parents, the Changing Backpack keeps essentials organised on or off the stroller, and the Cup Holder keeps drinks close at hand. Built for confidence on any terrain, the VISTA V3 features enhanced FlexRide suspension, never-flat tyres and dual-spring technology for a smooth, stable ride - whether strolling with one child or expanding to accommodate siblings. A generous under-seat basket, one-step fold and easy one-handed adjustments make everyday outings feel effortless. From newborn naps to busy family adventures, this beautifully considered bundle offers comfort, flexibility and timeless design - supporting your family through every season and stage.",Baby Strollers,1199.99,Natural Baby Shower Ltd,64830,Baby Products,599,https://images2.productserve.com/?w=200&h=200&bg=white&trim=5&t=letterbox&url=ssl%3Acdn.shopify.com%2Fs%2Ffiles%2F1%2F0690%2F1977%2Ffiles%2Fuppababy-vista-v3-pushchair-accessory-pack-bundle-ada-flat.jpg%3Fv%3D1785368127&feedId=89138&k=860bdce689841e1a74d1d06dc53fbeaefdf06669,GBP,,,https://natural-baby-2.myshopify.com/products/uppababy-vista-v3-pushchair-accessory-pack-bundle?variant=56355210723707,,,GBP1199.99,89138,Uppababy,1,https://cdn.shopify.com/s/files/1/0690/1977/files/uppababy-vista-v3-pushchair-accessory-pack-bundle-james-flat.jpg?v=1785320289,https://cdn.shopify.com/s/files/1/0690/1977/files/uppababy-vista-accessory-pack-evelyn-flat.jpg?v=1768518705,,,https://cdn.shopify.com/s/files/1/0690/1977/files/uppababy-vista-accessory-pack-owen-flat.jpg?v=1768518704,Pram & Pushchair
https://www.awin1.com/pclick.php?p=38426795017&a=2771700&m=64830,Joolz Organiser - Forest Green,38426795017,49422-92224,https://cdn.shopify.com/s/files/1/0690/1977/files/joolz-organser-forest-green-flat-2.jpg?v=1720601817,"The Joolz Organiser in Forest Green is the definition of practicality, without sacrificing style. With its sleek and chic design, this handy accessory offers a convenient solution for travelling light. A perfect alternative to large changing bags where literally everything gets lost. Thanks to the multiple pockets and compartments, you’re able to keep a bottle, nappies, snacks and wipes close wherever you go. Plus, a front pocket ensures your personal items stay safe and secure.","Handbags, Wallets & Cases",49.95,Natural Baby Shower Ltd,64830,Bags,595,https://images2.productserve.com/?w=200&h=200&bg=white&trim=5&t=letterbox&url=ssl%3Acdn.shopify.com%2Fs%2Ffiles%2F1%2F0690%2F1977%2Ffiles%2Fjoolz-organser-forest-green-flat-2.jpg%3Fv%3D1720601817&feedId=89138&k=e0e15568c68a87413b3ec5a2d460c1b309f37634,GBP,,,https://natural-baby-2.myshopify.com/products/joolz-organiser-forest-green?variant=41620445462606,,,GBP49.95,89138,Joolz,1,https://cdn.shopify.com/s/files/1/0690/1977/files/joolz-organser-forest-green-flat.jpg?v=1720652704,https://cdn.shopify.com/s/files/1/0690/1977/files/joolz-organser-forest-green-lifestyle.jpg?v=1720652707,,,https://cdn.shopify.com/s/files/1/0690/1977/files/joolz-organser-flat_9e1e10b8-3452-46af-8f93-9ab1c0026d1b.jpg?v=1720601817,Pushchair Organiser
https://www.awin1.com/pclick.php?p=41726001889&a=2771700&m=64830,Stokke YOYO3 Stroller from 6 Months | BABYZEN - Zebra - Black,41726001889,55570222678395B,https://cdn.shopify.com/s/files/1/0690/1977/files/stokke-yoyo-6months-flat-zebra.jpg?v=1775123558,"The Stokke YOYO³ stroller from 6 months combines city-ready convenience with trusted quality. From 6 months to toddler, and from birth with the Stokke newborn pack (sold separately), it’s ultra-lightweight, compact, and easy to fold for life on the go. Originally known as the BABYZEN YOYO, this stroller now carries the Stokke name, giving families a trusted, reliable choice for everyday adventures. With a smooth ride, ventilated seat, extended canopy, and 10kg under-seat basket, the YOYO³ is perfect for navigating city streets, public transport, or travel worldwide. Not only is the YOYO³ built to last, it grows right alongside your little one. With a single frame, you can easily switch from the newborn setup to the 6+ colour pack - keeping things simple, practical, and sustainable.",Baby Strollers,299,Natural Baby Shower Ltd,64830,Baby Products,599,https://images2.productserve.com/?w=200&h=200&bg=white&trim=5&t=letterbox&url=ssl%3Acdn.shopify.com%2Fs%2Ffiles%2F1%2F0690%2F1977%2Ffiles%2Fstokke-yoyo-6months-flat-zebra.jpg%3Fv%3D1775123558&feedId=89138&k=b07d563a9443450f2e185243a1729452cf5b87bb,GBP,,,https://natural-baby-2.myshopify.com/products/stokke-yoyo3-stroller-from-6-months?variant=55570222678395,,,GBP299.00,89138,Stokke,1,https://cdn.shopify.com/s/files/1/0690/1977/files/stokke-yoyo-black-lifestyle-3.jpg?v=1777507802,https://cdn.shopify.com/s/files/1/0690/1977/files/stokke-yoyo-black-lifestyle.jpg?v=1777507803,,,https://cdn.shopify.com/s/files/1/0690/1977/files/stokke-yoyo-black-lifestyle-2.jpg?v=1777507804,Lightweight Stroller
https://www.awin1.com/pclick.php?p=41726001890&a=2771700&m=64830,Stokke YOYO3 Stroller from 6 Months | BABYZEN - Zebra - White,41726001890,55570222711163B,https://cdn.shopify.com/s/files/1/0690/1977/files/stokke-yoyo-6months-flat-zebra-2.jpg?v=1775123558,"The Stokke YOYO³ stroller from 6 months combines city-ready convenience with trusted quality. From 6 months to toddler, and from birth with the Stokke newborn pack (sold separately), it’s ultra-lightweight, compact, and easy to fold for life on the go. Originally known as the BABYZEN YOYO, this stroller now carries the Stokke name, giving families a trusted, reliable choice for everyday adventures. With a smooth ride, ventilated seat, extended canopy, and 10kg under-seat basket, the YOYO³ is perfect for navigating city streets, public transport, or travel worldwide. Not only is the YOYO³ built to last, it grows right alongside your little one. With a single frame, you can easily switch from the newborn setup to the 6+ colour pack - keeping things simple, practical, and sustainable.",Baby Strollers,299,Natural Baby Shower Ltd,64830,Baby Products,599,https://images2.productserve.com/?w=200&h=200&bg=white&trim=5&t=letterbox&url=ssl%3Acdn.shopify.com%2Fs%2Ffiles%2F1%2F0690%2F1977%2Ffiles%2Fstokke-yoyo-6months-flat-zebra-2.jpg%3Fv%3D1775123558&feedId=89138&k=e073c71c52a830467ff23fac7ae73088b698b582,GBP,,,https://natural-baby-2.myshopify.com/products/stokke-yoyo3-stroller-from-6-months?variant=55570222711163,,,GBP299.00,89138,Stokke,1,https://cdn.shopify.com/s/files/1/0690/1977/files/stokke-yoyo-black-lifestyle-3.jpg?v=1777507802,https://cdn.shopify.com/s/files/1/0690/1977/files/stokke-yoyo-black-lifestyle.jpg?v=1777507803,,,https://cdn.shopify.com/s/files/1/0690/1977/files/stokke-yoyo-black-lifestyle-2.jpg?v=1777507804,Lightweight Stroller
https://www.awin1.com/pclick.php?p=41382327713&a=2771700&m=64830,Bugaboo Butterfly 2 Complete Compact Stroller - Heritage Black - With Bumper Bar,41382327713,50561-38042-WB,https://cdn.shopify.com/s/files/1/0690/1977/files/bugaboo-butterfly-bumper-bar-variant-flat-3.jpg?v=1773746302,"The Bugaboo Butterfly 2 Complete Compact Stroller is here to simplify your adventures, no matter how near or far. Designed with both baby and parent in mind, this ultra-compact stroller brings comfort, convenience, and style together. With a one-second fold, this lightweight stroller makes traveling a breeze, whether it's a stroll around the park or a family vacation. The spacious ergonomic seat offers ultimate comfort, with the flexibility of a fully reclined or fully upright position to suit your little one's needs. Plus, the larger wheels and full suspension ensure a smooth ride on all surfaces, while the spacious underseat basket and additional storage keep your essentials within easy reach. Beyond its thoughtful design, the Bugaboo Butterfly 2 is built with sustainability in mind, made with durable bio-based materials and recycled aluminium, reducing its CO2 footprint by 37% compared to its predecessor. Travel with peace of mind knowing your stroller is tested beyond industry standards for safety and durability. The Bugaboo Butterfly 2 will be right there with you, every step of the way.",Baby Strollers,410.95,Natural Baby Shower Ltd,64830,Baby Products,599,https://images2.productserve.com/?w=200&h=200&bg=white&trim=5&t=letterbox&url=ssl%3Acdn.shopify.com%2Fs%2Ffiles%2F1%2F0690%2F1977%2Ffiles%2Fbugaboo-butterfly-bumper-bar-variant-flat-3.jpg%3Fv%3D1773746302&feedId=89138&k=d3a9640cd2b2bdc0801a7ca700e2b219b10b5a05,GBP,,,https://natural-baby-2.myshopify.com/products/bugaboo-butterfly-2-complete-compact-stroller-heritage-black?variant=55444592918907,,,GBP410.95,89138,Bugaboo,1,https://cdn.shopify.com/s/files/1/0690/1977/files/bugaboo-butterfly-2-lifestyle-4.jpg?v=1773746329,https://cdn.shopify.com/s/files/1/0690/1977/files/bugaboo-butterfly-2-lifestyle-9.jpg?v=1773746329,,,https://cdn.shopify.com/s/files/1/0690/1977/files/22daff35-d302-44bb-b6bc-cbeb59fae5a7.jpg?v=1783703877,Lightweight Stroller
https://www.awin1.com/pclick.php?p=41382327721&a=2771700&m=64830,Bugaboo Butterfly 2 Complete Compact Stroller - Forest Green - With Bumper Bar,41382327721,50561-38045-WB,https://cdn.shopify.com/s/files/1/0690/1977/files/bugaboo-butterfly-bumper-bar-variant-flat-2.jpg?v=1773746312,"The Bugaboo Butterfly 2 Complete Compact Stroller is here to simplify your adventures, no matter how near or far. Designed with both baby and parent in mind, this ultra-compact stroller brings comfort, convenience, and style together. With a one-second fold, this lightweight stroller makes traveling a breeze, whether it's a stroll around the park or a family vacation. The spacious ergonomic seat offers ultimate comfort, with the flexibility of a fully reclined or fully upright position to suit your little one's needs. Plus, the larger wheels and full suspension ensure a smooth ride on all surfaces, while the spacious underseat basket and additional storage keep your essentials within easy reach. Beyond its thoughtful design, the Bugaboo Butterfly 2 is built with sustainability in mind, made with durable bio-based materials and recycled aluminium, reducing its CO2 footprint by 37% compared to its predecessor. Travel with peace of mind knowing your stroller is tested beyond industry standards for safety and durability. The Bugaboo Butterfly 2 will be right there with you, every step of the way.",Baby Strollers,405.95,Natural Baby Shower Ltd,64830,Baby Products,599,https://images2.productserve.com/?w=200&h=200&bg=white&trim=5&t=letterbox&url=ssl%3Acdn.shopify.com%2Fs%2Ffiles%2F1%2F0690%2F1977%2Ffiles%2Fbugaboo-butterfly-bumper-bar-variant-flat-2.jpg%3Fv%3D1773746312&feedId=89138&k=80ea479f959f66475a513a4a67450022cf842930,GBP,,,https://natural-baby-2.myshopify.com/products/bugaboo-butterfly-2-complete-compact-stroller-forest-green?variant=55444586496379,,,GBP405.95,89138,Bugaboo,1,https://cdn.shopify.com/s/files/1/0690/1977/files/bugaboo-butterfly-2-lifestyle-12.jpg?v=1773746329,https://cdn.shopify.com/s/files/1/0690/1977/files/bugaboo-butterfly-2-lifestyle-10.jpg?v=1773746329,,,https://cdn.shopify.com/s/files/1/0690/1977/files/22daff35-d302-44bb-b6bc-cbeb59fae5a7.jpg?v=1783703877,Lightweight Stroller
https://www.awin1.com/pclick.php?p=42052800967&a=2771700&m=64830,Joolz Perfect Fitted Sheet  - Milky Beige,42052800967,51052-98356,https://cdn.shopify.com/s/files/1/0690/1977/files/joolz-perfect-fitted-sheet-mily-beige-flat-2.jpg?v=1753231060,"Wrap your little one in gentle comfort with the Joolz Perfect Fitted Sheet, made from 100% organic & Fairtrade cotton for a safer, softer sleep. Designed to hug your Joolz cot mattress just right, it creates a cosy, breathable sleep space for your baby, wherever the day takes you. From dreamy naps to quiet strolls, this beautifully made sheet keeps your baby’s comfort and your peace of mind at heart.",Bed Sheets,14.95,Natural Baby Shower Ltd,64830,Baby Products,599,https://images2.productserve.com/?w=200&h=200&bg=white&trim=5&t=letterbox&url=ssl%3Acdn.shopify.com%2Fs%2Ffiles%2F1%2F0690%2F1977%2Ffiles%2Fjoolz-perfect-fitted-sheet-mily-beige-flat-2.jpg%3Fv%3D1753231060&feedId=89138&k=8a9402358f96838db0707e7d393b93d7573159a9,GBP,,,https://natural-baby-2.myshopify.com/products/joolz-perfect-fitted-sheet-milky-beige?variant=55616585630075,,,GBP14.95,89138,Joolz,1,https://cdn.shopify.com/s/files/1/0690/1977/files/joolz-perfect-fitted-sheet-mily-beige-flat.jpg?v=1753183194,,,,,Bedding & Sheets
https://www.awin1.com/pclick.php?p=39028143182&a=2771700&m=64830,ergoPouch Organic All Year Cocoon Swaddle Sleeping Bag - Sage - 1.0 TOG - 0-3m,39028143182,43019-SGE-0-3m,https://cdn.shopify.com/s/files/1/0690/1977/products/ergopouch-ergococoon-1-0-tog-sage.jpg?v=1699399660,"Designed for safe, simple sleep from birth, the ergoPouch Cocoon Swaddle Bag is a beautifully soft, zip-up swaddle that supports your newborn through those early months. With a gentle, stretchy fabric that mimics the feeling of the womb, it helps settle your baby and support their natural startle reflex for more peaceful sleep. The clever all-in-one design allows for arms-in, arms-out, or hands-up sleeping, making it easy to adapt as your baby grows and their sleep needs change. The 1.0 TOG rating makes it a versatile year-round option, offering just the right level of warmth in a wide range of room temperatures. Crafted from a blend of organic cotton and bamboo viscose, it’s naturally breathable, soft against delicate skin, and designed with comfort and safety in mind.",Baby & Children's Sleepwear,27.16,Natural Baby Shower Ltd,64830,,,https://images2.productserve.com/?w=200&h=200&bg=white&trim=5&t=letterbox&url=ssl%3Acdn.shopify.com%2Fs%2Ffiles%2F1%2F0690%2F1977%2Fproducts%2Fergopouch-ergococoon-1-0-tog-sage.jpg%3Fv%3D1699399660&feedId=89138&k=ed817ba89e39d96c963017f9145a898cc245a453,GBP,,,https://natural-baby-2.myshopify.com/products/ergopouch-cocoon-swaddle-bag-sage-1-0-tog?variant=32710213107790,,,GBP27.16,89138,ergoPouch,1,https://cdn.shopify.com/s/files/1/0690/1977/files/ergopouch-ergococoon-2-5-tog-sage-lifestyle-2.jpg?v=1778165280,https://cdn.shopify.com/s/files/1/0690/1977/files/ergopouch-ergococoon-2-5-tog-sage-lifestyle.jpg?v=1778165281,,,https://cdn.shopify.com/s/files/1/0690/1977/files/ergopouch-organic-winter-sleeping-bag-.3.5-3.jpg?v=1778161357,Swaddles
https://www.awin1.com/pclick.php?p=36496681892&a=2771700&m=64830,BeSafe Car Seat Protector,36496681892,43400,https://cdn.shopify.com/s/files/1/0690/1977/products/besafe-car-seat-protector.jpg?v=1699407107,"The BeSafe Car Seat Protector is flexible and crash-tested, it protects your vehicle seats from dirt and crumbs - it can be used for child seats with or without ISOfix.",Car Seat Protectors,30,Natural Baby Shower Ltd,64830,,,https://images2.productserve.com/?w=200&h=200&bg=white&trim=5&t=letterbox&url=ssl%3Acdn.shopify.com%2Fs%2Ffiles%2F1%2F0690%2F1977%2Fproducts%2Fbesafe-car-seat-protector.jpg%3Fv%3D1699407107&feedId=89138&k=c047c76a9b0f93d34ef791ac6e925d5923f11036,GBP,,,https://natural-baby-2.myshopify.com/products/besafe-car-seat-protector?variant=39260766601294,,,GBP30.00,89138,BeSafe,1,https://cdn.shopify.com/s/files/1/0690/1977/files/besafe-car-seat-protector-lifestyle-2.jpg?v=1699407109,https://cdn.shopify.com/s/files/1/0690/1977/products/besafe-car-seat-protector-1.jpg?v=1699407110,,,https://cdn.shopify.com/s/files/1/0690/1977/files/besafe-car-seat-protector-lifestyle.jpg?v=1699407112,Car Seat Protector
https://www.awin1.com/pclick.php?p=36496690022&a=2771700&m=64830,BabyBjorn Travel Cot Light Organic Cotton Fitted Sheet - White,36496690022,43679-CTN-WHT,https://cdn.shopify.com/s/files/1/0690/1977/products/babybjorn-travel-cot-light-organic-cotton-fitted-sheet-white.jpg?v=1699411553,The BabyBjorn Travel Cot Light Organic Cotton Fitted Sheet in White is specially designed to fit the mattress of the BabyBjorn Travel Cot. The sheet is easy to put on and its elasticated edges keep it smooth and hold it in place.,Bed Sheets,28.9,Natural Baby Shower Ltd,64830,Baby Products,599,https://images2.productserve.com/?w=200&h=200&bg=white&trim=5&t=letterbox&url=ssl%3Acdn.shopify.com%2Fs%2Ffiles%2F1%2F0690%2F1977%2Fproducts%2Fbabybjorn-travel-cot-light-organic-cotton-fitted-sheet-white.jpg%3Fv%3D1699411553&feedId=89138&k=16cb5d73f598a609d8a599301c914eb674db0418,GBP,,,https://natural-baby-2.myshopify.com/products/babybjorn-travel-cot-light-organic-cotton-fitted-sheet-white?variant=39326149902414,,,GBP28.90,89138,BabyBjörn,1,https://cdn.shopify.com/s/files/1/0690/1977/products/babybjorn-travel-cot-light-organic-cotton-fitted-sheet-white-lifestyle.jpg?v=1699411554,,,,,Bedding & Sheets
https://www.awin1.com/pclick.php?p=36496680628&a=2771700&m=64830,Elodie Details Portable Changing Pad - Blue Garden,36496680628,47484-18762,https://cdn.shopify.com/s/files/1/0690/1977/files/elodie-details-portable-changing-pad-blue-garden-flat.jpg?v=1699490621,"The Elodie Details Portable Changing Pad in Blue Garden is designed to make your life easier when you find yourself on-the-go but your baby needs a nappy change. Easy to use and easy to clean thanks to the super soft washable terrycloth that can simply be removed and fastened to the cover with popper buttons. The spacious pocket on the front allows you to carry everything you need for a quick nappy change, wherever you are. Made of 100% polyester, the Portable Changing Pad comes in different colours and prints, that you can match with our Elodie Details Changing Bags, or simply carry it by the wrist, thanks to the branded side band.",Changing Mats & Trays,39.9,Natural Baby Shower Ltd,64830,Baby Products,599,https://images2.productserve.com/?w=200&h=200&bg=white&trim=5&t=letterbox&url=ssl%3Acdn.shopify.com%2Fs%2Ffiles%2F1%2F0690%2F1977%2Ffiles%2Felodie-details-portable-changing-pad-blue-garden-flat.jpg%3Fv%3D1699490621&feedId=89138&k=2e1e5ec14d191b3cb87fe98f10c9a9223e4a0e10,GBP,,,https://natural-baby-2.myshopify.com/products/elodie-details-portable-changing-pad-blue-garden?variant=40257377337422,,,GBP39.90,89138,Elodie Details,1,https://cdn.shopify.com/s/files/1/0690/1977/files/elodie-details-portable-changing-pad-blue-garden-lifestyle.jpg?v=1699490623,,,,,Portable Changing Mat
https://www.awin1.com/pclick.php?p=40356782977&a=2771700&m=64830,Bugaboo Organizer - Moon Grey,40356782977,50310-50948,https://cdn.shopify.com/s/files/1/0690/1977/files/bugaboo-organiser-moon-grey-flat-2.jpg?v=1739264443,"The Bugaboo Organizer is perfect for parents who love to keep their essentials close at hand. Thoughtfully designed with plenty of handy pockets, it makes staying organised effortless. It’s super easy to attach and remove thanks to the sturdy Velcro tabs, so you can pop it on your pushchair in seconds. Not just a pushchair organiser, it also transforms into a stylish and compact tote bag - simply grab and go when you’re heading out without the pushchair. Elevated in Earth-inspired tones for effortless styling, the Bugaboo Organizer is designed to last and keep up with everyday adventures. Practical, versatile, and beautifully designed, it’s a must-have for parents on the move.","Handbags, Wallets & Cases",54.95,Natural Baby Shower Ltd,64830,Bags,595,https://images2.productserve.com/?w=200&h=200&bg=white&trim=5&t=letterbox&url=ssl%3Acdn.shopify.com%2Fs%2Ffiles%2F1%2F0690%2F1977%2Ffiles%2Fbugaboo-organiser-moon-grey-flat-2.jpg%3Fv%3D1739264443&feedId=89138&k=5143c08ed36e07d3f51061a62396921608f45643,GBP,,,https://natural-baby-2.myshopify.com/products/bugaboo-organizer-moon-grey?variant=54938062258555,,,GBP54.95,89138,Bugaboo,1,https://cdn.shopify.com/s/files/1/0690/1977/files/bugaboo-organiser-moon-grey-flat-3.jpg?v=1739264443,https://cdn.shopify.com/s/files/1/0690/1977/files/bugaboo-organiser-moon-grey-flat.jpg?v=1739264443,,,,Pushchair Organiser
https://www.awin1.com/pclick.php?p=40854078390&a=2771700&m=64830,Babymoov Nutribaby Glass Baby Food Maker - Green,40854078390,50410-89614,https://cdn.shopify.com/s/files/1/0690/1977/files/babymoov-nutribaby-glass-baby-food-maker-green-flat-11.jpg?v=1739408013,"The Babymoov Nutribaby Glass Baby Food Maker in Green is the ultimate baby food maker for parents who want to prepare nutrient-rich, homemade meals with ease. Designed with sustainability and efficiency in mind, this 4-in-1 kitchen essential steams, blends, defrosts, and reheats, making mealtime simpler while preserving the goodness in every ingredient. Made with durable glass and a stainless steel steaming basket, this thoughtfully designed food maker ensures healthy meal preparation while retaining natural flavours and essential nutrients. The programmable control panel allows precise cooking times, giving you full control over meal consistency and texture. In just 12 minutes, you can steam 300g of cubed potatoes, helping you prepare fresh and wholesome meals in record time. With a large 1.9L capacity (1.3L cooking unit + 650ml blending unit), you can easily batch-cook up to six 120ml jars in one go—perfect for busy days. Plus, the ability to cook and blend separately at the same time makes meal prep even more efficient. From fruits and vegetables to meats, fish, eggs, cereals, and grains, the Nutribaby Glass handles it all, while the cooking juice collector ensures no nutrients are lost, allowing you to adjust the texture of purees and soups effortlessly. Practical and easy to clean, all removable parts (except the electrical components) are dishwasher safe, making post-meal clean-up a breeze. Its sleek, neutral green-grey design blends beautifully into any kitchen, offering a stylish yet functional addition to your home. Built to last, the Nutribaby Glass comes with a lifetime warranty when registered within two months of purchase, giving you peace of mind that this kitchen essential will support your baby’s weaning journey and beyond.",Food Mixers & Blenders,175,Natural Baby Shower Ltd,64830,Other Appliances,404,https://images2.productserve.com/?w=200&h=200&bg=white&trim=5&t=letterbox&url=ssl%3Acdn.shopify.com%2Fs%2Ffiles%2F1%2F0690%2F1977%2Ffiles%2Fbabymoov-nutribaby-glass-baby-food-maker-green-flat-11.jpg%3Fv%3D1739408013&feedId=89138&k=a7265d3ab1e70c8bcff60b996b717b91178dd7eb,GBP,,,https://natural-baby-2.myshopify.com/products/babymoov-nutribaby-glass-baby-food-maker-green?variant=55008686965115,,,GBP175.00,89138,babymoov,1,https://cdn.shopify.com/s/files/1/0690/1977/files/babymoov-nutribaby-glass-baby-food-maker-green-flat-11_c34e4a78-eae8-400e-ab52-4bc29a1a1233.jpg?v=1753229849,https://cdn.shopify.com/s/files/1/0690/1977/files/babymoov-nutribaby-glass-baby-food-maker-green-flat-5.jpg?v=1753193537,,,https://cdn.shopify.com/s/files/1/0690/1977/files/babymoov-nutribaby-glass-baby-food-maker-green-flat-4.jpg?v=1753193537,Formula Prep Machine
https://www.awin1.com/pclick.php?p=40536621812&a=2771700&m=64830,Obaby Orla Changing Unit - White,40536621812,50433-19637,https://cdn.shopify.com/s/files/1/0690/1977/files/obaby-orla-changing-unit-white-flat-7.jpg?v=1740024370,"Thoughtfully designed to blend timeless style with everyday practicality, the Obaby Orla Changing Unit makes those special parenting moments a little easier. With its classic Shaker-style design, soft cotton white finish, and natural wood details, it brings a sense of calm and charm to your nursery. Three extra-wide drawers provide generous storage for all your daily essentials, from nappies and wipes to tiny outfits and muslins—helping to keep everything neatly organised and within easy reach for those busy mornings and sleepy late-night changes. The natural wood handles add a warm, elegant touch, perfectly complementing the Orla Cot Bed and Wardrobe. The changing top features a built-in divider, ensuring wipes, creams, and other essentials are always close at hand—so you can focus on your little one without the need for last-minute searching. As your baby grows, the removable changing top allows this piece to seamlessly transition into a beautiful, stand-alone chest of drawers—perfect for any room in your home. More than just a changing unit, the Orla Changing Unit is a lasting companion designed to grow with your family, offering style, functionality, and elegance through every stage of childhood.",Changing Tables,288,Natural Baby Shower Ltd,64830,Baby Products,599,https://images2.productserve.com/?w=200&h=200&bg=white&trim=5&t=letterbox&url=ssl%3Acdn.shopify.com%2Fs%2Ffiles%2F1%2F0690%2F1977%2Ffiles%2Fobaby-orla-changing-unit-white-flat-7.jpg%3Fv%3D1740024370&feedId=89138&k=321fa29652369dc1bea15c8dc0401e3da5cefd1d,GBP,,,https://natural-baby-2.myshopify.com/products/obaby-orla-changing-unit-white?variant=55053797163387,,,GBP288.00,89138,OBaby,1,https://cdn.shopify.com/s/files/1/0690/1977/files/obaby-orla-changing-unit-white-lifestyle-2.jpg?v=1740024372,https://cdn.shopify.com/s/files/1/0690/1977/files/obaby-orla-changing-unit-white-lifestyle.jpg?v=1740024374,,,https://cdn.shopify.com/s/files/1/0690/1977/files/obaby-orla-changing-unit-white-lifestyle-3.jpg?v=1740024375,Nursery Furniture Piece
https://www.awin1.com/pclick.php?p=45482612885&a=2771700&m=64830,UPPAbaby RIDGE V2 Pushchair - Evelyn - With Carrycot and Adapters,45482612885,52205-19779-WC-WA,https://cdn.shopify.com/s/files/1/0690/1977/files/uppbabay-ridge-v2-evelyn-bassinet-flat.jpg?v=1785922733,"Built for families who love to get out and go, the UPPAbaby RIDGE V2 is a true all-terrain pushchair designed to make every journey feel smooth, supported and effortlessly comfortable. From everyday strolls to weekend adventures, its patented suspension system and never-flat tyres ensure a beautifully steady ride across pavements, park paths and more rugged ground. Wherever life takes you, RIDGE V2 is ready to follow. Thoughtfully designed for both parent and child, it features a supportive deep seat with lumbar cushioning, adjustable ventilation, and a UPF 50+ canopy to keep little ones comfortable in every season. With clever storage throughout, including a generous under-seat basket and handy pockets, everything you need stays close to hand. Practicality is at its heart too. The one-hand fold makes packing up simple, while the responsive disc brake and swivel-lock front wheel give you complete confidence and control on every terrain. From birth to toddlerhood, RIDGE V2 grows with your family. Use it with a UPPAbaby Bassinet or compatible infant car seat from day one, then adapt it as your child grows - even accommodating a second rider with the PiggyBack® Board. Whether you're navigating busy streets or exploring off the beaten track, the RIDGE V2 is designed to keep up with every step of your journey together.",Baby Strollers,979.89,Natural Baby Shower Ltd,64830,Baby Products,599,https://images2.productserve.com/?w=200&h=200&bg=white&trim=5&t=letterbox&url=ssl%3Acdn.shopify.com%2Fs%2Ffiles%2F1%2F0690%2F1977%2Ffiles%2Fuppbabay-ridge-v2-evelyn-bassinet-flat.jpg%3Fv%3D1785922733&feedId=89138&k=abc0890a639c98ce28ec3660f426e91c27660f43,GBP,,,https://natural-baby-2.myshopify.com/products/uppababy-ridge-v2-pushchair-evelyn?variant=56366282015099,,,GBP979.89,89138,Uppababy,1,https://cdn.shopify.com/s/files/1/0690/1977/files/uppababy-ridge-v2-evelyn-lifestyle-2.jpg?v=1776345043,https://cdn.shopify.com/s/files/1/0690/1977/files/uppababy-ridge-v2-evelyn-lifestyle-3.jpg?v=1776345043,,,https://cdn.shopify.com/s/files/1/0690/1977/files/uppababy-ridge-v2-evelyn-lifestyle.jpg?v=1776345043,Pram & Pushchair
https://www.awin1.com/pclick.php?p=45284177017&a=2771700&m=64830,Ergobaby Omni Lite Mesh Carrier - Pearl Grey - Pearl Grey,45284177017,52606-60837,https://cdn.shopify.com/s/files/1/0690/1977/files/ergobaby-omni-lite-pearl-grey-flat-2.jpg?v=1783409105,"A simple, inward-facing, newborn-ready carrier designed for baby's first 24 months, with patented, industry-leading ergonomic support for effortless everyday babywearing. Supports baby's development with an adjustable bucket seat for healthy positioning and close carry, plus a patented back panel that adapts through baby’s changing stages. Supports comfortable wear for parents through even weight distribution and lumbar support, intuitive Cross-Back (X) straps for ease of use, and quick on/off adjustments for daily convenience. Certified as Hip Healthy by the IHDI and compatible with accessories.",Baby Carriers,129.9,Natural Baby Shower Ltd,64830,Children's Accessories,539,https://images2.productserve.com/?w=200&h=200&bg=white&trim=5&t=letterbox&url=ssl%3Acdn.shopify.com%2Fs%2Ffiles%2F1%2F0690%2F1977%2Ffiles%2Fergobaby-omni-lite-pearl-grey-flat-2.jpg%3Fv%3D1783409105&feedId=89138&k=357e45f72c3a653e7a5111a6b7d9eb5f2f39bceb,GBP,,,https://natural-baby-2.myshopify.com/products/ergobaby-omni-lite-mesh-carrier-pearl-grey?variant=56317793730939,,,GBP129.90,89138,Ergobaby,1,https://cdn.shopify.com/s/files/1/0690/1977/files/ergobaby-omni-lite-pearl-grey-flat.jpg?v=1783409105,https://cdn.shopify.com/s/files/1/0690/1977/files/ergobaby-omni-lite-pearl-grey-lifestyle-3.jpg?v=1783466701,,,https://cdn.shopify.com/s/files/1/0690/1977/files/ergobaby-omni-lite-pearl-grey-lifestyle-6.jpg?v=1783466697,Baby Carrier & Sling
https://www.awin1.com/pclick.php?p=36496688666&a=2771700&m=64830,The Little Green Sheep Natural Junior Mattress - IKEA 90x200cm,36496688666,8837,https://cdn.shopify.com/s/files/1/0690/1977/files/The-Little-Green-Sheep-Natural-Junior-Mattress-Flat-1.jpg?v=1784244243,"The Little Green Sheep Natural Junior Mattress IKEA 90x200cm has been beautifully crafted using natural ingredients and is free from any harmful toxins and chemicals, giving you peace of mind that your little one is sleeping in a pure and natural environment. A layer of natural latex acts as a layer of memory foam and works with the coconut coir core to provide the correct progressive support for your little one as they grow. (Just make sure to place the mattress label side up when you receive it). The mattress core is created from thousands of coconut fibres blended together with natural latex to act as thousands of tiny springs, providing support and reducing pressure points which commonly occur with sprung type mattresses that can dip when being used for such a length of time. On the inside of the cover there is an added layer of wool which brings an abundance of benefits to your little sleeper. It's naturally hypo-allergenic and temperature regulating with excellent breathability. It’s also a natural defence against dust mites and a natural fire retardant, meaning that this mattress passes the UK and European Fire Regulation Tests without the need for any chemical fire retardant sprays. Holding all these layers together is a luxury Herringbone cotton cover that helps aid the breathability of the mattress and is super soft for baby’s delicate skin, so they can sleep comfortably time and time again.",Mattresses,314.5,Natural Baby Shower Ltd,64830,Mattresses,453,https://images2.productserve.com/?w=200&h=200&bg=white&trim=5&t=letterbox&url=ssl%3Acdn.shopify.com%2Fs%2Ffiles%2F1%2F0690%2F1977%2Ffiles%2FThe-Little-Green-Sheep-Natural-Junior-Mattress-Flat-1.jpg%3Fv%3D1784244243&feedId=89138&k=432253216ed5c482afe10a8a268cbc1508a3e585,GBP,,,https://natural-baby-2.myshopify.com/products/the-little-green-sheep-natural-junior-mattress-90x200cm?variant=1098672411,,,GBP314.50,89138,The Little Green Sheep,1,https://cdn.shopify.com/s/files/1/0690/1977/files/The-Little-Green-Sheep-Natural-Junior-Mattress-Lifestyle-Hero.jpg?v=1784244243,https://cdn.shopify.com/s/files/1/0690/1977/files/The-Little-Green-Sheep-Natural-Junior-Mattress-Lifestyle-3.jpg?v=1784244245,,,https://cdn.shopify.com/s/files/1/0690/1977/files/The-Little-Green-Sheep-Natural-Junior-Mattress-Lifestyle-2.jpg?v=1784244245,Cot Mattress
https://www.awin1.com/pclick.php?p=42468560469&a=2771700&m=64830,BabyBjorn Bouncer Bliss - 3D Jersey - Charcoal Grey - Googly Eyes B+W,42468560469,38161-3DJ-CG-GBW,https://cdn.shopify.com/s/files/1/0690/1977/files/babybjorn-baby-bouncer-3d-jersey-grey-toy-bars-flat-4.jpg?v=1770904288,"The BabyBjorn Bouncer Bliss in Charcoal Grey 3D Jersey is a cosy space for your baby to play and rest in. When baby kicks their legs or waves their arms, the baby bouncer rocks gently. Playing in the baby bouncer also helps your baby develop their motor skills and balance. It can be used from newborn and up to the age of 2 years. Ergonomic design: The baby bouncer gives good support to your baby’s back, neck and head. The fitted fabric seat distributes your baby’s weight evenly, which is particularly important for newborn babies. Bouncer (max. 9 kg): Always use the restraint system. Make sure that both buttons are locked. You can adjust between two positions. Stop using the product as a bouncer once your child can sit up without help. Chair (max. 13 kg): Use as chair when your child can walk and sit on his or her own. In order to convert the product into a chair, all you have to do is turn the fabric around.",Baby Bouncers,215.73,Natural Baby Shower Ltd,64830,,,https://images2.productserve.com/?w=200&h=200&bg=white&trim=5&t=letterbox&url=ssl%3Acdn.shopify.com%2Fs%2Ffiles%2F1%2F0690%2F1977%2Ffiles%2Fbabybjorn-baby-bouncer-3d-jersey-grey-toy-bars-flat-4.jpg%3Fv%3D1770904288&feedId=89138&k=5832e71a2bb83597bdad7bf7ab7f2f2eb4967475,GBP,,,https://natural-baby-2.myshopify.com/products/babybjorn-bouncer-bliss-3d-jersey-charcoal-grey?variant=55749824217467,,,GBP215.73,89138,BabyBjörn,1,https://cdn.shopify.com/s/files/1/0690/1977/products/babybjorn-bouncer-bliss-3d-jersey-charcoal-grey-lifestyle-4.jpg?v=1770904288,https://cdn.shopify.com/s/files/1/0690/1977/products/babybjorn-bouncer-bliss-3d-jersey-charcoal-grey-lifestyle.jpg?v=1770904288,,,https://cdn.shopify.com/s/files/1/0690/1977/products/babybjorn-bouncer-bliss-3d-jersey-charcoal-grey-lifestyle-2.jpg?v=1770904288,Baby Rocker & Bouncer
https://www.awin1.com/pclick.php?p=42468560471&a=2771700&m=64830,BabyBjorn Bouncer Bliss - 3D Jersey - Charcoal Grey - Googly Eyes Pastel,42468560471,38161-3DJ-CG-GP,https://cdn.shopify.com/s/files/1/0690/1977/files/babybjorn-baby-bouncer-3d-jersey-grey-toy-bars-flat-3.jpg?v=1770904288,"The BabyBjorn Bouncer Bliss in Charcoal Grey 3D Jersey is a cosy space for your baby to play and rest in. When baby kicks their legs or waves their arms, the baby bouncer rocks gently. Playing in the baby bouncer also helps your baby develop their motor skills and balance. It can be used from newborn and up to the age of 2 years. Ergonomic design: The baby bouncer gives good support to your baby’s back, neck and head. The fitted fabric seat distributes your baby’s weight evenly, which is particularly important for newborn babies. Bouncer (max. 9 kg): Always use the restraint system. Make sure that both buttons are locked. You can adjust between two positions. Stop using the product as a bouncer once your child can sit up without help. Chair (max. 13 kg): Use as chair when your child can walk and sit on his or her own. In order to convert the product into a chair, all you have to do is turn the fabric around.",Baby Bouncers,215.73,Natural Baby Shower Ltd,64830,,,https://images2.productserve.com/?w=200&h=200&bg=white&trim=5&t=letterbox&url=ssl%3Acdn.shopify.com%2Fs%2Ffiles%2F1%2F0690%2F1977%2Ffiles%2Fbabybjorn-baby-bouncer-3d-jersey-grey-toy-bars-flat-3.jpg%3Fv%3D1770904288&feedId=89138&k=aeb6d5eb2e5274fffa95b8b7a1241b6f9c6c0567,GBP,,,https://natural-baby-2.myshopify.com/products/babybjorn-bouncer-bliss-3d-jersey-charcoal-grey?variant=55749824283003,,,GBP215.73,89138,BabyBjörn,1,https://cdn.shopify.com/s/files/1/0690/1977/products/babybjorn-bouncer-bliss-3d-jersey-charcoal-grey-lifestyle-4.jpg?v=1770904288,https://cdn.shopify.com/s/files/1/0690/1977/products/babybjorn-bouncer-bliss-3d-jersey-charcoal-grey-lifestyle.jpg?v=1770904288,,,https://cdn.shopify.com/s/files/1/0690/1977/products/babybjorn-bouncer-bliss-3d-jersey-charcoal-grey-lifestyle-2.jpg?v=1770904288,Baby Rocker & Bouncer
https://www.awin1.com/pclick.php?p=44242017808&a=2771700&m=64830,Mountain Buggy Duet V4 Pushchair Heritage Collection - Matcha,44242017808,51908-81991,https://cdn.shopify.com/s/files/1/0690/1977/files/mountain-buggy-duet-v4-pushchair-heritage-collection-matcha-flat.jpg?v=1770251867,"The Mountain Buggy Duet V4 Pushchair Heritage Collection is the ultimate all-terrain companion for growing families. Perfect for siblings or twins, this compact side-by-side buggy combines smooth manoeuvrability with luxurious comfort, keeping your little ones secure and snug on every adventure. Thoughtfully designed from newborn through toddler years, duet™ offers lie-flat and inclined positions for babies, recline options for older children, and breathable, sun-protective canopies. With its premium fabrics, vegan leather accents, and air-filled tyres, every outing becomes effortless, stylish, and safe.",Baby Strollers,699,Natural Baby Shower Ltd,64830,Baby Products,599,https://images2.productserve.com/?w=200&h=200&bg=white&trim=5&t=letterbox&url=ssl%3Acdn.shopify.com%2Fs%2Ffiles%2F1%2F0690%2F1977%2Ffiles%2Fmountain-buggy-duet-v4-pushchair-heritage-collection-matcha-flat.jpg%3Fv%3D1770251867&feedId=89138&k=1afc1dd98dd0e22ae60e8a6c3d9dd40488c212e3,GBP,,,https://natural-baby-2.myshopify.com/products/mountain-buggy-duet-v4-pushchair-heritage-collection-matcha?variant=56028754510203,,,GBP699.00,89138,Mountain Buggy,1,https://cdn.shopify.com/s/files/1/0690/1977/files/mountain-buggy-duet-v4-pushchair-heritage-collection-lifestyle-3.jpg?v=1770251862,https://cdn.shopify.com/s/files/1/0690/1977/files/mountain-buggy-duet-v4-pushchair-heritage-collection-lifestyle.jpg?v=1770251860,,,https://cdn.shopify.com/s/files/1/0690/1977/files/mountain-buggy-duet-v4-pushchair-heritage-collection-lifestyle-9.jpg?v=1770251866,Pram & Pushchair
https://www.awin1.com/pclick.php?p=44102359697&a=2771700&m=64830,Axkid Car Seat Protector: Classic Rear-Facing - Black,44102359697,51965-71525,https://cdn.shopify.com/s/files/1/0690/1977/files/axkid-car-seat-protector-classic-rear-facing-black-flat.jpg?v=1769735660,"Keep your car protected without compromising on safety with the Axkid Car Seat Protector: Classic Rear-Facing. Thoughtfully designed for everyday family life, this crash-tested seat protector helps shield your car upholstery from dirt, spills and scuffs while supporting correct car seat installation. More than just a protective layer, the Classic Rear-Facing Seat Protector has been crash tested to ensure it stays securely in place during sudden stops or collisions - giving you extra peace of mind on every journey. Its simple, no-fuss design makes installation quick and easy, whether your car seat uses ISOFIX or not. Built with anti-slip technology and a helpful leg space indicator, it’s made to stay put and work seamlessly with your rear-facing setup. Durable, dependable and designed to last, it’s a smart essential for families who are always on the go.",Car Seat Protectors,27.5,Natural Baby Shower Ltd,64830,,,https://images2.productserve.com/?w=200&h=200&bg=white&trim=5&t=letterbox&url=ssl%3Acdn.shopify.com%2Fs%2Ffiles%2F1%2F0690%2F1977%2Ffiles%2Faxkid-car-seat-protector-classic-rear-facing-black-flat.jpg%3Fv%3D1769735660&feedId=89138&k=05f9e2d292f1c555651ecfbc4c74c6e15c4d1ed1,GBP,,,https://natural-baby-2.myshopify.com/products/axkid-car-seat-protector-classic-rear-facing-black?variant=56031961678203,,,GBP27.50,89138,Axkid,1,,,,,,Car Seat Protector
https://www.awin1.com/pclick.php?p=42555168210&a=2771700&m=64830,Mushie Long Sleeve Bib - Cherries - 0m+,42555168210,51186-03327,https://cdn.shopify.com/s/files/1/0690/1977/files/mushie-long-sleeve-bibs-cherries-flat.jpg?v=1756865530,"Whether it’s mealtimes, messy play, or painting masterpieces, the Mushie Long Sleeve Bib has your little one covered, literally. Designed for babies from 6 to 24 months, this water-resistant bib offers full outfit protection with soft, comfy sleeves and a secure Velcro neck closure. A wide front pocket catches crumbs and spills, while the wipeable, machine-washable material makes clean-up beautifully simple. Thoughtfully made for busy days and growing explorers.",Bibs,12.59,Natural Baby Shower Ltd,64830,Children's Accessories,539,https://images2.productserve.com/?w=200&h=200&bg=white&trim=5&t=letterbox&url=ssl%3Acdn.shopify.com%2Fs%2Ffiles%2F1%2F0690%2F1977%2Ffiles%2Fmushie-long-sleeve-bibs-cherries-flat.jpg%3Fv%3D1756865530&feedId=89138&k=837d4a0cc69af26a392aae5774fba159b05895f1,GBP,,,https://natural-baby-2.myshopify.com/products/mushie-long-sleeve-bib-cherries?variant=55678706123131,,,GBP12.59,89138,Mushie,1,https://cdn.shopify.com/s/files/1/0690/1977/files/mushie-long-sleeve-bibs-cherries-lifestye-3.jpg?v=1756865531,https://cdn.shopify.com/s/files/1/0690/1977/files/mushie-long-sleeve-bibs-cherries-lifestye.jpg?v=1756865533,,,https://cdn.shopify.com/s/files/1/0690/1977/files/mushie-long-sleeve-bibs-cherries-lifestye-2.jpg?v=1756865534,Bibs
https://www.awin1.com/pclick.php?p=43020445969&a=2771700&m=64830,Ergobaby Omni Classic Carrier - Mesh - Charcoal Grey,43020445969,51341-60370,https://cdn.shopify.com/s/files/1/0690/1977/files/ergobaby-omni-classic-mesh-charcoal-grey-flat-1.jpg?v=1781775685,"A four-position, newborn-ready carrier designed for baby's first 48 months, with patented, industry-leading ergonomic support for everyday comfort and versatility.",Baby Carriers,147,Natural Baby Shower Ltd,64830,Children's Accessories,539,https://images2.productserve.com/?w=200&h=200&bg=white&trim=5&t=letterbox&url=ssl%3Acdn.shopify.com%2Fs%2Ffiles%2F1%2F0690%2F1977%2Ffiles%2Fergobaby-omni-classic-mesh-charcoal-grey-flat-1.jpg%3Fv%3D1781775685&feedId=89138&k=6797788348b5bae9879c0d644a00fba2317754fa,GBP,,,https://natural-baby-2.myshopify.com/products/ergobaby-omni-classic-mesh-baby-carrier-charcoal-grey?variant=55831351198075,,,GBP147.00,89138,Ergobaby,1,https://cdn.shopify.com/s/files/1/0690/1977/files/ergobaby-omni-classic-mesh-baby-carrier-graphite-grey-flat.jpg?v=1778582267,https://cdn.shopify.com/s/files/1/0690/1977/files/ergobaby-omni-classic-mesh-baby-carrier-graphite-grey-lifestyle-3.jpg?v=1778629183,,,https://cdn.shopify.com/s/files/1/0690/1977/files/ergobaby-omni-classic-mesh-baby-carrier-graphite-grey-lifestyle-7.jpg?v=1778629180,Baby Carrier & Sling
https://www.awin1.com/pclick.php?p=44254847118&a=2771700&m=64830,Lassig Beach Poncho - Ice Cream,44254847118,51325-65701,https://cdn.shopify.com/s/files/1/0690/1977/files/lassig-beach-poncho-ice-cream-flat.jpg?v=1773879161,"Bring a little slice of summer magic to your little one’s beach adventures with the LÄSSIG Beach Poncho – Ice Cream. Soft, cosy, and sun-safe, this hooded poncho wraps your toddler in comfort after a splash in the sea or a day by the pool. With its playful Ice Cream design, it’s perfect for sunny days filled with laughter, sandcastles, and tiny footprints on the shore. Made from recycled materials, it’s gentle on both your baby and the planet - because caring for your little one also means caring for their world.",Bath Towels & Washcloths,25.87,Natural Baby Shower Ltd,64830,Baby Products,599,https://images2.productserve.com/?w=200&h=200&bg=white&trim=5&t=letterbox&url=ssl%3Acdn.shopify.com%2Fs%2Ffiles%2F1%2F0690%2F1977%2Ffiles%2Flassig-beach-poncho-ice-cream-flat.jpg%3Fv%3D1773879161&feedId=89138&k=e361d9ba07dc4a86bfe480d6d657c67b5857262f,GBP,,,https://natural-baby-2.myshopify.com/products/lassig-beach-poncho-ice-cream?variant=55818817831291,,,GBP25.87,89138,Lassig,1,https://cdn.shopify.com/s/files/1/0690/1977/files/lassig-beach-poncho-ice-cream-lifestyle.jpg?v=1773879158,,,,,Baby Towels
https://www.awin1.com/pclick.php?p=36496693188&a=2771700&m=64830,Ergobaby Embrace Carrier - Pure Black,36496693188,40474-PB,https://cdn.shopify.com/s/files/1/0690/1977/files/ergobaby-embrace-black-flat-2.jpg?v=1778060507,"Awarded ""The Best Baby Carrier for Newborns"" by the NY Times Wirecutter. A simple, two-position, soft and cosy newborn-ready carrier designed for baby's first 12 months with patented, industry-leading ergonomic support.",Baby Carriers,99.9,Natural Baby Shower Ltd,64830,Children's Accessories,539,https://images2.productserve.com/?w=200&h=200&bg=white&trim=5&t=letterbox&url=ssl%3Acdn.shopify.com%2Fs%2Ffiles%2F1%2F0690%2F1977%2Ffiles%2Fergobaby-embrace-black-flat-2.jpg%3Fv%3D1778060507&feedId=89138&k=e1b0f09144591768e9b99661a21d97f46635bf7c,GBP,,,https://natural-baby-2.myshopify.com/products/ergobaby-embrace-baby-carrier-pure-black?variant=30265104236622,,,GBP99.90,89138,Ergobaby,1,https://cdn.shopify.com/s/files/1/0690/1977/files/ergobaby-embrace-black-flat.jpg?v=1778060507,https://cdn.shopify.com/s/files/1/0690/1977/files/ergobaby-embrace-black-lifestyle-5.jpg?v=1778147001,,,https://cdn.shopify.com/s/files/1/0690/1977/files/ergobaby-embrace-infographics-black-lifestyle-5.jpg?v=1778147002,Baby Carrier & Sling
https://www.awin1.com/pclick.php?p=36496688955&a=2771700&m=64830,Ergobaby Embrace Carrier - Cream,36496688955,40474-CRM,https://cdn.shopify.com/s/files/1/0690/1977/files/ergobaby-embrace-cream-flat-1.jpg?v=1781822219,"Awarded ""The Best Baby Carrier for Newborns"" by the NY Times Wirecutter. A simple, two-position, soft and cosy newborn-ready carrier designed for baby's first 12 months with patented, industry-leading ergonomic support.",Baby Carriers,99.9,Natural Baby Shower Ltd,64830,Children's Accessories,539,https://images2.productserve.com/?w=200&h=200&bg=white&trim=5&t=letterbox&url=ssl%3Acdn.shopify.com%2Fs%2Ffiles%2F1%2F0690%2F1977%2Ffiles%2Fergobaby-embrace-cream-flat-1.jpg%3Fv%3D1781822219&feedId=89138&k=e8f25fd84ceb52d7eebaded7f03092ab85062052,GBP,,,https://natural-baby-2.myshopify.com/products/ergobaby-embrace-baby-carrier-cream?variant=39283772325966,,,GBP99.90,89138,Ergobaby,1,https://cdn.shopify.com/s/files/1/0690/1977/files/ergobaby-embrace-cream-flat.jpg?v=1778149883,https://cdn.shopify.com/s/files/1/0690/1977/files/ergobaby-embrace-cream-lifestyle-award.jpg?v=1781822220,,,https://cdn.shopify.com/s/files/1/0690/1977/files/ergobaby-embrace-infographics-cream-lifestyle-5.jpg?v=1778149885,Baby Carrier & Sling
https://www.awin1.com/pclick.php?p=42330271730&a=2771700&m=64830,Elodie Details Portable Changing Pad - Blushing Pink,42330271730,47484-19806,https://cdn.shopify.com/s/files/1/0690/1977/files/elodie-details-portable-changing-pad-blushing-pink-flat.jpg?v=1699490624,"The Elodie Details Portable Changing Pad in Blushing Pink is designed to make your life easier when you find yourself on-the-go but your baby needs a nappy change. Easy to use and easy to clean thanks to the super soft washable terrycloth that can simply be removed and fastened to the cover with popper buttons. The spacious pocket on the front allows you to carry everything you need for a quick nappy change, wherever you are. Made of 100% polyester, the Portable Changing Pad comes in different colours and prints, that you can match with our Elodie Details Changing Bags, or simply carry it by the wrist, thanks to the branded side band.",Changing Mats & Trays,39.95,Natural Baby Shower Ltd,64830,Baby Products,599,https://images2.productserve.com/?w=200&h=200&bg=white&trim=5&t=letterbox&url=ssl%3Acdn.shopify.com%2Fs%2Ffiles%2F1%2F0690%2F1977%2Ffiles%2Felodie-details-portable-changing-pad-blushing-pink-flat.jpg%3Fv%3D1699490624&feedId=89138&k=3eb419eb7e0da0855ac076803bdce947b81a006d,GBP,,,https://natural-baby-2.myshopify.com/products/elodie-details-portable-changing-pad-blushing-pink?variant=40257377304654,,,GBP39.95,89138,Elodie Details,1,https://cdn.shopify.com/s/files/1/0690/1977/files/elodie-details-portable-changing-pad-blushing-pink-flat-2.jpg?v=1699490626,https://cdn.shopify.com/s/files/1/0690/1977/files/elodie-details-portable-changing-pad-blushing-pink-lifestyle.jpg?v=1699490627,,,,Portable Changing Mat
https://www.awin1.com/pclick.php?p=37041546488&a=2771700&m=64830,HALO BassiNest Fitted Cotton Sheet - White,37041546488,42549-WHT,https://cdn.shopify.com/s/files/1/0690/1977/products/halo-bassinest-fitted-cotton-sheet-white.jpg?v=1699392434,"The HALO BassiNest Fitted Cotton Sheet in White is designed to cover the uniquely shaped HALO BassiNest mattress. The sheet perfectly fits the hourglass-shaped mattress and features an envelope design for a secure fit. Plus, it’s made from 100% certified organically-grown cotton that is free of dyes, softeners and finishes. The Lullaby Trust HALO is a proud partner of The Lullaby Trust, an organisation that provides emotional support for bereaved families, promotes expert advice on safer baby sleep and raises awareness of sudden infant death.",Bed Sheets,16.5,Natural Baby Shower Ltd,64830,Baby Products,599,https://images2.productserve.com/?w=200&h=200&bg=white&trim=5&t=letterbox&url=ssl%3Acdn.shopify.com%2Fs%2Ffiles%2F1%2F0690%2F1977%2Fproducts%2Fhalo-bassinest-fitted-cotton-sheet-white.jpg%3Fv%3D1699392434&feedId=89138&k=299e172d1113027add456f7e6670a436dc42ae67,GBP,,,https://natural-baby-2.myshopify.com/products/halo-bassinest-fitted-cotton-sheet-white?variant=32593092902990,,,GBP16.50,89138,Halo,1,https://cdn.shopify.com/s/files/1/0690/1977/products/halo-bassinest-fitted-cotton-sheet-white-lifestyle.jpg?v=1699392435,https://cdn.shopify.com/s/files/1/0690/1977/products/halo-bassinest-fitted-cotton-sheet-white-2.jpg?v=1699392436,,,https://cdn.shopify.com/s/files/1/0690/1977/products/halo-bassinest-fitted-cotton-sheet-white-3.jpg?v=1699392438,Bedding & Sheets
https://www.awin1.com/pclick.php?p=36496680252&a=2771700&m=64830,Mama Shack Foldable Travel Changing Mat - Giraffe Print,36496680252,43424-GP,https://cdn.shopify.com/s/files/1/0690/1977/files/mama-shack-foldable-travel-changing-mat-giraffe-flat.jpg?v=1778151040,"The Mama Shack Travel Changing Mat in Giraffe Print is not only beautifully designed but made to make baby changing on the go easy. No fiddly zips or compartments, designed with slightly thicker foam than traditional travel mats to make baby more comfortable when changing. Perfect to use when out shopping, at the park or at the swimming pool. The travel changing mat would also be perfect to keep around the house for quick and easy changes.",Changing Mats & Trays,16,Natural Baby Shower Ltd,64830,Baby Products,599,https://images2.productserve.com/?w=200&h=200&bg=white&trim=5&t=letterbox&url=ssl%3Acdn.shopify.com%2Fs%2Ffiles%2F1%2F0690%2F1977%2Ffiles%2Fmama-shack-foldable-travel-changing-mat-giraffe-flat.jpg%3Fv%3D1778151040&feedId=89138&k=90664c65e0b405bd540359c70b97cf57a7e241c8,GBP,,,https://natural-baby-2.myshopify.com/products/mama-shack-travel-changing-mat-giraffe-print?variant=39492036067406,,,GBP16.00,89138,Mama Shack,1,https://cdn.shopify.com/s/files/1/0690/1977/files/mama-shack-foldable-travel-changing-mat-giraffe-lifestyle.jpg?v=1778055027,https://cdn.shopify.com/s/files/1/0690/1977/files/mama-shack-foldable-travel-changing-mat-giraffe-flat-2.jpg?v=1778151040,,,,Portable Changing Mat
https://www.awin1.com/pclick.php?p=44022178863&a=2771700&m=64830,Mountain Buggy Footmuff - Matcha,44022178863,51910-82400,https://cdn.shopify.com/s/files/1/0690/1977/files/mountain-buggy-footmuff-match-flat.jpg?v=1770251855,"Keep your little one cosy and protected on cooler days with the Mountain Buggy® Footmuff. Designed for warmth, comfort, and style, it features a soft micro-fleece lining that pampers your baby while out and about. Versatile and practical, the footmuff can also be used as a seat liner by unzipping the lid, while harness locators and bumper bar toggles keep it securely in place. Choose from two stylish finishes: refined herringbone or sporty 600D fabric, both built to complement your buggy and everyday adventures. Compatible with swift™, urban jungle™, terrain™, and duet™. *swift™ requires a grab bar, sold separately.",Stroller Footmuffs,89.95,Natural Baby Shower Ltd,64830,,,https://images2.productserve.com/?w=200&h=200&bg=white&trim=5&t=letterbox&url=ssl%3Acdn.shopify.com%2Fs%2Ffiles%2F1%2F0690%2F1977%2Ffiles%2Fmountain-buggy-footmuff-match-flat.jpg%3Fv%3D1770251855&feedId=89138&k=1d114c2ba76085704b0787f56ed764654269ef8f,GBP,,,https://natural-baby-2.myshopify.com/products/mountain-buggy-footmuff-matcha?variant=56028753330555,,,GBP89.95,89138,Mountain Buggy,1,,,,,,Pram Footmuff
https://www.awin1.com/pclick.php?p=43879879694&a=2771700&m=64830,CuddleCo Burford Dresser Changer - Oak,43879879694,51935-55630,https://cdn.shopify.com/s/files/1/0690/1977/files/cuddleco-burford-dresser-changer-oak-flat-2.jpg?v=1770196527,"Keep your nursery organised in style with the CuddleCo Burford Dresser Changer. Designed for everyday family life, this 2-in-1 unit combines practical storage with a secure changing surface, making nappy changes, dressing, and tidying effortless. The dresser features two spacious drawers and open storage to keep essentials close at hand, while the removable changing top provides a safe and comfortable area for your little one. Once no longer needed, the unit transitions into a standalone dresser, offering long-term functionality beyond the baby years. Finished in warm oak, it blends timeless shaker style with practical versatility for modern nurseries.",Changing Tables,399,Natural Baby Shower Ltd,64830,Baby Products,599,https://images2.productserve.com/?w=200&h=200&bg=white&trim=5&t=letterbox&url=ssl%3Acdn.shopify.com%2Fs%2Ffiles%2F1%2F0690%2F1977%2Ffiles%2Fcuddleco-burford-dresser-changer-oak-flat-2.jpg%3Fv%3D1770196527&feedId=89138&k=d47ebffa2f9f565732e7a5981b2fed81d571b0ac,GBP,,,https://natural-baby-2.myshopify.com/products/cuddleco-burford-dresser-changer-oak?variant=56031184945531,,,GBP399.00,89138,CuddleCo,1,https://cdn.shopify.com/s/files/1/0690/1977/files/cuddleco-burford-dresser-changer-oak-lifestyle-4.jpg?v=1770196527,https://cdn.shopify.com/s/files/1/0690/1977/files/cuddleco-burford-dresser-changer-oak-lifestyle-3.jpg?v=1770196527,,,https://cdn.shopify.com/s/files/1/0690/1977/files/cuddleco-burford-dresser-changer-oak-lifestyle-2.jpg?v=1770196527,Nursery Furniture Piece
https://www.awin1.com/pclick.php?p=44802505390&a=2771700&m=64830,Maxi-Cosi Indigo Bath Tub - Muted Terra,44802505390,52422-10622,https://cdn.shopify.com/s/files/1/0690/1977/files/maxi-cosi-indigo-bath-plus-muted-terra-flat-12.jpg?v=1779232654,"Make bath time feel calm, safe and beautifully simple with the Maxi-Cosi Indigo Foldable Bath. Thoughtfully designed for babies through to toddlers up to around 4 years old, it offers a spacious, supportive space for everything from newborn splashes to more confident play. A built-in HighSense thermometer helps you check the water temperature where it matters most, while the cushioned anti-slip base keeps your little one secure and comfortable. When bath time is over, it folds down in seconds for easy storage and everyday convenience - perfect for modern family life. Practical, premium and designed with growing families in mind, it’s a bath time essential you’ll reach for day after day. Make bath time more comfortable for both you and your baby with the Maxi-Cosi Indigo Bathtub Stand, sold separately.",Baby Bathtubs & Bath Seats,44.96,Natural Baby Shower Ltd,64830,Bathtubs,435,https://images2.productserve.com/?w=200&h=200&bg=white&trim=5&t=letterbox&url=ssl%3Acdn.shopify.com%2Fs%2Ffiles%2F1%2F0690%2F1977%2Ffiles%2Fmaxi-cosi-indigo-bath-plus-muted-terra-flat-12.jpg%3Fv%3D1779232654&feedId=89138&k=cc6784ce156260e9e2670301a7bccf89691514be,GBP,,,https://natural-baby-2.myshopify.com/products/maxi-cosi-indigo-bath-tub-muted-terra?variant=56242794987899,,,GBP44.96,89138,Maxi-Cosi,1,https://cdn.shopify.com/s/files/1/0690/1977/files/maxi-cosi-indigo-bath-plus-muted-terra-lifestyle-2.jpg?v=1779232642,https://cdn.shopify.com/s/files/1/0690/1977/files/maxi-cosi-indigo-bath-plus-muted-terra-lifestyle.jpg?v=1779232642,,,https://cdn.shopify.com/s/files/1/0690/1977/files/maxi-cosi-indigo-bath-plus-muted-terra-lifestyle-4.jpg?v=1779232644,Bath or Bath Seat
https://www.awin1.com/pclick.php?p=44009437463&a=2771700&m=64830,Mama Shack Anti Roll Changing Mat - Vintage Bear,44009437463,51397-67206,https://cdn.shopify.com/s/files/1/0690/1977/files/mama-shack-anti-roll-mat-vintage-bear-flat.jpg?v=1770938424,"Thoughtfully crafted to keep your baby snug and supported during changes, the Mama Shack Anti-Roll Changing Mat combines comfort with practicality. Designed with a gentle incline, it helps prevent rolling, offering extra peace of mind while you change your baby. The waterproof, wipe-clean surface makes everyday clean-ups effortless, so you can spend less time tidying and more time soaking up those precious newborn cuddles.",Changing Mats & Trays,30,Natural Baby Shower Ltd,64830,Baby Products,599,https://images2.productserve.com/?w=200&h=200&bg=white&trim=5&t=letterbox&url=ssl%3Acdn.shopify.com%2Fs%2Ffiles%2F1%2F0690%2F1977%2Ffiles%2Fmama-shack-anti-roll-mat-vintage-bear-flat.jpg%3Fv%3D1770938424&feedId=89138&k=b643b576b3102420c07a75d818a5a5c681a1cbf9,GBP,,,https://natural-baby-2.myshopify.com/products/mama-shack-anti-roll-changing-mat-vintage-bear?variant=55843015590267,,,GBP30.00,89138,Mama Shack,1,https://cdn.shopify.com/s/files/1/0690/1977/files/mama-shack-anti-roll-mat-vintage-bear-lifestyle-2.jpg?v=1770922776,https://cdn.shopify.com/s/files/1/0690/1977/files/mama-shack-anti-roll-mat-vintage-bear-lifestyle-5.jpg?v=1770922776,,,https://cdn.shopify.com/s/files/1/0690/1977/files/mama-shack-anti-roll-mat-vintage-bear-lifestyle-4.jpg?v=1770922776,Changing Mat
https://www.awin1.com/pclick.php?p=36496689446&a=2771700&m=64830,Obaby Stamford Open Changing Unit - Warm Grey,36496689446,45248-WG,https://cdn.shopify.com/s/files/1/0690/1977/products/obaby-stamford-open-changing-unit-warm-grey.jpg?v=1699445678,"The Obaby Stamford Open Changing Unit in Warm Grey is a sleek and chic changing unit crafted with the same elegant sleigh design that flows through the rest of the Stamford range. It features two large shelf spaces, perfect for storing all of your baby's changing essentials. There is a cleverly recessed section on the top of the unit which perfectly accommodates a changing mat, up to 76 x 46cm.",Changing Tables,135,Natural Baby Shower Ltd,64830,Baby Products,599,https://images2.productserve.com/?w=200&h=200&bg=white&trim=5&t=letterbox&url=ssl%3Acdn.shopify.com%2Fs%2Ffiles%2F1%2F0690%2F1977%2Fproducts%2Fobaby-stamford-open-changing-unit-warm-grey.jpg%3Fv%3D1699445678&feedId=89138&k=00521c1a0e3a08d9da4a4d927c94ae82d7004445,GBP,,,https://natural-baby-2.myshopify.com/products/obaby-stamford-open-changing-unit-warm-grey?variant=39855569502286,,,GBP135.00,89138,OBaby,1,https://cdn.shopify.com/s/files/1/0690/1977/products/obaby-stamford-open-changing-unit-warm-grey-lifestyle.jpg?v=1699445680,https://cdn.shopify.com/s/files/1/0690/1977/products/obaby-stamford-open-changing-unit-warm-grey-2.jpg?v=1699445681,,,,Nursery Furniture Piece
https://www.awin1.com/pclick.php?p=36496689447&a=2771700&m=64830,Obaby Stamford Open Changing Unit - White,36496689447,45248-WHT,https://cdn.shopify.com/s/files/1/0690/1977/products/obaby-stamford-open-changing-unit-white.jpg?v=1699445682,"The Obaby Stamford Open Changing Unit in White is a sleek and chic changing unit crafted with the same elegant sleigh design that flows through the rest of the Stamford range. It features two large shelf spaces, perfect for storing all of your baby's changing essentials. There is a cleverly recessed section on the top of the unit which perfectly accommodates a changing mat, up to 76 x 46cm.",Changing Tables,135,Natural Baby Shower Ltd,64830,Baby Products,599,https://images2.productserve.com/?w=200&h=200&bg=white&trim=5&t=letterbox&url=ssl%3Acdn.shopify.com%2Fs%2Ffiles%2F1%2F0690%2F1977%2Fproducts%2Fobaby-stamford-open-changing-unit-white.jpg%3Fv%3D1699445682&feedId=89138&k=15249fa902f72a84079398d1eadb02db91dd8779,GBP,,,https://natural-baby-2.myshopify.com/products/obaby-stamford-open-changing-unit-white?variant=39855569567822,,,GBP135.00,89138,OBaby,1,https://cdn.shopify.com/s/files/1/0690/1977/products/obaby-stamford-open-changing-unit-white-lifestyle.jpg?v=1699445684,https://cdn.shopify.com/s/files/1/0690/1977/products/obaby-stamford-open-changing-unit-white-2.jpg?v=1699445686,,,,Nursery Furniture Piece
https://www.awin1.com/pclick.php?p=36496691692&a=2771700&m=64830,Mama Shack Changing Mat - Goose & the Ladybird,36496691692,47201-65288,https://cdn.shopify.com/s/files/1/0690/1977/files/mama-shack-changing-mat-goose-and-ladybird-flat.jpg?v=1699483361,"Create a cosy, stylish, and practical changing space with the Mama Shack Changing Mat. Lightweight and portable, it’s perfect for use on your changing table or for quick changes anywhere around the home. The durable, waterproof surface wipes clean in seconds, keeping life simple for busy parents. Meanwhile, the soft nursery-grade foam ensures your baby stays comfortable and secure. Made from phthalate-free PVC and OEKO-TEX® Standard 100 certified, it’s a safe, worry-free choice for both you and your little one.",Changing Mats & Trays,19,Natural Baby Shower Ltd,64830,Baby Products,599,https://images2.productserve.com/?w=200&h=200&bg=white&trim=5&t=letterbox&url=ssl%3Acdn.shopify.com%2Fs%2Ffiles%2F1%2F0690%2F1977%2Ffiles%2Fmama-shack-changing-mat-goose-and-ladybird-flat.jpg%3Fv%3D1699483361&feedId=89138&k=fc63eab25b84388e6ca37e4d868c1af56a6abb72,GBP,,,https://natural-baby-2.myshopify.com/products/mama-shack-changing-mat-goose-the-ladybird?variant=40233527607374,,,GBP19.00,89138,Mama Shack,1,,,,,,Changing Mat
https://www.awin1.com/pclick.php?p=37012736525&a=2771700&m=64830,Ergobaby Aura Wrap Carrier - Sustainable Mesh - Soft Grey,37012736525,48530-08445,https://cdn.shopify.com/s/files/1/0690/1977/files/ergobaby-aura-mesh-baby-wrap-soft-grey-mesh-flat-2.jpg?v=1704905603,"A classic, soft and cosy newborn-ready wrap designed for fourth-trimester bonding. Perfect for keeping little one close throughout the tender newborn phase.",Baby Carriers,59.95,Natural Baby Shower Ltd,64830,Children's Accessories,539,https://images2.productserve.com/?w=200&h=200&bg=white&trim=5&t=letterbox&url=ssl%3Acdn.shopify.com%2Fs%2Ffiles%2F1%2F0690%2F1977%2Ffiles%2Fergobaby-aura-mesh-baby-wrap-soft-grey-mesh-flat-2.jpg%3Fv%3D1704905603&feedId=89138&k=1ef81d1ace75d57a417be6ff9810e62e425b290b,GBP,,,https://natural-baby-2.myshopify.com/products/ergobaby-aura-mesh-baby-wrap-soft-grey-mesh?variant=40501723791438,,,GBP59.95,89138,Ergobaby,1,https://cdn.shopify.com/s/files/1/0690/1977/files/ergobaby-aura-mesh-baby-wrap-soft-grey-mesh-lifestyle-3.jpg?v=1704905607,https://cdn.shopify.com/s/files/1/0690/1977/files/ergobaby-aura-baby-wrap-cream-flat-3.jpg?v=1778627615,,,https://cdn.shopify.com/s/files/1/0690/1977/files/ergobaby-aura-baby-wrap-cream-flat-4.jpg?v=1778627616,Baby Carrier & Sling
https://www.awin1.com/pclick.php?p=36496688316&a=2771700&m=64830,Charlie Crane KUMI Crib + Coco Mattress - Desert,36496688316,38846-DES-CO,https://cdn.shopify.com/s/files/1/0690/1977/products/charlie-crane-kumi-crib-coco-mattress-desert.jpg?v=1699438769,"The Charlie Crane KUMI Crib in Desert + Coco Mattress has been designed as both a reassuring cocoon and a space open to the outside world, combining tradition and modernity. Retaining the millenary lateral swing - a delicate movement that helps babies fall asleep while sketching minimalist and contemporary lines. The coco mattress is a natural mattress that is naturally hypoallergenic and anti-mite. It has great filtering power and also helps to reduce humidity and condensation, which is ideal for babies, who tend to sweat. The mattress cover is made from organic cotton and quilted with organic natural wool.",Mini Cribs,414,Natural Baby Shower Ltd,64830,,,https://images2.productserve.com/?w=200&h=200&bg=white&trim=5&t=letterbox&url=ssl%3Acdn.shopify.com%2Fs%2Ffiles%2F1%2F0690%2F1977%2Fproducts%2Fcharlie-crane-kumi-crib-coco-mattress-desert.jpg%3Fv%3D1699438769&feedId=89138&k=f9eff6e37adb9ff02e5cca686fbaa161b255c8ea,GBP,,,https://natural-baby-2.myshopify.com/products/charlie-crane-kumi-crib-coco-mattress-desert?variant=39739127365710,,,GBP414.00,89138,Charlie Crane,1,https://cdn.shopify.com/s/files/1/0690/1977/products/charlie-crane-kumi-crib-desert-lifestyle_581be680-4dd3-4281-b26f-eee3ca793b58.jpg?v=1699438770,https://cdn.shopify.com/s/files/1/0690/1977/products/charlie-crane-kumi-crib-desert_8d87ac87-3302-4e16-bd13-fae7a0407153.jpg?v=1699438772,,,https://cdn.shopify.com/s/files/1/0690/1977/products/charlie-crane-kumi-crib-desert-2_4e01d4d0-427f-4422-9e08-aa8c8ca917bc.jpg?v=1699438773,Nappy Caddy
https://www.awin1.com/pclick.php?p=36496688698&a=2771700&m=64830,Obaby Moisture Management Dual Core Mattress - Cot Bed,36496688698,45015-CB,https://cdn.shopify.com/s/files/1/0690/1977/products/obaby-moisture-management-dual-core-mattress-cot-bed.jpg?v=1699439617,"The Obaby Moisture Management Dual Core Mattress in Cot Bed adapts as your little one grows and is fantastic for providing little ones with optimum support. The mattress offers an impressive four sleep options thanks to the reversible core and cover meaning you can always choose the best combination for a perfect night’s sleep. The Mattress is suitable from birth, one side of the mattress is firm which aids in muscle development, bone growth and features an inner core comprised of coconut coir, bonded with natural latex that provides a naturally springy feel whilst being extremely resilient, durable and breathable. It is then topped with a soft and luxurious lambswool that regulates body temperature and moisture for maximum comfort as well as being naturally hypoallergenic. As your little one grows, so do their needs. This mattress can be flipped, one side offering individual pocket springs encased in high-grade, dent-resistant nursery foam. The other side gives increased support to your little ones' back, neck and head during sleep, promoting perfect posture and sweet dreams.",Mattresses,162,Natural Baby Shower Ltd,64830,Mattresses,453,https://images2.productserve.com/?w=200&h=200&bg=white&trim=5&t=letterbox&url=ssl%3Acdn.shopify.com%2Fs%2Ffiles%2F1%2F0690%2F1977%2Fproducts%2Fobaby-moisture-management-dual-core-mattress-cot-bed.jpg%3Fv%3D1699439617&feedId=89138&k=d901e0251c59f0059b24ac087df52d9536919976,GBP,,,https://natural-baby-2.myshopify.com/products/obaby-moisture-management-dual-core-mattress-cot-bed?variant=39748782948430,,,GBP162.00,89138,OBaby,1,https://cdn.shopify.com/s/files/1/0690/1977/products/obaby-moisture-management-dual-core-mattress-cot-bed-3.jpg?v=1699439618,https://cdn.shopify.com/s/files/1/0690/1977/products/obaby-moisture-management-dual-core-mattress-cot-bed-2.jpg?v=1699439620,,,https://cdn.shopify.com/s/files/1/0690/1977/products/obaby-moisture-management-dual-core-mattress-cot-bed-4.jpg?v=1699439621,Cot Mattress
https://www.awin1.com/pclick.php?p=42395440640&a=2771700&m=64830,Bugaboo Organizer - Forest Green,42395440640,51133-21019,https://cdn.shopify.com/s/files/1/0690/1977/files/bugaboo-organiser-forest-green-flat.jpg?v=1756803213,"The Bugaboo Organizer is perfect for parents who love to keep their essentials close at hand. Thoughtfully designed with plenty of handy pockets, it makes staying organised effortless. It’s super easy to attach and remove thanks to the sturdy Velcro tabs, so you can pop it on your pushchair in seconds. Not just a pushchair organiser, it also transforms into a stylish and compact tote bag - simply grab and go when you’re heading out without the pushchair. Elevated in Earth-inspired tones for effortless styling, the Bugaboo Organizer is designed to last and keep up with everyday adventures. Practical, versatile, and beautifully designed, it’s a must-have for parents on the move.","Handbags, Wallets & Cases",54.95,Natural Baby Shower Ltd,64830,Bags,595,https://images2.productserve.com/?w=200&h=200&bg=white&trim=5&t=letterbox&url=ssl%3Acdn.shopify.com%2Fs%2Ffiles%2F1%2F0690%2F1977%2Ffiles%2Fbugaboo-organiser-forest-green-flat.jpg%3Fv%3D1756803213&feedId=89138&k=f7558e5570bb2e56bfaeeb666faf07081e423a80,GBP,,,https://natural-baby-2.myshopify.com/products/bugaboo-organiser-forest-green?variant=55666585731451,,,GBP54.95,89138,Bugaboo,1,https://cdn.shopify.com/s/files/1/0690/1977/files/bugaboo-organiser-forest-green-flat-32.jpg?v=1756803214,,,,,Pushchair Organiser
https://www.awin1.com/pclick.php?p=36496688862&a=2771700&m=64830,Obaby Pocket Sprung Mattress - Single Bed,36496688862,45017-SINGLE,https://cdn.shopify.com/s/files/1/0690/1977/products/obaby-single-bed-mattress-flat-3.jpg?v=1699459963,"The Obaby Pocket Sprung Mattress Single Bed is fantastic for providing baby with optimum support and luxurious levels of comfort during their slumber. Individual pocket springs are cleverly integrated to give increased support to your little ones' back, neck and head during sleep. Promoting perfect posture and sweet dreams for your little one. These individual springs are then encased in a high grade of dent resistant nursery foam ensuring superior comfort. The cover is made of flat-weave microfibre which is delicately soft to the touch and breathable yet refreshingly durable.",Mattresses,180,Natural Baby Shower Ltd,64830,Mattresses,453,https://images2.productserve.com/?w=200&h=200&bg=white&trim=5&t=letterbox&url=ssl%3Acdn.shopify.com%2Fs%2Ffiles%2F1%2F0690%2F1977%2Fproducts%2Fobaby-single-bed-mattress-flat-3.jpg%3Fv%3D1699459963&feedId=89138&k=632efff4a951d3f50f3b91c62a5bb4450e9abec4,GBP,,,https://natural-baby-2.myshopify.com/products/obaby-pocket-sprung-mattress-single-bed?variant=40109044564046,,,GBP180.00,89138,OBaby,1,https://cdn.shopify.com/s/files/1/0690/1977/products/obaby-single-bed-mattress-flat-2.jpg?v=1699459965,https://cdn.shopify.com/s/files/1/0690/1977/products/obaby-single-bed-mattress-flat.jpg?v=1699459966,,,,Cot Mattress
https://www.awin1.com/pclick.php?p=36496689153&a=2771700&m=64830,Obaby Evie Changing Unit - White,36496689153,47516-07152,https://cdn.shopify.com/s/files/1/0690/1977/files/obaby-evie-changing-unit-white-flat-3.jpg?v=1699491091,"The Obaby Evie Changing Unit in White is created with love and modern elegance in mind. Crafted with beautiful natural wood and inlay detailing, this luxurious piece of furniture will look stunning in any nursery. It's graceful silhouette and unique brass hardware instantly add sophistication to your little one's space. With three large drawers offering plenty of space for all your baby's belongings, it also for added convenience, has a removable changing top so you can enjoy the gorgeous chest of drawers for years to come. Stylish and practical, the Obaby Evie Changing Unit is the perfect addition to any home. Crafted with love, it's an elegant statement piece that looks beautiful and stands up to the everyday wear and tear of family life with ease.",Changing Tables,225,Natural Baby Shower Ltd,64830,Baby Products,599,https://images2.productserve.com/?w=200&h=200&bg=white&trim=5&t=letterbox&url=ssl%3Acdn.shopify.com%2Fs%2Ffiles%2F1%2F0690%2F1977%2Ffiles%2Fobaby-evie-changing-unit-white-flat-3.jpg%3Fv%3D1699491091&feedId=89138&k=a8babf050983459f1474a68d515608206eb5fd07,GBP,,,https://natural-baby-2.myshopify.com/products/obaby-evie-changing-unit-white?variant=40261031428174,,,GBP225.00,89138,OBaby,1,https://cdn.shopify.com/s/files/1/0690/1977/files/obaby-evie-changing-unit-white-lifestyle-2.jpg?v=1699491093,https://cdn.shopify.com/s/files/1/0690/1977/files/obaby-evie-changing-unit-white-lifestyle-3.jpg?v=1699491094,,,https://cdn.shopify.com/s/files/1/0690/1977/files/obaby-evie-changing-unit-white-lifestyle.jpg?v=1699491095,Nursery Furniture Piece
https://www.awin1.com/pclick.php?p=36649595833&a=2771700&m=64830,Obaby Nika Changing Unit - White Wash,36649595833,48131-18272,https://cdn.shopify.com/s/files/1/0690/1977/files/obaby-nika-white-wash-changing-unit-flat-910.jpg?v=1699885258,"The Obaby Nika Changing Unit is a beautifully practical piece for your nursery, offering everyday ease with a warm, modern design. With a spacious changing area and three deep drawers, it keeps all your essentials organised and close to hand – making those daily nappy changes calm and comfortable. Thoughtfully designed to grow with your family, the removable changing top transforms it into a classic chest of drawers, giving it a life well beyond the baby years. It blends seamlessly into both modern and traditional spaces – a lasting addition to your little one’s room.",Changing Tables,207,Natural Baby Shower Ltd,64830,Baby Products,599,https://images2.productserve.com/?w=200&h=200&bg=white&trim=5&t=letterbox&url=ssl%3Acdn.shopify.com%2Fs%2Ffiles%2F1%2F0690%2F1977%2Ffiles%2Fobaby-nika-white-wash-changing-unit-flat-910.jpg%3Fv%3D1699885258&feedId=89138&k=46f2ea189d5731a0cdaf5b7812925909f16fb69c,GBP,,,https://natural-baby-2.myshopify.com/products/obaby-nika-changing-unit-white-wash?variant=40364687982670,,,GBP207.00,89138,OBaby,1,https://cdn.shopify.com/s/files/1/0690/1977/files/obaby-nika-white-wash-changing-unit-flat-8.jpg?v=1699222695,https://cdn.shopify.com/s/files/1/0690/1977/files/obaby-nika-white-wash-changing-unit-flat-9.jpg?v=1699222697,,,https://cdn.shopify.com/s/files/1/0690/1977/files/obaby-nika-white-wash-changing-unit-flat.jpg?v=1699885265,Nursery Furniture Piece
https://www.awin1.com/pclick.php?p=36649595834&a=2771700&m=64830,Obaby Nika Changing Unit - Grey Wash + White,36649595834,48131-05226,https://cdn.shopify.com/s/files/1/0690/1977/files/obaby-nika-grey-white-wash-changing-unit-flat-5.jpg?v=1699885293,"The Obaby Nika Changing Unit is a beautifully practical piece for your nursery, offering everyday ease with a warm, modern design. With a spacious changing area and three deep drawers, it keeps all your essentials organised and close to hand – making those daily nappy changes calm and comfortable. Thoughtfully designed to grow with your family, the removable changing top transforms it into a classic chest of drawers, giving it a life well beyond the baby years. It blends seamlessly into both modern and traditional spaces – a lasting addition to your little one’s room.",Changing Tables,207,Natural Baby Shower Ltd,64830,Baby Products,599,https://images2.productserve.com/?w=200&h=200&bg=white&trim=5&t=letterbox&url=ssl%3Acdn.shopify.com%2Fs%2Ffiles%2F1%2F0690%2F1977%2Ffiles%2Fobaby-nika-grey-white-wash-changing-unit-flat-5.jpg%3Fv%3D1699885293&feedId=89138&k=d82920029308f57098ae92a322124e4d62bb1feb,GBP,,,https://natural-baby-2.myshopify.com/products/obaby-nika-changing-unit-grey-wash-white?variant=40364688146510,,,GBP207.00,89138,OBaby,1,https://cdn.shopify.com/s/files/1/0690/1977/files/obaby-nika-grey-white-wash-changing-unit-flat-4.jpg?v=1699885297,https://cdn.shopify.com/s/files/1/0690/1977/files/obaby-nika-grey-white-wash-changing-unit-flat-6.jpg?v=1699885301,,,https://cdn.shopify.com/s/files/1/0690/1977/files/obaby-nika-grey-white-wash-changing-unit-flat-7.jpg?v=1699885304,Nursery Furniture Piece
https://www.awin1.com/pclick.php?p=36649595837&a=2771700&m=64830,Obaby Nika Changing Unit - Grey Wash,36649595837,48131-02089,https://cdn.shopify.com/s/files/1/0690/1977/files/obaby-nika-grey-wash-changing-unit-flat-5.jpg?v=1699885329,"The Obaby Nika Changing Unit is a beautifully practical piece for your nursery, offering everyday ease with a warm, modern design. With a spacious changing area and three deep drawers, it keeps all your essentials organised and close to hand – making those daily nappy changes calm and comfortable. Thoughtfully designed to grow with your family, the removable changing top transforms it into a classic chest of drawers, giving it a life well beyond the baby years. It blends seamlessly into both modern and traditional spaces – a lasting addition to your little one’s room.",Changing Tables,207,Natural Baby Shower Ltd,64830,Baby Products,599,https://images2.productserve.com/?w=200&h=200&bg=white&trim=5&t=letterbox&url=ssl%3Acdn.shopify.com%2Fs%2Ffiles%2F1%2F0690%2F1977%2Ffiles%2Fobaby-nika-grey-wash-changing-unit-flat-5.jpg%3Fv%3D1699885329&feedId=89138&k=9ee3a2c80b22dc547671cb536e76656cba952bc5,GBP,,,https://natural-baby-2.myshopify.com/products/obaby-nika-changing-unit-grey-wash?variant=40364688080974,,,GBP207.00,89138,OBaby,1,https://cdn.shopify.com/s/files/1/0690/1977/files/obaby-nika-grey-wash-changing-unit-flat-4.jpg?v=1699222717,https://cdn.shopify.com/s/files/1/0690/1977/files/obaby-nika-grey-wash-changing-unit-flat-6.jpg?v=1699885334,,,https://cdn.shopify.com/s/files/1/0690/1977/files/obaby-nika-grey-wash-changing-unit-flat-7.jpg?v=1699885338,Nursery Furniture Piece
https://www.awin1.com/pclick.php?p=41209439321&a=2771700&m=64830,Mushie Long Sleeve Bib - Pastel Blooms,41209439321,49824-00944,https://cdn.shopify.com/s/files/1/0690/1977/files/mushie-long-sleeve-bib-pastel-blossom-flat.jpg?v=1730802887,"The Mushie Long Sleeve Bib in Pastel Blooms is perfect for keeping little ones clean during mealtimes or arts and crafts. The Long Sleeve Bib offers full coverage with a Velcro closure at the back of the neck, has a wide pocket for catching dropped food, and is also wipe-clean! It's perfectly sized for little ones between 6 and 24 months.",Bibs,12.59,Natural Baby Shower Ltd,64830,Children's Accessories,539,https://images2.productserve.com/?w=200&h=200&bg=white&trim=5&t=letterbox&url=ssl%3Acdn.shopify.com%2Fs%2Ffiles%2F1%2F0690%2F1977%2Ffiles%2Fmushie-long-sleeve-bib-pastel-blossom-flat.jpg%3Fv%3D1730802887&feedId=89138&k=5f6390b0a0677843efef956f4a7a435f0a1ed994,GBP,,,https://natural-baby-2.myshopify.com/products/mushie-long-sleeve-bib-pastel-blooms?variant=41902123221070,,,GBP12.59,89138,Mushie,1,https://cdn.shopify.com/s/files/1/0690/1977/files/mushie-long-sleeve-bib-pastel-blossom-lifestyle-2.jpg?v=1730802891,https://cdn.shopify.com/s/files/1/0690/1977/files/mushie-long-sleeve-bib-pastel-blossom-lifestyle-3.jpg?v=1730802894,,,https://cdn.shopify.com/s/files/1/0690/1977/files/mushie-long-sleeve-bib-pastel-blossom-lifestyle-5.jpg?v=1730802898,Bibs
https://www.awin1.com/pclick.php?p=44242017853&a=2771700&m=64830,Mama Shack Foldable Travel Changing Mat - Sage Green Gingham,44242017853,52141-67084,https://cdn.shopify.com/s/files/1/0690/1977/files/mama-shack-foldable-travel-mat-green-gingham-flat.jpg?v=1773741436,"Say hello to stress-free, on-the-go nappy changes with Mama Shack's Foldable Travel Mat. Lightweight, portable, and easy to fold with a secure popper fastening, this mat is a must-have for any busy parent. Perfect for covering public changing tables or for quick, convenient changes at the park, pool, or while on holiday. Compact and versatile, it fits perfectly inside changing bags and nappy caddies.",Changing Mats & Trays,14,Natural Baby Shower Ltd,64830,Baby Products,599,https://images2.productserve.com/?w=200&h=200&bg=white&trim=5&t=letterbox&url=ssl%3Acdn.shopify.com%2Fs%2Ffiles%2F1%2F0690%2F1977%2Ffiles%2Fmama-shack-foldable-travel-mat-green-gingham-flat.jpg%3Fv%3D1773741436&feedId=89138&k=631e17dc118239eb0781de774b068633d8a820c9,GBP,,,https://natural-baby-2.myshopify.com/products/mama-shack-foldable-travel-changing-mat-sage-green-gingham?variant=56120219664763,,,GBP14.00,89138,Mama Shack,1,https://cdn.shopify.com/s/files/1/0690/1977/files/mama-shack-foldable-travel-mat-green-gingham-lifestyle.jpg?v=1773741435,https://cdn.shopify.com/s/files/1/0690/1977/files/mama-shack-foldable-travel-mat-green-gingham-lifestyle-2.jpg?v=1773741436,,,https://cdn.shopify.com/s/files/1/0690/1977/files/mama-shack-foldable-travel-mat-green-gingham-lifestyle-3.jpg?v=1773741436,Portable Changing Mat
https://www.awin1.com/pclick.php?p=44261071568&a=2771700&m=64830,Obaby Nika Changing Unit - Aspen,44261071568,52189-22385,https://cdn.shopify.com/s/files/1/0690/1977/files/obaby-nika-aspen-changing-unit-flat-5.jpg?v=1773961749,"The Obaby Nika Changing Unit is a beautifully practical piece for your nursery, offering everyday ease with a warm, modern design. With a spacious changing area and three deep drawers, it keeps all your essentials organised and close to hand – making those daily nappy changes calm and comfortable. Thoughtfully designed to grow with your family, the removable changing top transforms it into a classic chest of drawers, giving it a life well beyond the baby years. It blends seamlessly into both modern and traditional spaces – a lasting addition to your little one’s room.",Changing Tables,207,Natural Baby Shower Ltd,64830,Baby Products,599,https://images2.productserve.com/?w=200&h=200&bg=white&trim=5&t=letterbox&url=ssl%3Acdn.shopify.com%2Fs%2Ffiles%2F1%2F0690%2F1977%2Ffiles%2Fobaby-nika-aspen-changing-unit-flat-5.jpg%3Fv%3D1773961749&feedId=89138&k=f91479e6ba4c2531984a20cd0a4c195fc0fdad0f,GBP,,,https://natural-baby-2.myshopify.com/products/obaby-nika-changing-unit-aspen?variant=56141013909883,,,GBP207.00,89138,OBaby,1,https://cdn.shopify.com/s/files/1/0690/1977/files/obaby-nika-aspen-changing-unit-lifestyle.jpg?v=1773961762,https://cdn.shopify.com/s/files/1/0690/1977/files/obaby-nika-aspen-changing-unit-lifestyle-2.jpg?v=1773961754,,,https://cdn.shopify.com/s/files/1/0690/1977/files/obaby-nika-aspen-changing-unit-lifestyle-3.jpg?v=1773961753,Nursery Furniture Piece
https://www.awin1.com/pclick.php?p=44649587954&a=2771700&m=64830,MORI 5pk Ribbed Socks - Pink - 0-6m,44649587954,52275-47188,https://cdn.shopify.com/s/files/1/0690/1977/files/mori-5pk-ribbed-socks-pink-flat.jpg?v=1776905969,"Keep tiny toes warm and comfortable with the MORI 5 Pack Ribbed Socks. Crafted from soft organic cotton with just the right amount of stretch, these everyday essentials are gentle on delicate skin while offering a secure, flexible fit. Designed for practicality as well as comfort, each pair features a softly elasticated cuff to help keep socks in place without feeling restrictive. Perfect for daily wear, this handy multipack ensures you’ll always have a cosy pair ready, whether at home or on the go.",Baby & Children's Socks & Tights,17.5,Natural Baby Shower Ltd,64830,,,https://images2.productserve.com/?w=200&h=200&bg=white&trim=5&t=letterbox&url=ssl%3Acdn.shopify.com%2Fs%2Ffiles%2F1%2F0690%2F1977%2Ffiles%2Fmori-5pk-ribbed-socks-pink-flat.jpg%3Fv%3D1776905969&feedId=89138&k=3b8385e9572c9ee88cc43d176be96ddf1db14714,GBP,,,https://natural-baby-2.myshopify.com/products/mori-5pk-ribbed-socks-pink?variant=56200424456571,,,GBP17.50,89138,MORI,1,,,,,,Socks
https://www.awin1.com/pclick.php?p=40477872524&a=2771700&m=64830,Ergobaby Omni Deluxe Carrier - Mesh - Graphite Grey,40477872524,50351-GRAPH,https://cdn.shopify.com/s/files/1/0690/1977/files/ergobaby-omni-deluxe-mesh-graphite-grey-flat.jpg?v=1762439076,"Awarded ""Best Overall Carrier"" by Parents Best for Baby 2025. A four-position all-in-one carrier with patented, industry-leading ergonomic support for everyday comfort and versatility plus included convenience features like built-in phone storage, sun/nursing hood and pockets to support everyday parenting.",Baby Carriers,199.9,Natural Baby Shower Ltd,64830,Children's Accessories,539,https://images2.productserve.com/?w=200&h=200&bg=white&trim=5&t=letterbox&url=ssl%3Acdn.shopify.com%2Fs%2Ffiles%2F1%2F0690%2F1977%2Ffiles%2Fergobaby-omni-deluxe-mesh-graphite-grey-flat.jpg%3Fv%3D1762439076&feedId=89138&k=53e5f66734e3f294f2066b0f59c1d15cd23a74fa,GBP,,,https://natural-baby-2.myshopify.com/products/ergobaby-omni-deluxe-mesh-graphite-grey?variant=54970715505019,,,GBP199.90,89138,Ergobaby,1,https://cdn.shopify.com/s/files/1/0690/1977/files/ergobaby-omni-deluxe-mesh-graphite-grey-flat-3.jpg?v=1762439076,https://cdn.shopify.com/s/files/1/0690/1977/files/ergobaby-omni-deluxe-mesh-baby-carrier-graphite-grey-lifestyle-3.jpg?v=1778628412,,,https://cdn.shopify.com/s/files/1/0690/1977/files/ergobaby-omni-deluxe-mesh-baby-carrier-graphite-grey-flat-2.jpg?v=1778628413,Baby Carrier & Sling
https://www.awin1.com/pclick.php?p=40477872525&a=2771700&m=64830,Ergobaby Omni Deluxe Carrier - Cotton - Pearl Grey,40477872525,50350-RLGRY,https://cdn.shopify.com/s/files/1/0690/1977/files/ergobaby-omni-deluxe-cotton-pearl-grey-8.jpg?v=1762439120,"Awarded ""Best Overall Carrier"" by Parents Best for Baby 2025. A four-position all-in-one carrier with patented, industry-leading ergonomic support for everyday comfort and versatility plus included convenience features like built-in phone storage, sun/nursing hood and pockets to support everyday parenting.",Baby Carriers,199.9,Natural Baby Shower Ltd,64830,Children's Accessories,539,https://images2.productserve.com/?w=200&h=200&bg=white&trim=5&t=letterbox&url=ssl%3Acdn.shopify.com%2Fs%2Ffiles%2F1%2F0690%2F1977%2Ffiles%2Fergobaby-omni-deluxe-cotton-pearl-grey-8.jpg%3Fv%3D1762439120&feedId=89138&k=e35a26ac63a17d04db189c990e4e12d6b2e40ad1,GBP,,,https://natural-baby-2.myshopify.com/products/ergobaby-omni-deluxe-cotton-pearl-grey?variant=54970715570555,,,GBP199.90,89138,Ergobaby,1,https://cdn.shopify.com/s/files/1/0690/1977/files/ergobaby-omni-deluxe-cotton-pearl-grey-7.jpg?v=1762439120,https://cdn.shopify.com/s/files/1/0690/1977/files/ergobaby-omni-deluxe-cotton-pearl-grey-lifestyle-3.jpg?v=1778628422,,,https://cdn.shopify.com/s/files/1/0690/1977/files/ergobaby-omni-deluxe-cotton-pearl-grey-flat-2.jpg?v=1778628423,Baby Carrier & Sling
https://www.awin1.com/pclick.php?p=40477872526&a=2771700&m=64830,Ergobaby Omni Deluxe Carrier - Mesh - Onyx Black,40477872526,50351-MONYX,https://cdn.shopify.com/s/files/1/0690/1977/files/ergobaby-omni-deluxe-mesh-onyx-black-flat-3.jpg?v=1762439017,"Awarded ""Best Overall Carrier"" by Parents Best for Baby 2025. A four-position all-in-one carrier with patented, industry-leading ergonomic support for everyday comfort and versatility plus included convenience features like built-in phone storage, sun/nursing hood and pockets to support everyday parenting.",Baby Carriers,199.9,Natural Baby Shower Ltd,64830,Children's Accessories,539,https://images2.productserve.com/?w=200&h=200&bg=white&trim=5&t=letterbox&url=ssl%3Acdn.shopify.com%2Fs%2Ffiles%2F1%2F0690%2F1977%2Ffiles%2Fergobaby-omni-deluxe-mesh-onyx-black-flat-3.jpg%3Fv%3D1762439017&feedId=89138&k=f4dcd7b56dac9246debfab1b65519c048fa97fe9,GBP,,,https://natural-baby-2.myshopify.com/products/ergobaby-omni-deluxe-mesh-onyx-black?variant=54970715636091,,,GBP199.90,89138,Ergobaby,1,https://cdn.shopify.com/s/files/1/0690/1977/files/ergobaby-omni-deluxe-mesh-onyx-black-flat-2.jpg?v=1762439017,https://cdn.shopify.com/s/files/1/0690/1977/files/ergobaby-omni-deluxe-mesh-baby-carrier-onyx-black-lifestyle-3.jpg?v=1778628431,,,https://cdn.shopify.com/s/files/1/0690/1977/files/ergobaby-omni-deluxe-mesh-baby-carrier-onyx-black--flat-2.jpg?v=1778628432,Baby Carrier & Sling
https://www.awin1.com/pclick.php?p=41438700212&a=2771700&m=64830,Ergobaby Omni Deluxe Carrier - Cotton  - Camel,41438700212,50350-DCCAM,https://cdn.shopify.com/s/files/1/0690/1977/files/ergobaby-omni-deluxe-camel-flat-3.jpg?v=1762438446,"Awarded ""Best Overall Carrier"" by Parents Best for Baby 2025. A four-position all-in-one carrier with patented, industry-leading ergonomic support for everyday comfort and versatility plus included convenience features like built-in phone storage, sun/nursing hood and pockets to support everyday parenting.",Baby Carriers,199.9,Natural Baby Shower Ltd,64830,Children's Accessories,539,https://images2.productserve.com/?w=200&h=200&bg=white&trim=5&t=letterbox&url=ssl%3Acdn.shopify.com%2Fs%2Ffiles%2F1%2F0690%2F1977%2Ffiles%2Fergobaby-omni-deluxe-camel-flat-3.jpg%3Fv%3D1762438446&feedId=89138&k=a89d860f976f89109dd99c973c05b819f5ab72d9,GBP,,,https://natural-baby-2.myshopify.com/products/ergobaby-omni-deluxe-cotton-camel?variant=54970716127611,,,GBP199.90,89138,Ergobaby,1,https://cdn.shopify.com/s/files/1/0690/1977/files/ergobaby-omni-deluxe-camel-flat-4.jpg?v=1762438446,https://cdn.shopify.com/s/files/1/0690/1977/files/ergobaby-omni-deluxe-cotton-camel-lifestyle.jpg?v=1778628486,,,https://cdn.shopify.com/s/files/1/0690/1977/files/ergobaby-omni-deluxe-cotton-camel-flat-2.jpg?v=1778628488,Baby Carrier & Sling
https://www.awin1.com/pclick.php?p=40477872534&a=2771700&m=64830,Ergobaby Omni Deluxe Carrier - Cotton - Onyx Black,40477872534,50350-CONYX,https://cdn.shopify.com/s/files/1/0690/1977/files/ergobaby-omni-deluxe-ncotton-onyx-black-flat-5.jpg?v=1762438671,"Awarded ""Best Overall Carrier"" by Parents Best for Baby 2025. A four-position all-in-one carrier with patented, industry-leading ergonomic support for everyday comfort and versatility plus included convenience features like built-in phone storage, sun/nursing hood and pockets to support everyday parenting.",Baby Carriers,169,Natural Baby Shower Ltd,64830,Children's Accessories,539,https://images2.productserve.com/?w=200&h=200&bg=white&trim=5&t=letterbox&url=ssl%3Acdn.shopify.com%2Fs%2Ffiles%2F1%2F0690%2F1977%2Ffiles%2Fergobaby-omni-deluxe-ncotton-onyx-black-flat-5.jpg%3Fv%3D1762438671&feedId=89138&k=ef78300c55b2d713731eb8bb5464e9e811b2bffd,GBP,,,https://natural-baby-2.myshopify.com/products/ergobaby-omni-deluxe-cotton-onyx-black?variant=54970716193147,,,GBP169.00,89138,Ergobaby,1,https://cdn.shopify.com/s/files/1/0690/1977/files/ergobaby-omni-deluxe-ncotton-onyx-black-flat-6.jpg?v=1762438671,https://cdn.shopify.com/s/files/1/0690/1977/files/ergobaby-omni-deluxe-cotton-onyx-black-lifestyle-3.jpg?v=1778628491,,,https://cdn.shopify.com/s/files/1/0690/1977/files/ergobaby-omni-deluxe-cotton-onyx-black-flat-2.jpg?v=1778628491,Baby Carrier & Sling
https://www.awin1.com/pclick.php?p=44057569758&a=2771700&m=64830,Elodie Details Organiser - Blue Garden,44057569758,52066-19684,https://cdn.shopify.com/s/files/1/0690/1977/files/elodie-details-organiser-blue-garden-flat.jpg?v=1771849272,"Keep all your baby essentials close at hand with the Elodie Details Organiser. Designed to attach easily to your stroller’s handlebars, this stylish organiser makes diaper changes and outings effortless, while keeping everything neat and tidy. Featuring a zippered lid, the organiser hides away your items for a polished look, yet opens wide to give you full access to four internal compartments and two discreet external pockets - perfect for phone, keys, and wallet. A clever loop inside lets you hang it on a wall for easy access at home. Made from durable cotton/polyester fabric, it’s designed to last through busy baby days and beyond, transforming into a handy travel toiletry bag once nappy duty is done.",Diaper Bags,49.9,Natural Baby Shower Ltd,64830,Baby Products,599,https://images2.productserve.com/?w=200&h=200&bg=white&trim=5&t=letterbox&url=ssl%3Acdn.shopify.com%2Fs%2Ffiles%2F1%2F0690%2F1977%2Ffiles%2Felodie-details-organiser-blue-garden-flat.jpg%3Fv%3D1771849272&feedId=89138&k=c6d5215c936ab8e3c8dbdf13fd1f01b7a19fdadb,GBP,,,https://natural-baby-2.myshopify.com/products/elodie-details-organiser-blue-garden?variant=56074879697275,,,GBP49.90,89138,Elodie Details,1,https://cdn.shopify.com/s/files/1/0690/1977/files/elodie-details-organiser-blue-garden-lifestyle.jpg?v=1771849273,https://cdn.shopify.com/s/files/1/0690/1977/files/elodie-details-organiser-blue-garden-flat-2.jpg?v=1771849272,,,,Pushchair Organiser
https://www.awin1.com/pclick.php?p=42215956058&a=2771700&m=64830,Love to Dream Baby Sleep Bag (2.5 Tog) - Storm Blue,42215956058,51187-12151,https://cdn.shopify.com/s/files/1/0690/1977/files/love-to-dream-sleeping-bag-dark-blue-flat.jpg?v=1755917411,"The Love to Dream™ Sleep Bag (2.5 TOG) is a safer, cosier alternative to loose blankets, helping your little one drift off in warmth and comfort. Perfect for cooler nights, this wearable blanket is thoughtfully designed with soft organic cotton, a built-in quilted layer for extra warmth, and roomy sizing for natural movement. With twin zippers for fuss-free changes and sleeves to keep little arms snug, it’s a sleep essential that keeps baby cosy and parents reassured.",Baby & Children's Sleepwear,34.39,Natural Baby Shower Ltd,64830,,,https://images2.productserve.com/?w=200&h=200&bg=white&trim=5&t=letterbox&url=ssl%3Acdn.shopify.com%2Fs%2Ffiles%2F1%2F0690%2F1977%2Ffiles%2Flove-to-dream-sleeping-bag-dark-blue-flat.jpg%3Fv%3D1755917411&feedId=89138&k=e5d5b6cfc99c28df3fdb6596410a94ef8f9e1a9d,GBP,,,https://natural-baby-2.myshopify.com/products/love-to-dream-sleep-bag-2-5-tog-storm-blue?variant=55688484946299,,,GBP34.39,89138,Love to Dream,1,https://cdn.shopify.com/s/files/1/0690/1977/files/love-to-dream-sleeping-bag-dark-blue-lifestyle-4.jpg?v=1755917410,https://cdn.shopify.com/s/files/1/0690/1977/files/love-to-dream-sleeping-bag-dark-blue-lifestyle-3.jpg?v=1755917412,,,https://cdn.shopify.com/s/files/1/0690/1977/files/love-to-dream-sleep-suit-2.5-tog-moonlight-white-lifestyle-4.jpg?v=1755861578,Baby Sleeping Bags
https://www.awin1.com/pclick.php?p=45428355906&a=2771700&m=64830,Mountain Buggy Duet Travel System - Caviar - Caviar,45428355906,52635-83735,https://cdn.shopify.com/s/files/1/0690/1977/files/mountain-buggy-duet-travel-system-caviar-flat.jpg?v=1785280362,"From the very first journey home to family adventures off the beaten track, the Mountain Buggy Duet Travel System is designed to keep life moving with ease. Pairing the award-winning Duet V4 Pushchair with the lightweight Mountain Buggy Nest R129 i-Size Car Seat and rotating ISOFIX base, this complete travel system offers everything you need for safe, comfortable travel from birth. The Duet V4 is one of the world's slimmest all-terrain side-by-side pushchairs, making it ideal for twins or siblings without compromising on manoeuvrability. Air-filled tyres, all-wheel suspension and premium Heritage Collection finishes ensure every stroll is smooth, while lie-flat seating, breathable fabrics and UPF50+ canopies keep little ones comfortable in every season. Included in the bundle, the Nest R129 i-Size Car Seat provides advanced safety from 40-87cm (approximately birth to 20+ months). Its included 180° rotating ISOFIX base makes getting your baby in and out of the car easier than ever, while the lightweight 3.9kg design clicks effortlessly onto the Duet chassis to create a seamless travel system. With intuitive installation, extended rear-facing travel and premium comfort features, every transition is simple, secure and stress-free. Whether you're exploring woodland trails, navigating busy streets or managing life with twins or siblings, the Mountain Buggy Duet Travel System delivers exceptional flexibility, premium comfort and trusted safety for every family adventure.",Travel Systems,899,Natural Baby Shower Ltd,64830,Baby Products,599,https://images2.productserve.com/?w=200&h=200&bg=white&trim=5&t=letterbox&url=ssl%3Acdn.shopify.com%2Fs%2Ffiles%2F1%2F0690%2F1977%2Ffiles%2Fmountain-buggy-duet-travel-system-caviar-flat.jpg%3Fv%3D1785280362&feedId=89138&k=a218252262e4639474a154a6acfb157245a7c44e,GBP,,,https://natural-baby-2.myshopify.com/products/mountain-buggy-duet-travel-system-caviar?variant=56343626744187,,,GBP899.00,89138,Mountain Buggy,1,https://cdn.shopify.com/s/files/1/0690/1977/files/mountain-buggy-duet-v4-pushchair-heritage-collection-caviar-flat.jpg?v=1770251858,https://cdn.shopify.com/s/files/1/0690/1977/files/mountain-buggy-duet-v4-pushchair-heritage-collection-lifestyle-2.jpg?v=1770251861,,,https://cdn.shopify.com/s/files/1/0690/1977/files/mountain-buggy-duet-v4-pushchair-heritage-collection-lifestyle-8.jpg?v=1770251860,Travel Bundle
https://www.awin1.com/pclick.php?p=45428355907&a=2771700&m=64830,Mountain Buggy Terrain Travel System - Onyx - Onyx,45428355907,52638-83872,https://cdn.shopify.com/s/files/1/0690/1977/files/mountain-buggy-terrain-travel-system-onyx-flat.jpg?v=1785280374,"From everyday strolls to outdoor adventures, the Mountain Buggy Terrain Travel System is designed for active families who want uncompromising performance from birth. Combining the Terrain V4 Pushchair with the lightweight Mountain Buggy Nest R129 i-Size Car Seat and rotating ISOFIX base, this complete travel system delivers exceptional comfort, safety and flexibility wherever life takes you. As the powerhouse of Mountain Buggy's 3-wheel range, the Terrain V4 adapts effortlessly to every environment. Interchangeable rear wheels allow you to switch between 12"" urban tyres for city life and 16"" active tyres for off-road adventures in seconds. Advanced suspension, adjustable tracking and a hand-operated active brake provide outstanding control and stability, while the supportive sling seat offers lie-flat comfort for newborns and an upright position as your little one grows. Included in the bundle, the Nest R129 i-Size Car Seat offers trusted protection from 40-87cm (approximately birth to 20+ months). Its included 180° rotating ISOFIX base makes lifting your baby in and out of the car wonderfully easy, while intuitive visual indicators ensure secure installation every time. Weighing just 3.9kg, the car seat attaches effortlessly to the Terrain chassis, creating a seamless travel system for smooth transitions between car and pushchair. Finished with premium Heritage Collection fabrics, vegan leather accents and thoughtful details throughout, the Mountain Buggy Terrain Travel System is made for families who love to explore without compromising on comfort, style or safety.",Travel Systems,799,Natural Baby Shower Ltd,64830,Baby Products,599,https://images2.productserve.com/?w=200&h=200&bg=white&trim=5&t=letterbox&url=ssl%3Acdn.shopify.com%2Fs%2Ffiles%2F1%2F0690%2F1977%2Ffiles%2Fmountain-buggy-terrain-travel-system-onyx-flat.jpg%3Fv%3D1785280374&feedId=89138&k=6b428cb765740106ad5fec2db4a97d9174cb34a0,GBP,,,https://natural-baby-2.myshopify.com/products/mountain-buggy-terrain-travel-system-onyx?variant=56343626875259,,,GBP799.00,89138,Mountain Buggy,1,https://cdn.shopify.com/s/files/1/0690/1977/files/mountain-buggy-terrain-v4-puschair-heritage-collection-onyx-lifestyle-2.jpg?v=1770251855,https://cdn.shopify.com/s/files/1/0690/1977/files/mountain-buggy-terrain-v4-puschair-heritage-collection-onyx-lifestyle-3.jpg?v=1770251858,,,https://cdn.shopify.com/s/files/1/0690/1977/files/mountain-buggy-terrain-v4-puschair-heritage-collection-onyx-lifestyle-4.jpg?v=1770251858,Travel Bundle
https://www.awin1.com/pclick.php?p=45428355908&a=2771700&m=64830,Mountain Buggy Duet TWIN Travel System - Caviar - Caviar,45428355908,52636-83773,https://cdn.shopify.com/s/files/1/0690/1977/files/mountain-buggy-duet-twin-travel-system-caviar-flat.jpg?v=1785280377,"Designed for growing families from day one, the Mountain Buggy Duet Twin Travel System brings together the ultra-compact Duet V4 Pushchair with two Mountain Buggy Nest R129 i-Size Car Seats and two rotating ISOFIX bases. Whether you're welcoming twins or need a complete travel solution for two little ones, this bundle delivers outstanding safety, comfort and all-terrain performance from birth. Despite being a side-by-side pushchair, the Duet is no wider than many single buggies, making it remarkably easy to navigate through standard doorways, busy shops and everyday adventures. Air-filled tyres, rear-wheel suspension and three-mode front wheels provide exceptional handling across everything from city streets to countryside trails, while lie-flat sling seats, UPF50+ canopies and breathable fabrics ensure both babies travel in complete comfort. Each included Nest R129 i-Size Car Seat is suitable from 40-87cm (approximately birth to 20+ months) and pairs with its own 180° rotating ISOFIX base for effortless loading and secure installation. Lightweight yet packed with advanced safety features, the car seats offer extended rear-facing travel, intuitive visual installation indicators and one-hand release for smooth transitions from car to pushchair. Beautifully finished with premium Heritage Collection fabrics and vegan leather accents, the Mountain Buggy Duet Twin Travel System is built to adapt as your family grows, giving you confidence, flexibility and comfort wherever your adventures take you.",Travel Systems,1099,Natural Baby Shower Ltd,64830,Baby Products,599,https://images2.productserve.com/?w=200&h=200&bg=white&trim=5&t=letterbox&url=ssl%3Acdn.shopify.com%2Fs%2Ffiles%2F1%2F0690%2F1977%2Ffiles%2Fmountain-buggy-duet-twin-travel-system-caviar-flat.jpg%3Fv%3D1785280377&feedId=89138&k=8612b654247b1224a0d72a203a86adf4e0308f0c,GBP,,,https://natural-baby-2.myshopify.com/products/mountain-buggy-duet-twin-travel-system-caviar?variant=56343627006331,,,GBP1099.00,89138,Mountain Buggy,1,https://cdn.shopify.com/s/files/1/0690/1977/files/mountain-buggy-duet-v4-pushchair-heritage-collection-lifestyle-9.jpg?v=1770251866,https://cdn.shopify.com/s/files/1/0690/1977/files/mountain-buggy-nest-i-size-car-seat-base-black-lifestyle-11.jpg?v=1785280359,,,https://cdn.shopify.com/s/files/1/0690/1977/files/mountain-buggy-nest-i-size-car-seat-base-black-lifestyle-9.jpg?v=1785280359,Travel Bundle
https://www.awin1.com/pclick.php?p=36496686421&a=2771700&m=64830,Charlie Crane KUMI Crib Fitted Sheet - Milk,36496686421,38848-MIL,https://cdn.shopify.com/s/files/1/0690/1977/files/charlie-crane-kumi-crib-fitted-sheet-milk-flat-2.jpg?v=1778713427,The Charlie Crane KUMI Crib Fitted Sheet in Milk is designed to pop over your KUMI crib mattress (sold separately). This super-soft fitted sheet will keep your little one comfy whilst protecting the mattress.,Bed Sheets,25,Natural Baby Shower Ltd,64830,Baby Products,599,https://images2.productserve.com/?w=200&h=200&bg=white&trim=5&t=letterbox&url=ssl%3Acdn.shopify.com%2Fs%2Ffiles%2F1%2F0690%2F1977%2Ffiles%2Fcharlie-crane-kumi-crib-fitted-sheet-milk-flat-2.jpg%3Fv%3D1778713427&feedId=89138&k=cb08cf8b101455f5262ec8ef92cd13c5a1ae509b,GBP,,,https://natural-baby-2.myshopify.com/products/charlie-crane-kumi-crib-fitted-sheet-milk?variant=21201074454606,,,GBP25.00,89138,Charlie Crane,1,https://cdn.shopify.com/s/files/1/0690/1977/files/charlie-crane-kumi-crib-fitted-sheet-milk-flat.jpg?v=1778713427,,,,,Bedding & Sheets
https://www.awin1.com/pclick.php?p=36496686973&a=2771700&m=64830,Mushie Organic Muslin Swaddle - Dinosaurs,36496686973,43922-DNO,https://cdn.shopify.com/s/files/1/0690/1977/products/mushie-organic-muslin-swaddle-dinosaurs.jpg?v=1699417529,"The Mushie Organic Muslin Swaddle in Dinosaurs is made from 100% organic cotton and pre-washed for softness against baby’s delicate skin. Perfect for swaddling, nursing and cuddling your baby, the super-soft muslin stays breathable while keeping baby warm and secure.",Swaddling Blankets,20.69,Natural Baby Shower Ltd,64830,Baby Products,599,https://images2.productserve.com/?w=200&h=200&bg=white&trim=5&t=letterbox&url=ssl%3Acdn.shopify.com%2Fs%2Ffiles%2F1%2F0690%2F1977%2Fproducts%2Fmushie-organic-muslin-swaddle-dinosaurs.jpg%3Fv%3D1699417529&feedId=89138&k=8c22bfa937680c257a3e4b3b7cc5b33042c7c61b,GBP,,,https://natural-baby-2.myshopify.com/products/mushie-organic-muslin-swaddle-dinosaurs?variant=39430246301774,,,GBP20.69,89138,Mushie,1,https://cdn.shopify.com/s/files/1/0690/1977/products/mushie-organic-muslin-swaddle-dinosaurs-lifestyle-2.jpg?v=1699417531,https://cdn.shopify.com/s/files/1/0690/1977/products/mushie-organic-muslin-swaddle-dinosaurs-lifestyle.jpg?v=1699417532,,,,Swaddles
https://www.awin1.com/pclick.php?p=44788197681&a=2771700&m=64830,Bugaboo Organizer - Dusty Pink,44788197681,52358-70065,https://cdn.shopify.com/s/files/1/0690/1977/files/bugaboo-dusty-pink-organiser-flat.jpg?v=1779264481,"The Bugaboo Organizer is perfect for parents who love to keep their essentials close at hand. Thoughtfully designed with plenty of handy pockets, it makes staying organised effortless. It’s super easy to attach and remove thanks to the sturdy Velcro tabs, so you can pop it on your pushchair in seconds. Not just a pushchair organiser, it also transforms into a stylish and compact tote bag - simply grab and go when you’re heading out without the pushchair. Elevated in Earth-inspired tones for effortless styling, the Bugaboo Organizer is designed to last and keep up with everyday adventures. Practical, versatile, and beautifully designed, it’s a must-have for parents on the move.","Handbags, Wallets & Cases",54.95,Natural Baby Shower Ltd,64830,Bags,595,https://images2.productserve.com/?w=200&h=200&bg=white&trim=5&t=letterbox&url=ssl%3Acdn.shopify.com%2Fs%2Ffiles%2F1%2F0690%2F1977%2Ffiles%2Fbugaboo-dusty-pink-organiser-flat.jpg%3Fv%3D1779264481&feedId=89138&k=cc4553085ec4f7de197edf93af7fee40a219f300,GBP,,,https://natural-baby-2.myshopify.com/products/bugaboo-organiser-dusty-pink?variant=56218728464763,,,GBP54.95,89138,Bugaboo,1,https://cdn.shopify.com/s/files/1/0690/1977/files/bugaboo-dusty-pink-organiser-flat-2.jpg?v=1779264481,,,,,Pushchair Organiser
https://www.awin1.com/pclick.php?p=45075405164&a=2771700&m=64830,Avionaut Maxspace Smart Car Seat - Black,45075405164,52509-64947,https://cdn.shopify.com/s/files/1/0690/1977/files/avionaut-maxspace-smart-black-flat.jpg?v=1780702766,"Meet the Avionaut MaxSpace Smart Car Seat - designed to support your growing little one through everyday journeys and family adventures. Suitable from 100–150cm (approximately 15–50kg), this forward-facing car seat offers a practical solution that grows alongside your child. With flexible installation options using either ISOFIX or your vehicle's seat belt, the MaxSpace Smart is designed to fit seamlessly into family life. Featuring a reclining function and meeting ECE R129 safety standards, it brings together everyday convenience and reassurance for every journey.",Baby & Toddler Car Seats,199,Natural Baby Shower Ltd,64830,Baby Products,599,https://images2.productserve.com/?w=200&h=200&bg=white&trim=5&t=letterbox&url=ssl%3Acdn.shopify.com%2Fs%2Ffiles%2F1%2F0690%2F1977%2Ffiles%2Favionaut-maxspace-smart-black-flat.jpg%3Fv%3D1780702766&feedId=89138&k=9a8e9e7dc0a0f41c416f18e07647a6ffbab2b415,GBP,,,https://natural-baby-2.myshopify.com/products/avionaut-maxspace-smart-car-seat-black?variant=56281377866107,,,GBP199.00,89138,Avionaut,1,https://cdn.shopify.com/s/files/1/0690/1977/files/avionaut-maxspace-smart-lifestyle.jpg?v=1782366822,https://cdn.shopify.com/s/files/1/0690/1977/files/avionaut-maxspace-smart-black-flat-5.jpg?v=1780702767,,,https://cdn.shopify.com/s/files/1/0690/1977/files/avionaut-maxspace-smart-black-flat-3.jpg?v=1780702766,Car Seats
https://www.awin1.com/pclick.php?p=36496680218&a=2771700&m=64830,Britax Romer Seat Organiser - Black,36496680218,47599-68825,https://cdn.shopify.com/s/files/1/0690/1977/files/britax-seat-organiser-black-flat.jpg?v=1699492356,"The Britax Romer Seat Organiser in Black can easily be attached to your cars front seats. It not only protects the seat from dirty feet but also offers plenty of space for toys, drinks and snacks within your little one's reach. So you and your baby can enjoy a pleasant and stress-free journey.",Car Seat Travel Bags,12,Natural Baby Shower Ltd,64830,,,https://images2.productserve.com/?w=200&h=200&bg=white&trim=5&t=letterbox&url=ssl%3Acdn.shopify.com%2Fs%2Ffiles%2F1%2F0690%2F1977%2Ffiles%2Fbritax-seat-organiser-black-flat.jpg%3Fv%3D1699492356&feedId=89138&k=e88d31745fd6b666fe0711296e3b4514ef2bec4a,GBP,,,https://natural-baby-2.myshopify.com/products/britax-seat-organiser-black?variant=40264495104078,,,GBP12.00,89138,Britax Römer,1,https://cdn.shopify.com/s/files/1/0690/1977/files/britax-seat-organiser-black-lifestyle.jpg?v=1699492358,https://cdn.shopify.com/s/files/1/0690/1977/files/britax-seat-organiser-black-flat-3.jpg?v=1699492359,,,https://cdn.shopify.com/s/files/1/0690/1977/files/britax-seat-organiser-black-flat-2.jpg?v=1699492360,Pushchair Organiser
https://www.awin1.com/pclick.php?p=36496693231&a=2771700&m=64830,Ergobaby Omni Classic Carrier - Cotton - Pure Black,36496693231,35738-PB,https://cdn.shopify.com/s/files/1/0690/1977/products/Ergobaby-Omni-360-Carrier---Pure-Black-Front.jpg?v=1763646245,"A four-position, newborn-ready carrier designed for baby's first 48 months, with patented, industry-leading ergonomic support for everyday comfort and versatility.",Baby Carriers,164.9,Natural Baby Shower Ltd,64830,Children's Accessories,539,https://images2.productserve.com/?w=200&h=200&bg=white&trim=5&t=letterbox&url=ssl%3Acdn.shopify.com%2Fs%2Ffiles%2F1%2F0690%2F1977%2Fproducts%2FErgobaby-Omni-360-Carrier---Pure-Black-Front.jpg%3Fv%3D1763646245&feedId=89138&k=19b1807205306c6df41ca03297d2e47fd503500d,GBP,,,https://natural-baby-2.myshopify.com/products/ergobaby-omni-360-carrier-pure-black?variant=44080232846,,,GBP164.90,89138,Ergobaby,1,https://cdn.shopify.com/s/files/1/0690/1977/files/rgobaby-omni-classic-cotton-baby-carrier-pure-black-flat.jpg?v=1778626808,https://cdn.shopify.com/s/files/1/0690/1977/files/rgobaby-omni-classic-cotton-baby-carrier-pure-black-lifestyle-3.jpg?v=1778626815,,,https://cdn.shopify.com/s/files/1/0690/1977/files/rgobaby-omni-classic-cotton-baby-carrier-pure-black-flat-6.jpg?v=1778626811,Baby Carrier & Sling
https://www.awin1.com/pclick.php?p=44911357449&a=2771700&m=64830,Stokke® Sleepi™ Mini Fitted Sheet - Birch Beige,44911357449,52157-30145,https://cdn.shopify.com/s/files/1/0690/1977/files/stokke-sleepi-mini-fitted-sheet-birch-beige-flat_2348b114-853b-4942-8ac7-4052ee3a5461.jpg?v=1780474645,"The Stokke Sleepi Mini Fitted Sheet in Birch Beige is a soft and breathable cotton sheet, gentle on delicate skin and offering ultimate comfort for peaceful nights. With elastic all the way around, it provides a secure, snug fit, ensuring a safe and restful sleep for your baby. Crafted with quality and safety in mind, the Stokke Sleepi Mini Fitted Sheet is Oeko-Tex® Standard 100, Class 1 approved, meaning it’s free from harmful substances and it's available in a range of playful colours, so you can find the perfect match for your nursery décor. For dreamy nights and cosy naps, this fitted sheet is the perfect finishing touch for your baby's Stokke® Sleepi™ Mini Bed.",Bed Sheets,26,Natural Baby Shower Ltd,64830,Baby Products,599,https://images2.productserve.com/?w=200&h=200&bg=white&trim=5&t=letterbox&url=ssl%3Acdn.shopify.com%2Fs%2Ffiles%2F1%2F0690%2F1977%2Ffiles%2Fstokke-sleepi-mini-fitted-sheet-birch-beige-flat_2348b114-853b-4942-8ac7-4052ee3a5461.jpg%3Fv%3D1780474645&feedId=89138&k=2197987cbdbdb3a7b8baa6b5472b3811d1d73e30,GBP,,,https://natural-baby-2.myshopify.com/products/stokke-sleepi-mini-fitted-sheet-birch-beige?variant=56125159440763,,,GBP26.00,89138,Stokke,1,,,,,,Bedding & Sheets
https://www.awin1.com/pclick.php?p=36496691707&a=2771700&m=64830,Elodie Details Portable Changing Pad - Off Black,36496691707,39983-OB,https://cdn.shopify.com/s/files/1/0690/1977/products/Elodie-Details-Portable-Changing-Pad---Off-Black.jpg?v=1699367206,"The Elodie Details Portable Changing Pad in Off Black is ideal to keep in your changing bag for on the go. Designed with removable and washable terrycloth as well as smart pockets for nappies, creams and baby wipes.",Changing Mats & Trays,39.95,Natural Baby Shower Ltd,64830,Baby Products,599,https://images2.productserve.com/?w=200&h=200&bg=white&trim=5&t=letterbox&url=ssl%3Acdn.shopify.com%2Fs%2Ffiles%2F1%2F0690%2F1977%2Fproducts%2FElodie-Details-Portable-Changing-Pad---Off-Black.jpg%3Fv%3D1699367206&feedId=89138&k=2e0422a8c07a978c94b11528c0bf998d8fd1d9d9,GBP,,,https://natural-baby-2.myshopify.com/products/elodie-details-portable-changing-pad-off-black?variant=29144319426638,,,GBP39.95,89138,Elodie Details,1,https://cdn.shopify.com/s/files/1/0690/1977/products/Elodie-Details-Portable-Changing-Pad---Off-Black-3.jpg?v=1699367208,https://cdn.shopify.com/s/files/1/0690/1977/products/Elodie-Details-Portable-Changing-Pad---Off-Black-1.jpg?v=1699367209,,,,Portable Changing Mat
https://www.awin1.com/pclick.php?p=45224937335&a=2771700&m=64830,Flybaby Baby Carrier - Mokka,45224937335,52375-20194,https://cdn.shopify.com/s/files/1/0690/1977/files/lybaby-baby-carrier-mokka-flat.jpg?v=1777511139,"Designed to bring you and your baby closer, the Flybaby Baby Carrier blends thoughtful innovation with beautifully simple design. Crafted from an ultra-soft 3D-knit fabric, it offers a gentle, second-skin feel while evenly distributing weight to keep both you and your little one comfortable throughout the day. From those first newborn snuggles to busy days on the go, Flybaby adapts effortlessly as your baby grows. The breathable knit helps regulate temperature, while the ergonomic design supports your baby in the natural M-position for healthy development - certified by the International Hip Dysplasia Institute. Lightweight, compact and easy to use, it slips neatly into your bag and is always ready when you need it - whether you’re heading out for a stroll or simply enjoying a quiet moment together at home. Thoughtfully made using recycled materials and designed to last, it’s a carrier you’ll reach for every day. Loved by parents and recommended by midwives, Flybaby brings comfort, closeness and calm to your everyday routine.",Baby Carriers,229,Natural Baby Shower Ltd,64830,Children's Accessories,539,https://images2.productserve.com/?w=200&h=200&bg=white&trim=5&t=letterbox&url=ssl%3Acdn.shopify.com%2Fs%2Ffiles%2F1%2F0690%2F1977%2Ffiles%2Flybaby-baby-carrier-mokka-flat.jpg%3Fv%3D1777511139&feedId=89138&k=12fedc74fc9b752b9219d3a17bf5b281b88740fa,GBP,,,https://natural-baby-2.myshopify.com/products/flybaby-baby-carrier-mokka?variant=56223034311035,,,GBP229.00,89138,Flybaby,1,https://cdn.shopify.com/s/files/1/0690/1977/files/flybaby-baby-carrier-mokka-lifestyle-3.jpg?v=1778572236,https://cdn.shopify.com/s/files/1/0690/1977/files/flybaby-baby-carrier-mokka-lifestyle.jpg?v=1778572236,,,https://cdn.shopify.com/s/files/1/0690/1977/files/flybaby-baby-carrier-mokka-lifestyle-2.jpg?v=1778572237,Baby Carrier & Sling
https://www.awin1.com/pclick.php?p=44009437464&a=2771700&m=64830,Mama Shack Foldable Travel Changing Mat - Vintage Bear,44009437464,51399-67237,https://cdn.shopify.com/s/files/1/0690/1977/files/mama-shack-foldable-travel-mat-vintage-bear-flat.jpg?v=1770938426,"Say hello to stress-free, on-the-go nappy changes with Mama Shack's Foldable Travel Mat. Lightweight, portable, and easy to fold with a secure popper fastening, this mat is a must-have for any busy parent. Perfect for covering public changing tables or for quick, convenient changes at the park, pool, or while on holiday. Compact and versatile, it fits perfectly inside changing bags and nappy caddies.",Changing Mats & Trays,14,Natural Baby Shower Ltd,64830,Baby Products,599,https://images2.productserve.com/?w=200&h=200&bg=white&trim=5&t=letterbox&url=ssl%3Acdn.shopify.com%2Fs%2Ffiles%2F1%2F0690%2F1977%2Ffiles%2Fmama-shack-foldable-travel-mat-vintage-bear-flat.jpg%3Fv%3D1770938426&feedId=89138&k=b42204981aabe0f7174e92baea75786aa856d288,GBP,,,https://natural-baby-2.myshopify.com/products/mama-shack-foldableoldabe-travel-mat-vintage-bear?variant=55843015557499,,,GBP14.00,89138,Mama Shack,1,https://cdn.shopify.com/s/files/1/0690/1977/files/mama-shack-foldable-travel-mat-vintage-bear-lifestyle-2.jpg?v=1770938428,https://cdn.shopify.com/s/files/1/0690/1977/files/mama-shack-foldable-travel-mat-vintage-bear-lifestyle.jpg?v=1770922768,,,,Portable Changing Mat
https://www.awin1.com/pclick.php?p=43087277776&a=2771700&m=64830,Baby Brezza Food Maker Deluxe - Black & White,43087277776,51495-46268,https://cdn.shopify.com/s/files/1/0690/1977/files/baby-brezza-food-maker-deluxe-black-white-flat-2.jpg?v=1762299318,"Make healthy, homemade baby meals the easy way with the Baby Brezza One Step Food Maker Deluxe. Designed to simplify family life, this clever appliance steams and blends food automatically in one simple step. In as little as 10 minutes, you can create up to 820ml of nutritious, delicious baby food made from real, fresh ingredients. With three easy-to-use settings - Steam & Blend, Steam Only, or Blend Only - and an intuitive LCD control panel, it’s never been simpler to prepare smooth purées or textured meals for every stage of your baby’s weaning journey. It even comes with three reusable pouches and funnels to make, store, and serve food conveniently at home or on the go. Thoughtfully designed to save you time while helping you nourish your little one with wholesome, homemade meals, the Baby Brezza Food Maker Deluxe truly takes the fuss out of feeding.",Food Mixers & Blenders,175,Natural Baby Shower Ltd,64830,Other Appliances,404,https://images2.productserve.com/?w=200&h=200&bg=white&trim=5&t=letterbox&url=ssl%3Acdn.shopify.com%2Fs%2Ffiles%2F1%2F0690%2F1977%2Ffiles%2Fbaby-brezza-food-maker-deluxe-black-white-flat-2.jpg%3Fv%3D1762299318&feedId=89138&k=f6b343c06dcf73f8ca676a658e29b073d3f7aba1,GBP,,,https://natural-baby-2.myshopify.com/products/baby-brezza-food-maker-deluxe-black-white?variant=55888137191803,,,GBP175.00,89138,Baby Brezza,1,https://cdn.shopify.com/s/files/1/0690/1977/files/baby-brezza-food-maker-deluxe-black-white-lifestyle.jpg?v=1762299320,https://cdn.shopify.com/s/files/1/0690/1977/files/baby-brezza-food-maker-deluxe-black-white-lifestyle-10.jpg?v=1762299321,,,https://cdn.shopify.com/s/files/1/0690/1977/files/baby-brezza-food-maker-deluxe-black-white-lifestyle-9.jpg?v=1762299323,Formula Prep Machine
https://www.awin1.com/pclick.php?p=36496686435&a=2771700&m=64830,Etta Loves XL Muslin 0-4m - Starfish,36496686435,38918-STA,https://cdn.shopify.com/s/files/1/0690/1977/products/etta-loves-xl-muslin-0-4m-starfish.jpg?v=1699358802,"The Etta Loves Sensory XL Muslin 0-4m in Starfish print is perfect for cuddles, spillages, for using as a lightweight blanket, breastfeeding cover or to put over a playmat to encourage tummy time. You can even wind it up in a car window for shade and stimulation for calmer car journeys. Designed to the millimetre to support babies' cognitive and visual development between birth and around four months.",Swaddling Blankets,19,Natural Baby Shower Ltd,64830,Baby Products,599,https://images2.productserve.com/?w=200&h=200&bg=white&trim=5&t=letterbox&url=ssl%3Acdn.shopify.com%2Fs%2Ffiles%2F1%2F0690%2F1977%2Fproducts%2Fetta-loves-xl-muslin-0-4m-starfish.jpg%3Fv%3D1699358802&feedId=89138&k=7ca8a9b8f33e9eace208217c7d2cae8144bb7676,GBP,,,https://natural-baby-2.myshopify.com/products/etta-loves-xl-muslin-0-4m-starfish?variant=21225665527886,,,GBP19.00,89138,Etta Loves,1,https://cdn.shopify.com/s/files/1/0690/1977/products/Etta-Loves-XL-Muslin-0-4m---Starfish-1.jpg?v=1699358804,https://cdn.shopify.com/s/files/1/0690/1977/products/Etta-Loves-XL-Muslin-0-4m---Starfish.jpg?v=1699358805,,,,Muslins
https://www.awin1.com/pclick.php?p=36496686436&a=2771700&m=64830,Etta Loves XL Muslin 0-4m - Dandelion,36496686436,38918-DAN,https://cdn.shopify.com/s/files/1/0690/1977/products/etta-loves-xl-muslin-0-4m-dandelion.jpg?v=1699358807,"The Etta Loves Sensory XL Muslin 0-4m in Dandelion print is perfect for cuddles, spillages, for using as a lightweight blanket, breastfeeding cover or to put over a playmat to encourage tummy time. You can even wind it up in a car window for shade and stimulation for calmer car journeys. Designed to the millimetre to support babies' cognitive and visual development between birth and around four months.",Swaddling Blankets,19,Natural Baby Shower Ltd,64830,Baby Products,599,https://images2.productserve.com/?w=200&h=200&bg=white&trim=5&t=letterbox&url=ssl%3Acdn.shopify.com%2Fs%2Ffiles%2F1%2F0690%2F1977%2Fproducts%2Fetta-loves-xl-muslin-0-4m-dandelion.jpg%3Fv%3D1699358807&feedId=89138&k=9cf240e5bad72fab166a3e73925bd178087ec3f8,GBP,,,https://natural-baby-2.myshopify.com/products/etta-loves-xl-muslin-0-4m-dandelion?variant=21225665691726,,,GBP19.00,89138,Etta Loves,1,https://cdn.shopify.com/s/files/1/0690/1977/products/etta-loves-xl-muslin-0-4m-dandelion-lifestyle.jpg?v=1699358808,https://cdn.shopify.com/s/files/1/0690/1977/files/ETTA-LOVES-XL-MUSLIN.jpg?v=1749657426,,,https://cdn.shopify.com/s/files/1/0690/1977/products/etta-loves-xl-muslin-0-4m-dandelion-2.jpg?v=1749657422,Muslins
https://www.awin1.com/pclick.php?p=37542009473&a=2771700&m=64830,MORI Baby Mittens - Oatmeal Stripe,37542009473,48880-29416,https://cdn.shopify.com/s/files/1/0690/1977/files/mori-mittens-oatmeal-stripe-flat.jpg?v=1711149283,"The MORI Baby Mittens in Oatmeal Stripe will keep your little one nice and warm, made from MORI's signature organic cotton + bamboo fabric to help keep little ones cosy on chilly days.",Baby & Children's Gloves & Mittens,7.5,Natural Baby Shower Ltd,64830,,,https://images2.productserve.com/?w=200&h=200&bg=white&trim=5&t=letterbox&url=ssl%3Acdn.shopify.com%2Fs%2Ffiles%2F1%2F0690%2F1977%2Ffiles%2Fmori-mittens-oatmeal-stripe-flat.jpg%3Fv%3D1711149283&feedId=89138&k=260b0b6cde91a53d430827bd878b28d7c5ba9521,GBP,,,https://natural-baby-2.myshopify.com/products/mori-baby-mittens-oatmeal-stripe?variant=40792992940110,,,GBP7.50,89138,MORI,1,,,,,,Mittens
https://www.awin1.com/pclick.php?p=44672706517&a=2771700&m=64830,MORI Ribbed Front Opening Year Round Sleeping Bag 1.5 TOG - Mint - 0-6m,44672706517,48900-77567,https://cdn.shopify.com/s/files/1/0690/1977/files/mori-ribbed-sleeping-bag-mint-flat-3.jpg?v=1711149292,"The MORI Ribbed Front Opening Year Round Sleeping Bag 1.5 TOG in Mint is is designed to keep little ones warm in the colder months. Crafted in our softest organic cotton bamboo fabric for a gentle touch on a little one's sensitive skin. The Sleeping Bag features a concealed zip-up front to make getting ready for bed simpler. Sizes 6-24m + 2-4y are adjustable to grow with your baby or toddler. This sleeping bag has been designed to be used instead of a blanket, as they can cause safety issues including waking up uncovered and increasing the risk of SIDS. Sleeping bags act as a wearable blanket, which can’t be kicked off, helping you as a parent to have peace of mind when putting your baby to sleep. We would recommend that you make sure your baby’s head cannot pass through the neck hole when fastened; if it can, the sleeping bag is too big.",Baby & Children's Sleepwear,42.5,Natural Baby Shower Ltd,64830,,,https://images2.productserve.com/?w=200&h=200&bg=white&trim=5&t=letterbox&url=ssl%3Acdn.shopify.com%2Fs%2Ffiles%2F1%2F0690%2F1977%2Ffiles%2Fmori-ribbed-sleeping-bag-mint-flat-3.jpg%3Fv%3D1711149292&feedId=89138&k=42dbdc65580494b180e4173fd2ac4cd65bd188f1,GBP,,,https://natural-baby-2.myshopify.com/products/mori-ribbed-front-opening-year-round-sleeping-bag-1-5-tog-mint?variant=40795231977550,,,GBP42.50,89138,MORI,1,https://cdn.shopify.com/s/files/1/0690/1977/files/mori-ribbed-sleeping-bag-mint-flat-2.jpg?v=1711149296,https://cdn.shopify.com/s/files/1/0690/1977/files/mori-ribbed-sleeping-bag-mint-flat.jpg?v=1711149301,,,,Baby Sleeping Bags
https://www.awin1.com/pclick.php?p=41577113532&a=2771700&m=64830,Etta Loves XL Muslin - Sycamore,41577113532,38919-SYC,https://cdn.shopify.com/s/files/1/0690/1977/products/etta-loves-xl-muslin_-sycamore.jpg?v=1699423090,"Designed to inspire little eyes and calm busy days, the Etta Loves XL Muslin in Sycamore is a versatile essential with a clever twist. The beautiful, nature-inspired print is carefully crafted to support your baby’s developing vision from around five months onwards, using the latest research into infant visual development. From cuddles and feeding to tummy time and car journeys, this generously sized muslin is there for every moment – soft, sustainable, and scientifically designed to bring a sense of calm and wonder. Made from 100% GOTS certified organic cotton, it’s gentle on delicate skin and kinder to the planet too.",Swaddling Blankets,19,Natural Baby Shower Ltd,64830,Baby Products,599,https://images2.productserve.com/?w=200&h=200&bg=white&trim=5&t=letterbox&url=ssl%3Acdn.shopify.com%2Fs%2Ffiles%2F1%2F0690%2F1977%2Fproducts%2Fetta-loves-xl-muslin_-sycamore.jpg%3Fv%3D1699423090&feedId=89138&k=2335f9a868c0ae7c1ac68a44dcf333a0320ef0f3,GBP,,,https://natural-baby-2.myshopify.com/products/etta-loves-xl-muslin-sycamore?variant=39502946435150,,,GBP19.00,89138,Etta Loves,1,https://cdn.shopify.com/s/files/1/0690/1977/products/etta-loves-muslin-blanket-plant-lifestyle_4a8a5694-5c10-44f4-8b7f-9b37f7a99bc2.jpg?v=1699423091,https://cdn.shopify.com/s/files/1/0690/1977/products/etta-loves-muslin-blanket-plant-2.jpg?v=1699423092,,,,Muslins
https://www.awin1.com/pclick.php?p=45412017061&a=2771700&m=64830,Thule Urban Glide 3 Travel System - Mid Blue,45412017061,48753-64840-TS-B,https://cdn.shopify.com/s/files/1/0690/1977/files/thule-urban-glide-3-stroller-mid-blue-flat-11.jpg?v=1727772911,"Made for everyday adventures from those first newborn strolls onwards, the Thule Urban Glide 3 Travel System brings everything you need for comfortable, confident journeys together in one beautifully considered bundle. Choose from Black or Mid Blue and enjoy a complete setup that moves seamlessly from car to pushchair, city streets to country paths, and newborn days to toddler adventures. At the heart of the system is the Thule Urban Glide 3, a lightweight all-terrain stroller with large air-filled tyres, smooth manoeuvrability and a supportive, adjustable seat. For newborns, the Thule 3 Bassinet creates a cosy, ventilated lie-flat space with a UPF 50+ canopy, while the included raincover helps keep little ones protected when the weather turns. When it’s time to travel by car, the Thule Maple Infant Car Seat pairs with the Thule Alfi ISOFIX Base for a secure, streamlined setup. EasyDock technology makes attaching the car seat simple, while the 180° rotation on the Alfi base makes getting your little one in and out of the car easier. The included Urban Glide 3 Single Adapter lets you click the Maple onto the stroller frame for convenient transitions without disturbing a sleeping baby. Thoughtfully chosen to make family life a little easier, this complete travel system has comfort, practicality and adventure covered — with rain covers for both the stroller and bassinet included for all-weather outings.",Travel Systems,1717.95,Natural Baby Shower Ltd,64830,Baby Products,599,https://images2.productserve.com/?w=200&h=200&bg=white&trim=5&t=letterbox&url=ssl%3Acdn.shopify.com%2Fs%2Ffiles%2F1%2F0690%2F1977%2Ffiles%2Fthule-urban-glide-3-stroller-mid-blue-flat-11.jpg%3Fv%3D1727772911&feedId=89138&k=d8893cc21f1d02642b75ce970dadac681b56302f,GBP,,,https://natural-baby-2.myshopify.com/products/thule-urban-glide-3-travel-system-mid-blue?variant=56357939478907,,,GBP1717.95,89138,Thule,1,https://cdn.shopify.com/s/files/1/0690/1977/files/thule-urban-glide-3-stroller-mid-blue-lifestyle.jpg?v=1775808331,https://cdn.shopify.com/s/files/1/0690/1977/files/thule-urban-glide-3-stroller-mid-blue-lifestyle-2.jpg?v=1775808331,,,https://cdn.shopify.com/s/files/1/0690/1977/files/thule-urban-glide-3-stroller-mid-blue-flat-11.jpg?v=1727772911,Travel Bundle
https://www.awin1.com/pclick.php?p=36496685138&a=2771700&m=64830,BeSafe iZi Twist i-Size Car Seat - Fresh Black Cab,36496685138,40734-FBC,https://cdn.shopify.com/s/files/1/0690/1977/products/BeSafe-iZi-Twist-i-Size-Car-Seat---Fresh-Black-Cab.jpg?v=1699375441,"The BeSafe iZi Twist i-Size Car Seat in Fresh Black Cab is a rotation seat that has passed the world’s toughest crash test ""the Plus Test"". It also offers advanced levels of comfort and adjustability for your little one. The convenient side-to-side rotation allows you to easily take your child in and out of the seat by rotating it towards you. Fresh Black Cab is BeSafe's basic fabric. It's a woven fabric with a sturdy structure for easy maintenance, made from 100% recycled polyester.",Baby & Toddler Car Seats,299,Natural Baby Shower Ltd,64830,Baby Products,599,https://images2.productserve.com/?w=200&h=200&bg=white&trim=5&t=letterbox&url=ssl%3Acdn.shopify.com%2Fs%2Ffiles%2F1%2F0690%2F1977%2Fproducts%2FBeSafe-iZi-Twist-i-Size-Car-Seat---Fresh-Black-Cab.jpg%3Fv%3D1699375441&feedId=89138&k=84c829552be32aec76ea959c5b86e8d2b8a518b0,GBP,,,https://natural-baby-2.myshopify.com/products/besafe-izi-twist-i-size-car-seat-fresh-black-cab?variant=31274094624846,,,GBP299.00,89138,BeSafe,1,https://cdn.shopify.com/s/files/1/0690/1977/products/BeSafe-iZi-Twist-i-Size-Car-Seat_1e332401-f307-4156-b642-5eef0e6dafe6.jpg?v=1699375443,https://cdn.shopify.com/s/files/1/0690/1977/products/11008117_BeSafe_iZi-Twist-i-Size_Fresh-Black-Cab_Front_Copy.jpg?v=1699375444,,,https://cdn.shopify.com/s/files/1/0690/1977/products/11008117_BeSafe_iZi-Twist-i-Size_Fresh-Black-Cab_Right_SIP__Copy.jpg?v=1699375445,Car Seats
https://www.awin1.com/pclick.php?p=43012606017&a=2771700&m=64830,Ergobaby Omni Classic Carrier - Mesh - Natural Beige,43012606017,51341-60349,https://cdn.shopify.com/s/files/1/0690/1977/files/ergobaby-omni-classic-mesh-natural-beige-flat-1.jpg?v=1781823736,"A four-position, newborn-ready carrier designed for baby's first 48 months, with patented, industry-leading ergonomic support for everyday comfort and versatility.",Baby Carriers,147,Natural Baby Shower Ltd,64830,Children's Accessories,539,https://images2.productserve.com/?w=200&h=200&bg=white&trim=5&t=letterbox&url=ssl%3Acdn.shopify.com%2Fs%2Ffiles%2F1%2F0690%2F1977%2Ffiles%2Fergobaby-omni-classic-mesh-natural-beige-flat-1.jpg%3Fv%3D1781823736&feedId=89138&k=697bd4b4dfe3761b771f731b0ccb97681ebd7f90,GBP,,,https://natural-baby-2.myshopify.com/products/ergobaby-omni-classic-mesh-baby-carrier-natural-beige?variant=55831351230843,,,GBP147.00,89138,Ergobaby,1,https://cdn.shopify.com/s/files/1/0690/1977/files/ergobaby-omni-classic-mesh-baby-carrier-natural-beige-flat_f9b11b86-40ee-4b62-91d5-5f13b2662d60.jpg?v=1778629186,https://cdn.shopify.com/s/files/1/0690/1977/files/ergobaby-omni-classic-mesh-baby-carrier-natural-beige-lifestyle-3.jpg?v=1778629188,,,https://cdn.shopify.com/s/files/1/0690/1977/files/ergobaby-omni-classic-mesh-baby-carrier-natural-beige-lifestyle-7.jpg?v=1778629189,Baby Carrier & Sling