aw_deep_link,product_name,aw_product_id,merchant_product_id,merchant_image_url,description,merchant_category,search_price,merchant_name,merchant_id,category_name,category_id,aw_image_url,currency,store_price,delivery_cost,merchant_deep_link,language,last_updated,display_price,data_feed_id,brand_name,in_stock,alternate_image,alternate_image_two,alternate_image_four,large_image,alternate_image_three,category
https://www.awin1.com/cread.php?awinmid=103277&awinaffid=2771700&ued=https%3A%2F%2Fwww.tuttibambini.com%2Fproducts%2Fcozee-bedside-crib-oak-and-charcoal,CoZee Bedside Crib - Oak/Charcoal - Oak & Charcoal,53769536110917,211205/3590,https://cdn.shopify.com/s/files/1/0892/1923/6165/files/CoZee-Bedside-Crib-in-Oak-and-Charcoal.jpg?v=1762427775,"The Tutti Bambini CoZee Bedside Crib in Oak and Charcoal offers a stylish, practical solution for co-sleeping with your baby from birth until approximately six months. Its clever design ensures your baby sleeps safely and comfortably right by your side. With quick assembly, adjustable height, and a breathable air-mesh mattress, it fits snugly alongside any bed. The CoZee is perfect for parents seeking both safety and style, allowing for peaceful nights while keeping your little one close.",Furniture > Baby & Toddler Furniture > Cribs & Toddler Beds,119,Tutti Bambini,103277,Furniture > Baby & Toddler Furniture > Cribs & Toddler Beds,Furniture > Baby & Toddler Furniture > Cribs & Toddler Beds,https://cdn.shopify.com/s/files/1/0892/1923/6165/files/CoZee-Bedside-Crib-in-Oak-and-Charcoal.jpg?v=1762427775,£,119,119,https://www.tuttibambini.com/products/cozee-bedside-crib-oak-and-charcoal,,,£119.00,,Tutti Bambini,in_stock,,,,,,Next-to-Me Crib
https://www.awin1.com/cread.php?awinmid=103277&awinaffid=2771700&ued=https%3A%2F%2Fwww.tuttibambini.com%2Fproducts%2Fcozee-air-bedside-crib-oak-and-charcoal,CoZee Air Bedside Crib - Oak/Charcoal - Oak & Charcoal,53769538502981,211207/3590,https://cdn.shopify.com/s/files/1/0892/1923/6165/files/CoZee-Air-Bedside-Crib-Oak-Charcoal.jpg?v=1744798924,"The CoZee Air Bedside Crib in Oak and Charcoal is the perfect sleeping solution for your little one. Equipped with rocking bars, castors for easy mobility, and ventilation panels, it offers gentle airflow to keep your baby comfortable. The deluxe airflow mattress ensures a breathable surface for restful sleep, while height adjustability aligns perfectly with your bed for safe side-by-side slumber.",Furniture > Baby & Toddler Furniture > Cribs & Cradles,225,Tutti Bambini,103277,Furniture > Baby & Toddler Furniture > Cribs & Cradles,Furniture > Baby & Toddler Furniture > Cribs & Cradles,https://cdn.shopify.com/s/files/1/0892/1923/6165/files/CoZee-Air-Bedside-Crib-Oak-Charcoal.jpg?v=1744798924,£,225,225,https://www.tuttibambini.com/products/cozee-air-bedside-crib-oak-and-charcoal,,,£225.00,,Tutti Bambini,in_stock,,,,,,Next-to-Me Crib
https://www.awin1.com/cread.php?awinmid=103277&awinaffid=2771700&ued=https%3A%2F%2Fwww.tuttibambini.com%2Fproducts%2Fcozee-mattress-protector,CoZee Bedside Crib Waterproof Mattress Protector - White,53769542500677,211235,https://cdn.shopify.com/s/files/1/0892/1923/6165/files/CoZee-Bedside-Crib-Waterproof-Cotton-Mattress-Protector-Box.jpg?v=1744635526,"Keep your CoZee Bedside Crib Mattress safe from little accidents with this Waterproof Mattress Protector made from machine washable, absorbent cotton and designed to go under your crib fitted sheets.",Furniture > Baby & Toddler Furniture > Cot & Toddler Bed Accessories > Cot Bumpers & Liners,22,Tutti Bambini,103277,Furniture > Baby & Toddler Furniture > Cot & Toddler Bed Accessories > Cot Bumpers & Liners,Furniture > Baby & Toddler Furniture > Cot & Toddler Bed Accessories > Cot Bumpers & Liners,https://cdn.shopify.com/s/files/1/0892/1923/6165/files/CoZee-Bedside-Crib-Waterproof-Cotton-Mattress-Protector-Box.jpg?v=1744635526,£,22,22,https://www.tuttibambini.com/products/cozee-mattress-protector,,,£22.00,,Tutti Bambini,in_stock,,,,,,Bedding & Sheets
https://www.awin1.com/cread.php?awinmid=103277&awinaffid=2771700&ued=https%3A%2F%2Fwww.tuttibambini.com%2Fproducts%2Fcozee-breathable-mattress-protector,CoZee Breathable Mattress Protector - White,53769542926661,211236,https://cdn.shopify.com/s/files/1/0892/1923/6165/files/CoZee-Breathable-Mattress-Protector-Box.jpg?v=1744635364,Protect your CoZee Bedside Crib Mattress from little accidents with a high quality waterproof and breathable mattress protector. The CoZee Breathable Mattress Protector is designed for comfort and goes directly under your Crib Fitted Sheets.,Home & Garden > Linens & Bedding > Bedding > Mattress Protectors,26,Tutti Bambini,103277,Home & Garden > Linens & Bedding > Bedding > Mattress Protectors,Home & Garden > Linens & Bedding > Bedding > Mattress Protectors,https://cdn.shopify.com/s/files/1/0892/1923/6165/files/CoZee-Breathable-Mattress-Protector-Box.jpg?v=1744635364,£,26,26,https://www.tuttibambini.com/products/cozee-breathable-mattress-protector,,,£26.00,,Tutti Bambini,in_stock,,,,,,Bedding & Sheets
https://www.awin1.com/cread.php?awinmid=103277&awinaffid=2771700&ued=https%3A%2F%2Fwww.tuttibambini.com%2Fproducts%2Fcozee-fitted-sheets-2-pack-grey-cloud,CoZee Fitted Sheets (2 Pack) - Grey,53769543483717,211215/9354,https://cdn.shopify.com/s/files/1/0892/1923/6165/files/CoZee-Fitted-Sheets-Grey-And-Cloud-Packaged-View-Cutout.png?v=1748435748,"Made from extra soft breathable cotton, these Crib Fitted Sheets are perfect for dressing your CoZee Bedside Crib. Find two contrasting fitted crib sheets in a cloud grey colour, designed to complement your CoZee crib.",Home & Garden > Linens & Bedding > Bedding > Bed Sheets,28,Tutti Bambini,103277,Home & Garden > Linens & Bedding > Bedding > Bed Sheets,Home & Garden > Linens & Bedding > Bedding > Bed Sheets,https://cdn.shopify.com/s/files/1/0892/1923/6165/files/CoZee-Fitted-Sheets-Grey-And-Cloud-Packaged-View-Cutout.png?v=1748435748,£,28,28,https://www.tuttibambini.com/products/cozee-fitted-sheets-2-pack-grey-cloud,,,£28.00,,Tutti Bambini,in_stock,,,,,,Bedding & Sheets
https://www.awin1.com/cread.php?awinmid=103277&awinaffid=2771700&ued=https%3A%2F%2Fwww.tuttibambini.com%2Fproducts%2Frio-cot-bed-with-cot-top-changer-white,Rio Cot Bed with Cot Top Changer & Mattress - White - White,53769554035013,211030/11C,https://cdn.shopify.com/s/files/1/0892/1923/6165/files/rio-cot-bed-with-top-changer-in-white-nursery-view.jpg?v=1747232759,"Introducing our Rio Cot Bed in White, a versatile option complete with a Mattress and a practical Cot Top Changer. Designed for longevity, the Rio cot bed is crafted from solid New Zealand Pine and converts to a toddler bed, providing a cosy slumber for years to come.",Furniture > Baby & Toddler Furniture > Cribs & Toddler Beds,249,Tutti Bambini,103277,Furniture > Baby & Toddler Furniture > Cribs & Toddler Beds,Furniture > Baby & Toddler Furniture > Cribs & Toddler Beds,https://cdn.shopify.com/s/files/1/0892/1923/6165/files/rio-cot-bed-with-top-changer-in-white-nursery-view.jpg?v=1747232759,£,249,249,https://www.tuttibambini.com/products/rio-cot-bed-with-cot-top-changer-white,,,£249.00,,Tutti Bambini,in_stock,,,,,,Nursery Furniture Piece
https://www.awin1.com/cread.php?awinmid=103277&awinaffid=2771700&ued=https%3A%2F%2Fwww.tuttibambini.com%2Fproducts%2Frio-cot-bed-with-cot-top-changer-dove-grey-oak,Rio Cot Bed with Cot Top Changer & Mattress - Dove Grey/Oak - Dove Grey & Honey Oak,53769556492613,211030/7235C,https://cdn.shopify.com/s/files/1/0892/1923/6165/files/rio-cot-bed-with-top-changer-in-dove-grey-oak-nursery-view.jpg?v=1747233429,"The Rio Cot Bed in Dove Grey & Oak combines style and practicality, making it a perfect choice for modern nurseries. Crafted from solid New Zealand Pine, this versatile cot bed adapts as your child grows, converting into a toddler bed for use up to approximately six years. It includes a Fibre Mattress and a convenient Cot Top Changer for easy nappy changes. Raised off the ground, it also allows space for our Universal Underbed Drawer (sold separately), offering additional storage. A smart, affordable solution for your babys room.",Furniture > Baby & Toddler Furniture > Cribs & Toddler Beds,249,Tutti Bambini,103277,Furniture > Baby & Toddler Furniture > Cribs & Toddler Beds,Furniture > Baby & Toddler Furniture > Cribs & Toddler Beds,https://cdn.shopify.com/s/files/1/0892/1923/6165/files/rio-cot-bed-with-top-changer-in-dove-grey-oak-nursery-view.jpg?v=1747233429,£,249,249,https://www.tuttibambini.com/products/rio-cot-bed-with-cot-top-changer-dove-grey-oak,,,£249.00,,Tutti Bambini,in_stock,,,,,,Nursery Furniture Piece
https://www.awin1.com/cread.php?awinmid=103277&awinaffid=2771700&ued=https%3A%2F%2Fwww.tuttibambini.com%2Fproducts%2Frio-chest-changer-white,Rio Chest Changer - White - White,53769557541189,211430/1111,https://cdn.shopify.com/s/files/1/0892/1923/6165/files/rio-chest-changer-in-white-lifestyle-view.jpg?v=1755271393,"This Rio Chest Changer is an ideal addition to your baby's furniture set and is designed to complement both the Rio and Malmo cot beds. Finished in a fresh White, this stylish changing chest of drawers adds plenty of storage to your nursery.",Furniture > Baby & Toddler Furniture > Changing Tables,250,Tutti Bambini,103277,Furniture > Baby & Toddler Furniture > Changing Tables,Furniture > Baby & Toddler Furniture > Changing Tables,https://cdn.shopify.com/s/files/1/0892/1923/6165/files/rio-chest-changer-in-white-lifestyle-view.jpg?v=1755271393,£,250,250,https://www.tuttibambini.com/products/rio-chest-changer-white,,,£250.00,,Tutti Bambini,in_stock,,,,,,Nursery Furniture Piece
https://www.awin1.com/cread.php?awinmid=103277&awinaffid=2771700&ued=https%3A%2F%2Fwww.tuttibambini.com%2Fproducts%2Frio-chest-changer-dove-grey-oak,Rio Chest Changer - Dove Grey/Honey Oak - Honey Oak & Dove Grey,53769693921605,211430/7235,https://cdn.shopify.com/s/files/1/0892/1923/6165/files/Rio-chest-changer-honey-oak-dove-grey.jpg?v=1755270938,"This Rio Chest Changer is an ideal addition to your baby's furniture set and is designed to complement both the Rio and Malmo cot beds. Finished in Dove Grey and Honey Oak, this stylish changing chest of drawers adds plenty of storage to your nursery.",Furniture > Baby & Toddler Furniture > Changing Tables,250,Tutti Bambini,103277,Furniture > Baby & Toddler Furniture > Changing Tables,Furniture > Baby & Toddler Furniture > Changing Tables,https://cdn.shopify.com/s/files/1/0892/1923/6165/files/Rio-chest-changer-honey-oak-dove-grey.jpg?v=1755270938,£,250,250,https://www.tuttibambini.com/products/rio-chest-changer-dove-grey-oak,,,£250.00,,Tutti Bambini,in_stock,,,,,,Nursery Furniture Piece
https://www.awin1.com/cread.php?awinmid=103277&awinaffid=2771700&ued=https%3A%2F%2Fwww.tuttibambini.com%2Fproducts%2Frio-wardrobe-white,Rio Wardrobe - White - White,53769694019909,211330/1111,https://cdn.shopify.com/s/files/1/0892/1923/6165/files/Rio-Wardrobe-in-White-Room-Setting.jpg?v=1745407950,"The Rio Wardrobe in White offers a stylish and practical storage solution for your nursery. Featuring a full-width hanging rail, an adjustable shelf, and a spacious drawer, it provides ample space to organise clothes, bedding, and essentials. Designed with a clean, modern aesthetic and a durable white finish, it complements any nursery décor.",Furniture > Cabinets & Storage > Cupboards & Wardrobes,270,Tutti Bambini,103277,Furniture > Cabinets & Storage > Cupboards & Wardrobes,Furniture > Cabinets & Storage > Cupboards & Wardrobes,https://cdn.shopify.com/s/files/1/0892/1923/6165/files/Rio-Wardrobe-in-White-Room-Setting.jpg?v=1745407950,£,270,270,https://www.tuttibambini.com/products/rio-wardrobe-white,,,£270.00,,Tutti Bambini,in_stock,,,,,,Nursery Furniture Piece
https://www.awin1.com/cread.php?awinmid=103277&awinaffid=2771700&ued=https%3A%2F%2Fwww.tuttibambini.com%2Fproducts%2Frio-wardrobe-dove-grey-oak,Rio Wardrobe - Dove Grey/Honey Oak - Dove Grey & Honey Oak,53769695658309,211330/7235,https://cdn.shopify.com/s/files/1/0892/1923/6165/files/rio-wardrobe-in-dove-grey-and-honey-oak-front-view.jpg?v=1755270798,"The Rio Wardrobe in Dove Grey and Honey Oak offers a stylish and practical storage solution for your nursery. Featuring a full-width hanging rail, an adjustable shelf, and a spacious drawer, it provides ample space to organise clothes, bedding, and essentials. Designed with a clean, modern aesthetic and a durable white finish, it complements any nursery décor.",Furniture > Baby & Toddler Furniture,270,Tutti Bambini,103277,Furniture > Baby & Toddler Furniture,Furniture > Baby & Toddler Furniture,https://cdn.shopify.com/s/files/1/0892/1923/6165/files/rio-wardrobe-in-dove-grey-and-honey-oak-front-view.jpg?v=1755270798,£,270,270,https://www.tuttibambini.com/products/rio-wardrobe-dove-grey-oak,,,£270.00,,Tutti Bambini,in_stock,,,,,,Nursery Furniture Piece
https://www.awin1.com/cread.php?awinmid=103277&awinaffid=2771700&ued=https%3A%2F%2Fwww.tuttibambini.com%2Fproducts%2Frio-2pc-room-set-white,Rio 2 Piece Room Set - White - White,53769696149829,030RS1/1111,https://cdn.shopify.com/s/files/1/0892/1923/6165/files/Rio-2-Piece-Room-Set-in-White.jpg?v=1745588131,"The Rio 2-Piece Room Nursery Furniture Set offers a stylish and affordable solution for your baby's room. Featuring a full-size cot bed with three mattress height positions and protective teething rails, it adapts from birth to approximately six years. The included cot top changer provides a convenient space for nappy changes, while the chest of drawers offers ample storage for essentials. Finished in fresh White, this set combines practicality and comfort, making it a perfect choice for modern nurseries.",Furniture > Baby & Toddler Furniture > Baby & Toddler Furniture Sets,449,Tutti Bambini,103277,Furniture > Baby & Toddler Furniture > Baby & Toddler Furniture Sets,Furniture > Baby & Toddler Furniture > Baby & Toddler Furniture Sets,https://cdn.shopify.com/s/files/1/0892/1923/6165/files/Rio-2-Piece-Room-Set-in-White.jpg?v=1745588131,£,449,449,https://www.tuttibambini.com/products/rio-2pc-room-set-white,,,£449.00,,Tutti Bambini,in_stock,,,,,,Nursery Furniture Pair
https://www.awin1.com/cread.php?awinmid=103277&awinaffid=2771700&ued=https%3A%2F%2Fwww.tuttibambini.com%2Fproducts%2Frio-2pc-room-set-dove-grey-oak,Rio 2 Piece Room Set - Honey Oak & Dove Grey - Honey Oak & Dove Grey,53769698574661,030RS1/7235,https://cdn.shopify.com/s/files/1/0892/1923/6165/files/Rio-Cot-Bed-and-Chest-Changer-in-Dove-Grey-Honey-Oak.jpg?v=1747149679,"The Rio 2-Piece Room Nursery Furniture Set blends style and practicality with a Dove Grey and Honey Oak finish. The full-size cot bed adapts from birth to six years with three mattress height positions and protective teething rails. A cot top changer offers a convenient space for nappy changes, while the chest of drawers provides ample storage for essentials. Designed for modern nurseries, this set ensures a comfortable and organised space for your little one.",Furniture > Baby & Toddler Furniture > Baby & Toddler Furniture Sets,449,Tutti Bambini,103277,Furniture > Baby & Toddler Furniture > Baby & Toddler Furniture Sets,Furniture > Baby & Toddler Furniture > Baby & Toddler Furniture Sets,https://cdn.shopify.com/s/files/1/0892/1923/6165/files/Rio-Cot-Bed-and-Chest-Changer-in-Dove-Grey-Honey-Oak.jpg?v=1747149679,£,449,449,https://www.tuttibambini.com/products/rio-2pc-room-set-dove-grey-oak,,,£449.00,,Tutti Bambini,in_stock,,,,,,Nursery Furniture Pair
https://www.awin1.com/cread.php?awinmid=103277&awinaffid=2771700&ued=https%3A%2F%2Fwww.tuttibambini.com%2Fproducts%2Frio-3pc-room-set-white,Rio 3 Piece Room Set - White - White,53769699098949,030RS2/1111,https://cdn.shopify.com/s/files/1/0892/1923/6165/files/Rio-Three-Piece-Room-Set-In-White-Three-Piece-Room-Setting-View.jpg?v=1745574479,"The Rio 3-Piece Room Nursery Furniture Set in White offers a stylish and affordable solution with practical storage. It includes a full-size cot bed with three mattress height positions and protective teething rails, adapting from birth to six years. A handy cot top changer provides a convenient space for nappy changes, while the chest of drawers and wardrobe offer ample storage for essentials. Finished in fresh white, this set blends comfort and functionality, making it a perfect fit for modern nurseries.",Furniture > Baby & Toddler Furniture > Baby & Toddler Furniture Sets,599,Tutti Bambini,103277,Furniture > Baby & Toddler Furniture > Baby & Toddler Furniture Sets,Furniture > Baby & Toddler Furniture > Baby & Toddler Furniture Sets,https://cdn.shopify.com/s/files/1/0892/1923/6165/files/Rio-Three-Piece-Room-Set-In-White-Three-Piece-Room-Setting-View.jpg?v=1745574479,£,599,599,https://www.tuttibambini.com/products/rio-3pc-room-set-white,,,£599.00,,Tutti Bambini,in_stock,,,,,,Nursery Furniture Set
https://www.awin1.com/cread.php?awinmid=103277&awinaffid=2771700&ued=https%3A%2F%2Fwww.tuttibambini.com%2Fproducts%2Frio-3pc-room-set-dove-grey-oak,Rio 3 Piece Room Set - Honey Oak & Dove Grey - Honey Oak & Dove Grey,53769703063877,030RS2/7235,https://cdn.shopify.com/s/files/1/0892/1923/6165/files/Rio-Three-Piece-Room-Set-in-Honey-Oak-and-Dove-Grey.jpg?v=1745586661,"The Rio 3-Piece Nursery Room Furniture Set in Honey Oak and Dove Grey offers a stylish and practical solution for your babys room. The full-size cot bed features three mattress height positions and protective teething rails, adapting from birth to six years. A handy cot top changer provides a convenient space for nappy changes, while the chest of drawers and wardrobe offer ample storage for essentials. Finished in warm honey oak and soft dove grey, this set combines modern design with everyday functionality for a cosy, organised nursery.",Furniture > Baby & Toddler Furniture > Baby & Toddler Furniture Sets,599,Tutti Bambini,103277,Furniture > Baby & Toddler Furniture > Baby & Toddler Furniture Sets,Furniture > Baby & Toddler Furniture > Baby & Toddler Furniture Sets,https://cdn.shopify.com/s/files/1/0892/1923/6165/files/Rio-Three-Piece-Room-Set-in-Honey-Oak-and-Dove-Grey.jpg?v=1745586661,£,599,599,https://www.tuttibambini.com/products/rio-3pc-room-set-dove-grey-oak,,,£599.00,,Tutti Bambini,in_stock,,,,,,Nursery Furniture Set
https://www.awin1.com/cread.php?awinmid=103277&awinaffid=2771700&ued=https%3A%2F%2Fwww.tuttibambini.com%2Fproducts%2Fmalmo-cot-bed-with-cot-top-changer-oak,Malmo Cot Bed with Cot Top Changer & Mattress - Honey Oak,53769706471749,211032/35C,https://cdn.shopify.com/s/files/1/0892/1923/6165/files/malmo-cot-bed-oak-with-cot-top-changer.jpg?v=1749817436,"Malmo is a modern Scandinavian-inspired Cot Bed complete with matching Cot Top Changer and Mattress. This practical, natural looking Honey Oak coloured cot bed converts to a junior bed and sofa, offering all your nursery essentials in one affordable and stylish package.",Furniture > Baby & Toddler Furniture > Cribs & Toddler Beds,259,Tutti Bambini,103277,Furniture > Baby & Toddler Furniture > Cribs & Toddler Beds,Furniture > Baby & Toddler Furniture > Cribs & Toddler Beds,https://cdn.shopify.com/s/files/1/0892/1923/6165/files/malmo-cot-bed-oak-with-cot-top-changer.jpg?v=1749817436,£,259,259,https://www.tuttibambini.com/products/malmo-cot-bed-with-cot-top-changer-oak,,,£259.00,,Tutti Bambini,in_stock,,,,,,Nursery Furniture Piece
https://www.awin1.com/cread.php?awinmid=103277&awinaffid=2771700&ued=https%3A%2F%2Fwww.tuttibambini.com%2Fproducts%2Foak-malmo-cot-bed-with-rio-furniture-2-piece-room-set-dove-grey-oak,Malmo Cot Bed with Rio Furniture 2 Piece Room Set - Dove Grey/Honey Oak,53769707815237,032RS1/35/7235,https://cdn.shopify.com/s/files/1/0892/1923/6165/files/malmo-cot-bed-with-changing-top-and-rio-chest-changer-lifestyle-view.jpg?v=1749801811,The Scandinavian-inspired Malmo Cot Bed combines with the contemporary Rio Nursery Furniture to create this stylish and affordable Dove Grey and Honey Oak nursery set with plenty of useful storage space.,Furniture > Baby & Toddler Furniture > Baby & Toddler Furniture Sets,499,Tutti Bambini,103277,Furniture > Baby & Toddler Furniture > Baby & Toddler Furniture Sets,Furniture > Baby & Toddler Furniture > Baby & Toddler Furniture Sets,https://cdn.shopify.com/s/files/1/0892/1923/6165/files/malmo-cot-bed-with-changing-top-and-rio-chest-changer-lifestyle-view.jpg?v=1749801811,£,499,499,https://www.tuttibambini.com/products/oak-malmo-cot-bed-with-rio-furniture-2-piece-room-set-dove-grey-oak,,,£499.00,,Tutti Bambini,in_stock,,,,,,Nursery Furniture Pair
https://www.awin1.com/cread.php?awinmid=103277&awinaffid=2771700&ued=https%3A%2F%2Fwww.tuttibambini.com%2Fproducts%2Foak-malmo-cot-bed-with-rio-furniture-3-piece-room-set-dove-grey-oak,Malmo Cot Bed with Rio Furniture 3 Piece Room Set - Dove Grey/Honey Oak,53769709519173,032RS2/35/7235,https://cdn.shopify.com/s/files/1/0892/1923/6165/files/malmo-cot-bed-with-changing-top-rio-wardrobe-and-chest-changer-lifestyle-view.jpg?v=1749803375,Combine the Scandinavian-inspired Malmo Cot Bed with the Rio Nursery Chest of Drawers and Wardrobe Set in a Dove Grey and Honey Oak. A stylish and affordable baby nursery set with plenty of storage space to grow with your child.,Furniture > Baby & Toddler Furniture > Baby & Toddler Furniture Sets,599,Tutti Bambini,103277,Furniture > Baby & Toddler Furniture > Baby & Toddler Furniture Sets,Furniture > Baby & Toddler Furniture > Baby & Toddler Furniture Sets,https://cdn.shopify.com/s/files/1/0892/1923/6165/files/malmo-cot-bed-with-changing-top-rio-wardrobe-and-chest-changer-lifestyle-view.jpg?v=1749803375,£,599,599,https://www.tuttibambini.com/products/oak-malmo-cot-bed-with-rio-furniture-3-piece-room-set-dove-grey-oak,,,£599.00,,Tutti Bambini,in_stock,,,,,,Nursery Furniture Set
https://www.awin1.com/cread.php?awinmid=103277&awinaffid=2771700&ued=https%3A%2F%2Fwww.tuttibambini.com%2Fproducts%2Fmodena-3-in-1-cot-bed-white-oak,Modena 3 in 1 Cot Bed - White/Oak - White & Oak,53769710862661,211037/1135,https://cdn.shopify.com/s/files/1/0892/1923/6165/files/Modena-Cot-Bed-in-White-Oak-lifestyle.jpg?v=1764149646,"First a cot, then a toddler bed, then a sofa — the Modena 3-in-1 Cot Bed is built to grow with your little one. With clean shapes, soft White and Oak tones, and a sturdy, coastal-inspired feel, its designed to bring calm to your nursery and confidence to your parenting. Whether its nap time or story time, its a space that adapts as they do.",Furniture > Baby & Toddler Furniture > Cribs & Toddler Beds,249,Tutti Bambini,103277,Furniture > Baby & Toddler Furniture > Cribs & Toddler Beds,Furniture > Baby & Toddler Furniture > Cribs & Toddler Beds,https://cdn.shopify.com/s/files/1/0892/1923/6165/files/Modena-Cot-Bed-in-White-Oak-lifestyle.jpg?v=1764149646,£,249,249,https://www.tuttibambini.com/products/modena-3-in-1-cot-bed-white-oak,,,£249.00,,Tutti Bambini,in_stock,,,,,,Nursery Furniture Piece
https://www.awin1.com/cread.php?awinmid=103277&awinaffid=2771700&ued=https%3A%2F%2Fwww.tuttibambini.com%2Fproducts%2Fmodena-3-in-1-cot-bed-oak,Modena 3 in 1 Cot Bed - Oak - Oak,53769711092037,211037/35,https://cdn.shopify.com/s/files/1/0892/1923/6165/files/Modena-cot-bed-in-oak-lifestyle.jpg?v=1764175497,"First a cot, then a toddler bed, then a sofa — the Modena 3-in-1 Cot Bed is built to grow with your little one. With clean shapes, soft Oak tones, and a sturdy, coastal-inspired feel, its designed to bring calm to your nursery and confidence to your parenting. Whether its nap time or story time, its a space that adapts as they do.",Furniture > Baby & Toddler Furniture > Cribs & Toddler Beds,249,Tutti Bambini,103277,Furniture > Baby & Toddler Furniture > Cribs & Toddler Beds,Furniture > Baby & Toddler Furniture > Cribs & Toddler Beds,https://cdn.shopify.com/s/files/1/0892/1923/6165/files/Modena-cot-bed-in-oak-lifestyle.jpg?v=1764175497,£,249,249,https://www.tuttibambini.com/products/modena-3-in-1-cot-bed-oak,,,£249.00,,Tutti Bambini,in_stock,,,,,,Nursery Furniture Piece
https://www.awin1.com/cread.php?awinmid=103277&awinaffid=2771700&ued=https%3A%2F%2Fwww.tuttibambini.com%2Fproducts%2Fmodena-3-in-1-cot-bed-grey-ash-white,Modena 3 in 1 Cot Bed - Grey Ash/White - Grey Ash & White,53769711386949,211037/4611,https://cdn.shopify.com/s/files/1/0892/1923/6165/files/Modena-Cot-Bed-in-Grey-Ash-White.jpg?v=1769172752,"First a cot, then a toddler bed, then a sofa, the Modena 3-in-1 Cot Bed is built to grow with your little one. With clean shapes, soft Grey Ash and White tones, and a sturdy, coastal-inspired feel, its designed to bring calm to your nursery and confidence to your parenting. Whether its nap time or story time, its a space that adapts as they do.",Furniture > Baby & Toddler Furniture > Cribs & Toddler Beds,249,Tutti Bambini,103277,Furniture > Baby & Toddler Furniture > Cribs & Toddler Beds,Furniture > Baby & Toddler Furniture > Cribs & Toddler Beds,https://cdn.shopify.com/s/files/1/0892/1923/6165/files/Modena-Cot-Bed-in-Grey-Ash-White.jpg?v=1769172752,£,249,249,https://www.tuttibambini.com/products/modena-3-in-1-cot-bed-grey-ash-white,,,£249.00,,Tutti Bambini,in_stock,,,,,,Nursery Furniture Piece
https://www.awin1.com/cread.php?awinmid=103277&awinaffid=2771700&ued=https%3A%2F%2Fwww.tuttibambini.com%2Fproducts%2Fmodena-changing-unit-white-oak,Modena Changing Unit - White/Oak - White & Oak,53769711911237,211437/1135,https://cdn.shopify.com/s/files/1/0892/1923/6165/files/Modena-Changing-Unit-White-Oak-Room-View.jpg?v=1764149700,"From nappies to storytime, the Modena Changing Unit in White and Oak helps keep life simple and stylish. Its spacious drawers give you plenty of room for changing essentials, clothes, and more — all while the built-in changing top keeps everything at arms reach. Designed to complement the Modena collection, its clean lines and soft tones blend beautifully into any nursery, creating a calm and contemporary space youll love spending time in.",Furniture > Baby & Toddler Furniture > Changing Tables,260,Tutti Bambini,103277,Furniture > Baby & Toddler Furniture > Changing Tables,Furniture > Baby & Toddler Furniture > Changing Tables,https://cdn.shopify.com/s/files/1/0892/1923/6165/files/Modena-Changing-Unit-White-Oak-Room-View.jpg?v=1764149700,£,260,260,https://www.tuttibambini.com/products/modena-changing-unit-white-oak,,,£260.00,,Tutti Bambini,in_stock,,,,,,Nursery Furniture Piece
https://www.awin1.com/cread.php?awinmid=103277&awinaffid=2771700&ued=https%3A%2F%2Fwww.tuttibambini.com%2Fproducts%2Fmodena-changing-unit-oak,Modena Changing Unit - Oak - Oak,53769712206149,211437/35,https://cdn.shopify.com/s/files/1/0892/1923/6165/files/Modena-Changing-Unit-Oak-Room-View.jpg?v=1745845387,"From nappies to storytime, the Modena Changing Unit in Oak helps keep life simple and stylish. Its spacious drawers give you plenty of room for changing essentials, clothes, and more — all while the built-in changing top keeps everything at arms reach. Designed to complement the Modena collection, its clean lines and soft tones blend beautifully into any nursery, creating a calm and contemporary space youll love spending time in.",Furniture > Baby & Toddler Furniture > Changing Tables,260,Tutti Bambini,103277,Furniture > Baby & Toddler Furniture > Changing Tables,Furniture > Baby & Toddler Furniture > Changing Tables,https://cdn.shopify.com/s/files/1/0892/1923/6165/files/Modena-Changing-Unit-Oak-Room-View.jpg?v=1745845387,£,260,260,https://www.tuttibambini.com/products/modena-changing-unit-oak,,,£260.00,,Tutti Bambini,in_stock,,,,,,Nursery Furniture Piece
https://www.awin1.com/cread.php?awinmid=103277&awinaffid=2771700&ued=https%3A%2F%2Fwww.tuttibambini.com%2Fproducts%2Fmodena-changing-unit-grey-ash-white,Modena Changing Unit - Grey Ash/White - Grey Ash & White,53769712468293,211437/4611,https://cdn.shopify.com/s/files/1/0892/1923/6165/files/Modena-Changing-Unit-Grey-Ash-White-Room-View.jpg?v=1745844865,"From nappies to storytime, the Modena Changing Unit in Grey Ash and White helps keep life simple and stylish. Its spacious drawers give you plenty of room for changing essentials, clothes, and more - all while the built-in changing top keeps everything at arm's reach. Designed to complement the Modena collection, its clean lines and soft tones blend beautifully into any nursery, creating a calm and contemporary space you'll love spending time in.",Furniture > Baby & Toddler Furniture > Changing Tables,260,Tutti Bambini,103277,Furniture > Baby & Toddler Furniture > Changing Tables,Furniture > Baby & Toddler Furniture > Changing Tables,https://cdn.shopify.com/s/files/1/0892/1923/6165/files/Modena-Changing-Unit-Grey-Ash-White-Room-View.jpg?v=1745844865,£,260,260,https://www.tuttibambini.com/products/modena-changing-unit-grey-ash-white,,,£260.00,,Tutti Bambini,in_stock,,,,,,Nursery Furniture Piece
https://www.awin1.com/cread.php?awinmid=103277&awinaffid=2771700&ued=https%3A%2F%2Fwww.tuttibambini.com%2Fproducts%2Fmodena-wardrobe-white-oak,Modena Wardrobe - White/Oak - White & Oak,53769712697669,211337/1135,https://cdn.shopify.com/s/files/1/0892/1923/6165/files/modena-wardrobe-in-white-oak-room-view.jpg?v=1745835312,"From first tiny vests to first school uniforms, the Modena Wardrobe keeps pace with growing families. Designed with simple lines, a soft White and Oak finish, and sturdy build quality, it offers generous hanging space and adjustable shelving to adapt as your little one grows, keeping everything organised in a calming space. Thoughtfully crafted to fit real homes - and the real-life cuddles, chaos, and milestones along the way.",Furniture > Cabinets & Storage > Cupboards & Wardrobes,350,Tutti Bambini,103277,Furniture > Cabinets & Storage > Cupboards & Wardrobes,Furniture > Cabinets & Storage > Cupboards & Wardrobes,https://cdn.shopify.com/s/files/1/0892/1923/6165/files/modena-wardrobe-in-white-oak-room-view.jpg?v=1745835312,£,350,350,https://www.tuttibambini.com/products/modena-wardrobe-white-oak,,,£350.00,,Tutti Bambini,in_stock,,,,,,Nursery Furniture Piece
https://www.awin1.com/cread.php?awinmid=103277&awinaffid=2771700&ued=https%3A%2F%2Fwww.tuttibambini.com%2Fproducts%2Fmodena-wardrobe-oak,Modena Wardrobe - Oak - Oak,53769712828741,211337/35,https://cdn.shopify.com/s/files/1/0892/1923/6165/files/modena-wardrobe-in-oak-room-view.jpg?v=1745836364,"From first tiny vests to first school uniforms, the Modena Wardrobe keeps pace with growing families. Designed with simple lines, a soft Oak finish, and sturdy build quality, it offers generous hanging space and adjustable shelving to adapt as your little one grows, keeping everything organised in a calming space. Thoughtfully crafted to fit real homes - and the real-life cuddles, chaos, and milestones along the way.",Furniture > Cabinets & Storage > Cupboards & Wardrobes,350,Tutti Bambini,103277,Furniture > Cabinets & Storage > Cupboards & Wardrobes,Furniture > Cabinets & Storage > Cupboards & Wardrobes,https://cdn.shopify.com/s/files/1/0892/1923/6165/files/modena-wardrobe-in-oak-room-view.jpg?v=1745836364,£,350,350,https://www.tuttibambini.com/products/modena-wardrobe-oak,,,£350.00,,Tutti Bambini,in_stock,,,,,,Nursery Furniture Piece
https://www.awin1.com/cread.php?awinmid=103277&awinaffid=2771700&ued=https%3A%2F%2Fwww.tuttibambini.com%2Fproducts%2Fmodena-wardrobe-grey-ash-white,Modena Wardrobe - Grey Ash/White - Grey Ash & White,53769713025349,211337/4611,https://cdn.shopify.com/s/files/1/0892/1923/6165/files/modena-wardrobe-in-grey-ash-white-room-view.jpg?v=1745844381,"From first tiny vests to first school uniforms, the Modena Wardrobe keeps pace with growing families. Designed with simple lines, a soft Grey Ash and White finish, and sturdy build quality, it offers generous hanging space and adjustable shelving to adapt as your little one grows, keeping everything organised in a calming space. Thoughtfully crafted to fit real homes - and the real-life cuddles, chaos, and milestones along the way.",Furniture > Baby & Toddler Furniture,350,Tutti Bambini,103277,Furniture > Baby & Toddler Furniture,Furniture > Baby & Toddler Furniture,https://cdn.shopify.com/s/files/1/0892/1923/6165/files/modena-wardrobe-in-grey-ash-white-room-view.jpg?v=1745844381,£,350,350,https://www.tuttibambini.com/products/modena-wardrobe-grey-ash-white,,,£350.00,,Tutti Bambini,in_stock,,,,,,Nursery Furniture Piece
https://www.awin1.com/cread.php?awinmid=103277&awinaffid=2771700&ued=https%3A%2F%2Fwww.tuttibambini.com%2Fproducts%2Fmodena-2-piece-room-set-white-oak,Modena 2 Piece Room Set - White/Oak - White & Oak,53769713549637,037RS1/1135,https://cdn.shopify.com/s/files/1/0892/1923/6165/files/Modena-Cot-Bed-And-Changing-Unit-White-Oak.jpg?v=1764235374,"The Modena 2-Piece Set blends quiet style with everyday practicality. Its 3-in-1 cot bed transforms into a toddler bed and sofa, while the chest changer includes a removable top for when nappies are a thing of the past. Finished in clean White and Oak with a relaxed, coastal feel — its made for real homes — the cuddles, the chaos, and everything in between.",Furniture > Baby & Toddler Furniture > Baby & Toddler Furniture Sets,499,Tutti Bambini,103277,Furniture > Baby & Toddler Furniture > Baby & Toddler Furniture Sets,Furniture > Baby & Toddler Furniture > Baby & Toddler Furniture Sets,https://cdn.shopify.com/s/files/1/0892/1923/6165/files/Modena-Cot-Bed-And-Changing-Unit-White-Oak.jpg?v=1764235374,£,499,499,https://www.tuttibambini.com/products/modena-2-piece-room-set-white-oak,,,£499.00,,Tutti Bambini,in_stock,,,,,,Nursery Furniture Pair
https://www.awin1.com/cread.php?awinmid=103277&awinaffid=2771700&ued=https%3A%2F%2Fwww.tuttibambini.com%2Fproducts%2Fmodena-2-piece-room-set-oak,Modena 2 Piece Room Set - Oak - Oak,53769713811781,037RS1/35,https://cdn.shopify.com/s/files/1/0892/1923/6165/files/modena-oak-2-piece-room-set-lifestyle.jpg?v=1764238486,"The Modena 2-Piece Set blends quiet style with everyday practicality. Its 3-in-1 cot bed transforms into a toddler bed and sofa, while the chest changer includes a removable top for when nappies are a thing of the past. Finished in a clean Oak with a relaxed, coastal feel — its made for real homes — the cuddles, the chaos, and everything in between.",Furniture > Baby & Toddler Furniture > Baby & Toddler Furniture Sets,499,Tutti Bambini,103277,Furniture > Baby & Toddler Furniture > Baby & Toddler Furniture Sets,Furniture > Baby & Toddler Furniture > Baby & Toddler Furniture Sets,https://cdn.shopify.com/s/files/1/0892/1923/6165/files/modena-oak-2-piece-room-set-lifestyle.jpg?v=1764238486,£,499,499,https://www.tuttibambini.com/products/modena-2-piece-room-set-oak,,,£499.00,,Tutti Bambini,in_stock,,,,,,Nursery Furniture Pair
https://www.awin1.com/cread.php?awinmid=103277&awinaffid=2771700&ued=https%3A%2F%2Fwww.tuttibambini.com%2Fproducts%2Fmodena-2-piece-room-set-grey-ash-white,Modena 2 Piece Room Set - Grey Ash/White - Grey Ash & White,53769714041157,037RS1/4611,https://cdn.shopify.com/s/files/1/0892/1923/6165/files/Modena-2-piece-set-in-grey-ash-white-room-view.jpg?v=1745849394,"The Modena 2-Piece Set blends quiet style with everyday practicality. Its 3-in-1 cot bed transforms into a toddler bed and sofa, while the chest changer includes a removable top for when nappies are a thing of the past. Finished in a clean Grey Ash and White with a relaxed, coastal feel — its made for real homes — the cuddles, the chaos, and everything in between.",Furniture > Baby & Toddler Furniture > Baby & Toddler Furniture Sets,499,Tutti Bambini,103277,Furniture > Baby & Toddler Furniture > Baby & Toddler Furniture Sets,Furniture > Baby & Toddler Furniture > Baby & Toddler Furniture Sets,https://cdn.shopify.com/s/files/1/0892/1923/6165/files/Modena-2-piece-set-in-grey-ash-white-room-view.jpg?v=1745849394,£,499,499,https://www.tuttibambini.com/products/modena-2-piece-room-set-grey-ash-white,,,£499.00,,Tutti Bambini,in_stock,,,,,,Nursery Furniture Pair
https://www.awin1.com/cread.php?awinmid=103277&awinaffid=2771700&ued=https%3A%2F%2Fwww.tuttibambini.com%2Fproducts%2Fmodena-3-piece-room-set-white-oak,Modena 3 Piece Room Set - White/Oak - White & Oak,53769714172229,037RS2/1135,https://cdn.shopify.com/s/files/1/0892/1923/6165/files/Modena-3-Piece-Set-White-Oak-Lifestyle.jpg?v=1764236363,"From just home from the hospital to one more bedtime story, the Modena 3 Piece Room Set is made for the real rhythm of family life. With a cot bed that becomes a toddler bed and sofa, a chest of drawers that grows with you, and a wardrobe that swallows up the clutter, its the kind of thoughtful design that makes things feel a little easier (and a lot more stylish).In White and Oak with a solid build — because your nursery should feel like home.",Furniture > Baby & Toddler Furniture > Baby & Toddler Furniture Sets,699,Tutti Bambini,103277,Furniture > Baby & Toddler Furniture > Baby & Toddler Furniture Sets,Furniture > Baby & Toddler Furniture > Baby & Toddler Furniture Sets,https://cdn.shopify.com/s/files/1/0892/1923/6165/files/Modena-3-Piece-Set-White-Oak-Lifestyle.jpg?v=1764236363,£,699,699,https://www.tuttibambini.com/products/modena-3-piece-room-set-white-oak,,,£699.00,,Tutti Bambini,in_stock,,,,,,Nursery Furniture Set
https://www.awin1.com/cread.php?awinmid=103277&awinaffid=2771700&ued=https%3A%2F%2Fwww.tuttibambini.com%2Fproducts%2Fmodena-3-piece-room-set-oak,Modena 3 Piece Room Set - Oak - Oak,53769715253573,037RS2/35,https://cdn.shopify.com/s/files/1/0892/1923/6165/files/modena-3-piece-room-set-oak-lifestyle.jpg?v=1764238569,"From just home from the hospital to one more bedtime story, the Modena 3 Piece Room Set is made for the real rhythm of family life. With a cot bed that becomes a toddler bed and sofa, a chest of drawers that grows with you, and a wardrobe that swallows up the clutter, its the kind of thoughtful design that makes things feel a little easier (and a lot more stylish). Soft Oak, solid build — because your nursery should feel like home",Furniture > Baby & Toddler Furniture > Baby & Toddler Furniture Sets,699,Tutti Bambini,103277,Furniture > Baby & Toddler Furniture > Baby & Toddler Furniture Sets,Furniture > Baby & Toddler Furniture > Baby & Toddler Furniture Sets,https://cdn.shopify.com/s/files/1/0892/1923/6165/files/modena-3-piece-room-set-oak-lifestyle.jpg?v=1764238569,£,699,699,https://www.tuttibambini.com/products/modena-3-piece-room-set-oak,,,£699.00,,Tutti Bambini,in_stock,,,,,,Nursery Furniture Set
https://www.awin1.com/cread.php?awinmid=103277&awinaffid=2771700&ued=https%3A%2F%2Fwww.tuttibambini.com%2Fproducts%2Fmodena-3-piece-room-set-grey-ash-white,Modena 3 Piece Room Set - Grey Ash/White - Grey Ash & White,53769715777861,037RS2/4611,https://cdn.shopify.com/s/files/1/0892/1923/6165/files/Square-Modena-3pc-Room-Set-Grey-Ash-White-Lifestyle.jpg?v=1769507126,"From just home from the hospital to one more bedtime story, the Modena 3 Piece Room Set is made for the real rhythm of family life. With a cot bed that becomes a toddler bed and sofa, a chest of drawers that grows with you, and a wardrobe that swallows up the clutter, its the kind of thoughtful design that makes things feel a little easier (and a lot more stylish). In Grey Ash and White with a solid build — because your nursery should feel like home.",Furniture > Baby & Toddler Furniture > Baby & Toddler Furniture Sets,699,Tutti Bambini,103277,Furniture > Baby & Toddler Furniture > Baby & Toddler Furniture Sets,Furniture > Baby & Toddler Furniture > Baby & Toddler Furniture Sets,https://cdn.shopify.com/s/files/1/0892/1923/6165/files/Square-Modena-3pc-Room-Set-Grey-Ash-White-Lifestyle.jpg?v=1769507126,£,699,699,https://www.tuttibambini.com/products/modena-3-piece-room-set-grey-ash-white,,,£699.00,,Tutti Bambini,in_stock,,,,,,Nursery Furniture Set
https://www.awin1.com/cread.php?awinmid=103277&awinaffid=2771700&ued=https%3A%2F%2Fwww.tuttibambini.com%2Fproducts%2Fcozee-coir-fibre-mattress,CoZee Coir Fibre Mattress,53769729573189,BAM/CO50,https://cdn.shopify.com/s/files/1/0892/1923/6165/files/CoZee-Coir-Fibre-Mattress-Angled-Cutout.jpg?v=1748434679,This Coir Fibre Mattress is compatible with the CoZee bedside crib range and has a natural coir and wool filling to ensure your baby gets a comfy and safe night's sleep.,Furniture > Baby & Toddler Furniture > Cot & Toddler Bed Accessories,55,Tutti Bambini,103277,Furniture > Baby & Toddler Furniture > Cot & Toddler Bed Accessories,Furniture > Baby & Toddler Furniture > Cot & Toddler Bed Accessories,https://cdn.shopify.com/s/files/1/0892/1923/6165/files/CoZee-Coir-Fibre-Mattress-Angled-Cutout.jpg?v=1748434679,£,55,55,https://www.tuttibambini.com/products/cozee-coir-fibre-mattress,,,£55.00,,Tutti Bambini,in_stock,,,,,,Next-to-Me Mattress
https://www.awin1.com/cread.php?awinmid=103277&awinaffid=2771700&ued=https%3A%2F%2Fwww.tuttibambini.com%2Fproducts%2Feco-fibre-cot-mattress-60-x-120-cm,Deluxe Eco Fibre Cot Mattress (60 x 120 cm) - White,54531852861765,BAM/DL60,https://cdn.shopify.com/s/files/1/0892/1923/6165/files/Deluxe-Eco-Fibre-Cot-Mattress-Mid-Shot-View.jpg?v=1744573393,"The Deluxe Eco Fibre Cot Mattress (60 x 120 cm) provides a safe, breathable, and supportive sleep surface for your little one. Made from 100% recyclable polyester fibre, it promotes airflow to help regulate temperature while maintaining a hygienic and durable design for restful nights.",Furniture > Beds & Accessories > Mattresses,50,Tutti Bambini,103277,Furniture > Beds & Accessories > Mattresses,Furniture > Beds & Accessories > Mattresses,https://cdn.shopify.com/s/files/1/0892/1923/6165/files/Deluxe-Eco-Fibre-Cot-Mattress-Mid-Shot-View.jpg?v=1744573393,£,50,50,https://www.tuttibambini.com/products/eco-fibre-cot-mattress-60-x-120-cm,,,£50.00,,Tutti Bambini,in_stock,,,,,,Cot Mattress
https://www.awin1.com/cread.php?awinmid=103277&awinaffid=2771700&ued=https%3A%2F%2Fwww.tuttibambini.com%2Fproducts%2Feco-fibre-cot-bed-mattress-70-x-140-cm,Deluxe Eco Fibre Cot Bed Mattress (70 x 140 cm) - White,54531850502469,BAM/DL70,https://cdn.shopify.com/s/files/1/0892/1923/6165/files/Deluxe-Eco-Fibre-Cot-Bed-Mattress-Mid-Shot-View.jpg?v=1744573367,"The Eco Fibre Deluxe Cot Bed Mattress (70 x 140 cm) provides a safe, breathable, and supportive sleep surface for your little one. Made from 100% recyclable polyester fibre, it promotes airflow to help regulate temperature while maintaining a hygienic and durable design for restful nights.",Furniture > Beds & Accessories > Mattresses,55,Tutti Bambini,103277,Furniture > Beds & Accessories > Mattresses,Furniture > Beds & Accessories > Mattresses,https://cdn.shopify.com/s/files/1/0892/1923/6165/files/Deluxe-Eco-Fibre-Cot-Bed-Mattress-Mid-Shot-View.jpg?v=1744573367,£,55,55,https://www.tuttibambini.com/products/eco-fibre-cot-bed-mattress-70-x-140-cm,,,£55.00,,Tutti Bambini,in_stock,,,,,,Cot Mattress
https://www.awin1.com/cread.php?awinmid=103277&awinaffid=2771700&ued=https%3A%2F%2Fwww.tuttibambini.com%2Fproducts%2Ffibre-cot-bed-mattress-70-x-140-cm,Eco Fibre Cot Bed Mattress (70 x 140 cm) - White,54531856105797,BAM/PF70,https://cdn.shopify.com/s/files/1/0892/1923/6165/files/Eco-Fibre-Cot-Bed-Mattress-Mid-Shot-View.jpg?v=1744573403,"A comfortable, supportive Baby Cot Bed Mattress made from 100% high density dent resistant polyester fibre to ensure that your little one gets a peaceful nights sleep. An ideal addition to any nursery furniture set.",Furniture > Beds & Accessories > Mattresses,50,Tutti Bambini,103277,Furniture > Beds & Accessories > Mattresses,Furniture > Beds & Accessories > Mattresses,https://cdn.shopify.com/s/files/1/0892/1923/6165/files/Eco-Fibre-Cot-Bed-Mattress-Mid-Shot-View.jpg?v=1744573403,£,50,50,https://www.tuttibambini.com/products/fibre-cot-bed-mattress-70-x-140-cm,,,£50.00,,Tutti Bambini,in_stock,,,,,,Cot Mattress
https://www.awin1.com/cread.php?awinmid=103277&awinaffid=2771700&ued=https%3A%2F%2Fwww.tuttibambini.com%2Fproducts%2Fsprung-cot-mattress-60-x-120-cm,Sprung Cot Mattress (60 x 120 cm) - White,54531862135109,BAM/SI60,https://cdn.shopify.com/s/files/1/0892/1923/6165/files/Sprung-Cot-Mattress-Mid-Shot-View.jpg?v=1744363533,"Give your baby a cosy, safe, and restful nights sleep with the Sprung Cot Bed Mattress. Designed for optimal support, it features a high-tensile spring core wrapped in gauze and foam to promote a natural posture. The high-density dent-resistant fibre inner walls ensure durability, while the quilted fresh tech cover provides breathability and temperature regulation. Its fully removable, washable cover is anti-bacterial, anti-fungal, and anti-dust mite, creating a hygienic and comfortable sleep environment.",Furniture > Beds & Accessories > Mattresses,70,Tutti Bambini,103277,Furniture > Beds & Accessories > Mattresses,Furniture > Beds & Accessories > Mattresses,https://cdn.shopify.com/s/files/1/0892/1923/6165/files/Sprung-Cot-Mattress-Mid-Shot-View.jpg?v=1744363533,£,70,70,https://www.tuttibambini.com/products/sprung-cot-mattress-60-x-120-cm,,,£70.00,,Tutti Bambini,in_stock,,,,,,Cot Mattress
https://www.awin1.com/cread.php?awinmid=103277&awinaffid=2771700&ued=https%3A%2F%2Fwww.tuttibambini.com%2Fproducts%2Fsprung-cot-bed-mattress-70-x-140-cm,Sprung Cot Bed Mattress (70 x 140 cm) - White,54531860037957,BAM/SI70,https://cdn.shopify.com/s/files/1/0892/1923/6165/files/Sprung-Cot-Bed-Mattress-Mid-Shot-View.jpg?v=1764087392,"Give your baby a cosy, safe, and restful nights sleep with the Tutti Bambini Sprung Cot Bed Mattress. Designed for optimal support, it features a high-tensile spring core wrapped in gauze and foam to promote a natural posture. The high-density dent-resistant fibre inner walls ensure durability, while the quilted fresh tech cover provides breathability and temperature regulation. Its fully removable, washable cover is anti-bacterial, anti-fungal, and anti-dust mite, creating a hygienic and comfortable sleep environment.",Furniture > Beds & Accessories > Mattresses,75,Tutti Bambini,103277,Furniture > Beds & Accessories > Mattresses,Furniture > Beds & Accessories > Mattresses,https://cdn.shopify.com/s/files/1/0892/1923/6165/files/Sprung-Cot-Bed-Mattress-Mid-Shot-View.jpg?v=1764087392,£,75,75,https://www.tuttibambini.com/products/sprung-cot-bed-mattress-70-x-140-cm,,,£75.00,,Tutti Bambini,in_stock,,,,,,Cot Mattress
https://www.awin1.com/cread.php?awinmid=103277&awinaffid=2771700&ued=https%3A%2F%2Fwww.tuttibambini.com%2Fproducts%2Fpocket-sprung-cot-mattress-60-x-120-cm,Pocket Sprung Cot Mattress (60 x 120 cm) - White,54531869901125,BAM/PS60,https://cdn.shopify.com/s/files/1/0892/1923/6165/files/Pocket-Sprung-Cot-Mattress-Mid-Shot-View.jpg?v=1744573467,"The Pocket Sprung Cot Mattress offers exceptional comfort and support with individual pocket springs and high-density foam walls for durability. Its softly quilted, breathable cover, ensures a cosy sleep environment. The fully removable cover is washable at 60°C and features anti-bacterial, anti-fungal, and anti-dust mite properties.",Furniture > Beds & Accessories > Mattresses,100,Tutti Bambini,103277,Furniture > Beds & Accessories > Mattresses,Furniture > Beds & Accessories > Mattresses,https://cdn.shopify.com/s/files/1/0892/1923/6165/files/Pocket-Sprung-Cot-Mattress-Mid-Shot-View.jpg?v=1744573467,£,100,100,https://www.tuttibambini.com/products/pocket-sprung-cot-mattress-60-x-120-cm,,,£100.00,,Tutti Bambini,in_stock,,,,,,Cot Mattress
https://www.awin1.com/cread.php?awinmid=103277&awinaffid=2771700&ued=https%3A%2F%2Fwww.tuttibambini.com%2Fproducts%2Fpocket-sprung-cot-bed-mattress-70-x-140-cm,Pocket Sprung Cot Bed Mattress (70 x 140 cm) - White,54531867738437,BAM/PS70,https://cdn.shopify.com/s/files/1/0892/1923/6165/files/Pocket-Sprung-Cot-Bed-Mattress-Mid-Shot-View.jpg?v=1744365162,"The Pocket Sprung Cot Bed Mattress offers exceptional comfort and support with individual pocket springs and high-density foam walls for durability. Its softly quilted, breathable cover, ensures a cosy sleep environment. The fully removable cover is washable at 60°C and features anti-bacterial, anti-fungal, and anti-dust mite properties.",Furniture > Beds & Accessories > Mattresses,110,Tutti Bambini,103277,Furniture > Beds & Accessories > Mattresses,Furniture > Beds & Accessories > Mattresses,https://cdn.shopify.com/s/files/1/0892/1923/6165/files/Pocket-Sprung-Cot-Bed-Mattress-Mid-Shot-View.jpg?v=1744365162,£,110,110,https://www.tuttibambini.com/products/pocket-sprung-cot-bed-mattress-70-x-140-cm,,,£110.00,,Tutti Bambini,in_stock,,,,,,Cot Mattress
https://www.awin1.com/cread.php?awinmid=103277&awinaffid=2771700&ued=https%3A%2F%2Fwww.tuttibambini.com%2Fproducts%2Fnatural-coir-fibre-cot-mattress-60-x-120-cm,Natural Coir Fibre Cot Mattress (60 x 120 cm) - White,54531866263877,BAM/CO60,https://cdn.shopify.com/s/files/1/0892/1923/6165/files/Natural-Coir-Fibre-Cot-Mattress-Mid-Shot-View.jpg?v=1744362810,"Get closer to nature with our deluxe coconut Fibre Cot Mattress made with natural wool and latex. These coir fibre baby mattresses are comfortable, help with allergies and are better for the environment than other types of mattress material.",Furniture > Beds & Accessories > Mattresses,120,Tutti Bambini,103277,Furniture > Beds & Accessories > Mattresses,Furniture > Beds & Accessories > Mattresses,https://cdn.shopify.com/s/files/1/0892/1923/6165/files/Natural-Coir-Fibre-Cot-Mattress-Mid-Shot-View.jpg?v=1744362810,£,120,120,https://www.tuttibambini.com/products/natural-coir-fibre-cot-mattress-60-x-120-cm,,,£120.00,,Tutti Bambini,in_stock,,,,,,Cot Mattress
https://www.awin1.com/cread.php?awinmid=103277&awinaffid=2771700&ued=https%3A%2F%2Fwww.tuttibambini.com%2Fproducts%2Fnatural-coir-fibre-cot-bed-mattress-70-x-140-cm,Natural Coir Fibre Cot Bed Mattress (70 x 140 cm) - White,54531863609669,BAM/CO70,https://cdn.shopify.com/s/files/1/0892/1923/6165/files/Natural-Coir-Fibre-Cot-Bed-Mattress-Mid-Shot-View.jpg?v=1744362992,"Our deluxe Natural Coir Fibre Cot Bed Mattress provides a safe, breathable, and eco-friendly sleep space for your baby. Made with natural coir fibre, wool, and latex, it ensures optimal air circulation, temperature regulation, and hypoallergenic benefits. Designed for lasting comfort and support, this mattress offers a healthier alternative to foam options while being kinder to the environment. Give your little one a restful nights sleep on a naturally cushioned surface that promotes well-being and sustainability.",Furniture > Beds & Accessories > Mattresses,140,Tutti Bambini,103277,Furniture > Beds & Accessories > Mattresses,Furniture > Beds & Accessories > Mattresses,https://cdn.shopify.com/s/files/1/0892/1923/6165/files/Natural-Coir-Fibre-Cot-Bed-Mattress-Mid-Shot-View.jpg?v=1744362992,£,140,140,https://www.tuttibambini.com/products/natural-coir-fibre-cot-bed-mattress-70-x-140-cm,,,£140.00,,Tutti Bambini,in_stock,,,,,,Cot Mattress
https://www.awin1.com/cread.php?awinmid=103277&awinaffid=2771700&ued=https%3A%2F%2Fwww.tuttibambini.com%2Fproducts%2Funiversal-cot-top-changer-white,Universal Cot Top Changer - White - White,53769733210437,211651/10,https://cdn.shopify.com/s/files/1/0892/1923/6165/files/universal_cot_top_changer_-_white_1.jpg?v=1733416668,"Practical and convenient, our Universal Cot Top Changer is the ultimate solution for effortless nappy changes and post-bath pampering. Lightweight, sturdy, and finished in White, this handy accessory sits securely atop your cot bed rails offering an ideal space for delicate moments with your baby.",Furniture > Baby & Toddler Furniture > Changing Tables,30,Tutti Bambini,103277,Furniture > Baby & Toddler Furniture > Changing Tables,Furniture > Baby & Toddler Furniture > Changing Tables,https://cdn.shopify.com/s/files/1/0892/1923/6165/files/universal_cot_top_changer_-_white_1.jpg?v=1733416668,£,30,30,https://www.tuttibambini.com/products/universal-cot-top-changer-white,,,£30.00,,Tutti Bambini,in_stock,,,,,,Nursery Furniture Piece
https://www.awin1.com/cread.php?awinmid=103277&awinaffid=2771700&ued=https%3A%2F%2Fwww.tuttibambini.com%2Fproducts%2Fverona-wardrobe-white-oak,Verona Wardrobe - White/Oak - White & Oak,53769751134533,211342/1135,https://cdn.shopify.com/s/files/1/0892/1923/6165/files/verona-wardrobe-white-oak-closed-doors-view.jpg?v=1764933431,The Verona Nursery Wardrobe offers ample storage for your baby essentials in a classic White and Oak shaker design. The Verona baby wardrobe is a timeless furniture piece designed to fit in any nursery.,Furniture > Cabinets & Storage > Cupboards & Wardrobes,450,Tutti Bambini,103277,Furniture > Cabinets & Storage > Cupboards & Wardrobes,Furniture > Cabinets & Storage > Cupboards & Wardrobes,https://cdn.shopify.com/s/files/1/0892/1923/6165/files/verona-wardrobe-white-oak-closed-doors-view.jpg?v=1764933431,£,450,450,https://www.tuttibambini.com/products/verona-wardrobe-white-oak,,,£450.00,,Tutti Bambini,in_stock,,,,,,Nursery Furniture Piece
https://www.awin1.com/cread.php?awinmid=103277&awinaffid=2771700&ued=https%3A%2F%2Fwww.tuttibambini.com%2Fproducts%2Fverona-cot-bed-white-oak,Verona Cot Bed - White/Oak - White & Oak,53769754837317,211042/1135,https://cdn.shopify.com/s/files/1/0892/1923/6165/files/verona-cot-bed-in-white-oak-mid-shot.jpg?v=1755270468,"The Verona Cot Bed is designed in a beautiful, clean-lined traditional style in a striking White and Oak. Convertible to a toddler bed and sofa, this cot bed is made to grow with your little one.",Furniture > Baby & Toddler Furniture > Cribs & Toddler Beds,349,Tutti Bambini,103277,Furniture > Baby & Toddler Furniture > Cribs & Toddler Beds,Furniture > Baby & Toddler Furniture > Cribs & Toddler Beds,https://cdn.shopify.com/s/files/1/0892/1923/6165/files/verona-cot-bed-in-white-oak-mid-shot.jpg?v=1755270468,£,349,349,https://www.tuttibambini.com/products/verona-cot-bed-white-oak,,,£349.00,,Tutti Bambini,in_stock,,,,,,Nursery Furniture Piece
https://www.awin1.com/cread.php?awinmid=103277&awinaffid=2771700&ued=https%3A%2F%2Fwww.tuttibambini.com%2Fproducts%2Fverona-cot-bed-dove-grey-oak,Verona Cot Bed - Dove Grey/Oak - Oak & Dove Grey,53769754935621,211042/7235,https://cdn.shopify.com/s/files/1/0892/1923/6165/files/verona-cot-bed-dove-grey-oak.jpg?v=1764936451,"The Verona Cot Bed is designed in a beautiful, clean-lined traditional style in a soft Dove Grey and Oak. Convertible to a toddler bed and sofa, this cot bed is made to grow with your little one.",Furniture > Baby & Toddler Furniture > Cribs & Toddler Beds,349,Tutti Bambini,103277,Furniture > Baby & Toddler Furniture > Cribs & Toddler Beds,Furniture > Baby & Toddler Furniture > Cribs & Toddler Beds,https://cdn.shopify.com/s/files/1/0892/1923/6165/files/verona-cot-bed-dove-grey-oak.jpg?v=1764936451,£,349,349,https://www.tuttibambini.com/products/verona-cot-bed-dove-grey-oak,,,£349.00,,Tutti Bambini,in_stock,,,,,,Nursery Furniture Piece
https://www.awin1.com/cread.php?awinmid=103277&awinaffid=2771700&ued=https%3A%2F%2Fwww.tuttibambini.com%2Fproducts%2Fverona-chest-changer-white-oak,Verona Chest Changer - White/Oak - White & Oak,53769755066693,211442/1135,https://cdn.shopify.com/s/files/1/0892/1923/6165/files/verona-chest-changer-white-oak-room-view.jpg?v=1764938733,"Designed with clean lines and finished in White and Oak, the Verona Chest Changer promises a beautiful traditional look for your nursery. With three full length drawers and a fully removable changing top, the changing unit will be suitable for years of use.",Furniture > Baby & Toddler Furniture > Changing Tables,350,Tutti Bambini,103277,Furniture > Baby & Toddler Furniture > Changing Tables,Furniture > Baby & Toddler Furniture > Changing Tables,https://cdn.shopify.com/s/files/1/0892/1923/6165/files/verona-chest-changer-white-oak-room-view.jpg?v=1764938733,£,350,350,https://www.tuttibambini.com/products/verona-chest-changer-white-oak,,,£350.00,,Tutti Bambini,in_stock,,,,,,Nursery Furniture Piece
https://www.awin1.com/cread.php?awinmid=103277&awinaffid=2771700&ued=https%3A%2F%2Fwww.tuttibambini.com%2Fproducts%2Fverona-chest-changer-dove-grey-oak,Verona Chest Changer - Dove Grey/Oak - Oak & Dove Grey,53769755099461,211442/7235,https://cdn.shopify.com/s/files/1/0892/1923/6165/files/verona-chest-changer-dove-grey-oak-room-view.jpg?v=1764939554,"Designed with clean lines and finished in a soft Dove Grey and Oak, the Verona Nursery Chest Changer promises a beautiful traditional look for your nursery. With three full-length drawers and a fully removable changing top, the changing unit will be suitable for years of use.",Furniture > Baby & Toddler Furniture > Changing Tables,350,Tutti Bambini,103277,Furniture > Baby & Toddler Furniture > Changing Tables,Furniture > Baby & Toddler Furniture > Changing Tables,https://cdn.shopify.com/s/files/1/0892/1923/6165/files/verona-chest-changer-dove-grey-oak-room-view.jpg?v=1764939554,£,350,350,https://www.tuttibambini.com/products/verona-chest-changer-dove-grey-oak,,,£350.00,,Tutti Bambini,in_stock,,,,,,Nursery Furniture Piece
https://www.awin1.com/cread.php?awinmid=103277&awinaffid=2771700&ued=https%3A%2F%2Fwww.tuttibambini.com%2Fproducts%2Fverona-3pc-room-set-white-oak,Verona 3 Piece Room Set - White/Oak - White & Oak,53769755427141,042RS2/1135,https://cdn.shopify.com/s/files/1/0892/1923/6165/files/verona-3-piece-room-set-white-oak-room-view.jpg?v=1746020300,"Designed with clean lines and finished in White and Oak, the Verona 3 Piece Nursery Room Furniture Set promises a beautiful traditional look for your nursery. This shaker style furniture set consists of a full sized cot bed, chest changer and wardrobe giving you ample storage for your growing family.",Furniture > Baby & Toddler Furniture > Baby & Toddler Furniture Sets,999,Tutti Bambini,103277,Furniture > Baby & Toddler Furniture > Baby & Toddler Furniture Sets,Furniture > Baby & Toddler Furniture > Baby & Toddler Furniture Sets,https://cdn.shopify.com/s/files/1/0892/1923/6165/files/verona-3-piece-room-set-white-oak-room-view.jpg?v=1746020300,£,999,999,https://www.tuttibambini.com/products/verona-3pc-room-set-white-oak,,,£999.00,,Tutti Bambini,in_stock,,,,,,Nursery Furniture Set
https://www.awin1.com/cread.php?awinmid=103277&awinaffid=2771700&ued=https%3A%2F%2Fwww.tuttibambini.com%2Fproducts%2Fverona-wardrobe-dove-grey-oak,Verona Wardrobe - Dove Grey/Oak - Oak & Dove Grey,53769756082501,211342/7235,https://cdn.shopify.com/s/files/1/0892/1923/6165/files/verona-wardrobe-dove-grey-oak-room-view.jpg?v=1764933605,The Verona Wardrobe offers ample storage for your baby essentials in a classic Dove Grey and Oak shaker design. The Verona baby wardrobe is a timeless furniture piece designed to fit in any nursery.,Furniture > Cabinets & Storage > Cupboards & Wardrobes,450,Tutti Bambini,103277,Furniture > Cabinets & Storage > Cupboards & Wardrobes,Furniture > Cabinets & Storage > Cupboards & Wardrobes,https://cdn.shopify.com/s/files/1/0892/1923/6165/files/verona-wardrobe-dove-grey-oak-room-view.jpg?v=1764933605,£,450,450,https://www.tuttibambini.com/products/verona-wardrobe-dove-grey-oak,,,£450.00,,Tutti Bambini,in_stock,,,,,,Nursery Furniture Piece
https://www.awin1.com/cread.php?awinmid=103277&awinaffid=2771700&ued=https%3A%2F%2Fwww.tuttibambini.com%2Fproducts%2Fverona-2pc-room-set-dove-grey-oak,Verona 2 Piece Room Set - Dove Grey/Oak - Oak & Dove Grey,53769756246341,042RS1/7235,https://cdn.shopify.com/s/files/1/0892/1923/6165/files/verona-2-piece-room-set-dove-grey-oak-room-view.jpg?v=1745940143,"Designed with clean lines and finished in Dove Grey and Oak, the Verona Two Piece Nursery Room Furniture Set promises a beautiful traditional look for your nursery. The shaker style chest changer features a fully removable changing top and the matching cot bed converts to junior bed and day bed, making this nursery set suitable for years to come.",Furniture > Baby & Toddler Furniture > Baby & Toddler Furniture Sets,699,Tutti Bambini,103277,Furniture > Baby & Toddler Furniture > Baby & Toddler Furniture Sets,Furniture > Baby & Toddler Furniture > Baby & Toddler Furniture Sets,https://cdn.shopify.com/s/files/1/0892/1923/6165/files/verona-2-piece-room-set-dove-grey-oak-room-view.jpg?v=1745940143,£,699,699,https://www.tuttibambini.com/products/verona-2pc-room-set-dove-grey-oak,,,£699.00,,Tutti Bambini,in_stock,,,,,,Nursery Furniture Pair
https://www.awin1.com/cread.php?awinmid=103277&awinaffid=2771700&ued=https%3A%2F%2Fwww.tuttibambini.com%2Fproducts%2Fverona-3pc-room-set-dove-grey-oak,Verona 3 Piece Room Set - Dove Grey/Oak - Oak & Dove Grey,53769756344645,042RS2/7235,https://cdn.shopify.com/s/files/1/0892/1923/6165/files/verona-3-piece-room-set-dove-grey-oak-room-view.jpg?v=1746018040,"Designed with clean lines and finished in a Dove Grey and Oak, the Verona 3 Piece Nursery Room Furniture Set promises a beautiful traditional look for your nursery. This shaker style furniture set consists of a full sized cot bed, chest changer and wardrobe giving you ample storage for your growing family.",Furniture > Baby & Toddler Furniture > Baby & Toddler Furniture Sets,999,Tutti Bambini,103277,Furniture > Baby & Toddler Furniture > Baby & Toddler Furniture Sets,Furniture > Baby & Toddler Furniture > Baby & Toddler Furniture Sets,https://cdn.shopify.com/s/files/1/0892/1923/6165/files/verona-3-piece-room-set-dove-grey-oak-room-view.jpg?v=1746018040,£,999,999,https://www.tuttibambini.com/products/verona-3pc-room-set-dove-grey-oak,,,£999.00,,Tutti Bambini,in_stock,,,,,,Nursery Furniture Set
https://www.awin1.com/cread.php?awinmid=103277&awinaffid=2771700&ued=https%3A%2F%2Fwww.tuttibambini.com%2Fproducts%2Fverona-2pc-room-set-white-oak,Verona 2 Piece Room Set - White/Oak - White & Oak,53769756475717,042RS1/1135,https://cdn.shopify.com/s/files/1/0892/1923/6165/files/verona-2-piece-room-set-white-and-oak-room-view.jpg?v=1745928495,"Designed with clean lines and finished in a classic White and Oak, the Verona Two Piece Nursery Room Furniture Set promises a beautiful traditional look for your nursery. The shaker style chest changer features a fully removable changing top and the matching cot bed converts to junior bed and day bed, making this nursery set suitable for years to come.",Furniture > Baby & Toddler Furniture > Baby & Toddler Furniture Sets,699,Tutti Bambini,103277,Furniture > Baby & Toddler Furniture > Baby & Toddler Furniture Sets,Furniture > Baby & Toddler Furniture > Baby & Toddler Furniture Sets,https://cdn.shopify.com/s/files/1/0892/1923/6165/files/verona-2-piece-room-set-white-and-oak-room-view.jpg?v=1745928495,£,699,699,https://www.tuttibambini.com/products/verona-2pc-room-set-white-oak,,,£699.00,,Tutti Bambini,in_stock,,,,,,Nursery Furniture Pair
https://www.awin1.com/cread.php?awinmid=103277&awinaffid=2771700&ued=https%3A%2F%2Fwww.tuttibambini.com%2Fproducts%2Fcozee-bedside-crib-mattress,CoZee Bedside Crib - Mattress,53769757032773,BAM/DL50,https://cdn.shopify.com/s/files/1/0892/1923/6165/files/cozee-bedside-crib-mattress-front-view.jpg?v=1765460077,"This Bedside Crib Mattress is compatible with the CoZee bedside crib range. Acting as a replacement, this mattress is the same as the mattress initially included with any CoZee Bedside Crib purchase. It has a removable and washable cover.",Furniture > Baby & Toddler Furniture > Cot & Toddler Bed Accessories,30,Tutti Bambini,103277,Furniture > Baby & Toddler Furniture > Cot & Toddler Bed Accessories,Furniture > Baby & Toddler Furniture > Cot & Toddler Bed Accessories,https://cdn.shopify.com/s/files/1/0892/1923/6165/files/cozee-bedside-crib-mattress-front-view.jpg?v=1765460077,£,30,30,https://www.tuttibambini.com/products/cozee-bedside-crib-mattress,,,£30.00,,Tutti Bambini,in_stock,,,,,,Next-to-Me Mattress
https://www.awin1.com/cread.php?awinmid=103277&awinaffid=2771700&ued=https%3A%2F%2Fwww.tuttibambini.com%2Fproducts%2Fcozee-xl-bedside-crib-cot-oak-and-charcoal,CoZee XL Bedside Crib & Cot - Oak/Charcoal - Oak & Charcoal,53769757458757,211209/3590,https://cdn.shopify.com/s/files/1/0892/1923/6165/files/cozee-xl-crib-oak-charcoal-nursery-view.jpg?v=1769076629,"The CoZee XL Bedside Crib in Oak and Charcoal lets you sleep close to your baby from birth up to 6 months. With its unique expansion frames, it easily converts into a full cot, extending its use for an additional 18 months, making it a versatile choice for growing families. With our additional extension set and accessories, you can also transform into a rocking bassinet, junior bed and elegant sofa. Please note, babies should only be moved to a cot once they have outgrown the CoZee XL crib, usually at around 6 months of age*",Furniture > Baby & Toddler Furniture > Cribs & Toddler Beds,399,Tutti Bambini,103277,Furniture > Baby & Toddler Furniture > Cribs & Toddler Beds,Furniture > Baby & Toddler Furniture > Cribs & Toddler Beds,https://cdn.shopify.com/s/files/1/0892/1923/6165/files/cozee-xl-crib-oak-charcoal-nursery-view.jpg?v=1769076629,£,399,399,https://www.tuttibambini.com/products/cozee-xl-bedside-crib-cot-oak-and-charcoal,,,£399.00,,Tutti Bambini,in_stock,,,,,,Next-to-Me Crib
https://www.awin1.com/cread.php?awinmid=103277&awinaffid=2771700&ued=https%3A%2F%2Fwww.tuttibambini.com%2Fproducts%2Frio-cot-bed-with-cot-top-changer-mattress-slate-oak,Rio Cot Bed with Cot Top Changer & Mattress - Slate Grey/Oak - Honey Oak & Slate Grey,53769763291461,211030/8135C,https://cdn.shopify.com/s/files/1/0892/1923/6165/files/rio-cot-bed-with-top-changer-in-slate-grey-honey-oak-nursery-view.jpg?v=1747906556,"The Rio Cot Bed in Slate Grey and Honey Oak combines style and practicality, making it a perfect choice for modern nurseries. Crafted from solid New Zealand Pine, this versatile cot bed adapts as your child grows, converting into a toddler bed for use up to approximately six years. It includes a Fibre Mattress and a convenient Cot Top Changer for easy nappy changes. Raised off the ground, it also allows space for our Universal Underbed Drawer (sold separately), offering additional storage. A smart, affordable solution for your babys room.",Furniture > Baby & Toddler Furniture > Cribs & Toddler Beds,249,Tutti Bambini,103277,Furniture > Baby & Toddler Furniture > Cribs & Toddler Beds,Furniture > Baby & Toddler Furniture > Cribs & Toddler Beds,https://cdn.shopify.com/s/files/1/0892/1923/6165/files/rio-cot-bed-with-top-changer-in-slate-grey-honey-oak-nursery-view.jpg?v=1747906556,£,249,249,https://www.tuttibambini.com/products/rio-cot-bed-with-cot-top-changer-mattress-slate-oak,,,£249.00,,Tutti Bambini,in_stock,,,,,,Nursery Furniture Piece
https://www.awin1.com/cread.php?awinmid=103277&awinaffid=2771700&ued=https%3A%2F%2Fwww.tuttibambini.com%2Fproducts%2Frio-chest-changer-slate-grey-oak,Rio Chest Changer - Slate/Honey Oak - Slate & Honey Oak,53769763717445,211430/8135,https://cdn.shopify.com/s/files/1/0892/1923/6165/files/rio-chest-changer-slate-honey-oak-lifestyle-view.jpg?v=1749732258,"This Rio Chest Changer is an ideal addition to your baby's furniture set and is designed to complement both the Rio and Malmo cot beds. Finished in a Slate and Honey Oak, this stylish changing chest of drawers adds plenty of storage to your nursery.",Furniture > Baby & Toddler Furniture > Changing Tables,250,Tutti Bambini,103277,Furniture > Baby & Toddler Furniture > Changing Tables,Furniture > Baby & Toddler Furniture > Changing Tables,https://cdn.shopify.com/s/files/1/0892/1923/6165/files/rio-chest-changer-slate-honey-oak-lifestyle-view.jpg?v=1749732258,£,250,250,https://www.tuttibambini.com/products/rio-chest-changer-slate-grey-oak,,,£250.00,,Tutti Bambini,in_stock,,,,,,Nursery Furniture Piece
https://www.awin1.com/cread.php?awinmid=103277&awinaffid=2771700&ued=https%3A%2F%2Fwww.tuttibambini.com%2Fproducts%2Frio-wardrobe-slate-grey-oak,Rio Wardrobe - Slate/Honey Oak - Honey Oak & Slate Grey,53769763782981,211330/8135,https://cdn.shopify.com/s/files/1/0892/1923/6165/files/rio-wardrobe-in-slate-and-honey-oak-room-setting-view.jpg?v=1745408606,"The Rio Wardrobe in Slate and Honey Oak offers a stylish and practical storage solution for your nursery. Featuring a full-width hanging rail, an adjustable shelf, and a spacious drawer, it provides ample space to organise clothes, bedding, and essentials. Designed with a clean, modern aesthetic and a durable white finish, it complements any nursery décor.",Furniture > Baby & Toddler Furniture,270,Tutti Bambini,103277,Furniture > Baby & Toddler Furniture,Furniture > Baby & Toddler Furniture,https://cdn.shopify.com/s/files/1/0892/1923/6165/files/rio-wardrobe-in-slate-and-honey-oak-room-setting-view.jpg?v=1745408606,£,270,270,https://www.tuttibambini.com/products/rio-wardrobe-slate-grey-oak,,,£270.00,,Tutti Bambini,in_stock,,,,,,Nursery Furniture Piece
https://www.awin1.com/cread.php?awinmid=103277&awinaffid=2771700&ued=https%3A%2F%2Fwww.tuttibambini.com%2Fproducts%2Frio-toy-box-white-dove-grey,Rio Toy Box - White/Dove Grey - White & Dove Grey,53769764438341,211730/1172,https://cdn.shopify.com/s/files/1/0892/1923/6165/files/rio-toy-box-white-dove-grey-room-view.jpg?v=1745826975,"With its structured simplicity and a White and Dove Grey finish, the Rio Toy Box provides a spacious storage solution to keep your childs bedroom tidy and organised, and it also doubles as a seating area. The soft-close hinge provides safe and easy access, protecting little fingers from being caught. Stylish and practical, the Rio Toy Box complements any modern abode.",Furniture > Baby & Toddler Furniture,70,Tutti Bambini,103277,Furniture > Baby & Toddler Furniture,Furniture > Baby & Toddler Furniture,https://cdn.shopify.com/s/files/1/0892/1923/6165/files/rio-toy-box-white-dove-grey-room-view.jpg?v=1745826975,£,70,70,https://www.tuttibambini.com/products/rio-toy-box-white-dove-grey,,,£70.00,,Tutti Bambini,in_stock,,,,,,First Toys
https://www.awin1.com/cread.php?awinmid=103277&awinaffid=2771700&ued=https%3A%2F%2Fwww.tuttibambini.com%2Fproducts%2Frio-toy-box-dove-grey-oak,Rio Toy Box - Dove Grey/Honey Oak - Dove Grey & Honey Oak,53769765126469,211730/7235,https://cdn.shopify.com/s/files/1/0892/1923/6165/files/rio-toy-box-dove-grey-honey-oak-room-view.jpg?v=1745827974,"With its structured simplicity and a Dove Grey and Honey Oak finish, the Rio Toy Box provides a spacious storage solution to keep your childs bedroom tidy and organised, and it also doubles as a seating area. The soft-close hinge provides safe and easy access, protecting little fingers from being caught. Stylish and practical, the Rio toy box complements any modern abode.",Furniture > Baby & Toddler Furniture,70,Tutti Bambini,103277,Furniture > Baby & Toddler Furniture,Furniture > Baby & Toddler Furniture,https://cdn.shopify.com/s/files/1/0892/1923/6165/files/rio-toy-box-dove-grey-honey-oak-room-view.jpg?v=1745827974,£,70,70,https://www.tuttibambini.com/products/rio-toy-box-dove-grey-oak,,,£70.00,,Tutti Bambini,in_stock,,,,,,First Toys
https://www.awin1.com/cread.php?awinmid=103277&awinaffid=2771700&ued=https%3A%2F%2Fwww.tuttibambini.com%2Fproducts%2Frio-toy-box-slate-grey-oak,Rio Toy Box - Slate/Honey Oak - Slate & Honey Oak,53769766469957,211730/8135,https://cdn.shopify.com/s/files/1/0892/1923/6165/files/rio-toy-box-slate-grey-honey-oak-room-view.jpg?v=1745826278,"With its structured simplicity and a Slate and Honey Oak finish, the Rio Toy Box provides a spacious storage solution to keep your childs bedroom tidy and organised, and it also doubles as a seating area. The soft-close hinge provides safe and easy access, protecting little fingers from being caught. Stylish and practical, the Rio toy box complements any modern abode.",Furniture > Cabinets & Storage > Storage Chests > Toy Chests,70,Tutti Bambini,103277,Furniture > Cabinets & Storage > Storage Chests > Toy Chests,Furniture > Cabinets & Storage > Storage Chests > Toy Chests,https://cdn.shopify.com/s/files/1/0892/1923/6165/files/rio-toy-box-slate-grey-honey-oak-room-view.jpg?v=1745826278,£,70,70,https://www.tuttibambini.com/products/rio-toy-box-slate-grey-oak,,,£70.00,,Tutti Bambini,in_stock,,,,,,First Toys
https://www.awin1.com/cread.php?awinmid=103277&awinaffid=2771700&ued=https%3A%2F%2Fwww.tuttibambini.com%2Fproducts%2Frio-2pc-room-set-slate-grey-oak,Rio 2 Piece Room Set - Honey Oak & Slate Grey - Slate & Honey Oak,53769767289157,030RS1/8135,https://cdn.shopify.com/s/files/1/0892/1923/6165/files/Rio-Cot-Bed-and-Chest-Changer-in-Slate-Grey-Honey-Oak.jpg?v=1747907663,"The Rio 2-Piece Nursery Room Furniture Room Set blends style and practicality with a Slate Grey and Honey Oak finish. The full-size cot bed adapts from birth to six years with three mattress height positions and protective teething rails. A cot top changer offers a convenient space for nappy changes, while the chest of drawers provides ample storage for essentials. Designed for modern nurseries, this set ensures a comfortable and organised space for your little one.",Furniture > Baby & Toddler Furniture > Baby & Toddler Furniture Sets,449,Tutti Bambini,103277,Furniture > Baby & Toddler Furniture > Baby & Toddler Furniture Sets,Furniture > Baby & Toddler Furniture > Baby & Toddler Furniture Sets,https://cdn.shopify.com/s/files/1/0892/1923/6165/files/Rio-Cot-Bed-and-Chest-Changer-in-Slate-Grey-Honey-Oak.jpg?v=1747907663,£,449,449,https://www.tuttibambini.com/products/rio-2pc-room-set-slate-grey-oak,,,£449.00,,Tutti Bambini,in_stock,,,,,,Nursery Furniture Pair
https://www.awin1.com/cread.php?awinmid=103277&awinaffid=2771700&ued=https%3A%2F%2Fwww.tuttibambini.com%2Fproducts%2Frio-3pc-room-set-slate-grey-oak,Rio 3 Piece Room Set - Honey Oak & Slate Grey - Honey Oak & Slate Grey,53769768010053,030RS2/8135,https://cdn.shopify.com/s/files/1/0892/1923/6165/files/Rio-Three-Piece-Room-Set-in-Honey-Oak-and-Slate-Grey.jpg?v=1745585595,"The Rio 3-Piece Nursery Furniture Set in Honey Oak and Slate Grey offers a stylish and practical solution for your babys room. The full-size cot bed features three mattress height positions and protective teething rails, adapting from birth to six years. A handy cot top changer provides a convenient space for nappy changes, while the chest of drawers and wardrobe offer ample storage for essentials. Finished in warm honey oak and soft dove grey, this set combines modern design with everyday functionality for a cosy, organised nursery.",Furniture > Baby & Toddler Furniture > Baby & Toddler Furniture Sets,599,Tutti Bambini,103277,Furniture > Baby & Toddler Furniture > Baby & Toddler Furniture Sets,Furniture > Baby & Toddler Furniture > Baby & Toddler Furniture Sets,https://cdn.shopify.com/s/files/1/0892/1923/6165/files/Rio-Three-Piece-Room-Set-in-Honey-Oak-and-Slate-Grey.jpg?v=1745585595,£,599,599,https://www.tuttibambini.com/products/rio-3pc-room-set-slate-grey-oak,,,£599.00,,Tutti Bambini,in_stock,,,,,,Nursery Furniture Set
https://www.awin1.com/cread.php?awinmid=103277&awinaffid=2771700&ued=https%3A%2F%2Fwww.tuttibambini.com%2Fproducts%2Fmodena-toy-box-oak,Modena Toy Box - Oak - Oak,53769768862021,211737/35,https://cdn.shopify.com/s/files/1/0892/1923/6165/files/modena-toy-box-oak-room-view.jpg?v=1745828921,"Tidy toys, clear floors, calmer days — the Modena Toy Box in Oak makes it easy. With its spacious interior and soft-close safety lid, its designed for little hands and growing imaginations. Styled to match the Modena collection, it's a practical piece that blends effortlessly into your home, keeping the cuddles, the chaos, and the creativity all in one place.",Furniture > Cabinets & Storage > Storage Chests > Toy Chests,70,Tutti Bambini,103277,Furniture > Cabinets & Storage > Storage Chests > Toy Chests,Furniture > Cabinets & Storage > Storage Chests > Toy Chests,https://cdn.shopify.com/s/files/1/0892/1923/6165/files/modena-toy-box-oak-room-view.jpg?v=1745828921,£,70,70,https://www.tuttibambini.com/products/modena-toy-box-oak,,,£70.00,,Tutti Bambini,in_stock,,,,,,First Toys
https://www.awin1.com/cread.php?awinmid=103277&awinaffid=2771700&ued=https%3A%2F%2Fwww.tuttibambini.com%2Fproducts%2Fmodena-toy-box-grey-ash,Modena Toy Box - Grey Ash - Grey Ash,53769769681221,211737/46,https://cdn.shopify.com/s/files/1/0892/1923/6165/files/modena-toy-box-grey-ash-room-view.jpg?v=1745829995,"Tidy toys, clear floors, calmer days — the Modena Toy Box in Grey Ash makes it easy. With its spacious interior and soft-close safety lid, its designed for little hands and growing imaginations. Styled to match the Modena collection, it's a practical piece that blends effortlessly into your home, keeping the cuddles, the chaos, and the creativity all in one place.",Furniture > Cabinets & Storage > Storage Chests > Toy Chests,70,Tutti Bambini,103277,Furniture > Cabinets & Storage > Storage Chests > Toy Chests,Furniture > Cabinets & Storage > Storage Chests > Toy Chests,https://cdn.shopify.com/s/files/1/0892/1923/6165/files/modena-toy-box-grey-ash-room-view.jpg?v=1745829995,£,70,70,https://www.tuttibambini.com/products/modena-toy-box-grey-ash,,,£70.00,,Tutti Bambini,in_stock,,,,,,First Toys
https://www.awin1.com/cread.php?awinmid=103277&awinaffid=2771700&ued=https%3A%2F%2Fwww.tuttibambini.com%2Fproducts%2Fcomo-cot-bed-distressed-oak-slate-grey,Como Cot Bed - Distressed Oak & Slate Grey,53769773187397,211081/3695,https://cdn.shopify.com/s/files/1/0892/1923/6165/files/como_cot_bed_distressed_oak_slate_grey_1.jpg?v=1733418709,"Create a safe and cosy sleeping environment for your baby with the Como cot bed in­­­ Distressed Oak and Slate Grey. A practical sleeping solution, the cot bed has 3 adjustable mattress heights and can be converted to a toddler bed and sofa. With a chic yet familiar aesthetic, the Como is a great choice for any modern nursery.",Furniture > Baby & Toddler Furniture > Cribs & Toddler Beds,329,Tutti Bambini,103277,Furniture > Baby & Toddler Furniture > Cribs & Toddler Beds,Furniture > Baby & Toddler Furniture > Cribs & Toddler Beds,https://cdn.shopify.com/s/files/1/0892/1923/6165/files/como_cot_bed_distressed_oak_slate_grey_1.jpg?v=1733418709,£,329,329,https://www.tuttibambini.com/products/como-cot-bed-distressed-oak-slate-grey,,,£329.00,,Tutti Bambini,in_stock,,,,,,Nursery Furniture Piece
https://www.awin1.com/cread.php?awinmid=103277&awinaffid=2771700&ued=https%3A%2F%2Fwww.tuttibambini.com%2Fproducts%2Fcomo-chest-changer-distressed-oak-slate-grey,Como Chest Changer - Slate Grey/Distressed Oak - Distressed Oak & Slate Grey,53769775710533,211481/3695,https://cdn.shopify.com/s/files/1/0892/1923/6165/files/como-chest-changer-distressed-oak-slate-grey-lifestyle.jpg?v=1764953959,"The Como Chest Changer in Slate Grey and Distressed Oak brings a refreshing yet familiar feel to your nursery. With two half width and one full width drawers, as well as an adjustable inner shelf and a removable changing top, the chest changer offers plenty of space to store all your babys essentials.",Furniture > Baby & Toddler Furniture > Changing Tables,270,Tutti Bambini,103277,Furniture > Baby & Toddler Furniture > Changing Tables,Furniture > Baby & Toddler Furniture > Changing Tables,https://cdn.shopify.com/s/files/1/0892/1923/6165/files/como-chest-changer-distressed-oak-slate-grey-lifestyle.jpg?v=1764953959,£,270,270,https://www.tuttibambini.com/products/como-chest-changer-distressed-oak-slate-grey,,,£270.00,,Tutti Bambini,in_stock,,,,,,Nursery Furniture Piece
https://www.awin1.com/cread.php?awinmid=103277&awinaffid=2771700&ued=https%3A%2F%2Fwww.tuttibambini.com%2Fproducts%2Fcomo-wardrobe-distressed-oak-slate-grey,Como Wardrobe - Distressed Oak & Slate Grey,53769778168133,211381/3695,https://cdn.shopify.com/s/files/1/0892/1923/6165/files/como-wardrobe-distressed-oak-slate-grey-closed-door.jpg?v=1756379143,"The Como Wardrobe in Distressed Oak and Slate Grey offers stylish and practical storage for your nursery. Featuring a spacious hanging area with two rails, two half-width drawers, and two adjustable shelves, it provides flexible organisation for clothes and essentials. Soft-close doors ensure quiet and easy access, while the contemporary design adds a modern touch to your space.",Furniture > Cabinets & Storage > Cupboards & Wardrobes,370,Tutti Bambini,103277,Furniture > Cabinets & Storage > Cupboards & Wardrobes,Furniture > Cabinets & Storage > Cupboards & Wardrobes,https://cdn.shopify.com/s/files/1/0892/1923/6165/files/como-wardrobe-distressed-oak-slate-grey-closed-door.jpg?v=1756379143,£,370,370,https://www.tuttibambini.com/products/como-wardrobe-distressed-oak-slate-grey,,,£370.00,,Tutti Bambini,in_stock,,,,,,Nursery Furniture Piece
https://www.awin1.com/cread.php?awinmid=103277&awinaffid=2771700&ued=https%3A%2F%2Fwww.tuttibambini.com%2Fproducts%2Fcomo-2-piece-room-set-distressed-oak-slate-grey,Como 2 Piece Room Set - Distressed Oak & Slate Grey,53769780068677,081RS1/3695,https://cdn.shopify.com/s/files/1/0892/1923/6165/files/como-2-piece-room-set-distressed-oak-slate-grey-lifestyle.jpg?v=1765280191,"The Tutti Bambini Como 2 Piece Room Set in Distressed Oak and Slate Grey combines clean lines with contrasting finishes for a modern yet earthy nursery aesthetic. The 3-in-1 Como Cot Bed features three adjustable mattress heights and converts into a toddler bed and sofa, ensuring long-term use. The Como Chest Changer offers a mix of spacious drawers and open shelving for easy organisation. A removable changing top adds versatility, transforming it into a stylish dresser for years to come.",Furniture > Baby & Toddler Furniture > Baby & Toddler Furniture Sets,579,Tutti Bambini,103277,Furniture > Baby & Toddler Furniture > Baby & Toddler Furniture Sets,Furniture > Baby & Toddler Furniture > Baby & Toddler Furniture Sets,https://cdn.shopify.com/s/files/1/0892/1923/6165/files/como-2-piece-room-set-distressed-oak-slate-grey-lifestyle.jpg?v=1765280191,£,579,579,https://www.tuttibambini.com/products/como-2-piece-room-set-distressed-oak-slate-grey,,,£579.00,,Tutti Bambini,in_stock,,,,,,Nursery Furniture Pair
https://www.awin1.com/cread.php?awinmid=103277&awinaffid=2771700&ued=https%3A%2F%2Fwww.tuttibambini.com%2Fproducts%2Fcomo-3-piece-room-set-distressed-oak-slate-grey,Como 3 Piece Room Set - Distressed Oak/Slate Grey - Distressed Oak & Slate Grey,53769780396357,081RS2/3695,https://cdn.shopify.com/s/files/1/0892/1923/6165/files/como-3-piece-room-set-distressed-oak-slate-grey-lifestyle-view.jpg?v=1756378714,"The Tutti Bambini Como 3 Piece Room Set in Distressed Oak and Slate Grey blends clean lines with contrasting finishes for a modern yet earthy nursery style. The 3-in-1 Como Cot Bed features three adjustable mattress heights and converts into a toddler bed and sofa for long-term use. The Como Chest Changer includes spacious drawers, open shelving, and a removable changing top for added versatility. The Como Wardrobe offers a mix of drawers, hanging space, and shelves, providing ample storage for your little ones essentials.",Furniture > Baby & Toddler Furniture > Baby & Toddler Furniture Sets,899,Tutti Bambini,103277,Furniture > Baby & Toddler Furniture > Baby & Toddler Furniture Sets,Furniture > Baby & Toddler Furniture > Baby & Toddler Furniture Sets,https://cdn.shopify.com/s/files/1/0892/1923/6165/files/como-3-piece-room-set-distressed-oak-slate-grey-lifestyle-view.jpg?v=1756378714,£,899,899,https://www.tuttibambini.com/products/como-3-piece-room-set-distressed-oak-slate-grey,,,£899.00,,Tutti Bambini,in_stock,,,,,,Nursery Furniture Set
https://www.awin1.com/cread.php?awinmid=103277&awinaffid=2771700&ued=https%3A%2F%2Fwww.tuttibambini.com%2Fproducts%2Ftivoli-cot-bed-navy,Tivoli Cot Bed - Navy - Navy,53769780461893,211063/80,https://cdn.shopify.com/s/files/1/0892/1923/6165/files/tivoli-cot-bed-navy-lifestyle-view.jpg?v=1765280500,"With a stylish silhouette and a distinctive colour, the Tivoli Cot Bed in Navy provides a sophisticated yet practical sleeping space for your child. The Cot Top Changer and underbed storage drawer are nifty addons that can be purchased separately.",Furniture > Baby & Toddler Furniture > Cribs & Toddler Beds,349,Tutti Bambini,103277,Furniture > Baby & Toddler Furniture > Cribs & Toddler Beds,Furniture > Baby & Toddler Furniture > Cribs & Toddler Beds,https://cdn.shopify.com/s/files/1/0892/1923/6165/files/tivoli-cot-bed-navy-lifestyle-view.jpg?v=1765280500,£,349,349,https://www.tuttibambini.com/products/tivoli-cot-bed-navy,,,£349.00,,Tutti Bambini,in_stock,,,,,,Nursery Furniture Piece
https://www.awin1.com/cread.php?awinmid=103277&awinaffid=2771700&ued=https%3A%2F%2Fwww.tuttibambini.com%2Fproducts%2Ftivoli-chest-changer-navy,Tivoli Chest Changer - Navy - Navy,53769780625733,211463/80,https://cdn.shopify.com/s/files/1/0892/1923/6165/files/tivoli-chest-changer-navy-with-changing-unit.jpg?v=1765281116,"A stylish yet practical storage space, the Tivoli Chest Changer in Navy stands out due to its elegant silhouette, sophisticated colour palette and brushed metallic handles. With three generously sized drawers and a removable changing top, the Tivoli changing unit is a spacious and versatile furniture piece that will last for years to come.",Furniture > Baby & Toddler Furniture > Changing Tables,450,Tutti Bambini,103277,Furniture > Baby & Toddler Furniture > Changing Tables,Furniture > Baby & Toddler Furniture > Changing Tables,https://cdn.shopify.com/s/files/1/0892/1923/6165/files/tivoli-chest-changer-navy-with-changing-unit.jpg?v=1765281116,£,450,450,https://www.tuttibambini.com/products/tivoli-chest-changer-navy,,,£450.00,,Tutti Bambini,in_stock,,,,,,Nursery Furniture Piece
https://www.awin1.com/cread.php?awinmid=103277&awinaffid=2771700&ued=https%3A%2F%2Fwww.tuttibambini.com%2Fproducts%2Ftivoli-wardrobe-navy,Tivoli Wardrobe - Navy - Navy,53769780756805,211363/80,https://cdn.shopify.com/s/files/1/0892/1923/6165/files/tivoli-wardrobe-navy-lifestyle.jpg?v=1765281614,"With an elegant silhouette and brushed metallic handles, the Tivoli Wardrobe in Navy combines sophisticated design aesthetic with smart storage solutions to optimise the space in your babys nursery. The wardrobe features two adjustable inner shelves, a generously sized drawer, and a hanging rail with sensor lights.",Furniture > Cabinets & Storage > Cupboards & Wardrobes,550,Tutti Bambini,103277,Furniture > Cabinets & Storage > Cupboards & Wardrobes,Furniture > Cabinets & Storage > Cupboards & Wardrobes,https://cdn.shopify.com/s/files/1/0892/1923/6165/files/tivoli-wardrobe-navy-lifestyle.jpg?v=1765281614,£,550,550,https://www.tuttibambini.com/products/tivoli-wardrobe-navy,,,£550.00,,Tutti Bambini,in_stock,,,,,,Nursery Furniture Piece
https://www.awin1.com/cread.php?awinmid=103277&awinaffid=2771700&ued=https%3A%2F%2Fwww.tuttibambini.com%2Fproducts%2Ftivoli-2-piece-room-set-navy,Tivoli 2 Piece Room Set - Navy - Navy,53769780986181,063RS1/80,https://cdn.shopify.com/s/files/1/0892/1923/6165/files/tivoli-two-piece-room-set-navy-lifestyle.jpg?v=1765282004,"With an elegant silhouette and distinctive colours, the Tivoli Two-Piece Furniture Set in Navy brings a fresh and sophisticated look to any modern nursery. Style with textured fabrics and bold prints for a contemporary and luxurious look.",Furniture > Baby & Toddler Furniture > Baby & Toddler Furniture Sets,699,Tutti Bambini,103277,Furniture > Baby & Toddler Furniture > Baby & Toddler Furniture Sets,Furniture > Baby & Toddler Furniture > Baby & Toddler Furniture Sets,https://cdn.shopify.com/s/files/1/0892/1923/6165/files/tivoli-two-piece-room-set-navy-lifestyle.jpg?v=1765282004,£,699,699,https://www.tuttibambini.com/products/tivoli-2-piece-room-set-navy,,,£699.00,,Tutti Bambini,in_stock,,,,,,Nursery Furniture Pair
https://www.awin1.com/cread.php?awinmid=103277&awinaffid=2771700&ued=https%3A%2F%2Fwww.tuttibambini.com%2Fproducts%2Ftivoli-3-piece-room-set-navy,Tivoli 3 Piece Room Set - Navy - Navy,53769781084485,063RS2/80,https://cdn.shopify.com/s/files/1/0892/1923/6165/files/tivoli-3-pcs-room-set-navy.jpg?v=1765282645,"With an elegant silhouette and distinctive colours, the Tivoli Three-Piece Furniture Set in Navy brings a fresh and sophisticated look to any modern nursery. Style with textured fabrics and bold prints for a contemporary and luxurious look.",Furniture > Baby & Toddler Furniture > Baby & Toddler Furniture Sets,999,Tutti Bambini,103277,Furniture > Baby & Toddler Furniture > Baby & Toddler Furniture Sets,Furniture > Baby & Toddler Furniture > Baby & Toddler Furniture Sets,https://cdn.shopify.com/s/files/1/0892/1923/6165/files/tivoli-3-pcs-room-set-navy.jpg?v=1765282645,£,999,999,https://www.tuttibambini.com/products/tivoli-3-piece-room-set-navy,,,£999.00,,Tutti Bambini,in_stock,,,,,,Nursery Furniture Set
https://www.awin1.com/cread.php?awinmid=103277&awinaffid=2771700&ued=https%3A%2F%2Fwww.tuttibambini.com%2Fproducts%2Fluxury-padded-xl-playmat-bubble-terrazzo,Luxury Padded XL Play Mat - Bubble & Terrazzo - Bubble & Terrazzo,53769781576005,511500/BT,https://cdn.shopify.com/s/files/1/0892/1923/6165/files/luxury-padded-xl-play-mat-bubble-terrazzo-overhead-baby-view.jpg?v=1765287522,"The Tutti Bambini Luxury Padded XL Reversible Playmat in Bubble & Terrazzo provides a spacious, cushioned play area for little ones. Made from thick, soft materials, it offers excellent insulation and protection on hard floors. Its anti-slip surface is ideal for babies learning to walk, ensuring stability and safety. The double-sided design features stylish prints to complement any home. Water-resistant and easy to clean, simply wipe spills with a paper towel or use warm water and mild detergent to keep it fresh and hygienic.",Baby & Toddler > Baby Toys & Activity Equipment > Play Mats & Gyms > Play Mats,139,Tutti Bambini,103277,Baby & Toddler > Baby Toys & Activity Equipment > Play Mats & Gyms > Play Mats,Baby & Toddler > Baby Toys & Activity Equipment > Play Mats & Gyms > Play Mats,https://cdn.shopify.com/s/files/1/0892/1923/6165/files/luxury-padded-xl-play-mat-bubble-terrazzo-overhead-baby-view.jpg?v=1765287522,£,139,139,https://www.tuttibambini.com/products/luxury-padded-xl-playmat-bubble-terrazzo,,,£139.00,,Tutti Bambini,in_stock,,,,,,Play Mat
https://www.awin1.com/cread.php?awinmid=103277&awinaffid=2771700&ued=https%3A%2F%2Fwww.tuttibambini.com%2Fproducts%2Fluxury-padded-xl-playmat-fan,Luxury Padded XL Play Mat - Fan - Fan,53769781805381,511500/F,https://cdn.shopify.com/s/files/1/0892/1923/6165/files/luxury-padded-xl-play-mat-fan-toddler-lying.jpg?v=1765289214,"The Tutti Bambini Luxury Padded XL Reversible Playmat provides a spacious, cushioned play area for little ones. Made from thick, soft materials, it offers excellent insulation and protection on hard floors. Its anti-slip surface is ideal for babies learning to walk, ensuring stability and safety. The double-sided design features stylish prints to complement any home. Water-resistant and easy to clean, simply wipe spills with a paper towel or use warm water and mild detergent to keep it fresh and hygienic.",Baby & Toddler > Baby Toys & Activity Equipment > Play Mats & Gyms,139,Tutti Bambini,103277,Baby & Toddler > Baby Toys & Activity Equipment > Play Mats & Gyms,Baby & Toddler > Baby Toys & Activity Equipment > Play Mats & Gyms,https://cdn.shopify.com/s/files/1/0892/1923/6165/files/luxury-padded-xl-play-mat-fan-toddler-lying.jpg?v=1765289214,£,139,139,https://www.tuttibambini.com/products/luxury-padded-xl-playmat-fan,,,£139.00,,Tutti Bambini,in_stock,,,,,,Play Mat
https://www.awin1.com/cread.php?awinmid=103277&awinaffid=2771700&ued=https%3A%2F%2Fwww.tuttibambini.com%2Fproducts%2Fcozee-xl-complete-birth-to-4-years-package-oak-charcoal,CoZee XL - Complete Birth to 4+ Years Package - Oak & Charcoal,53769782526277,211209/3590-P,https://cdn.shopify.com/s/files/1/0892/1923/6165/files/CoZeeXL-New-Bundle-Images-Charcoal.jpg?v=1758194990,"The CoZee XL Complete Birth to 4+ Years Package in Oak and Charcoal offers a stylish, practical solution for your baby's sleep, growing with them from birth to approximately four years. Featuring a bedside crib, bassinet, cot, and toddler bed, it seamlessly transitions to a sofa for continued use. The package includes a bedside crib with mattress, junior bed and sofa mode expansion, travel bag, bassinet accessories and sprung cot mattress - for cot, junior bed and sofa modes. Designed for comfort and convenience, its timeless finish complements any nursery, providing a versatile, long-lasting sleeping and seating solution. Please note, babies should only be moved to a cot once they have outgrown the CoZee XL crib, usually at around 6 months of age*",Furniture > Baby & Toddler Furniture > Cribs & Toddler Beds,599,Tutti Bambini,103277,Furniture > Baby & Toddler Furniture > Cribs & Toddler Beds,Furniture > Baby & Toddler Furniture > Cribs & Toddler Beds,https://cdn.shopify.com/s/files/1/0892/1923/6165/files/CoZeeXL-New-Bundle-Images-Charcoal.jpg?v=1758194990,£,599,599,https://www.tuttibambini.com/products/cozee-xl-complete-birth-to-4-years-package-oak-charcoal,,,£599.00,,Tutti Bambini,in_stock,,,,,,Nursery Furniture Piece
https://www.awin1.com/cread.php?awinmid=103277&awinaffid=2771700&ued=https%3A%2F%2Fwww.tuttibambini.com%2Fproducts%2Fessentials-alba-cot-bed,Essentials Alba Cot Bed - White,53769783804229,211056/11,https://cdn.shopify.com/s/files/1/0892/1923/6165/files/Alba_Mini_Cot_Bed_-_White_-_Cot_Bed.jpg?v=1741275528,"Contemporary, stylish, and highly versatile, the Essentials Alba Cot Bed in White is a great choice if youre looking for an affordable sleeping solution without compromising on quality and safety. With three mattress height positions and convertible to toddler bed and sofa, this model follows the sturdy construction and functionality of all our other ranges, whilst staying in a sweet price point.",Furniture > Baby & Toddler Furniture > Cribs & Toddler Beds,219,Tutti Bambini,103277,Furniture > Baby & Toddler Furniture > Cribs & Toddler Beds,Furniture > Baby & Toddler Furniture > Cribs & Toddler Beds,https://cdn.shopify.com/s/files/1/0892/1923/6165/files/Alba_Mini_Cot_Bed_-_White_-_Cot_Bed.jpg?v=1741275528,£,219,219,https://www.tuttibambini.com/products/essentials-alba-cot-bed,,,£219.00,,Tutti Bambini,in_stock,,,,,,Nursery Furniture Piece
https://www.awin1.com/cread.php?awinmid=103277&awinaffid=2771700&ued=https%3A%2F%2Fwww.tuttibambini.com%2Fproducts%2Fessentials-alba-mini-cot-bed-white,Essentials Alba Mini Cot Bed - White,53769783968069,211156/11,https://cdn.shopify.com/s/files/1/0892/1923/6165/files/Alba_Mini_Cot_Bed_-_White_-_Cot_Bed.jpg?v=1741275528,"Contemporary, stylish, and highly versatile, the Essentials Alba Mini Cot Bed in White is a great choice if you are looking to optimise space in a smaller nursery. With three mattress height positions and convertible to toddler bed and sofa, this model follows the sturdy construction and functionality of all our other ranges, whilst staying in a sweet price point.",Furniture > Beds & Accessories > Beds & Bed Frames,199,Tutti Bambini,103277,Furniture > Beds & Accessories > Beds & Bed Frames,Furniture > Beds & Accessories > Beds & Bed Frames,https://cdn.shopify.com/s/files/1/0892/1923/6165/files/Alba_Mini_Cot_Bed_-_White_-_Cot_Bed.jpg?v=1741275528,£,199,199,https://www.tuttibambini.com/products/essentials-alba-mini-cot-bed-white,,,£199.00,,Tutti Bambini,in_stock,,,,,,Nursery Furniture Piece
https://www.awin1.com/cread.php?awinmid=103277&awinaffid=2771700&ued=https%3A%2F%2Fwww.tuttibambini.com%2Fproducts%2Fcomforter-our-planet,Comforter - Our Planet - Our Planet,53769784885573,211229/OP,https://cdn.shopify.com/s/files/1/0892/1923/6165/files/comforter-our-planet-close-up.jpg?v=1765297567,"Comforters can help your baby transition to independent sleep by providing a sense of safety and security. Machine washable and made from super soft tactile materials, the Our Planet comforter is ideal to soothe your sea-loving little one. The adorable turtle design is perfect for your child to play and stroll around to their hearts content.",Baby & Toddler > Baby Toys & Activity Equipment > Baby Soothers,7.5,Tutti Bambini,103277,Baby & Toddler > Baby Toys & Activity Equipment > Baby Soothers,Baby & Toddler > Baby Toys & Activity Equipment > Baby Soothers,https://cdn.shopify.com/s/files/1/0892/1923/6165/files/comforter-our-planet-close-up.jpg?v=1765297567,£,7.5,7.5,https://www.tuttibambini.com/products/comforter-our-planet,,,£7.50,,Tutti Bambini,in_stock,,,,,,Comforter
https://www.awin1.com/cread.php?awinmid=103277&awinaffid=2771700&ued=https%3A%2F%2Fwww.tuttibambini.com%2Fproducts%2Fbedside-crib-fitted-sheets-2pk-cocoon,Bedside Crib Fitted Sheets 2pk - Cocoon - Cocoon,53769785049413,211215/CO,https://cdn.shopify.com/s/files/1/0892/1923/6165/files/bedside-crib-fitted-sheets-2pk-cocoon-overhead-view.jpg?v=1756213143,"Made from soft bamboo jersey, these luxurious and fully tailored Bedside Crib Fitted Sheets stay put all night long, with double seams for added strength and security, and designed to wash well. The pack includes two stylish designs, flourished in a stunning neutral aesthetic with a frolicking rabbit and woodland theme, to co-ordinate with the rest of the Cocoon collection.",Home & Garden > Linens & Bedding > Bedding > Bed Sheets,28,Tutti Bambini,103277,Home & Garden > Linens & Bedding > Bedding > Bed Sheets,Home & Garden > Linens & Bedding > Bedding > Bed Sheets,https://cdn.shopify.com/s/files/1/0892/1923/6165/files/bedside-crib-fitted-sheets-2pk-cocoon-overhead-view.jpg?v=1756213143,£,28,28,https://www.tuttibambini.com/products/bedside-crib-fitted-sheets-2pk-cocoon,,,£28.00,,Tutti Bambini,in_stock,,,,,,Bedding & Sheets
https://www.awin1.com/cread.php?awinmid=103277&awinaffid=2771700&ued=https%3A%2F%2Fwww.tuttibambini.com%2Fproducts%2Fbedside-crib-fitted-sheets-2pk-run-wild,Bedside Crib Fitted Sheets 2pk - Run Wild - Run Wild,53769785246021,211215/RW,https://cdn.shopify.com/s/files/1/0892/1923/6165/files/bedside-crib-fitted-sheets-2pk-run-wild-overhead-view.jpg?v=1756214559,"Made from soft and breathable bamboo jersey, these luxurious and fully tailored Bedside Crib Fitted Sheets stay put all night long, with double seams for added strength and security, and designed to wash well. The pack includes two stylish designs, with an exuberant jungle theme featuring wildlife animals and vegetation, to co-ordinate with the rest of our Run Wild collection. A perfect choice for animal lovers.",Home & Garden > Linens & Bedding > Bedding > Bed Sheets,28,Tutti Bambini,103277,Home & Garden > Linens & Bedding > Bedding > Bed Sheets,Home & Garden > Linens & Bedding > Bedding > Bed Sheets,https://cdn.shopify.com/s/files/1/0892/1923/6165/files/bedside-crib-fitted-sheets-2pk-run-wild-overhead-view.jpg?v=1756214559,£,28,28,https://www.tuttibambini.com/products/bedside-crib-fitted-sheets-2pk-run-wild,,,£28.00,,Tutti Bambini,in_stock,,,,,,Bedding & Sheets
https://www.awin1.com/cread.php?awinmid=103277&awinaffid=2771700&ued=https%3A%2F%2Fwww.tuttibambini.com%2Fproducts%2Fbedside-crib-fitted-sheets-2pk-our-planet,Bedside Crib Fitted Sheets 2pk - Our Planet - Our Planet,53769785770309,211215/OP,https://cdn.shopify.com/s/files/1/0892/1923/6165/files/bedside-crib-fitted-sheets-2pk-our-planet-overhead-view.jpg?v=1756217198,"Made from soft and breathable bamboo jersey, these luxurious and fully tailored Bedside Crib Fitted Sheets stay put all night long, with double seams for added strength and security, and designed to wash well. The pack includes two stylish designs, with an exuberant marine theme featuring sea creatures and evocative waves, to co-ordinate with the rest of Our Planet collection. A perfect choice for ocean lovers.",Home & Garden > Linens & Bedding > Bedding > Bed Sheets,28,Tutti Bambini,103277,Home & Garden > Linens & Bedding > Bedding > Bed Sheets,Home & Garden > Linens & Bedding > Bedding > Bed Sheets,https://cdn.shopify.com/s/files/1/0892/1923/6165/files/bedside-crib-fitted-sheets-2pk-our-planet-overhead-view.jpg?v=1756217198,£,28,28,https://www.tuttibambini.com/products/bedside-crib-fitted-sheets-2pk-our-planet,,,£28.00,,Tutti Bambini,in_stock,,,,,,Bedding & Sheets
https://www.awin1.com/cread.php?awinmid=103277&awinaffid=2771700&ued=https%3A%2F%2Fwww.tuttibambini.com%2Fproducts%2Fcot-fitted-sheets-2pk-cocoon,Cot Fitted Sheets 2pk - Cocoon - Cocoon,53769786556741,211217/CO,https://cdn.shopify.com/s/files/1/0892/1923/6165/files/cot-fitted-sheets-2pk-cocoon-lifestyle-view.jpg?v=1756281886,"Made from soft and breathable bamboo jersey, these luxurious and fully tailored mini Cot Fitted Sheets stay put all night long, with double seams for added strength and security, and designed to wash well. The pack includes two stylish designs, flourished in a stunning neutral aesthetic with a frolicking rabbit and woodland theme, to co-ordinate with the rest of the Cocoon Collection.",Home & Garden > Linens & Bedding > Bedding > Bed Sheets,30,Tutti Bambini,103277,Home & Garden > Linens & Bedding > Bedding > Bed Sheets,Home & Garden > Linens & Bedding > Bedding > Bed Sheets,https://cdn.shopify.com/s/files/1/0892/1923/6165/files/cot-fitted-sheets-2pk-cocoon-lifestyle-view.jpg?v=1756281886,£,30,30,https://www.tuttibambini.com/products/cot-fitted-sheets-2pk-cocoon,,,£30.00,,Tutti Bambini,in_stock,,,,,,Bedding & Sheets
https://www.awin1.com/cread.php?awinmid=103277&awinaffid=2771700&ued=https%3A%2F%2Fwww.tuttibambini.com%2Fproducts%2Fcot-fitted-sheets-2pk-run-wild,Cot Fitted Sheets 2pk - Run Wild - Run Wild,53769786884421,211217/RW,https://cdn.shopify.com/s/files/1/0892/1923/6165/files/cot-fitted-sheets-2pk-run-wild-lifestyle-view.jpg?v=1756283764,"Made from soft and breathable bamboo jersey, these luxurious and fully tailored Cot Fitted Sheets stay put all night long, with double seams for added strength and security, and designed to wash well. The pack includes two stylish designs, with an exuberant jungle theme featuring wildlife animals and vegetation, to co-ordinate with the rest of our Run Wild collection. A perfect choice for animal lovers.",Home & Garden > Linens & Bedding > Bedding > Bed Sheets,30,Tutti Bambini,103277,Home & Garden > Linens & Bedding > Bedding > Bed Sheets,Home & Garden > Linens & Bedding > Bedding > Bed Sheets,https://cdn.shopify.com/s/files/1/0892/1923/6165/files/cot-fitted-sheets-2pk-run-wild-lifestyle-view.jpg?v=1756283764,£,30,30,https://www.tuttibambini.com/products/cot-fitted-sheets-2pk-run-wild,,,£30.00,,Tutti Bambini,in_stock,,,,,,Bedding & Sheets
https://www.awin1.com/cread.php?awinmid=103277&awinaffid=2771700&ued=https%3A%2F%2Fwww.tuttibambini.com%2Fproducts%2Fcot-fitted-sheets-2pk-our-planet,Cot Fitted Sheets 2pk - Our Planet - Our Planet,53769787179333,211217/OP,https://cdn.shopify.com/s/files/1/0892/1923/6165/files/cot-fitted-sheets-2pk-our-planet-lifestyle-view.jpg?v=1756282813,"Made from soft and breathable bamboo jersey, these luxurious and fully tailored mini Cot Fitted Sheets stay put all night long, with double seams for added strength and security, and designed to wash well. The pack includes two stylish designs, with an exuberant marine theme featuring sea creatures and evocative waves, to co-ordinate with the rest of Our Planet collection. A perfect choice for ocean lovers.",Home & Garden > Linens & Bedding > Bedding > Bed Sheets,30,Tutti Bambini,103277,Home & Garden > Linens & Bedding > Bedding > Bed Sheets,Home & Garden > Linens & Bedding > Bedding > Bed Sheets,https://cdn.shopify.com/s/files/1/0892/1923/6165/files/cot-fitted-sheets-2pk-our-planet-lifestyle-view.jpg?v=1756282813,£,30,30,https://www.tuttibambini.com/products/cot-fitted-sheets-2pk-our-planet,,,£30.00,,Tutti Bambini,in_stock,,,,,,Bedding & Sheets
https://www.awin1.com/cread.php?awinmid=103277&awinaffid=2771700&ued=https%3A%2F%2Fwww.tuttibambini.com%2Fproducts%2Fcot-bed-fitted-sheets-2pk-cocoon,Cot Bed Fitted Sheets 2pk - Cocoon - Cocoon,53769787310405,211218/CO,https://cdn.shopify.com/s/files/1/0892/1923/6165/files/cot-bed-fitted-sheets-2pk-cocoon-lifestyle.jpg?v=1756220547,"Made from soft and breathable bamboo jersey, these luxurious and fully tailored Cot Bed Fitted Sheets stay put all night long, with double seams for added strength and security, and designed to wash well. The pack includes two stylish designs, flourished in a stunning neutral aesthetic with a frolicking rabbit and woodland theme, to co-ordinate with the rest of the Cocoon collection.",Home & Garden > Linens & Bedding > Bedding > Bed Sheets,32,Tutti Bambini,103277,Home & Garden > Linens & Bedding > Bedding > Bed Sheets,Home & Garden > Linens & Bedding > Bedding > Bed Sheets,https://cdn.shopify.com/s/files/1/0892/1923/6165/files/cot-bed-fitted-sheets-2pk-cocoon-lifestyle.jpg?v=1756220547,£,32,32,https://www.tuttibambini.com/products/cot-bed-fitted-sheets-2pk-cocoon,,,£32.00,,Tutti Bambini,in_stock,,,,,,Bedding & Sheets
https://www.awin1.com/cread.php?awinmid=103277&awinaffid=2771700&ued=https%3A%2F%2Fwww.tuttibambini.com%2Fproducts%2Fcot-bed-fitted-sheets-2pk-run-wild,Cot Bed Fitted Sheets 2pk - Run Wild - Run Wild,53769789145413,211218/RW,https://cdn.shopify.com/s/files/1/0892/1923/6165/files/cot-bed-fitted-sheets-2pk-run-wild-lifestyle.jpg?v=1756221447,"Made from soft and breathable bamboo jersey, these luxurious and fully tailored Cot Bed Fitted Sheets stay put all night long, with double seams for added strength and security, and designed to wash well. The pack includes two stylish designs, with an exuberant jungle theme featuring wildlife animals and vegetation, to co-ordinate with the rest of our Run Wild collection.",Home & Garden > Linens & Bedding > Bedding > Bed Sheets,32,Tutti Bambini,103277,Home & Garden > Linens & Bedding > Bedding > Bed Sheets,Home & Garden > Linens & Bedding > Bedding > Bed Sheets,https://cdn.shopify.com/s/files/1/0892/1923/6165/files/cot-bed-fitted-sheets-2pk-run-wild-lifestyle.jpg?v=1756221447,£,32,32,https://www.tuttibambini.com/products/cot-bed-fitted-sheets-2pk-run-wild,,,£32.00,,Tutti Bambini,in_stock,,,,,,Bedding & Sheets
https://www.awin1.com/cread.php?awinmid=103277&awinaffid=2771700&ued=https%3A%2F%2Fwww.tuttibambini.com%2Fproducts%2Fcot-bed-fitted-sheets-2pk-our-planet,Cot Bed Fitted Sheets 2pk - Our Planet - Our Planet,53769789440325,211218/OP,https://cdn.shopify.com/s/files/1/0892/1923/6165/files/cot-bed-fitted-sheets-2pk-our-planet-lifestyle.jpg?v=1756222645,"Made from soft and breathable bamboo jersey, these luxurious and fully tailored Cot Bed Fitted Sheets stay put all night long, with double seams for added strength and security, and designed to wash well. The pack includes two stylish designs, with an exuberant marine theme featuring sea creatures and evocative waves, to co-ordinate with the rest of Our Planet collection. A perfect choice for ocean lovers.",Home & Garden > Linens & Bedding > Bedding > Bed Sheets,32,Tutti Bambini,103277,Home & Garden > Linens & Bedding > Bedding > Bed Sheets,Home & Garden > Linens & Bedding > Bedding > Bed Sheets,https://cdn.shopify.com/s/files/1/0892/1923/6165/files/cot-bed-fitted-sheets-2pk-our-planet-lifestyle.jpg?v=1756222645,£,32,32,https://www.tuttibambini.com/products/cot-bed-fitted-sheets-2pk-our-planet,,,£32.00,,Tutti Bambini,in_stock,,,,,,Bedding & Sheets
https://www.awin1.com/cread.php?awinmid=103277&awinaffid=2771700&ued=https%3A%2F%2Fwww.tuttibambini.com%2Fproducts%2Fbaby-sleep-bag-0-6-months-cocoon,Baby Sleep Bag 0-6 Months - Cocoon - Cocoon,53769794322757,211220/CO,https://cdn.shopify.com/s/files/1/0892/1923/6165/files/baby-wearing-sleep-bag-0-6-months-cocoon-close-up.jpg?v=1751279583,"An alternative to traditional sheets and blankets, this 2.5 tog Baby Sleep Bag will keep your little one cosy and warm without worrying about loose blankets or overheating. Our sleeping bags are made from soft sustainable bamboo cotton and have fabric covered zip heads to avoid contact with babys delicate skin. Part of the Cocoon collection, the sleep bag carries on the neutral colours and woodland theme. Includes free thermometer.",Clothing & Accessories > Clothing > Baby & Toddler Clothing > Baby & Toddler Sleepwear,25,Tutti Bambini,103277,Clothing & Accessories > Clothing > Baby & Toddler Clothing > Baby & Toddler Sleepwear,Clothing & Accessories > Clothing > Baby & Toddler Clothing > Baby & Toddler Sleepwear,https://cdn.shopify.com/s/files/1/0892/1923/6165/files/baby-wearing-sleep-bag-0-6-months-cocoon-close-up.jpg?v=1751279583,£,25,25,https://www.tuttibambini.com/products/baby-sleep-bag-0-6-months-cocoon,,,£25.00,,Tutti Bambini,in_stock,,,,,,Baby Sleeping Bags
https://www.awin1.com/cread.php?awinmid=103277&awinaffid=2771700&ued=https%3A%2F%2Fwww.tuttibambini.com%2Fproducts%2Fbaby-sleep-bag-0-6-months-run-wild,Baby Sleep Bag 0-6 Months - Run Wild - Run Wild,53769794584901,211220/RW,https://cdn.shopify.com/s/files/1/0892/1923/6165/files/baby-sleep-bag-0-6-months-run-wild-back-cutout.jpg?v=1751284200,"An alternative to traditional sheets and blankets, this 2.5 tog Baby Sleep Bag will keep your little one cosy and warm without worrying about loose blankets or overheating. Our sleeping bags are made from soft sustainable bamboo cotton and have fabric covered zip heads to avoid contact with babys delicate skin. Part of our Run Wild collection, the sleep bag carries on the exuberant colours and wildlife theme. Includes free thermometer.",Clothing & Accessories > Clothing > Baby & Toddler Clothing > Baby & Toddler Sleepwear,25,Tutti Bambini,103277,Clothing & Accessories > Clothing > Baby & Toddler Clothing > Baby & Toddler Sleepwear,Clothing & Accessories > Clothing > Baby & Toddler Clothing > Baby & Toddler Sleepwear,https://cdn.shopify.com/s/files/1/0892/1923/6165/files/baby-sleep-bag-0-6-months-run-wild-back-cutout.jpg?v=1751284200,£,25,25,https://www.tuttibambini.com/products/baby-sleep-bag-0-6-months-run-wild,,,£25.00,,Tutti Bambini,in_stock,,,,,,Baby Sleeping Bags
https://www.awin1.com/cread.php?awinmid=103277&awinaffid=2771700&ued=https%3A%2F%2Fwww.tuttibambini.com%2Fproducts%2Fbaby-sleep-bag-0-6-months-our-planet,Baby Sleep Bag 0-6 Months - Our Planet - Our Planet,53769795207493,211220/OP,https://cdn.shopify.com/s/files/1/0892/1923/6165/files/baby-sleep-bag-0-6-months-our-planet-lifestyle.jpg?v=1751286332,"An alternative to traditional sheets and blankets, this 2.5 tog Baby Sleep Bag will keep your little one cosy and warm without worrying about loose blankets or overheating. Our sleeping bags are made from soft sustainable bamboo cotton and have fabric covered zip heads to avoid contact with babys delicate skin. Part of the Our Planet collection, the sleeping bag carries on the vibrant colours and sea-life theme. Includes free thermometer.",Clothing & Accessories > Clothing > Baby & Toddler Clothing > Baby & Toddler Sleepwear,25,Tutti Bambini,103277,Clothing & Accessories > Clothing > Baby & Toddler Clothing > Baby & Toddler Sleepwear,Clothing & Accessories > Clothing > Baby & Toddler Clothing > Baby & Toddler Sleepwear,https://cdn.shopify.com/s/files/1/0892/1923/6165/files/baby-sleep-bag-0-6-months-our-planet-lifestyle.jpg?v=1751286332,£,25,25,https://www.tuttibambini.com/products/baby-sleep-bag-0-6-months-our-planet,,,£25.00,,Tutti Bambini,in_stock,,,,,,Baby Sleeping Bags
https://www.awin1.com/cread.php?awinmid=103277&awinaffid=2771700&ued=https%3A%2F%2Fwww.tuttibambini.com%2Fproducts%2Fbaby-sleep-bag-6-18-months-cocoon,Baby Sleep Bag 6-18 Months - Cocoon - Cocoon,53769795404101,211221/CO,https://cdn.shopify.com/s/files/1/0892/1923/6165/files/baby-sleep-bag-6-18-months-cocoon-baby-close-up.jpg?v=1751554071,"An alternative to traditional sheets and blankets, this 2.5 tog Baby Sleep Bag will keep your little one cosy and warm without worrying about loose blankets or overheating. Our sleeping bags are made from soft sustainable bamboo cotton and have fabric covered zip heads to avoid contact with babys delicate skin. Part of the Cocoon collection, the sleep bag carries on the neutral colours and woodland theme. Includes free thermometer.",Clothing & Accessories > Clothing > Baby & Toddler Clothing > Baby & Toddler Sleepwear,28,Tutti Bambini,103277,Clothing & Accessories > Clothing > Baby & Toddler Clothing > Baby & Toddler Sleepwear,Clothing & Accessories > Clothing > Baby & Toddler Clothing > Baby & Toddler Sleepwear,https://cdn.shopify.com/s/files/1/0892/1923/6165/files/baby-sleep-bag-6-18-months-cocoon-baby-close-up.jpg?v=1751554071,£,28,28,https://www.tuttibambini.com/products/baby-sleep-bag-6-18-months-cocoon,,,£28.00,,Tutti Bambini,in_stock,,,,,,Baby Sleeping Bags
https://www.awin1.com/cread.php?awinmid=103277&awinaffid=2771700&ued=https%3A%2F%2Fwww.tuttibambini.com%2Fproducts%2Fbaby-sleep-bag-6-18-months-run-wild,Baby Sleep Bag 6-18 Months - Run Wild - Run Wild,53769796780357,211221/RW,https://cdn.shopify.com/s/files/1/0892/1923/6165/files/baby-sleep-bag-6-18-months-run-wild.jpg?v=1765800675,"An alternative to traditional sheets and blankets, this 2.5 tog Baby Sleep Bag will keep your little one cosy and warm without worrying about loose blankets or overheating. Our sleeping bags are made from soft sustainable bamboo cotton and have fabric covered zip heads to avoid contact with babys delicate skin. Part of our Run Wild collection, the sleep bag carries on the exuberant colours and wildlife theme. Includes free thermometer.",Clothing & Accessories > Clothing > Baby & Toddler Clothing > Baby & Toddler Sleepwear,28,Tutti Bambini,103277,Clothing & Accessories > Clothing > Baby & Toddler Clothing > Baby & Toddler Sleepwear,Clothing & Accessories > Clothing > Baby & Toddler Clothing > Baby & Toddler Sleepwear,https://cdn.shopify.com/s/files/1/0892/1923/6165/files/baby-sleep-bag-6-18-months-run-wild.jpg?v=1765800675,£,28,28,https://www.tuttibambini.com/products/baby-sleep-bag-6-18-months-run-wild,,,£28.00,,Tutti Bambini,in_stock,,,,,,Baby Sleeping Bags
https://www.awin1.com/cread.php?awinmid=103277&awinaffid=2771700&ued=https%3A%2F%2Fwww.tuttibambini.com%2Fproducts%2Fbaby-sleep-bag-6-18-months-our-planet,Baby Sleep Bag 6-18 Months - Our Planet - Our Planet,53769797042501,211221/OP,https://cdn.shopify.com/s/files/1/0892/1923/6165/files/baby-sleep-bag-6-18-months-our-planet-front-cutout-view.jpg?v=1755608857,"An alternative to traditional sheets and blankets, this 2.5 tog Baby Sleep Bag will keep your little one cosy and warm without worrying about loose blankets or overheating. Our sleeping bags are made from soft sustainable bamboo cotton and have fabric covered zip heads to avoid contact with babys delicate skin. Part of the Our Planet collection, the sleeping bag carries on the vibrant colours and sea-life theme. Includes free thermometer.",Clothing & Accessories > Clothing > Baby & Toddler Clothing > Baby & Toddler Sleepwear,28,Tutti Bambini,103277,Clothing & Accessories > Clothing > Baby & Toddler Clothing > Baby & Toddler Sleepwear,Clothing & Accessories > Clothing > Baby & Toddler Clothing > Baby & Toddler Sleepwear,https://cdn.shopify.com/s/files/1/0892/1923/6165/files/baby-sleep-bag-6-18-months-our-planet-front-cutout-view.jpg?v=1755608857,£,28,28,https://www.tuttibambini.com/products/baby-sleep-bag-6-18-months-our-planet,,,£28.00,,Tutti Bambini,in_stock,,,,,,Baby Sleeping Bags
https://www.awin1.com/cread.php?awinmid=103277&awinaffid=2771700&ued=https%3A%2F%2Fwww.tuttibambini.com%2Fproducts%2Ffeeding-pillow-cocoon,Feeding Pillow - Cocoon - Cocoon,53769800778053,211225/CO,https://cdn.shopify.com/s/files/1/0892/1923/6165/files/Cocoon-feeding-pillow.jpg?v=1763400457,"Made from sustainable bamboo cotton and bean filled, our Feeding Pillow offers a supportive and ergonomic design as the filling adapts to the individual. Its structure is comfortable for both nursing mother and infant, enabling the most optimum feeding position. The pillow helps position the babys head in the correct feeding position allowing hands free feeding and preventing unnecessary strain on nursing mother's upper and lower back. Part of the Cocoon collection, it features neutral colours and woodland motifs.",Baby & Toddler > Nursing & Feeding > Nursing Pillows,28,Tutti Bambini,103277,Baby & Toddler > Nursing & Feeding > Nursing Pillows,Baby & Toddler > Nursing & Feeding > Nursing Pillows,https://cdn.shopify.com/s/files/1/0892/1923/6165/files/Cocoon-feeding-pillow.jpg?v=1763400457,£,28,28,https://www.tuttibambini.com/products/feeding-pillow-cocoon,,,£28.00,,Tutti Bambini,in_stock,,,,,,Feeding Pillow
https://www.awin1.com/cread.php?awinmid=103277&awinaffid=2771700&ued=https%3A%2F%2Fwww.tuttibambini.com%2Fproducts%2Ffeeding-pillow-run-wild,Feeding Pillow - Run Wild - Run Wild,53769800909125,211225/RW,https://cdn.shopify.com/s/files/1/0892/1923/6165/files/feeding-pillow-4828.jpg?v=1733419753,"Made from sustainable bamboo cotton and bean filled, our Feeding Pillow offers a supportive and ergonomic design as the filling adapts to the individual. Its structure is comfortable for both nursing mother and infant, enabling the most optimum feeding position. The pillow helps position the babys head in the correct feeding position allowing hands free feeding and preventing unnecessary strain on nursing mother's upper and lower back. Part of the Run Wild collection, it features an evocative jungle inspired pattern.",Baby & Toddler > Nursing & Feeding > Nursing Pillows,28,Tutti Bambini,103277,Baby & Toddler > Nursing & Feeding > Nursing Pillows,Baby & Toddler > Nursing & Feeding > Nursing Pillows,https://cdn.shopify.com/s/files/1/0892/1923/6165/files/feeding-pillow-4828.jpg?v=1733419753,£,28,28,https://www.tuttibambini.com/products/feeding-pillow-run-wild,,,£28.00,,Tutti Bambini,in_stock,,,,,,Feeding Pillow
https://www.awin1.com/cread.php?awinmid=103277&awinaffid=2771700&ued=https%3A%2F%2Fwww.tuttibambini.com%2Fproducts%2Ffeeding-pillow-our-planet,Feeding Pillow - Our Planet - Our Planet,53769801335109,211225/OP,https://cdn.shopify.com/s/files/1/0892/1923/6165/files/feeding-pillow-4821.jpg?v=1733419767,"Made from sustainable bamboo cotton and bean filled, our Feeding Pillow offers a supportive and ergonomic design as the filling adapts to the individual. Its structure is comfortable for both nursing mother and infant, enabling the most optimum feeding position. The pillow helps position the babys head in the correct feeding position allowing hands free feeding and preventing unnecessary strain on nursing mother's upper and lower back. Part of the Our Planet collection, it features marine colours and sea life motifs.",Baby & Toddler > Nursing & Feeding > Nursing Pillows,28,Tutti Bambini,103277,Baby & Toddler > Nursing & Feeding > Nursing Pillows,Baby & Toddler > Nursing & Feeding > Nursing Pillows,https://cdn.shopify.com/s/files/1/0892/1923/6165/files/feeding-pillow-4821.jpg?v=1733419767,£,28,28,https://www.tuttibambini.com/products/feeding-pillow-our-planet,,,£28.00,,Tutti Bambini,in_stock,,,,,,Feeding Pillow
https://www.awin1.com/cread.php?awinmid=103277&awinaffid=2771700&ued=https%3A%2F%2Fwww.tuttibambini.com%2Fproducts%2Fcomforter-run-wild,Comforter - Run Wild - Run Wild,53769804906821,211229/RW,https://cdn.shopify.com/s/files/1/0892/1923/6165/files/comforter-run-wild-on-bedding.jpg?v=1766153089,"Comforters can help your baby transition to independent sleep by providing a sense of safety and security. Machine washable and made from super soft tactile materials, the Run Wild Comforter is ideal to soothe your jungle-loving little one. The adorable lion design is perfect for your child to play and roar around to their hearts content.",Baby & Toddler > Baby Toys & Activity Equipment > Baby Soothers,7.5,Tutti Bambini,103277,Baby & Toddler > Baby Toys & Activity Equipment > Baby Soothers,Baby & Toddler > Baby Toys & Activity Equipment > Baby Soothers,https://cdn.shopify.com/s/files/1/0892/1923/6165/files/comforter-run-wild-on-bedding.jpg?v=1766153089,£,7.5,7.5,https://www.tuttibambini.com/products/comforter-run-wild,,,£7.50,,Tutti Bambini,in_stock,,,,,,Comforter
https://www.awin1.com/cread.php?awinmid=103277&awinaffid=2771700&ued=https%3A%2F%2Fwww.tuttibambini.com%2Fproducts%2Fcot-cot-bed-breathable-mattress-protector,Cot/Cot Bed Breathable Mattress Protector,53769805234501,211336,https://cdn.shopify.com/s/files/1/0892/1923/6165/files/Cot-Cot-Bed-Breathable-Mattress-Protector-on-mattress.jpg?v=1752853375,"The 3D breathable honeycomb structure of the mattress protector provides air and moisture permeability. Soft and lightly padded the product has an absorbent backing to protect the mattress from liquids and build-up of bacteria. Our Cot/Cot Bed Breathable Mattress Protector is universally sized to fit most cot beds, 100% waterproof and machine washable, rendering spillages obsolete. Please note, this protector is designed to cover the central sleeping area of a cot bed mattress (not edge-to-edge).",Home & Garden > Linens & Bedding > Bedding > Mattress Protectors,30,Tutti Bambini,103277,Home & Garden > Linens & Bedding > Bedding > Mattress Protectors,Home & Garden > Linens & Bedding > Bedding > Mattress Protectors,https://cdn.shopify.com/s/files/1/0892/1923/6165/files/Cot-Cot-Bed-Breathable-Mattress-Protector-on-mattress.jpg?v=1752853375,£,30,30,https://www.tuttibambini.com/products/cot-cot-bed-breathable-mattress-protector,,,£30.00,,Tutti Bambini,in_stock,,,,,,Bedding & Sheets
https://www.awin1.com/cread.php?awinmid=103277&awinaffid=2771700&ued=https%3A%2F%2Fwww.tuttibambini.com%2Fproducts%2Fcot-cot-bed-waterproof-cotton-mattress-protector,Cot/Cot Bed Waterproof Cotton Mattress Protector,53769805300037,211335,https://cdn.shopify.com/s/files/1/0892/1923/6165/files/Cot_Cot_Bed_Waterproof_Cotton_Mattress_Protector_on_top_of_cot.jpg?v=1752852879,"The Waterproof Cotton Protector is 100% waterproof, so it protects the baby's mattress. Machine washable and tumble dry on low, keeps it 'always clean and hygienic' and ready to use. Made from cotton fabric with an inner PU lining, the mattress protector resists liquid water passing through. No need to worry if they wet the bed; this mattress protector will surely keep your baby sleeping comfortably without irritation. Please note, this protector is designed to cover the central sleeping area of a cot bed mattress (not edge-to-edge).",Home & Garden > Linens & Bedding > Bedding > Mattress Protectors,26,Tutti Bambini,103277,Home & Garden > Linens & Bedding > Bedding > Mattress Protectors,Home & Garden > Linens & Bedding > Bedding > Mattress Protectors,https://cdn.shopify.com/s/files/1/0892/1923/6165/files/Cot_Cot_Bed_Waterproof_Cotton_Mattress_Protector_on_top_of_cot.jpg?v=1752852879,£,26,26,https://www.tuttibambini.com/products/cot-cot-bed-waterproof-cotton-mattress-protector,,,£26.00,,Tutti Bambini,in_stock,,,,,,Bedding & Sheets
https://www.awin1.com/cread.php?awinmid=103277&awinaffid=2771700&ued=https%3A%2F%2Fwww.tuttibambini.com%2Fproducts%2Fcozee-go-3-in-1-bassinet-travel-cot-and-playpen,"CoZee Go 3-in-1 Bassinet, Travel Cot & Playpen - Oak & Charcoal",53769805398341,211203/3590,https://cdn.shopify.com/s/files/1/0892/1923/6165/files/CoZee-Go-3-in-1-system.jpg?v=1744796448,"Make travelling with your baby comfortable and easy with our award winning 3-in-1 CoZee Go 3-in-1 Travel Cot in Oak and Charcoal. Suitable from birth, the CoZee Go triples up as a newborn bassinet, floor level cot and playpen. Assembled within seconds and super lightweight and compact, the CoZee Go makes the perfect travel essential.",Furniture > Baby & Toddler Furniture > Cribs & Toddler Beds,169,Tutti Bambini,103277,Furniture > Baby & Toddler Furniture > Cribs & Toddler Beds,Furniture > Baby & Toddler Furniture > Cribs & Toddler Beds,https://cdn.shopify.com/s/files/1/0892/1923/6165/files/CoZee-Go-3-in-1-system.jpg?v=1744796448,£,169,169,https://www.tuttibambini.com/products/cozee-go-3-in-1-bassinet-travel-cot-and-playpen,,,£169.00,,Tutti Bambini,in_stock,,,,,,Travel Cot
https://www.awin1.com/cread.php?awinmid=103277&awinaffid=2771700&ued=https%3A%2F%2Fwww.tuttibambini.com%2Fproducts%2Fessentials-crib-fitted-sheets-2pk-white,Essentials Crib Fitted Sheets 2pk - White,53769805693253,211215/11,https://cdn.shopify.com/s/files/1/0892/1923/6165/files/essentials-crib-fitted-sheets-in-white-close-up-cutout.png?v=1764157577,"Made to fit most baby cribs, these beautifully soft cotton Crib Fitted Sheets in White are an easy choice if you're looking for a simple, yet good quality option for your baby's crib sheets. With double seams for added strength and security, the sheets stay put all night long and are made with fabrics designed to wash and wash. The pack includes two sheets for quick changes.",Home & Garden > Linens & Bedding > Bedding,15,Tutti Bambini,103277,Home & Garden > Linens & Bedding > Bedding,Home & Garden > Linens & Bedding > Bedding,https://cdn.shopify.com/s/files/1/0892/1923/6165/files/essentials-crib-fitted-sheets-in-white-close-up-cutout.png?v=1764157577,£,15,15,https://www.tuttibambini.com/products/essentials-crib-fitted-sheets-2pk-white,,,£15.00,,Tutti Bambini,in_stock,,,,,,Bedding & Sheets
https://www.awin1.com/cread.php?awinmid=103277&awinaffid=2771700&ued=https%3A%2F%2Fwww.tuttibambini.com%2Fproducts%2Fessentials-cot-fitted-sheets-2pk-white,Essentials Cot Fitted Sheets 2pk - White,53769805791557,211217/11,https://cdn.shopify.com/s/files/1/0892/1923/6165/files/essentials-cot-fitted-sheets-2pk-white-close-up.jpg?v=1756378420,"These beautifully soft cotton Cot Fitted Sheets in White are an easy choice if you're looking for a simple, yet good quality option for your baby's cot sheets. With double seams for added strength and security, the sheets stay put all night long and are made with fabrics designed to wash and wash. The pack includes two sheets for quick changes.",Home & Garden > Linens & Bedding > Bedding,18,Tutti Bambini,103277,Home & Garden > Linens & Bedding > Bedding,Home & Garden > Linens & Bedding > Bedding,https://cdn.shopify.com/s/files/1/0892/1923/6165/files/essentials-cot-fitted-sheets-2pk-white-close-up.jpg?v=1756378420,£,18,18,https://www.tuttibambini.com/products/essentials-cot-fitted-sheets-2pk-white,,,£18.00,,Tutti Bambini,in_stock,,,,,,Bedding & Sheets
https://www.awin1.com/cread.php?awinmid=103277&awinaffid=2771700&ued=https%3A%2F%2Fwww.tuttibambini.com%2Fproducts%2Fessentials-cot-bed-fitted-sheets-2pk-white,Essentials Cot Bed Fitted Sheets 2pk - White,53769805988165,211218/11,https://cdn.shopify.com/s/files/1/0892/1923/6165/files/essentials-cot-bed-fitted-sheets-2pk-white-cutout.jpg?v=1756371641,"These beautifully soft cotton Cot Bed Fitted Sheets in White are an easy choice if you're looking for a simple, yet good quality option for your baby's cot bed sheets. With double seams for added strength and security, the sheets stay put all night long and are made with fabrics designed to wash and wash. The pack includes two sheets for quick changes.",Home & Garden > Linens & Bedding > Bedding,20,Tutti Bambini,103277,Home & Garden > Linens & Bedding > Bedding,Home & Garden > Linens & Bedding > Bedding,https://cdn.shopify.com/s/files/1/0892/1923/6165/files/essentials-cot-bed-fitted-sheets-2pk-white-cutout.jpg?v=1756371641,£,20,20,https://www.tuttibambini.com/products/essentials-cot-bed-fitted-sheets-2pk-white,,,£20.00,,Tutti Bambini,in_stock,,,,,,Bedding & Sheets
https://www.awin1.com/cread.php?awinmid=103277&awinaffid=2771700&ued=https%3A%2F%2Fwww.tuttibambini.com%2Fproducts%2Fcozee-bedside-crib-bundle-oak-charcoal-cocoon,CoZee Bedside Crib Bundle - Cocoon - Cocoon,53769810837829,211205/3590/CO,https://cdn.shopify.com/s/files/1/0892/1923/6165/files/CoZee_Bedside_Crib_Bundle_-_Cocoon_-01_f64a2e35-f3a6-4327-b214-05dd811b7d4f.jpg?v=1764157207,"Create the perfect sleep environment in preparation for your little ones arrival with our exclusive CoZee Bedside Crib Bundle. The bundle includes a CoZee Bedside Crib in Oak & Charcoal offering a safe sleep solution for your newborn baby up until approximately 6 months, a handy crib starter pack containing two fully tailored fitted crib sheets and a matching lightweight coverlet and a waterproof mattress protector compatible to your bedside crib. The starter pack features the woodland theme in a neutral colour palette as part of the Cocoon collection.",Furniture > Baby & Toddler Furniture > Cribs & Toddler Beds,149,Tutti Bambini,103277,Furniture > Baby & Toddler Furniture > Cribs & Toddler Beds,Furniture > Baby & Toddler Furniture > Cribs & Toddler Beds,https://cdn.shopify.com/s/files/1/0892/1923/6165/files/CoZee_Bedside_Crib_Bundle_-_Cocoon_-01_f64a2e35-f3a6-4327-b214-05dd811b7d4f.jpg?v=1764157207,£,149,149,https://www.tuttibambini.com/products/cozee-bedside-crib-bundle-oak-charcoal-cocoon,,,£149.00,,Tutti Bambini,in_stock,,,,,,Next-to-Me Crib
https://www.awin1.com/cread.php?awinmid=103277&awinaffid=2771700&ued=https%3A%2F%2Fwww.tuttibambini.com%2Fproducts%2Fcozee-bedside-crib-bundle-oak-charcoal-run-wild,CoZee Bedside Crib Bundle - Run Wild - Run Wild,53769811394885,211205/3590/RW,https://cdn.shopify.com/s/files/1/0892/1923/6165/files/CoZee_Bedside_Crib_Bundle_-_Run_Wild_-_01_2a2e14b8-874e-420f-8866-bc0cdb4ad40f.jpg?v=1764157270,"Create the perfect sleep environment in preparation for your little ones arrival with our exclusive CoZee Bedside Crib Bundle. The bundle includes a CoZee Bedside Crib in Oak & Charcoal offering a safe sleep solution for your newborn baby up until approximately 6 months, a handy crib starter pack containing two fully tailored fitted crib sheets with a matching lightweight coverlet and a compatible waterproof mattress protector. The starter pack features the safari animal theme in exuberant colours as part of the Run Wild collection.",Furniture > Baby & Toddler Furniture > Cribs & Toddler Beds,149,Tutti Bambini,103277,Furniture > Baby & Toddler Furniture > Cribs & Toddler Beds,Furniture > Baby & Toddler Furniture > Cribs & Toddler Beds,https://cdn.shopify.com/s/files/1/0892/1923/6165/files/CoZee_Bedside_Crib_Bundle_-_Run_Wild_-_01_2a2e14b8-874e-420f-8866-bc0cdb4ad40f.jpg?v=1764157270,£,149,149,https://www.tuttibambini.com/products/cozee-bedside-crib-bundle-oak-charcoal-run-wild,,,£149.00,,Tutti Bambini,in_stock,,,,,,Next-to-Me Crib
https://www.awin1.com/cread.php?awinmid=103277&awinaffid=2771700&ued=https%3A%2F%2Fwww.tuttibambini.com%2Fproducts%2Fcozee-bedside-crib-bundle-oak-charcoal-our-planet,CoZee Bedside Crib Bundle - Our Planet - Our Planet,53769811657029,211205/3590/OP,https://cdn.shopify.com/s/files/1/0892/1923/6165/files/CoZee_Bedside_Crib_Bundle_-_Our_Planet_-_01_06bea85b-cb44-4fdf-9637-b1fb4e19cd69.jpg?v=1764157297,"Create the perfect sleep environment in preparation for your little ones arrival with our exclusive CoZee Bedside Crib Bundle. The bundle includes a CoZee Bedside Crib in Oak & Charcoal offering a safe sleep solution for your newborn baby up until approximately 6 months, a handy crib starter pack containing two fully tailored fitted crib sheets with a matching lightweight coverlet and a waterproof mattress protector compatible to your bedside crib. The starter pack features the aquatic theme in exuberant colours as part of the Our Planet collection.",Furniture > Baby & Toddler Furniture > Cribs & Toddler Beds,149,Tutti Bambini,103277,Furniture > Baby & Toddler Furniture > Cribs & Toddler Beds,Furniture > Baby & Toddler Furniture > Cribs & Toddler Beds,https://cdn.shopify.com/s/files/1/0892/1923/6165/files/CoZee_Bedside_Crib_Bundle_-_Our_Planet_-_01_06bea85b-cb44-4fdf-9637-b1fb4e19cd69.jpg?v=1764157297,£,149,149,https://www.tuttibambini.com/products/cozee-bedside-crib-bundle-oak-charcoal-our-planet,,,£149.00,,Tutti Bambini,in_stock,,,,,,Next-to-Me Crib
https://www.awin1.com/cread.php?awinmid=103277&awinaffid=2771700&ued=https%3A%2F%2Fwww.tuttibambini.com%2Fproducts%2Fcozee-go-day-night-bundle,CoZee Go Day & Night Bundle - Oak & Charcoal,53769818407237,211203/3590/S,https://cdn.shopify.com/s/files/1/0892/1923/6165/files/CoZee-Go-Day-Night-Shade-Unzipped-View.jpg?v=1763724969,"Make travelling with your baby comfortable and easy with our award winning CoZee Go Day & Night Bundle in Oak and Charcoal, featuring the 3-in-1 CoZee Go Travel Cot and the matching Day & Night Shade. Suitable from birth, the CoZee Go triples up as a newborn bassinet, floor level cot and playpen. Assembled within seconds and super lightweight and compact, the CoZee Go makes the perfect travel essential.",Furniture > Baby & Toddler Furniture > Cribs & Toddler Beds,189,Tutti Bambini,103277,Furniture > Baby & Toddler Furniture > Cribs & Toddler Beds,Furniture > Baby & Toddler Furniture > Cribs & Toddler Beds,https://cdn.shopify.com/s/files/1/0892/1923/6165/files/CoZee-Go-Day-Night-Shade-Unzipped-View.jpg?v=1763724969,£,189,189,https://www.tuttibambini.com/products/cozee-go-day-night-bundle,,,£189.00,,Tutti Bambini,in_stock,,,,,,Nursery Furniture Piece
https://www.awin1.com/cread.php?awinmid=103277&awinaffid=2771700&ued=https%3A%2F%2Fwww.tuttibambini.com%2Fproducts%2Fcozee-bedside-crib-scandinavian-walnut-ecru,CoZee Bedside Crib - Scandinavian Walnut/Ecru - Scandinavian Walnut & Ecru,53769822765381,211205/7508,https://cdn.shopify.com/s/files/1/0892/1923/6165/files/cozee-bedside-crib-scandinavian-walnut-ecru-lifestyle-view.jpg?v=1754053249,"The Tutti Bambini CoZee Bedside Crib in Scandinavian Walnut and Ecru offers a stylish, practical solution for co-sleeping with your baby from birth until approximately six months. Its clever design ensures your baby sleeps safely and comfortably right by your side. With quick assembly, adjustable height, and a breathable air-mesh mattress, it fits snugly alongside any bed. The CoZee is perfect for parents seeking both safety and style, allowing for peaceful nights while keeping your little one close.",Furniture > Baby & Toddler Furniture > Cribs & Toddler Beds,145,Tutti Bambini,103277,Furniture > Baby & Toddler Furniture > Cribs & Toddler Beds,Furniture > Baby & Toddler Furniture > Cribs & Toddler Beds,https://cdn.shopify.com/s/files/1/0892/1923/6165/files/cozee-bedside-crib-scandinavian-walnut-ecru-lifestyle-view.jpg?v=1754053249,£,145,145,https://www.tuttibambini.com/products/cozee-bedside-crib-scandinavian-walnut-ecru,,,£145.00,,Tutti Bambini,in_stock,,,,,,Next-to-Me Crib
https://www.awin1.com/cread.php?awinmid=103277&awinaffid=2771700&ued=https%3A%2F%2Fwww.tuttibambini.com%2Fproducts%2Fcozee-xl-bedside-crib-cot-scandinavian-walnut-ecru,CoZee XL Bedside Crib & Cot - Scandinavian Walnut/Ecru - Scandinavian Walnut & Ecru,53769823879493,211209/7508,https://cdn.shopify.com/s/files/1/0892/1923/6165/files/CoZee-XL-Scandi-Cot-Nursery-View.jpg?v=1758123995,"The CoZee XL Bedside Crib & Cot in Scandinavian Walnut and Ecru offers the functionality you need to sleep side-by-side with your baby from birth until approximately 6 months, whilst the revolutionary cot expansion frames allow you to extend the life of the product by a further 18 months. Please note, babies should only be moved to a cot once they have outgrown the CoZee XL crib, usually at around 6 months of age*",Furniture > Baby & Toddler Furniture > Cribs & Cradles,399,Tutti Bambini,103277,Furniture > Baby & Toddler Furniture > Cribs & Cradles,Furniture > Baby & Toddler Furniture > Cribs & Cradles,https://cdn.shopify.com/s/files/1/0892/1923/6165/files/CoZee-XL-Scandi-Cot-Nursery-View.jpg?v=1758123995,£,399,399,https://www.tuttibambini.com/products/cozee-xl-bedside-crib-cot-scandinavian-walnut-ecru,,,£399.00,,Tutti Bambini,in_stock,,,,,,Next-to-Me Crib
https://www.awin1.com/cread.php?awinmid=103277&awinaffid=2771700&ued=https%3A%2F%2Fwww.tuttibambini.com%2Fproducts%2Fcozee-xl-complete-birth-to-4-years-package-scandinavian-walnut-ecru,CoZee XL 5-in-1 - Birth to 4+ Yrs Package - Scandinavian Walnut & Ecru,53769824076101,211209/7508-P,https://cdn.shopify.com/s/files/1/0892/1923/6165/files/CoZeeXL-New-Bundle-Images-Ecru.jpg?v=1758194941,"The CoZee XL Complete Birth to 4+ Years Package in Scandinavian Walnut and Ecru offers a stylish, practical solution for your baby's sleep, growing with them from birth to approximately four years. Featuring a bedside crib, bassinet, cot, and toddler bed, it seamlessly transitions to a sofa for continued use. The package includes a bedside crib with mattress, junior bed and sofa mode expansion, travel bag, bassinet accessories and sprung cot mattress - for cot, junior bed and sofa modes. Designed for comfort and convenience, its timeless finish complements any nursery, providing a versatile, long-lasting sleeping and seating solution. Please note, babies should only be moved to a cot once they have outgrown the CoZee XL crib, usually at around 6 months of age*",Furniture > Baby & Toddler Furniture > Cribs & Toddler Beds,599,Tutti Bambini,103277,Furniture > Baby & Toddler Furniture > Cribs & Toddler Beds,Furniture > Baby & Toddler Furniture > Cribs & Toddler Beds,https://cdn.shopify.com/s/files/1/0892/1923/6165/files/CoZeeXL-New-Bundle-Images-Ecru.jpg?v=1758194941,£,599,599,https://www.tuttibambini.com/products/cozee-xl-complete-birth-to-4-years-package-scandinavian-walnut-ecru,,,£599.00,,Tutti Bambini,in_stock,,,,,,Nursery Furniture Piece
https://www.awin1.com/cread.php?awinmid=103277&awinaffid=2771700&ued=https%3A%2F%2Fwww.tuttibambini.com%2Fproducts%2Funiversal-cot-top-changer-oak,Universal Cot Top Changer - Oak,53769824567621,211651/35,https://cdn.shopify.com/s/files/1/0892/1923/6165/files/universal_cot_top_changer_-_oak_1.png?v=1742150101,"Practical and convenient, our Universal Cot Top Changer is the ultimate solution for effortless nappy changes and post-bath pampering. Lightweight, sturdy, and finished in Oak, this handy accessory sits securely atop your cot bed rails offering an ideal space for delicate moments with your baby. Designed to complement the Modena Cot Bed.",Furniture > Baby & Toddler Furniture > Changing Tables,30,Tutti Bambini,103277,Furniture > Baby & Toddler Furniture > Changing Tables,Furniture > Baby & Toddler Furniture > Changing Tables,https://cdn.shopify.com/s/files/1/0892/1923/6165/files/universal_cot_top_changer_-_oak_1.png?v=1742150101,£,30,30,https://www.tuttibambini.com/products/universal-cot-top-changer-oak,,,£30.00,,Tutti Bambini,in_stock,,,,,,Nursery Furniture Piece
https://www.awin1.com/cread.php?awinmid=103277&awinaffid=2771700&ued=https%3A%2F%2Fwww.tuttibambini.com%2Fproducts%2Funderbed-storage-drawer-white,Underbed Storage Drawer - White - White,53769824731461,211712/11,https://cdn.shopify.com/s/files/1/0892/1923/6165/files/underbed-storage-drawer-white-front-cutout.png?v=1767108196,"Organise your childs essentials and optimise room space with our universal Underbed Storage Drawer. Effortlessly slides in and out with its smooth castor wheels. Finished in White, it is designed to complement our Rio range.",Furniture > Baby & Toddler Furniture,50,Tutti Bambini,103277,Furniture > Baby & Toddler Furniture,Furniture > Baby & Toddler Furniture,https://cdn.shopify.com/s/files/1/0892/1923/6165/files/underbed-storage-drawer-white-front-cutout.png?v=1767108196,£,50,50,https://www.tuttibambini.com/products/underbed-storage-drawer-white,,,£50.00,,Tutti Bambini,in_stock,,,,,,Nursery Furniture Piece
https://www.awin1.com/cread.php?awinmid=103277&awinaffid=2771700&ued=https%3A%2F%2Fwww.tuttibambini.com%2Fproducts%2Fchanging-mat-run-wild-jungle,Changing Mat - Jungle - Jungle,53769825321285,211224/JUN,https://cdn.shopify.com/s/files/1/0892/1923/6165/files/jungle-changing-mat.jpg?v=1767109116,"Designed to make nappy changes hassle-free, our Jungle Changing Mat is as stylish as it is practical. The wipe-clean surface guarantees quick and effortless clean-ups, keeping your changing mat fresh and ready to use time and time again. Suitable from birth, it's a reliable companion throughout your baby's early years.",Baby & Toddler > Diapering > Changing Mats & Trays,25,Tutti Bambini,103277,Baby & Toddler > Diapering > Changing Mats & Trays,Baby & Toddler > Diapering > Changing Mats & Trays,https://cdn.shopify.com/s/files/1/0892/1923/6165/files/jungle-changing-mat.jpg?v=1767109116,£,25,25,https://www.tuttibambini.com/products/changing-mat-run-wild-jungle,,,£25.00,,Tutti Bambini,in_stock,,,,,,Changing Mat
https://www.awin1.com/cread.php?awinmid=103277&awinaffid=2771700&ued=https%3A%2F%2Fwww.tuttibambini.com%2Fproducts%2Fchanging-mat-leopard,Changing Mat - Leopard - Leopard,53769825386821,211224/LEO,https://cdn.shopify.com/s/files/1/0892/1923/6165/files/leopard-changing-mat.jpg?v=1767109219,"Designed to make nappy changes hassle-free, our Leopard Changing Mat is as stylish as it is practical. The wipe-clean surface guarantees quick and effortless clean-ups, keeping your changing mat fresh and ready to use time and time again. Suitable from birth, it's a reliable companion throughout your baby's early years.",Baby & Toddler > Diapering > Changing Mats & Trays,25,Tutti Bambini,103277,Baby & Toddler > Diapering > Changing Mats & Trays,Baby & Toddler > Diapering > Changing Mats & Trays,https://cdn.shopify.com/s/files/1/0892/1923/6165/files/leopard-changing-mat.jpg?v=1767109219,£,25,25,https://www.tuttibambini.com/products/changing-mat-leopard,,,£25.00,,Tutti Bambini,in_stock,,,,,,Changing Mat
https://www.awin1.com/cread.php?awinmid=103277&awinaffid=2771700&ued=https%3A%2F%2Fwww.tuttibambini.com%2Fproducts%2Fchanging-mat-dandelion,Changing Mat - Dandelion - Dandelion,53769825485125,211224/DAN,https://cdn.shopify.com/s/files/1/0892/1923/6165/files/woodland-dandelion-5229.png?v=1741618188,"Designed to make nappy changes hassle-free, our Dandelion Changing Mat is as stylish as it is practical. The wipe-clean surface guarantees quick and effortless clean-ups, keeping your changing mat fresh and ready to use time and time again. Suitable from birth, it's a reliable companion throughout your baby's early years.",Baby & Toddler > Diapering > Changing Mats & Trays,25,Tutti Bambini,103277,Baby & Toddler > Diapering > Changing Mats & Trays,Baby & Toddler > Diapering > Changing Mats & Trays,https://cdn.shopify.com/s/files/1/0892/1923/6165/files/woodland-dandelion-5229.png?v=1741618188,£,25,25,https://www.tuttibambini.com/products/changing-mat-dandelion,,,£25.00,,Tutti Bambini,in_stock,,,,,,Changing Mat
https://www.awin1.com/cread.php?awinmid=103277&awinaffid=2771700&ued=https%3A%2F%2Fwww.tuttibambini.com%2Fproducts%2Fchanging-mat-ocean-white,Changing Mat - Ocean White - Ocean White,53769825583429,211224/OWH,https://cdn.shopify.com/s/files/1/0892/1923/6165/files/ocean-white-changing-mat.jpg?v=1767109360,"Designed to make nappy changes hassle-free, our Ocean White Changing Mat combines style and practicality with a charming marine theme featuring sea creatures. The wipe-clean surface ensures quick, easy clean-ups, keeping your mat fresh for countless uses. Suitable from birth, its a delightful, reliable companion through your babys early years.",Baby & Toddler > Diapering > Changing Mats & Trays,25,Tutti Bambini,103277,Baby & Toddler > Diapering > Changing Mats & Trays,Baby & Toddler > Diapering > Changing Mats & Trays,https://cdn.shopify.com/s/files/1/0892/1923/6165/files/ocean-white-changing-mat.jpg?v=1767109360,£,25,25,https://www.tuttibambini.com/products/changing-mat-ocean-white,,,£25.00,,Tutti Bambini,in_stock,,,,,,Changing Mat
https://www.awin1.com/cread.php?awinmid=103277&awinaffid=2771700&ued=https%3A%2F%2Fwww.tuttibambini.com%2Fproducts%2Fchanging-mat-woodland,Changing Mat - Woodland - Woodland,53769825780037,211224/WOO,https://cdn.shopify.com/s/files/1/0892/1923/6165/files/woodland-dandelion-5230.png?v=1741617540,"Designed to make nappy changes hassle-free, our Woodland Changing Mat is as stylish as it is practical. The wipe-clean surface guarantees quick and effortless clean-ups, keeping your changing mat fresh and ready to use time and time again. Suitable from birth, it's a reliable companion throughout your baby's early years.",Baby & Toddler > Diapering > Changing Mats & Trays,25,Tutti Bambini,103277,Baby & Toddler > Diapering > Changing Mats & Trays,Baby & Toddler > Diapering > Changing Mats & Trays,https://cdn.shopify.com/s/files/1/0892/1923/6165/files/woodland-dandelion-5230.png?v=1741617540,£,25,25,https://www.tuttibambini.com/products/changing-mat-woodland,,,£25.00,,Tutti Bambini,in_stock,,,,,,Changing Mat
https://www.awin1.com/cread.php?awinmid=103277&awinaffid=2771700&ued=https%3A%2F%2Fwww.tuttibambini.com%2Fproducts%2Fchanging-mat-ocean-blue,Changing Mat - Ocean Blue - Ocean Blue,53769826107717,211224/OBL,https://cdn.shopify.com/s/files/1/0892/1923/6165/files/changing-mat-ocean-blue.jpg?v=1767109480,"Designed to make nappy changes hassle-free, our Ocean Blue Changing Mat is as stylish as it is practical. The wipe-clean surface guarantees quick and effortless clean-ups, keeping your changing mat fresh and ready to use time and time again. Suitable from birth, it's a reliable companion throughout your baby's early years.",Baby & Toddler > Diapering > Changing Mats & Trays,25,Tutti Bambini,103277,Baby & Toddler > Diapering > Changing Mats & Trays,Baby & Toddler > Diapering > Changing Mats & Trays,https://cdn.shopify.com/s/files/1/0892/1923/6165/files/changing-mat-ocean-blue.jpg?v=1767109480,£,25,25,https://www.tuttibambini.com/products/changing-mat-ocean-blue,,,£25.00,,Tutti Bambini,in_stock,,,,,,Changing Mat
https://www.awin1.com/cread.php?awinmid=103277&awinaffid=2771700&ued=https%3A%2F%2Fwww.tuttibambini.com%2Fproducts%2Fbaby-beanbag-our-planet,Baby Beanbag - Our Planet - Our Planet,53769826468165,511200/OP,https://cdn.shopify.com/s/files/1/0892/1923/6165/files/our-planet-beanbag-white-side-cutout.jpg?v=1767111003,"Introducing our stylish Our Planet Baby Beanbag, the epitome of comfort and relaxation for your little bundle of joy. Crafted with utmost care, it offers a cosy and secure nest that nurtures healthy posture during their growth. Versatile enough to double as a bean bag chair for toddlers, it's the perfect multi-purpose companion for your growing child.",Furniture > Baby & Toddler Furniture,69,Tutti Bambini,103277,Furniture > Baby & Toddler Furniture,Furniture > Baby & Toddler Furniture,https://cdn.shopify.com/s/files/1/0892/1923/6165/files/our-planet-beanbag-white-side-cutout.jpg?v=1767111003,£,69,69,https://www.tuttibambini.com/products/baby-beanbag-our-planet,,,£69.00,,Tutti Bambini,in_stock,,,,,,Nursery Furniture Piece
https://www.awin1.com/cread.php?awinmid=103277&awinaffid=2771700&ued=https%3A%2F%2Fwww.tuttibambini.com%2Fproducts%2Fcozee-go-3-in-1-bassinet-travel-cot-and-playpen-scandinavian-walnut-ecru,"CoZee Go 3-in-1 Bassinet, Travel Cot & Playpen - Scandinavian Walnut & Ecru",53769834168645,211203/7508,https://cdn.shopify.com/s/files/1/0892/1923/6165/files/travel-cot-scandinavian-walnut-ecru-2.jpg?v=1733421274,"Make travelling with your baby comfortable and easy with our award winning CoZee Go 3-in-1 Bassinet in Scandinavian Walnut and Ecru. Suitable from birth, the CoZee Go triples up as a newborn bassinet, floor level cot and playpen. Assembled within seconds and super lightweight and compact, the CoZee Go makes the perfect travel essential. Accessories available: CoZee Go Day & Night Shade.",Furniture > Baby & Toddler Furniture > Cribs & Toddler Beds,169,Tutti Bambini,103277,Furniture > Baby & Toddler Furniture > Cribs & Toddler Beds,Furniture > Baby & Toddler Furniture > Cribs & Toddler Beds,https://cdn.shopify.com/s/files/1/0892/1923/6165/files/travel-cot-scandinavian-walnut-ecru-2.jpg?v=1733421274,£,169,169,https://www.tuttibambini.com/products/cozee-go-3-in-1-bassinet-travel-cot-and-playpen-scandinavian-walnut-ecru,,,£169.00,,Tutti Bambini,in_stock,,,,,,Travel Cot
https://www.awin1.com/cread.php?awinmid=103277&awinaffid=2771700&ued=https%3A%2F%2Fwww.tuttibambini.com%2Fproducts%2Fcozee-go-day-night-bundle-scandinavian-walnut-ecru,CoZee Go Day & Night Bundle - Scandinavian Walnut & Ecru,53769834299717,211203/7508/S,https://cdn.shopify.com/s/files/1/0892/1923/6165/files/CoZee_Go_Day_Night_Bundle_-_01.jpg?v=1763724969,"Make travelling with your baby comfortable and easy with our award winning CoZee Go Day & Night Bundle in Scandinavian Walnut and Ecru, featuring the 3-in-1 CoZee Go Travel Cot and the additional Day & Night Shade. Suitable from birth, the CoZee Go triples up as a newborn bassinet, floor level cot and playpen. Assembled within seconds and super lightweight and compact, the CoZee Go makes the perfect travel essential.",Furniture > Baby & Toddler Furniture > Cribs & Toddler Beds,189,Tutti Bambini,103277,Furniture > Baby & Toddler Furniture > Cribs & Toddler Beds,Furniture > Baby & Toddler Furniture > Cribs & Toddler Beds,https://cdn.shopify.com/s/files/1/0892/1923/6165/files/CoZee_Go_Day_Night_Bundle_-_01.jpg?v=1763724969,£,189,189,https://www.tuttibambini.com/products/cozee-go-day-night-bundle-scandinavian-walnut-ecru,,,£189.00,,Tutti Bambini,in_stock,,,,,,Nursery Furniture Piece
https://www.awin1.com/cread.php?awinmid=103277&awinaffid=2771700&ued=https%3A%2F%2Fwww.tuttibambini.com%2Fproducts%2Fzizee-breathable-rocking-crib-oak-charcoal,ZiZee Essential Crib - Oak/Charcoal,53769834791237,211204/3590,https://cdn.shopify.com/s/files/1/0892/1923/6165/files/zizee-breathable-rocking-crib-oak-charcoal-1.jpg?v=1733421306,"Transform your babys sleeping space into a haven of comfort and security with our ZiZee Essential Crib in the elegant Oak and Charcoal combination. The all-around mesh ensures optimum airflow and a clear view of your baby. Lightweight and portable with a travel bag, it's perfect for on-the-go. Easily switch from static to rocking mode for added versatility, and use the additional wheels for effortless room-to-room transitions.",Furniture > Baby & Toddler Furniture > Cribs & Toddler Beds,99,Tutti Bambini,103277,Furniture > Baby & Toddler Furniture > Cribs & Toddler Beds,Furniture > Baby & Toddler Furniture > Cribs & Toddler Beds,https://cdn.shopify.com/s/files/1/0892/1923/6165/files/zizee-breathable-rocking-crib-oak-charcoal-1.jpg?v=1733421306,£,99,99,https://www.tuttibambini.com/products/zizee-breathable-rocking-crib-oak-charcoal,,,£99.00,,Tutti Bambini,in_stock,,,,,,Next-to-Me Crib
https://www.awin1.com/cread.php?awinmid=103277&awinaffid=2771700&ued=https%3A%2F%2Fwww.tuttibambini.com%2Fproducts%2Fzizee-breathable-rocking-crib-scandinavian-walnut-ecru,ZiZee Breathable Rocking Crib - Scandinavian Walnut and Ecru,53769835053381,211204/7508,https://cdn.shopify.com/s/files/1/0892/1923/6165/files/zizee-breathable-rocking-crib-scandianvian-walnut-ecru-1.jpg?v=1733421320,"Transform your babys sleeping space into a haven of comfort and security with our ZiZee Breathable Rocking Crib in the elegant Scandinavian Walnut and Ecru combination. The all-around mesh ensures optimum airflow and a clear view of your baby. Lightweight and portable with a travel bag, it's perfect for on-the-go. Easily switch between static and rocking modes for added versatility, and utilise the additional wheels for effortless room-to-room transitions.",Furniture > Baby & Toddler Furniture > Cribs & Toddler Beds,99,Tutti Bambini,103277,Furniture > Baby & Toddler Furniture > Cribs & Toddler Beds,Furniture > Baby & Toddler Furniture > Cribs & Toddler Beds,https://cdn.shopify.com/s/files/1/0892/1923/6165/files/zizee-breathable-rocking-crib-scandianvian-walnut-ecru-1.jpg?v=1733421320,£,99,99,https://www.tuttibambini.com/products/zizee-breathable-rocking-crib-scandinavian-walnut-ecru,,,£99.00,,Tutti Bambini,in_stock,,,,,,Next-to-Me Crib
https://www.awin1.com/cread.php?awinmid=103277&awinaffid=2771700&ued=https%3A%2F%2Fwww.tuttibambini.com%2Fproducts%2Fhygge-mini-cot-bed-white-light-oak,Hygge Mini Cot Bed - White/Light Oak - White/Light Oak,54377262645573,211149/1134,https://cdn.shopify.com/s/files/1/0892/1923/6165/files/hygge_mini_cot_bed_-_white_light_oak_10.jpg?v=1755269713,"Meet our Hygge Mini Cot Bed in White and Light Oak - a Scandinavian-inspired blend of modern simplicity and functionality. With bevelled corners, splayed legs and slatted cot ends, its an ideal choice for those seeking a minimalistic, contemporary nursery look. This practical and versatile space saving cot offers three mattress height positions and seamlessly converts into a toddler bed or sofa/day bed for added convenience.",Furniture > Baby & Toddler Furniture > Cribs & Toddler Beds,199,Tutti Bambini,103277,Furniture > Baby & Toddler Furniture > Cribs & Toddler Beds,Furniture > Baby & Toddler Furniture > Cribs & Toddler Beds,https://cdn.shopify.com/s/files/1/0892/1923/6165/files/hygge_mini_cot_bed_-_white_light_oak_10.jpg?v=1755269713,£,199,199,https://www.tuttibambini.com/products/hygge-mini-cot-bed-white-light-oak,,,£199.00,,Tutti Bambini,in_stock,,,,,,Nursery Furniture Piece
https://www.awin1.com/cread.php?awinmid=103277&awinaffid=2771700&ued=https%3A%2F%2Fwww.tuttibambini.com%2Fproducts%2Fhygge-cot-bed-white-light-oak,Hygge Cot Bed - White/Light Oak - White/Light Oak,54376678654277,211049/1134,https://cdn.shopify.com/s/files/1/0892/1923/6165/files/hygge_cot_bed_-_white_light_oak_10.jpg?v=1755269663,"Meet our Hygge Cot Bed in White and Light Oak - a Scandinavian-inspired blend of modern simplicity and functionality. With bevelled corners, splayed legs and slatted cot ends, its an ideal choice for those who desire a minimalistic, contemporary nursery look. This practical and versatile cot bed offers three mattress height positions and seamlessly converts into a toddler bed or sofa/day bed for added convenience.",Furniture > Baby & Toddler Furniture > Cribs & Toddler Beds,139,Tutti Bambini,103277,Furniture > Baby & Toddler Furniture > Cribs & Toddler Beds,Furniture > Baby & Toddler Furniture > Cribs & Toddler Beds,https://cdn.shopify.com/s/files/1/0892/1923/6165/files/hygge_cot_bed_-_white_light_oak_10.jpg?v=1755269663,£,139,139,https://www.tuttibambini.com/products/hygge-cot-bed-white-light-oak,,,£139.00,,Tutti Bambini,in_stock,,,,,,Nursery Furniture Piece
https://www.awin1.com/cread.php?awinmid=103277&awinaffid=2771700&ued=https%3A%2F%2Fwww.tuttibambini.com%2Fproducts%2Fhygge-mini-2-piece-room-set-white-light-oak,Hygge Mini 2 Piece Room Set - White/Light Oak - White/Light Oak,54355066749253,149RS1/1134,https://cdn.shopify.com/s/files/1/0892/1923/6165/files/hygge-mini-2-piece-room-set-white-light-oak-nursery-view.jpg?v=1747755235,"Meet our Hygge Mini 2 Piece Set in White and Light Oak - a Scandinavian-inspired blend of modern simplicity and functionality. With bevelled edges, stylish splayed legs and chic cut-out handles, it's the ideal choice for those seeking a minimalistic, contemporary nursery look. Practical and versatile, this set includes a space saving cot that converts to toddler bed or sofa and a chest changer with ample storage for all your babys essentials.",Furniture > Baby & Toddler Furniture > Baby & Toddler Furniture Sets,399,Tutti Bambini,103277,Furniture > Baby & Toddler Furniture > Baby & Toddler Furniture Sets,Furniture > Baby & Toddler Furniture > Baby & Toddler Furniture Sets,https://cdn.shopify.com/s/files/1/0892/1923/6165/files/hygge-mini-2-piece-room-set-white-light-oak-nursery-view.jpg?v=1747755235,£,399,399,https://www.tuttibambini.com/products/hygge-mini-2-piece-room-set-white-light-oak,,,£399.00,,Tutti Bambini,in_stock,,,,,,Nursery Furniture Pair
https://www.awin1.com/cread.php?awinmid=103277&awinaffid=2771700&ued=https%3A%2F%2Fwww.tuttibambini.com%2Fproducts%2Fhygge-2-piece-room-set-white-light-oak,Hygge 2 Piece Room Set - White/Light Oak - White/Light Oak,54344510341445,049RS1/1134,https://cdn.shopify.com/s/files/1/0892/1923/6165/files/Hygge_2_Pc_Room_Set_-_White_Light_Oak_10_1_1.jpg?v=1755162679,"Meet our Hygge 2 Piece Set in White and Light Oak - a Scandinavian-inspired blend of modern simplicity and functionality. With bevelled edges, stylish splayed legs and chic cut-out handles, it's the ideal choice for those seeking a minimalistic, contemporary nursery look. Practical and versatile, this set includes a cot bed that converts to toddler bed or sofa and a chest changer with ample storage for all your babys essentials.",Furniture > Baby & Toddler Furniture > Baby & Toddler Furniture Sets,249,Tutti Bambini,103277,Furniture > Baby & Toddler Furniture > Baby & Toddler Furniture Sets,Furniture > Baby & Toddler Furniture > Baby & Toddler Furniture Sets,https://cdn.shopify.com/s/files/1/0892/1923/6165/files/Hygge_2_Pc_Room_Set_-_White_Light_Oak_10_1_1.jpg?v=1755162679,£,249,249,https://www.tuttibambini.com/products/hygge-2-piece-room-set-white-light-oak,,,£249.00,,Tutti Bambini,in_stock,,,,,,Nursery Furniture Pair
https://www.awin1.com/cread.php?awinmid=103277&awinaffid=2771700&ued=https%3A%2F%2Fwww.tuttibambini.com%2Fproducts%2Fhygge-2-piece-room-set-light-oak-white-sand,Hygge 2 Piece Set Light Oak/White Sand - Light Oak / White Sand,54343567606085,049RS1/3409,https://cdn.shopify.com/s/files/1/0892/1923/6165/files/hygge_2_pc_room_set_-_light_oak_white_sand_12.jpg?v=1742831224,"Meet our Hygge 2 Piece Set in Light Oak and White Sand - a Scandinavian-inspired blend of modern simplicity and functionality. With bevelled edges, stylish splayed legs and chic cut-out handles, it's the ideal choice for those seeking a minimalistic, contemporary nursery look. Practical and versatile, this set includes a cot bed that converts to a toddler bed or sofa and a chest changer with ample storage for all your babys essentials.",Furniture > Baby & Toddler Furniture > Baby & Toddler Furniture Sets,249,Tutti Bambini,103277,Furniture > Baby & Toddler Furniture > Baby & Toddler Furniture Sets,Furniture > Baby & Toddler Furniture > Baby & Toddler Furniture Sets,https://cdn.shopify.com/s/files/1/0892/1923/6165/files/hygge_2_pc_room_set_-_light_oak_white_sand_12.jpg?v=1742831224,£,249,249,https://www.tuttibambini.com/products/hygge-2-piece-room-set-light-oak-white-sand,,,£249.00,,Tutti Bambini,in_stock,,,,,,Nursery Furniture Pair
https://www.awin1.com/cread.php?awinmid=103277&awinaffid=2771700&ued=https%3A%2F%2Fwww.tuttibambini.com%2Fproducts%2Fhygge-mini-3-piece-room-set-white-light-oak,Hygge Mini 3 Piece Room Set - White/Light Oak - White/Light Oak,54376972058949,149RS2/1134,https://cdn.shopify.com/s/files/1/0892/1923/6165/files/HyggeMini3PcRoomSet-White_LightOak12_2.jpg?v=1742813747,"Meet our Hygge Mini 3 Piece Room Set in White and Light Oak - a Scandinavian-inspired blend of modern simplicity and functionality. With bevelled edges, stylish splayed legs and chic cut-out handles, it's the ideal choice for those seeking a minimalistic, contemporary nursery look. Practical and versatile, this set includes a space saving cot that converts to toddler bed or sofa, a chest changer and a wardrobe with ample storage for all your babys essentials.",Furniture > Baby & Toddler Furniture > Baby & Toddler Furniture Sets,599,Tutti Bambini,103277,Furniture > Baby & Toddler Furniture > Baby & Toddler Furniture Sets,Furniture > Baby & Toddler Furniture > Baby & Toddler Furniture Sets,https://cdn.shopify.com/s/files/1/0892/1923/6165/files/HyggeMini3PcRoomSet-White_LightOak12_2.jpg?v=1742813747,£,599,599,https://www.tuttibambini.com/products/hygge-mini-3-piece-room-set-white-light-oak,,,£599.00,,Tutti Bambini,in_stock,,,,,,Nursery Furniture Set
https://www.awin1.com/cread.php?awinmid=103277&awinaffid=2771700&ued=https%3A%2F%2Fwww.tuttibambini.com%2Fproducts%2Fhygge-3-piece-room-set-white-light-oak,Hygge 3 Piece Room Set - White/Light Oak - White/Light Oak,54351645475141,049RS2/1134,https://cdn.shopify.com/s/files/1/0892/1923/6165/files/hygge_3_pc_room_set_-_white_light_oak_12.jpg?v=1733421477,"Meet our Hygge 3 Piece Room Set in White and Light Oak - a Scandinavian-inspired blend of modern simplicity and functionality. With bevelled edges, stylish splayed legs and chic cut-out handles, it's the ideal choice for those seeking a minimalistic, contemporary nursery look. Practical and versatile, this set includes a cot bed that converts to toddler bed or sofa and a chest changer with ample storage for all your babys essentials.",Furniture > Baby & Toddler Furniture > Baby & Toddler Furniture Sets,629,Tutti Bambini,103277,Furniture > Baby & Toddler Furniture > Baby & Toddler Furniture Sets,Furniture > Baby & Toddler Furniture > Baby & Toddler Furniture Sets,https://cdn.shopify.com/s/files/1/0892/1923/6165/files/hygge_3_pc_room_set_-_white_light_oak_12.jpg?v=1733421477,£,629,629,https://www.tuttibambini.com/products/hygge-3-piece-room-set-white-light-oak,,,£629.00,,Tutti Bambini,in_stock,,,,,,Nursery Furniture Set
https://www.awin1.com/cread.php?awinmid=103277&awinaffid=2771700&ued=https%3A%2F%2Fwww.tuttibambini.com%2Fproducts%2Fhygge-3-piece-room-set-light-oak-white-sand,Hygge 3 Piece Room Set - Light Oak/White Sand - Light Oak / White Sand,54352187097413,049RS2/3409,https://cdn.shopify.com/s/files/1/0892/1923/6165/files/hygge_3_pc_room_set_-_light_oak_white_sand_12.jpg?v=1733421491,"Meet our Hygge 3 Piece Room Set in Light Oak and White Sand - a Scandinavian-inspired blend of modern simplicity and functionality. With bevelled edges, stylish splayed legs and chic cut-out handles, it's the ideal choice for those seeking a minimalistic, contemporary nursery look. Practical and versatile, this set includes a cot bed that converts to toddler bed, a practical chest changer and a spacious wardrobe to store all your babys essentials.",Furniture > Baby & Toddler Furniture > Baby & Toddler Furniture Sets,429,Tutti Bambini,103277,Furniture > Baby & Toddler Furniture > Baby & Toddler Furniture Sets,Furniture > Baby & Toddler Furniture > Baby & Toddler Furniture Sets,https://cdn.shopify.com/s/files/1/0892/1923/6165/files/hygge_3_pc_room_set_-_light_oak_white_sand_12.jpg?v=1733421491,£,429,429,https://www.tuttibambini.com/products/hygge-3-piece-room-set-light-oak-white-sand,,,£429.00,,Tutti Bambini,in_stock,,,,,,Nursery Furniture Set
https://www.awin1.com/cread.php?awinmid=103277&awinaffid=2771700&ued=https%3A%2F%2Fwww.tuttibambini.com%2Fproducts%2Ffika-mini-cot-bed-white-light-oak,Fika Mini Cot Bed - White & Light Oak,53769839706437,211148/1134,https://cdn.shopify.com/s/files/1/0892/1923/6165/files/fika-mini-cot-bed-white-light-oak-close-up-view.jpg?v=1766566532,"Meet our Fika Mini Cot Bed in White and Light Oak - a Scandinavian-inspired blend of modern simplicity and functionality. With bevelled corners, clean lines and splayed legs, its an ideal choice for those seeking a minimalistic, contemporary nursery look. This practical and versatile space saving cot offers three mattress height positions and seamlessly converts into a toddler bed or sofa/day bed for added convenience.",Furniture > Baby & Toddler Furniture > Cribs & Toddler Beds,199,Tutti Bambini,103277,Furniture > Baby & Toddler Furniture > Cribs & Toddler Beds,Furniture > Baby & Toddler Furniture > Cribs & Toddler Beds,https://cdn.shopify.com/s/files/1/0892/1923/6165/files/fika-mini-cot-bed-white-light-oak-close-up-view.jpg?v=1766566532,£,199,199,https://www.tuttibambini.com/products/fika-mini-cot-bed-white-light-oak,,,£199.00,,Tutti Bambini,in_stock,,,,,,Nursery Furniture Piece
https://www.awin1.com/cread.php?awinmid=103277&awinaffid=2771700&ued=https%3A%2F%2Fwww.tuttibambini.com%2Fproducts%2Ffika-cot-bed-white-light-oak,Fika Cot Bed - White/Light Oak - Light Oak & White,53769843867973,211048/1134,https://cdn.shopify.com/s/files/1/0892/1923/6165/files/fika_cot_bed_-_white_light_oak_10.jpg?v=1755268959,"Meet our Fika Cot Bed in White and Light Oak - a Scandinavian-inspired blend of modern simplicity and functionality. With bevelled corners, clean lines and splayed legs, its an ideal choice for those seeking a minimalistic, contemporary nursery look. This practical and versatile cot bed offers three mattress height positions and seamlessly converts into a toddler bed or sofa/day bed for added convenience.",Furniture > Baby & Toddler Furniture > Cribs & Toddler Beds,139,Tutti Bambini,103277,Furniture > Baby & Toddler Furniture > Cribs & Toddler Beds,Furniture > Baby & Toddler Furniture > Cribs & Toddler Beds,https://cdn.shopify.com/s/files/1/0892/1923/6165/files/fika_cot_bed_-_white_light_oak_10.jpg?v=1755268959,£,139,139,https://www.tuttibambini.com/products/fika-cot-bed-white-light-oak,,,£139.00,,Tutti Bambini,in_stock,,,,,,Nursery Furniture Piece
https://www.awin1.com/cread.php?awinmid=103277&awinaffid=2771700&ued=https%3A%2F%2Fwww.tuttibambini.com%2Fproducts%2Ffika-chest-changer-white-light-oak,Fika Chest Changer - White/Light Oak - White & Light Oak,53769844293957,211448/1134,https://cdn.shopify.com/s/files/1/0892/1923/6165/files/fika_chest_changer_-_white_light_oak_6.jpg?v=1766571915,"Meet our Fika Chest Changer in White and Light Oak – a Scandinavian-inspired blend of modern simplicity and functionality. Featuring stylish splayed legs and chic cut-out handles, it's the ideal choice for those seeking a minimalistic, contemporary nursery look. This chest seamlessly blends style with functionality, offering a safe changing area and three spacious drawers to organise all your baby's essentials.",Furniture > Baby & Toddler Furniture > Changing Tables,250,Tutti Bambini,103277,Furniture > Baby & Toddler Furniture > Changing Tables,Furniture > Baby & Toddler Furniture > Changing Tables,https://cdn.shopify.com/s/files/1/0892/1923/6165/files/fika_chest_changer_-_white_light_oak_6.jpg?v=1766571915,£,250,250,https://www.tuttibambini.com/products/fika-chest-changer-white-light-oak,,,£250.00,,Tutti Bambini,in_stock,,,,,,Nursery Furniture Piece
https://www.awin1.com/cread.php?awinmid=103277&awinaffid=2771700&ued=https%3A%2F%2Fwww.tuttibambini.com%2Fproducts%2Ffika-chest-changer-light-oak-white-sand,Fika Chest Changer - Light Oak/White Sand - Light Oak & White Sand,53769844490565,211448/3409,https://cdn.shopify.com/s/files/1/0892/1923/6165/files/fika_chest_of_drawers_light_oak_white_sand.jpg?v=1766571207,"Meet our Fika Chest Changer in Light Oak and White Sand - a Scandinavian-inspired blend of modern simplicity and functionality. Featuring stylish splayed legs and chic cut-out handles, it's the ideal choice for those seeking a minimalistic, contemporary nursery look. This chest seamlessly blends style with functionality, offering a safe changing area and three spacious drawers to organise all your baby's essentials.",Furniture > Baby & Toddler Furniture > Changing Tables,250,Tutti Bambini,103277,Furniture > Baby & Toddler Furniture > Changing Tables,Furniture > Baby & Toddler Furniture > Changing Tables,https://cdn.shopify.com/s/files/1/0892/1923/6165/files/fika_chest_of_drawers_light_oak_white_sand.jpg?v=1766571207,£,250,250,https://www.tuttibambini.com/products/fika-chest-changer-light-oak-white-sand,,,£250.00,,Tutti Bambini,in_stock,,,,,,Nursery Furniture Piece
https://www.awin1.com/cread.php?awinmid=103277&awinaffid=2771700&ued=https%3A%2F%2Fwww.tuttibambini.com%2Fproducts%2Ffika-wardrobe-white-light-oak,Fika Wardrobe - White/Light Oak - White & Light Oak,53769845342533,211348/1134,https://cdn.shopify.com/s/files/1/0892/1923/6165/files/fika_wardrobe_-_white_light_oak_4.jpg?v=1766567545,"Meet our Fika Wardrobe in White and Light Oak – a Scandinavian-inspired blend of modern simplicity and functionality. Featuring stylish splayed legs and chic cut-out handles, it's the ideal choice for those seeking a minimalistic, contemporary nursery look. Harmoniously merging style with functionality, the Fika Wardrobe offers ample storage with a convenient hanging rail and spacious open shelving for effortless accessibility.",Furniture > Cabinets & Storage > Cupboards & Wardrobes,300,Tutti Bambini,103277,Furniture > Cabinets & Storage > Cupboards & Wardrobes,Furniture > Cabinets & Storage > Cupboards & Wardrobes,https://cdn.shopify.com/s/files/1/0892/1923/6165/files/fika_wardrobe_-_white_light_oak_4.jpg?v=1766567545,£,300,300,https://www.tuttibambini.com/products/fika-wardrobe-white-light-oak,,,£300.00,,Tutti Bambini,in_stock,,,,,,Nursery Furniture Piece
https://www.awin1.com/cread.php?awinmid=103277&awinaffid=2771700&ued=https%3A%2F%2Fwww.tuttibambini.com%2Fproducts%2Ffika-wardrobe-light-oak-white-sand,Fika Wardrobe - Light Oak/White Sand - Light Oak & White Sand,53769847112005,211348/3409,https://cdn.shopify.com/s/files/1/0892/1923/6165/files/fika_wardrobe_-_light_oak_white_sand_6.jpg?v=1755269490,"Meet our Fika Wardrobe in Light Oak and White Sand – a Scandinavian-inspired blend of modern simplicity and functionality. Featuring stylish splayed legs and chic cut-out handles, it's the ideal choice for those seeking a minimalistic, contemporary nursery look. Harmoniously merging style with functionality, the Fika Wardrobe offers ample storage with a convenient hanging rail and spacious open shelving for effortless accessibility.",Furniture > Cabinets & Storage > Cupboards & Wardrobes,300,Tutti Bambini,103277,Furniture > Cabinets & Storage > Cupboards & Wardrobes,Furniture > Cabinets & Storage > Cupboards & Wardrobes,https://cdn.shopify.com/s/files/1/0892/1923/6165/files/fika_wardrobe_-_light_oak_white_sand_6.jpg?v=1755269490,£,300,300,https://www.tuttibambini.com/products/fika-wardrobe-light-oak-white-sand,,,£300.00,,Tutti Bambini,in_stock,,,,,,Nursery Furniture Piece
https://www.awin1.com/cread.php?awinmid=103277&awinaffid=2771700&ued=https%3A%2F%2Fwww.tuttibambini.com%2Fproducts%2Ffika-mini-2-piece-room-set-white-light-oak,Fika Mini 2pc Room Set - White/Light Oak - White & Light Oak,53769847243077,148RS1/1134,https://cdn.shopify.com/s/files/1/0892/1923/6165/files/fika-mini-2-piece-room-set-white-light-oak-nursery-view.jpg?v=1747663584,"Meet our Fika Mini 2 Piece Room Set in White and Light Oak - a Scandinavian-inspired blend of modern simplicity and functionality. With bevelled edges, stylish splayed legs and chic cut-out handles, it's the ideal choice for those seeking a minimalistic, contemporary nursery look. Practical and versatile, this set includes a space saving cot that converts to toddler bed or sofa and a chest changer with ample storage for all your babys essentials.",Furniture > Baby & Toddler Furniture > Baby & Toddler Furniture Sets,239,Tutti Bambini,103277,Furniture > Baby & Toddler Furniture > Baby & Toddler Furniture Sets,Furniture > Baby & Toddler Furniture > Baby & Toddler Furniture Sets,https://cdn.shopify.com/s/files/1/0892/1923/6165/files/fika-mini-2-piece-room-set-white-light-oak-nursery-view.jpg?v=1747663584,£,239,239,https://www.tuttibambini.com/products/fika-mini-2-piece-room-set-white-light-oak,,,£239.00,,Tutti Bambini,in_stock,,,,,,Nursery Furniture Pair
https://www.awin1.com/cread.php?awinmid=103277&awinaffid=2771700&ued=https%3A%2F%2Fwww.tuttibambini.com%2Fproducts%2Ffika-2-piece-room-set-white-light-oak,Fika 2pc Room Set - White/Light Oak - White & Light Oak,53769847472453,048RS1/1134,https://cdn.shopify.com/s/files/1/0892/1923/6165/files/fika_2_pc_room_set_-_white_light_oak_10.jpg?v=1747662716,"Meet our Fika 2 Piece Room Set in White and Light Oak - a Scandinavian-inspired blend of modern simplicity and functionality. With bevelled edges, stylish splayed legs and chic cut-out handles, it's the ideal choice for those seeking a minimalistic, contemporary nursery look. Practical and versatile, this set includes a cot bed that converts to toddler bed or sofa and a chest changer with ample storage for all your babys essentials.",Furniture > Baby & Toddler Furniture > Baby & Toddler Furniture Sets,429,Tutti Bambini,103277,Furniture > Baby & Toddler Furniture > Baby & Toddler Furniture Sets,Furniture > Baby & Toddler Furniture > Baby & Toddler Furniture Sets,https://cdn.shopify.com/s/files/1/0892/1923/6165/files/fika_2_pc_room_set_-_white_light_oak_10.jpg?v=1747662716,£,429,429,https://www.tuttibambini.com/products/fika-2-piece-room-set-white-light-oak,,,£429.00,,Tutti Bambini,in_stock,,,,,,Nursery Furniture Pair
https://www.awin1.com/cread.php?awinmid=103277&awinaffid=2771700&ued=https%3A%2F%2Fwww.tuttibambini.com%2Fproducts%2Ffika-mini-3-piece-room-set-white-light-oak,Fika Mini 3pc Room Set - White/Light Oak - White & Light Oak,53769847832901,148RS2/1134,https://cdn.shopify.com/s/files/1/0892/1923/6165/files/fika-mini-3-piece-white-light-oak-nursery-view.jpg?v=1747664526,"Meet our Fika Mini 3 Piece Room Set in White and Light Oak - a Scandinavian-inspired blend of modern simplicity and functionality. With bevelled edges, stylish splayed legs and chic cut-out handles, it's the ideal choice for those seeking a minimalistic, contemporary nursery look. Practical and versatile, this set includes a space saving cot that converts to toddler bed or sofa, a chest changer with changing top and wardrobe with ample storage for all your babys essentials.",Furniture > Baby & Toddler Furniture > Baby & Toddler Furniture Sets,599,Tutti Bambini,103277,Furniture > Baby & Toddler Furniture > Baby & Toddler Furniture Sets,Furniture > Baby & Toddler Furniture > Baby & Toddler Furniture Sets,https://cdn.shopify.com/s/files/1/0892/1923/6165/files/fika-mini-3-piece-white-light-oak-nursery-view.jpg?v=1747664526,£,599,599,https://www.tuttibambini.com/products/fika-mini-3-piece-room-set-white-light-oak,,,£599.00,,Tutti Bambini,in_stock,,,,,,Nursery Furniture Set
https://www.awin1.com/cread.php?awinmid=103277&awinaffid=2771700&ued=https%3A%2F%2Fwww.tuttibambini.com%2Fproducts%2Ffika-3-piece-room-set-white-light-oak,Fika 3pc Room Set - White/Light Oak - White & Light Oak,53769848258885,048RS2/1134,https://cdn.shopify.com/s/files/1/0892/1923/6165/files/fika_3_pc_room_set_-_white_light_oak_12.jpg?v=1747664435,"Meet our Fika 3 Piece Room Set in White and Light Oak - a Scandinavian-inspired blend of modern simplicity and functionality. With bevelled edges, stylish splayed legs and chic cut-out handles, it's the ideal choice for those seeking a minimalistic, contemporary nursery look. Practical and versatile, this set includes a cot bed that converts to toddler bed or sofa, a chest changer with changing top and wardrobe with ample storage for all your babys essentials.",Furniture > Baby & Toddler Furniture > Baby & Toddler Furniture Sets,399,Tutti Bambini,103277,Furniture > Baby & Toddler Furniture > Baby & Toddler Furniture Sets,Furniture > Baby & Toddler Furniture > Baby & Toddler Furniture Sets,https://cdn.shopify.com/s/files/1/0892/1923/6165/files/fika_3_pc_room_set_-_white_light_oak_12.jpg?v=1747664435,£,399,399,https://www.tuttibambini.com/products/fika-3-piece-room-set-white-light-oak,,,£399.00,,Tutti Bambini,in_stock,,,,,,Nursery Furniture Set
https://www.awin1.com/cread.php?awinmid=103277&awinaffid=2771700&ued=https%3A%2F%2Fwww.tuttibambini.com%2Fproducts%2Ffuori-mini-cot-bed-white-light-oak,Fuori Mini Cot Bed - White/Light Oak - White & Light Oak,53769849012549,211166/1135,https://cdn.shopify.com/s/files/1/0892/1923/6165/files/fuori-mini-cot-bed-white-light-oak-nursery-view.jpg?v=1772201844,"Meet our Fuori Mini Cot Bed in White and Light Oak – a Scandinavian-inspired blend of modern simplicity and functionality. With exposed legs and a sleek appearance, its an ideal choice for those who desire a clean, contemporary nursery look. Practical and versatile, this space saving cot has three mattress height positions and effortlessly converts into toddler bed or a sofa.",Furniture > Baby & Toddler Furniture > Cribs & Toddler Beds,149,Tutti Bambini,103277,Furniture > Baby & Toddler Furniture > Cribs & Toddler Beds,Furniture > Baby & Toddler Furniture > Cribs & Toddler Beds,https://cdn.shopify.com/s/files/1/0892/1923/6165/files/fuori-mini-cot-bed-white-light-oak-nursery-view.jpg?v=1772201844,£,149,149,https://www.tuttibambini.com/products/fuori-mini-cot-bed-white-light-oak,,,£149.00,,Tutti Bambini,in_stock,,,,,,Nursery Furniture Piece
https://www.awin1.com/cread.php?awinmid=103277&awinaffid=2771700&ued=https%3A%2F%2Fwww.tuttibambini.com%2Fproducts%2Ffuori-mini-cot-bed-white-sand-warm-walnut,Fuori Mini Cot Bed - White Sand/Warm Walnut - White Sand & Warm Walnut,53769849897285,211166/6509,https://cdn.shopify.com/s/files/1/0892/1923/6165/files/fuori-mini-cot-bed-white-sand-warm-walnut.jpg?v=1772202636,"Meet our Fuori Mini Cot Bed in White Sand and Warm Walnut – a Scandinavian-inspired blend of modern simplicity and functionality. With exposed legs and a sleek appearance, its an ideal choice for those who desire a clean, contemporary nursery look. Practical and versatile, this space saving cot has three mattress height positions and effortlessly converts into toddler bed or a sofa.",Furniture > Baby & Toddler Furniture > Cribs & Toddler Beds,149,Tutti Bambini,103277,Furniture > Baby & Toddler Furniture > Cribs & Toddler Beds,Furniture > Baby & Toddler Furniture > Cribs & Toddler Beds,https://cdn.shopify.com/s/files/1/0892/1923/6165/files/fuori-mini-cot-bed-white-sand-warm-walnut.jpg?v=1772202636,£,149,149,https://www.tuttibambini.com/products/fuori-mini-cot-bed-white-sand-warm-walnut,,,£149.00,,Tutti Bambini,in_stock,,,,,,Nursery Furniture Piece
https://www.awin1.com/cread.php?awinmid=103277&awinaffid=2771700&ued=https%3A%2F%2Fwww.tuttibambini.com%2Fproducts%2Ffuori-chest-changer-white-sand-warm-walnut,Fuori Chest Changer - White Sand/Warm Walnut - White Sand & Warm Walnut,53769851666757,211466/6509,https://cdn.shopify.com/s/files/1/0892/1923/6165/files/fuori-chest-changer-white-sand-warm-walnut-nursery-view.jpg?v=1772202636,"Meet our Fuori Chest Changer in White Sand and Warm Walnut – a Scandinavian-inspired blend of modern simplicity and functionality. With exposed legs and handleless slow-close drawers, it's the perfect choice for those seeking a clean, contemporary nursery ambiance. Combining style and functionality, this chest offers ample storage for all your baby's essentials, including an additional hidden drawer for discreet organisation.",Furniture > Baby & Toddler Furniture > Changing Tables,360,Tutti Bambini,103277,Furniture > Baby & Toddler Furniture > Changing Tables,Furniture > Baby & Toddler Furniture > Changing Tables,https://cdn.shopify.com/s/files/1/0892/1923/6165/files/fuori-chest-changer-white-sand-warm-walnut-nursery-view.jpg?v=1772202636,£,360,360,https://www.tuttibambini.com/products/fuori-chest-changer-white-sand-warm-walnut,,,£360.00,,Tutti Bambini,in_stock,,,,,,Nursery Furniture Piece
https://www.awin1.com/cread.php?awinmid=103277&awinaffid=2771700&ued=https%3A%2F%2Fwww.tuttibambini.com%2Fproducts%2Ffuori-wardrobe-white-light-oak,Fuori Wardrobe - White/Light Oak - White & Light Oak,53769852584261,211366/1135,https://cdn.shopify.com/s/files/1/0892/1923/6165/files/fuori-wardrobe-white-light-oak-front-view.jpg?v=1767627493,"Meet our Fuori Wardrobe in White and Light Oak – a Scandinavian-inspired blend of modern simplicity and functionality. With exposed legs and handleless slow-close doors, it's the ideal option for those desiring a clean, contemporary nursery atmosphere. Seamlessly merging style and functionality, this wardrobe provides ample storage, featuring a hanging rail with LED sensor lights and an extra concealed drawer for discreet organisation.",Furniture > Cabinets & Storage > Cupboards & Wardrobes,420,Tutti Bambini,103277,Furniture > Cabinets & Storage > Cupboards & Wardrobes,Furniture > Cabinets & Storage > Cupboards & Wardrobes,https://cdn.shopify.com/s/files/1/0892/1923/6165/files/fuori-wardrobe-white-light-oak-front-view.jpg?v=1767627493,£,420,420,https://www.tuttibambini.com/products/fuori-wardrobe-white-light-oak,,,£420.00,,Tutti Bambini,in_stock,,,,,,Nursery Furniture Piece
https://www.awin1.com/cread.php?awinmid=103277&awinaffid=2771700&ued=https%3A%2F%2Fwww.tuttibambini.com%2Fproducts%2Ffuori-mini-2-piece-room-set-white-light-oak,Fuori Mini 2pc Room Set - White/Light Oak - White & Light Oak,53769852748101,166RS1/1135,https://cdn.shopify.com/s/files/1/0892/1923/6165/files/fuori-mini-2-pc-room-set-white-light-oak.jpg?v=1767628369,"Meet our Fuori Mini 2 Piece Room Set in White and Light Oak – a Scandinavian-inspired blend of modern simplicity and functionality. With exposed legs and a sleek appearance, its an ideal choice for those who desire a clean, contemporary nursery look. Practical and versatile, this set includes a space saving cot bed that converts to toddler bed or sofa and a chest changer with ample storage for all your babys essentials.",Furniture > Baby & Toddler Furniture > Baby & Toddler Furniture Sets,299,Tutti Bambini,103277,Furniture > Baby & Toddler Furniture > Baby & Toddler Furniture Sets,Furniture > Baby & Toddler Furniture > Baby & Toddler Furniture Sets,https://cdn.shopify.com/s/files/1/0892/1923/6165/files/fuori-mini-2-pc-room-set-white-light-oak.jpg?v=1767628369,£,299,299,https://www.tuttibambini.com/products/fuori-mini-2-piece-room-set-white-light-oak,,,£299.00,,Tutti Bambini,in_stock,,,,,,Nursery Furniture Pair
https://www.awin1.com/cread.php?awinmid=103277&awinaffid=2771700&ued=https%3A%2F%2Fwww.tuttibambini.com%2Fproducts%2Ffuori-mini-3-piece-room-set-white-light-oak,Fuori Mini 3pc Room Set - White/Light Oak - White & Light Oak,53769852879173,166RS2/1135,https://cdn.shopify.com/s/files/1/0892/1923/6165/files/fuori-mini-3-pc-room-set-white-light-oak-square.jpg?v=1767709347,"Meet our Fuori Mini 3 Piece Room Set in White and Light Oak – a Scandinavian-inspired blend of modern simplicity and functionality. With exposed legs and a sleek appearance, its an ideal choice for those who desire a clean, contemporary nursery look. Practical and versatile, this set includes a space saving cot bed that converts to toddler bed or sofa, a chest changer and a wardrobe with ample storage for all your babys essentials.",Furniture > Baby & Toddler Furniture > Baby & Toddler Furniture Sets,499,Tutti Bambini,103277,Furniture > Baby & Toddler Furniture > Baby & Toddler Furniture Sets,Furniture > Baby & Toddler Furniture > Baby & Toddler Furniture Sets,https://cdn.shopify.com/s/files/1/0892/1923/6165/files/fuori-mini-3-pc-room-set-white-light-oak-square.jpg?v=1767709347,£,499,499,https://www.tuttibambini.com/products/fuori-mini-3-piece-room-set-white-light-oak,,,£499.00,,Tutti Bambini,in_stock,,,,,,Nursery Furniture Set
https://www.awin1.com/cread.php?awinmid=103277&awinaffid=2771700&ued=https%3A%2F%2Fwww.tuttibambini.com%2Fproducts%2Ffuori-3-piece-room-set-white-sand-warm-walnut,Fuori 3pc Room Set - White Sand/Warm Walnut - White Sand & Warm Walnut,53769853043013,066RS2/6509,https://cdn.shopify.com/s/files/1/0892/1923/6165/files/fuori-3pc-room-set-white-sand-warm-walnut-nursery-view.jpg?v=1768223329,"Meet our Fuori 3 Piece Room Set in White Sand and Warm Walnut – a Scandinavian-inspired blend of modern simplicity and functionality. With exposed legs and a sleek appearance, its an ideal choice for those who desire a clean, contemporary nursery look. Practical and versatile, this set includes a cot bed that converts to toddler bed or sofa, a chest changer and a wardrobe with ample storage for all your babys essentials.",Furniture > Baby & Toddler Furniture > Baby & Toddler Furniture Sets,499,Tutti Bambini,103277,Furniture > Baby & Toddler Furniture > Baby & Toddler Furniture Sets,Furniture > Baby & Toddler Furniture > Baby & Toddler Furniture Sets,https://cdn.shopify.com/s/files/1/0892/1923/6165/files/fuori-3pc-room-set-white-sand-warm-walnut-nursery-view.jpg?v=1768223329,£,499,499,https://www.tuttibambini.com/products/fuori-3-piece-room-set-white-sand-warm-walnut,,,£499.00,,Tutti Bambini,in_stock,,,,,,Nursery Furniture Set
https://www.awin1.com/cread.php?awinmid=103277&awinaffid=2771700&ued=https%3A%2F%2Fwww.tuttibambini.com%2Fproducts%2Ffuori-mini-3-piece-room-set-white-sand-warm-walnut,Fuori Mini 3pc Room Set - White Sand/Warm Walnut - White Sand & Warm Walnut,53769853174085,166RS2/6509,https://cdn.shopify.com/s/files/1/0892/1923/6165/files/fuori-mini-3pc-room-set-white-sand-warm-walnut-lifestyle.jpg?v=1768223996,"Meet our Fuori Mini 3 Piece Room Set in White Sand and Warm Walnut – a Scandinavian-inspired blend of modern simplicity and functionality. With exposed legs and a sleek appearance, its an ideal choice for those who desire a clean, contemporary nursery look. Practical and versatile, this set includes a space saving cot bed that converts to toddler bed or sofa, a chest changer and a wardrobe with ample storage for all your babys essentials.",Furniture > Baby & Toddler Furniture > Baby & Toddler Furniture Sets,499,Tutti Bambini,103277,Furniture > Baby & Toddler Furniture > Baby & Toddler Furniture Sets,Furniture > Baby & Toddler Furniture > Baby & Toddler Furniture Sets,https://cdn.shopify.com/s/files/1/0892/1923/6165/files/fuori-mini-3pc-room-set-white-sand-warm-walnut-lifestyle.jpg?v=1768223996,£,499,499,https://www.tuttibambini.com/products/fuori-mini-3-piece-room-set-white-sand-warm-walnut,,,£499.00,,Tutti Bambini,in_stock,,,,,,Nursery Furniture Set
https://www.awin1.com/cread.php?awinmid=103277&awinaffid=2771700&ued=https%3A%2F%2Fwww.tuttibambini.com%2Fproducts%2Ffuori-mini-2-piece-room-set-white-sand-warm-walnut,Fuori Mini 2pc Room Set - White Sand/Warm Walnut - White Sand & Warm Walnut,53769853567301,166RS1/6509,https://cdn.shopify.com/s/files/1/0892/1923/6165/files/fuori-2-pc-room-set-white-sand-warm-walnut-lifestyle.jpg?v=1768227552,"Meet our Fuori Mini 2 Piece Room Set in White Sand and Warm Walnut – a Scandinavian-inspired blend of modern simplicity and functionality. With exposed legs and a sleek appearance, its an ideal choice for those who desire a clean, contemporary nursery look. Practical and versatile, this set includes a space saving cot bed that converts to toddler bed or sofa and a chest changer with ample storage for all your babys essentials.",Furniture > Baby & Toddler Furniture > Baby & Toddler Furniture Sets,299,Tutti Bambini,103277,Furniture > Baby & Toddler Furniture > Baby & Toddler Furniture Sets,Furniture > Baby & Toddler Furniture > Baby & Toddler Furniture Sets,https://cdn.shopify.com/s/files/1/0892/1923/6165/files/fuori-2-pc-room-set-white-sand-warm-walnut-lifestyle.jpg?v=1768227552,£,299,299,https://www.tuttibambini.com/products/fuori-mini-2-piece-room-set-white-sand-warm-walnut,,,£299.00,,Tutti Bambini,in_stock,,,,,,Nursery Furniture Pair
https://www.awin1.com/cread.php?awinmid=103277&awinaffid=2771700&ued=https%3A%2F%2Fwww.tuttibambini.com%2Fproducts%2Ffuori-wardrobe-white-sand-warm-walnut,Fuori Wardrobe - White Sand/Warm Walnut - White Sand & Warm Walnut,53769853698373,211366/6509,https://cdn.shopify.com/s/files/1/0892/1923/6165/files/fuori_wardrobe_-_white_sand_warm_walnut_8.jpg?v=1733422042,"Meet our Fuori Wardrobe in White Sand and Warm Walnut – a Scandinavian-inspired blend of modern simplicity and functionality. With exposed legs and handleless slow-close doors, it's the ideal option for those desiring a clean, contemporary nursery atmosphere. Seamlessly merging style and functionality, this wardrobe provides ample storage, featuring a hanging rail with LED sensor lights and an extra concealed drawer for discreet organisation.",Furniture > Cabinets & Storage > Cupboards & Wardrobes,420,Tutti Bambini,103277,Furniture > Cabinets & Storage > Cupboards & Wardrobes,Furniture > Cabinets & Storage > Cupboards & Wardrobes,https://cdn.shopify.com/s/files/1/0892/1923/6165/files/fuori_wardrobe_-_white_sand_warm_walnut_8.jpg?v=1733422042,£,420,420,https://www.tuttibambini.com/products/fuori-wardrobe-white-sand-warm-walnut,,,£420.00,,Tutti Bambini,in_stock,,,,,,Nursery Furniture Piece
https://www.awin1.com/cread.php?awinmid=103277&awinaffid=2771700&ued=https%3A%2F%2Fwww.tuttibambini.com%2Fproducts%2Fjapandi-mini-cot-bed-light-oak,Japandi Mini Cot Bed - Light Oak - Light Oak,53769854189893,211190/34,https://cdn.shopify.com/s/files/1/0892/1923/6165/files/japandi-mini-cot-bed-and-wardrobe-light-oak-angled-view.jpg?v=1764944797,"Crafted with a harmonious blend of rattan and wood, our Japandi Mini Cot Bed in Light Oak is a practical, space-saving sleeping solution. With three adjustable mattress heights and the ability to convert into a toddler bed and sofa, it combines functionality with elegance. The seamless fusion of natural elements and clean lines embodies a spirit of tranquillity and balance, perfect for creating a nursery that is both soothing and effortlessly chic.",Furniture > Baby & Toddler Furniture > Cribs & Toddler Beds,349,Tutti Bambini,103277,Furniture > Baby & Toddler Furniture > Cribs & Toddler Beds,Furniture > Baby & Toddler Furniture > Cribs & Toddler Beds,https://cdn.shopify.com/s/files/1/0892/1923/6165/files/japandi-mini-cot-bed-and-wardrobe-light-oak-angled-view.jpg?v=1764944797,£,349,349,https://www.tuttibambini.com/products/japandi-mini-cot-bed-light-oak,,,£349.00,,Tutti Bambini,in_stock,,,,,,Nursery Furniture Piece
https://www.awin1.com/cread.php?awinmid=103277&awinaffid=2771700&ued=https%3A%2F%2Fwww.tuttibambini.com%2Fproducts%2Fjapandi-cot-bed-light-oak,Japandi Cot Bed - Light Oak - Light Oak,53769854943557,211090/34,https://cdn.shopify.com/s/files/1/0892/1923/6165/files/japandi-cot-bed-light-oak.jpg?v=1746192941,"Crafted with a harmonious blend of rattan and wood, our Japandi Cot Bed in Light Oak offers a versatile sleeping solution with three adjustable mattress heights, easily converting into a toddler bed and sofa. With its seamless fusion of natural elements and clean lines, it embodies tranquillity and balance, creating a nursery that is both soothing and effortlessly chic.",Furniture > Baby & Toddler Furniture > Cribs & Toddler Beds,399,Tutti Bambini,103277,Furniture > Baby & Toddler Furniture > Cribs & Toddler Beds,Furniture > Baby & Toddler Furniture > Cribs & Toddler Beds,https://cdn.shopify.com/s/files/1/0892/1923/6165/files/japandi-cot-bed-light-oak.jpg?v=1746192941,£,399,399,https://www.tuttibambini.com/products/japandi-cot-bed-light-oak,,,£399.00,,Tutti Bambini,in_stock,,,,,,Nursery Furniture Piece
https://www.awin1.com/cread.php?awinmid=103277&awinaffid=2771700&ued=https%3A%2F%2Fwww.tuttibambini.com%2Fproducts%2Fjapandi-chest-changer-light-oak,Japandi Chest Changer - Light Oak - Light Oak,53769855041861,211490/34,https://cdn.shopify.com/s/files/1/0892/1923/6165/files/japandi-chest-changer-light-oak-with-changing-top-front-view.jpg?v=1764944847,"Crafted with a harmonious blend of natural rattan and wood textures, our Japandi Chest Changer in Light Oak combines style with functionality. Featuring three spacious, soft-close drawers and a removable changing top, its a perfect fusion of Japanese and Scandinavian design, bringing tranquillity and sophistication to your nursery.",Furniture > Baby & Toddler Furniture > Changing Tables,350,Tutti Bambini,103277,Furniture > Baby & Toddler Furniture > Changing Tables,Furniture > Baby & Toddler Furniture > Changing Tables,https://cdn.shopify.com/s/files/1/0892/1923/6165/files/japandi-chest-changer-light-oak-with-changing-top-front-view.jpg?v=1764944847,£,350,350,https://www.tuttibambini.com/products/japandi-chest-changer-light-oak,,,£350.00,,Tutti Bambini,in_stock,,,,,,Nursery Furniture Piece
https://www.awin1.com/cread.php?awinmid=103277&awinaffid=2771700&ued=https%3A%2F%2Fwww.tuttibambini.com%2Fproducts%2Fjapandi-wardrobe-light-oak,Japandi Wardrobe - Light Oak - Light Oak,53769855205701,211390/34,https://cdn.shopify.com/s/files/1/0892/1923/6165/files/japandi-wardrobe-light-oak-closed-doors.jpg?v=1747922752,"Our Japandi Wardrobe in Light Oak combines sleek, minimalist design with functional storage. Crafted from high-quality wood and rattan, this wardrobe features spacious shelving, a soft-close drawer, and a hanging rail with LED sensor light. Perfect for an organised, stylish nursery.",Furniture > Cabinets & Storage > Cupboards & Wardrobes,550,Tutti Bambini,103277,Furniture > Cabinets & Storage > Cupboards & Wardrobes,Furniture > Cabinets & Storage > Cupboards & Wardrobes,https://cdn.shopify.com/s/files/1/0892/1923/6165/files/japandi-wardrobe-light-oak-closed-doors.jpg?v=1747922752,£,550,550,https://www.tuttibambini.com/products/japandi-wardrobe-light-oak,,,£550.00,,Tutti Bambini,in_stock,,,,,,Nursery Furniture Piece
https://www.awin1.com/cread.php?awinmid=103277&awinaffid=2771700&ued=https%3A%2F%2Fwww.tuttibambini.com%2Fproducts%2Fjapandi-mini-2pc-room-set-light-oak,Japandi Mini 2 Piece Room Set - Light Oak - Light Oak,53769856057669,190RS1/34,https://cdn.shopify.com/s/files/1/0892/1923/6165/files/japandi-mini-2-piece-room-set-light-oak-room-view.jpg?v=1747062281,"Crafted with a harmonious blend of rattan and wood, our Japandi Mini 2-Piece Room Set in Light Oak combines rattan and wood's natural beauty with clean lines, capturing a spirit of tranquillity and balance. This set includes a space-saving cot (135*65 cm) and a chest changer, offering ample storage for your growing family.",Furniture > Baby & Toddler Furniture > Baby & Toddler Furniture Sets,699,Tutti Bambini,103277,Furniture > Baby & Toddler Furniture > Baby & Toddler Furniture Sets,Furniture > Baby & Toddler Furniture > Baby & Toddler Furniture Sets,https://cdn.shopify.com/s/files/1/0892/1923/6165/files/japandi-mini-2-piece-room-set-light-oak-room-view.jpg?v=1747062281,£,699,699,https://www.tuttibambini.com/products/japandi-mini-2pc-room-set-light-oak,,,£699.00,,Tutti Bambini,in_stock,,,,,,Nursery Furniture Pair
https://www.awin1.com/cread.php?awinmid=103277&awinaffid=2771700&ued=https%3A%2F%2Fwww.tuttibambini.com%2Fproducts%2Fjapandi-2-piece-room-set-light-oak,Japandi 2 Piece Room Set - Light Oak - Light Oak,53769856549189,090RS1/34,https://cdn.shopify.com/s/files/1/0892/1923/6165/files/japandi-2-piece-room-set-light-oak-room-view.jpg?v=1746191393,"Our Japandi 2 Piece Room Set in Light Oak combines the natural beauty of rattan and wood with clean, balanced lines, creating a tranquil space for your baby. This set includes a full-sized cot bed and a chest changer, providing ample storage to support your growing familys needs.",Furniture > Baby & Toddler Furniture > Baby & Toddler Furniture Sets,749,Tutti Bambini,103277,Furniture > Baby & Toddler Furniture > Baby & Toddler Furniture Sets,Furniture > Baby & Toddler Furniture > Baby & Toddler Furniture Sets,https://cdn.shopify.com/s/files/1/0892/1923/6165/files/japandi-2-piece-room-set-light-oak-room-view.jpg?v=1746191393,£,749,749,https://www.tuttibambini.com/products/japandi-2-piece-room-set-light-oak,,,£749.00,,Tutti Bambini,in_stock,,,,,,Nursery Furniture Pair
https://www.awin1.com/cread.php?awinmid=103277&awinaffid=2771700&ued=https%3A%2F%2Fwww.tuttibambini.com%2Fproducts%2Fjapandi-mini-3-piece-room-set-light-oak,Japandi Mini 3 Piece Room Set - Light Oak - Light Oak,53769857990981,190RS2/34,https://cdn.shopify.com/s/files/1/0892/1923/6165/files/japandi-mini-3-piece-room-set-light-oak.jpg?v=1747321846,"Our Japandi Mini 3-Piece Room Set in Light Oak combines rattan and wood's natural beauty with clean lines, capturing a spirit of tranquillity and balance. This compact set, featuring a space-saving cot bed (135 x 65 cm), chest changer, and wardrobe, provides ample storage to meet the needs of your growing family while conserving nursery space.",Furniture > Baby & Toddler Furniture > Baby & Toddler Furniture Sets,1149,Tutti Bambini,103277,Furniture > Baby & Toddler Furniture > Baby & Toddler Furniture Sets,Furniture > Baby & Toddler Furniture > Baby & Toddler Furniture Sets,https://cdn.shopify.com/s/files/1/0892/1923/6165/files/japandi-mini-3-piece-room-set-light-oak.jpg?v=1747321846,£,1149,1149,https://www.tuttibambini.com/products/japandi-mini-3-piece-room-set-light-oak,,,"£1,149.00",,Tutti Bambini,in_stock,,,,,,Nursery Furniture Set
https://www.awin1.com/cread.php?awinmid=103277&awinaffid=2771700&ued=https%3A%2F%2Fwww.tuttibambini.com%2Fproducts%2Fjapandi-3pc-room-set-light-oak,Japandi 3pc Room Set - Light Oak - Light Oak,53769858089285,090RS2/34,https://cdn.shopify.com/s/files/1/0892/1923/6165/files/japandi-3-piece-room-set-light-oak-room-view.jpg?v=1747036318,"Crafted with a serene blend of rattan and light oak wood, our Japandi 3-Piece Room Set in Light Oak embodies tranquillity and balance. This thoughtfully designed set includes a full-sized cot bed, chest changer, and spacious wardrobe, providing ample storage for your growing family while bringing a natural, minimalist aesthetic to your space.",Furniture > Baby & Toddler Furniture > Baby & Toddler Furniture Sets,1199,Tutti Bambini,103277,Furniture > Baby & Toddler Furniture > Baby & Toddler Furniture Sets,Furniture > Baby & Toddler Furniture > Baby & Toddler Furniture Sets,https://cdn.shopify.com/s/files/1/0892/1923/6165/files/japandi-3-piece-room-set-light-oak-room-view.jpg?v=1747036318,£,1199,1199,https://www.tuttibambini.com/products/japandi-3pc-room-set-light-oak,,,"£1,199.00",,Tutti Bambini,in_stock,,,,,,Nursery Furniture Set
https://www.awin1.com/cread.php?awinmid=103277&awinaffid=2771700&ued=https%3A%2F%2Fwww.tuttibambini.com%2Fproducts%2Fjapandi-3-piece-room-set-warm-walnut,Japandi 3 Piece Room Set - Warm Walnut - Warm Walnut,53769858351429,090RS2/65,https://cdn.shopify.com/s/files/1/0892/1923/6165/files/japandi-3-piece-room-set-warm-walnut-room-view.jpg?v=1747038124,"Crafted with a harmonious blend of natural rattan and wood textures, our Japandi 3 Piece Room Set in Warm Walnut is both stylish and practical, offering a practical cot bed, a versatile chest with changing top and a spacious wardrobe with LED sensor light. A fusion of Japanese and Scandi style, the design embodies a sense of tranquillity, for a serene and sophisticated nursery look.",Furniture > Baby & Toddler Furniture > Baby & Toddler Furniture Sets,1199,Tutti Bambini,103277,Furniture > Baby & Toddler Furniture > Baby & Toddler Furniture Sets,Furniture > Baby & Toddler Furniture > Baby & Toddler Furniture Sets,https://cdn.shopify.com/s/files/1/0892/1923/6165/files/japandi-3-piece-room-set-warm-walnut-room-view.jpg?v=1747038124,£,1199,1199,https://www.tuttibambini.com/products/japandi-3-piece-room-set-warm-walnut,,,"£1,199.00",,Tutti Bambini,in_stock,,,,,,Nursery Furniture Set
https://www.awin1.com/cread.php?awinmid=103277&awinaffid=2771700&ued=https%3A%2F%2Fwww.tuttibambini.com%2Fproducts%2Fjapandi-2-piece-room-set-warm-walnut,Japandi 2 Piece Room Set - Warm Walnut,53769858646341,090RS1/65,https://cdn.shopify.com/s/files/1/0892/1923/6165/files/japandi-2-piece-room-set-warm-walnut-room-view.jpg?v=1746628128,"Crafted with a harmonious blend of natural rattan and wood textures, our Japandi 2 Piece Room Set in Warm Walnut is both stylish and practical, offering a practical cot bed and a versatile chest changer with ample storage space and convenient changing top. A fusion of Japanese and Scandi style, the design embodies a sense of tranquillity, for a serene and sophisticated nursery look.",Furniture > Baby & Toddler Furniture > Baby & Toddler Furniture Sets,749,Tutti Bambini,103277,Furniture > Baby & Toddler Furniture > Baby & Toddler Furniture Sets,Furniture > Baby & Toddler Furniture > Baby & Toddler Furniture Sets,https://cdn.shopify.com/s/files/1/0892/1923/6165/files/japandi-2-piece-room-set-warm-walnut-room-view.jpg?v=1746628128,£,749,749,https://www.tuttibambini.com/products/japandi-2-piece-room-set-warm-walnut,,,£749.00,,Tutti Bambini,in_stock,,,,,,Nursery Furniture Pair
https://www.awin1.com/cread.php?awinmid=103277&awinaffid=2771700&ued=https%3A%2F%2Fwww.tuttibambini.com%2Fproducts%2Fjapandi-wardrobe-warm-walnut,Japandi Wardrobe - Warm Walnut - Warm Walnut,53769860219205,211390/65,https://cdn.shopify.com/s/files/1/0892/1923/6165/files/japandi-wardrobe-warm-walnut-closed-doors-view.jpg?v=1764945277,"Crafted with a harmonious blend of natural rattan and wood textures, our Japandi Wardrobe in Warm Walnut is both stylish and practical, offering ample and versatile storage space, with shelving, soft-close drawers and hanging rail with LED sensor light. A fusion of Japanese and Scandi style, the design embodies a sense of tranquillity, for a serene and sophisticated nursery look.",Furniture > Cabinets & Storage > Cupboards & Wardrobes,550,Tutti Bambini,103277,Furniture > Cabinets & Storage > Cupboards & Wardrobes,Furniture > Cabinets & Storage > Cupboards & Wardrobes,https://cdn.shopify.com/s/files/1/0892/1923/6165/files/japandi-wardrobe-warm-walnut-closed-doors-view.jpg?v=1764945277,£,550,550,https://www.tuttibambini.com/products/japandi-wardrobe-warm-walnut,,,£550.00,,Tutti Bambini,in_stock,,,,,,Nursery Furniture Piece
https://www.awin1.com/cread.php?awinmid=103277&awinaffid=2771700&ued=https%3A%2F%2Fwww.tuttibambini.com%2Fproducts%2Fjapandi-chest-changer-warm-walnut,Japandi Chest Changer - Warm Walnut - Warm Walnut,53769860350277,211490/65,https://cdn.shopify.com/s/files/1/0892/1923/6165/files/japandi-chest-changer-warm-walnut-room-view.jpg?v=1755266505,"Crafted with a harmonious blend of natural rattan and wood textures, our Japandi Chest Changer in Warm Walnut is both stylish and practical, offering 3 generously sized drawers with slow-closing mechanism and a removable changing top. A fusion of Japanese and Scandi style, the design embodies a sense of tranquillity, for a serene and sophisticated nursery look.",Furniture > Baby & Toddler Furniture > Changing Tables,350,Tutti Bambini,103277,Furniture > Baby & Toddler Furniture > Changing Tables,Furniture > Baby & Toddler Furniture > Changing Tables,https://cdn.shopify.com/s/files/1/0892/1923/6165/files/japandi-chest-changer-warm-walnut-room-view.jpg?v=1755266505,£,350,350,https://www.tuttibambini.com/products/japandi-chest-changer-warm-walnut,,,£350.00,,Tutti Bambini,in_stock,,,,,,Nursery Furniture Piece
https://www.awin1.com/cread.php?awinmid=103277&awinaffid=2771700&ued=https%3A%2F%2Fwww.tuttibambini.com%2Fproducts%2Fjapandi-cot-bed-warm-walnut,Japandi Cot Bed - Warm Walnut - Warm Walnut,53769860710725,211090/65,https://cdn.shopify.com/s/files/1/0892/1923/6165/files/japandi-cot-bed-warm-walnut-room-view.jpg?v=1755266505,"Crafted with a harmonious blend of natural rattan and wood textures, our Japandi Cot Bed in Warm Walnut is both stylish and practical, offering 3 adjustable mattress heights and conversion to toddler bed or sofa mode. A fusion of Japanese and Scandi style, the design embodies a sense of tranquillity, for a serene and sophisticated nursery look.",Furniture > Baby & Toddler Furniture > Cribs & Toddler Beds,399,Tutti Bambini,103277,Furniture > Baby & Toddler Furniture > Cribs & Toddler Beds,Furniture > Baby & Toddler Furniture > Cribs & Toddler Beds,https://cdn.shopify.com/s/files/1/0892/1923/6165/files/japandi-cot-bed-warm-walnut-room-view.jpg?v=1755266505,£,399,399,https://www.tuttibambini.com/products/japandi-cot-bed-warm-walnut,,,£399.00,,Tutti Bambini,in_stock,,,,,,Nursery Furniture Piece
https://www.awin1.com/cread.php?awinmid=103277&awinaffid=2771700&ued=https%3A%2F%2Fwww.tuttibambini.com%2Fproducts%2Ftivoli-cot-bed-white,Tivoli Cot Bed - White - White,53769860776261,211063/11,https://cdn.shopify.com/s/files/1/0892/1923/6165/files/tivoli-cot-bed-white-lifestyle.jpg?v=1768229471,"Combining a chic silhouette with functional features, the Tivoli Cot Bed in White offers a snug and inviting sleep environment for your child. Its versatile design includes three adjustable mattress height positions and it seamlessly transforms into a toddler bed or sofa bed, providing adaptability as your childs grows.",Furniture > Baby & Toddler Furniture > Cribs & Toddler Beds,349,Tutti Bambini,103277,Furniture > Baby & Toddler Furniture > Cribs & Toddler Beds,Furniture > Baby & Toddler Furniture > Cribs & Toddler Beds,https://cdn.shopify.com/s/files/1/0892/1923/6165/files/tivoli-cot-bed-white-lifestyle.jpg?v=1768229471,£,349,349,https://www.tuttibambini.com/products/tivoli-cot-bed-white,,,£349.00,,Tutti Bambini,in_stock,,,,,,Nursery Furniture Piece
https://www.awin1.com/cread.php?awinmid=103277&awinaffid=2771700&ued=https%3A%2F%2Fwww.tuttibambini.com%2Fproducts%2Ftivoli-wardrobe-white,Tivoli Wardrobe - White - White,53769861529925,211363/11,https://cdn.shopify.com/s/files/1/0892/1923/6165/files/tivoli_wardrobe_-_white_02.jpg?v=1765294544,"With an elegant silhouette and brushed metallic handles, the Tivoli Wardrobe in White combines sophisticated design aesthetic with smart storage solutions to optimise the space in your babys nursery. The wardrobe features two adjustable inner shelves, a generously sized drawer, and a hanging rail with sensor lights.",Furniture > Cabinets & Storage > Cupboards & Wardrobes,550,Tutti Bambini,103277,Furniture > Cabinets & Storage > Cupboards & Wardrobes,Furniture > Cabinets & Storage > Cupboards & Wardrobes,https://cdn.shopify.com/s/files/1/0892/1923/6165/files/tivoli_wardrobe_-_white_02.jpg?v=1765294544,£,550,550,https://www.tuttibambini.com/products/tivoli-wardrobe-white,,,£550.00,,Tutti Bambini,in_stock,,,,,,Nursery Furniture Piece
https://www.awin1.com/cread.php?awinmid=103277&awinaffid=2771700&ued=https%3A%2F%2Fwww.tuttibambini.com%2Fproducts%2Fhygge-cot-bed-light-oak-white-sand,Hygge Cot Bed - Light Oak/White Sand - Light Oak / White Sand,54376509047109,211049/3409,https://cdn.shopify.com/s/files/1/0892/1923/6165/files/hygge_cot_bed_-_light_oak_white_sand_10.jpg?v=1755269627,"Meet our Hygge Cot Bed in Light Oak and White Sand - a Scandinavian-inspired blend of modern simplicity and functionality. With bevelled corners, splayed legs and slatted cot ends, its an ideal choice for those who desire a minimalistic, contemporary nursery look. This practical and versatile cot bed offers three mattress height positions and seamlessly converts into a toddler bed or sofa/day bed for added convenience.",Furniture > Baby & Toddler Furniture > Cribs & Toddler Beds,139,Tutti Bambini,103277,Furniture > Baby & Toddler Furniture > Cribs & Toddler Beds,Furniture > Baby & Toddler Furniture > Cribs & Toddler Beds,https://cdn.shopify.com/s/files/1/0892/1923/6165/files/hygge_cot_bed_-_light_oak_white_sand_10.jpg?v=1755269627,£,139,139,https://www.tuttibambini.com/products/hygge-cot-bed-light-oak-white-sand,,,£139.00,,Tutti Bambini,in_stock,,,,,,Nursery Furniture Piece
https://www.awin1.com/cread.php?awinmid=103277&awinaffid=2771700&ued=https%3A%2F%2Fwww.tuttibambini.com%2Fproducts%2Fcozee-essentials-mattress-bedding-bundle,CoZee Essentials Mattress & Bedding Bundle,53769889907013,BUN-COZ-ESS,https://cdn.shopify.com/s/files/1/0892/1923/6165/files/CoZee_Essentials_Mattress_Bedding_Bundle_-_01_9f9d7010-4750-44f6-bbb3-7a13ea224c45.jpg?v=1764157337,"Need a refresh for your CoZee Bedside Crib? We have created the perfect bundle to ensure your babys slumber is fresh and ready for your new arrival. The bundle includes the original CoZee mattress, the CoZee Waterproof Mattress Protector a pack of two 100% Cotton Essentials Fitted Sheets in White.",Furniture > Baby & Toddler Furniture > Cot & Toddler Bed Accessories > Cot Bumpers & Liners,60,Tutti Bambini,103277,Furniture > Baby & Toddler Furniture > Cot & Toddler Bed Accessories > Cot Bumpers & Liners,Furniture > Baby & Toddler Furniture > Cot & Toddler Bed Accessories > Cot Bumpers & Liners,https://cdn.shopify.com/s/files/1/0892/1923/6165/files/CoZee_Essentials_Mattress_Bedding_Bundle_-_01_9f9d7010-4750-44f6-bbb3-7a13ea224c45.jpg?v=1764157337,£,60,60,https://www.tuttibambini.com/products/cozee-essentials-mattress-bedding-bundle,,,£60.00,,Tutti Bambini,in_stock,,,,,,Bedding & Sheets
https://www.awin1.com/cread.php?awinmid=103277&awinaffid=2771700&ued=https%3A%2F%2Fwww.tuttibambini.com%2Fproducts%2Fcozee-supreme-mattress-bedding-bundle,CoZee Supreme Mattress & Bedding Bundle - Cocoon,53769890005317,BUN-COZ-SUP,https://cdn.shopify.com/s/files/1/0892/1923/6165/files/CoZee_Supreme_Mattress_Bedding_Bundle_-_01_8180a74c-1146-425c-bd97-d6be7733e41a.jpg?v=1764153975,"Transform your babys sleep space with our CoZee Supreme Bundle! This exceptional bundle has everything you need for the ultimate cosy and restful night. It features the original CoZee mattress, the CoZee Breathable Mattress Protector, and a Bedside Crib Starter Pack - Cocoon.",Furniture > Baby & Toddler Furniture > Cot & Toddler Bed Accessories > Cot Bumpers & Liners,81,Tutti Bambini,103277,Furniture > Baby & Toddler Furniture > Cot & Toddler Bed Accessories > Cot Bumpers & Liners,Furniture > Baby & Toddler Furniture > Cot & Toddler Bed Accessories > Cot Bumpers & Liners,https://cdn.shopify.com/s/files/1/0892/1923/6165/files/CoZee_Supreme_Mattress_Bedding_Bundle_-_01_8180a74c-1146-425c-bd97-d6be7733e41a.jpg?v=1764153975,£,81,81,https://www.tuttibambini.com/products/cozee-supreme-mattress-bedding-bundle,,,£81.00,,Tutti Bambini,in_stock,,,,,,Bedding & Sheets
https://www.awin1.com/cread.php?awinmid=103277&awinaffid=2771700&ued=https%3A%2F%2Fwww.tuttibambini.com%2Fproducts%2Fcozee-sustainable-mattress-bedding-bundle,CoZee Sustainable Mattress & Bedding Bundle - Cocoon,53769890464069,BUN-COZ-SUS,https://cdn.shopify.com/s/files/1/0892/1923/6165/files/CoZee_Sustainable_Mattress_Bedding_Bundle_-_01.jpg?v=1764157375,"Our Sustainable Bedside Crib Bundle offers the perfect blend of eco-friendly materials and exceptional comfort and support, guaranteeing your little one a cosy and restful night. This exclusive bundle includes the CoZee Coir Fibre Mattress, CoZee Waterproof Mattress Protector, and Bedside Crib Starter Pack - Cocoon.",Furniture > Baby & Toddler Furniture > Cot & Toddler Bed Accessories > Cot Bumpers & Liners,100,Tutti Bambini,103277,Furniture > Baby & Toddler Furniture > Cot & Toddler Bed Accessories > Cot Bumpers & Liners,Furniture > Baby & Toddler Furniture > Cot & Toddler Bed Accessories > Cot Bumpers & Liners,https://cdn.shopify.com/s/files/1/0892/1923/6165/files/CoZee_Sustainable_Mattress_Bedding_Bundle_-_01.jpg?v=1764157375,£,100,100,https://www.tuttibambini.com/products/cozee-sustainable-mattress-bedding-bundle,,,£100.00,,Tutti Bambini,in_stock,,,,,,Bedding & Sheets
https://www.awin1.com/cread.php?awinmid=103277&awinaffid=2771700&ued=https%3A%2F%2Fwww.tuttibambini.com%2Fproducts%2Fessentials-alba-cot-bed-mattress-bedding-bundle,"Essentials Alba Cot Bed, Mattress & Bedding Bundle",53769890627909,BUN-ALB70-ESS,https://cdn.shopify.com/s/files/1/0892/1923/6165/files/Essentials_Alba_Cot_Bed_Mattress_Bedding_Bundle_-_01_6a609436-986e-4b54-be1d-eb2db2e50ba6.jpg?v=1764158606,"Ready to create a dreamy slumber for your little bundle of joy? This exclusive bundle offers everything you need to ensure your little one enjoys a blissful night's rest. Featuring our 3-in-1 Alba Cot Bed, a supportive Pocket Sprung Cot Bed Mattress, a Waterproof Mattress Protector, and soft cotton Essentials Cot Bed Fitted Sheets.",Furniture > Baby & Toddler Furniture > Baby & Toddler Furniture Sets,337,Tutti Bambini,103277,Furniture > Baby & Toddler Furniture > Baby & Toddler Furniture Sets,Furniture > Baby & Toddler Furniture > Baby & Toddler Furniture Sets,https://cdn.shopify.com/s/files/1/0892/1923/6165/files/Essentials_Alba_Cot_Bed_Mattress_Bedding_Bundle_-_01_6a609436-986e-4b54-be1d-eb2db2e50ba6.jpg?v=1764158606,£,337,337,https://www.tuttibambini.com/products/essentials-alba-cot-bed-mattress-bedding-bundle,,,£337.00,,Tutti Bambini,in_stock,,,,,,Nursery Furniture Piece
https://www.awin1.com/cread.php?awinmid=103277&awinaffid=2771700&ued=https%3A%2F%2Fwww.tuttibambini.com%2Fproducts%2Fsupreme-alba-cot-bed-mattress-bedding-bundle,"Supreme Alba Cot Bed, Mattress & Bedding Bundle",53769894166853,BUN-ALB70-SUP,https://cdn.shopify.com/s/files/1/0892/1923/6165/files/Supreme_Alba_Cot_Bed_Mattress_Bedding_Bundle_-_01_f6060a6e-499e-435f-975d-be378bdf65b3.jpg?v=1763727974,"Ready to create a dreamy slumber for your little bundle of joy? This exclusive bundle offers everything you need to ensure your little one enjoys a blissful night's rest. Featuring our 3-in-1 Alba Cot Bed, a supportive Pocket Sprung Cot Bed Mattress, a Waterproof Mattress Protector, and our soft and sustainable bamboo jersey Cot Bed Fitted Sheets with magical woodland motifs.",Furniture > Baby & Toddler Furniture > Cribs & Toddler Beds,352,Tutti Bambini,103277,Furniture > Baby & Toddler Furniture > Cribs & Toddler Beds,Furniture > Baby & Toddler Furniture > Cribs & Toddler Beds,https://cdn.shopify.com/s/files/1/0892/1923/6165/files/Supreme_Alba_Cot_Bed_Mattress_Bedding_Bundle_-_01_f6060a6e-499e-435f-975d-be378bdf65b3.jpg?v=1763727974,£,352,352,https://www.tuttibambini.com/products/supreme-alba-cot-bed-mattress-bedding-bundle,,,£352.00,,Tutti Bambini,in_stock,,,,,,Nursery Furniture Piece
https://www.awin1.com/cread.php?awinmid=103277&awinaffid=2771700&ued=https%3A%2F%2Fwww.tuttibambini.com%2Fproducts%2Fessentials-alba-mini-cot-bed-mattress-bedding-bundle,"Essentials Alba Mini Cot Bed, Mattress & Bedding Bundle",53769894265157,BUN-ALB60-ESS,https://cdn.shopify.com/s/files/1/0892/1923/6165/files/Essentials_Alba_Mini_Cot_Bed_Mattress_Bedding_Bundle_-01_20106898-8dee-4ba5-a116-e55637237080.jpg?v=1764158569,"Ready to create a dreamy slumber for your little bundle of joy? This exclusive bundle offers everything you need to ensure your little one enjoys a blissful night's rest. Featuring our 3-in-1 Alba Mini Cot Bed, a supportive Pocket Sprung Cot Mattress, a Waterproof Mattress Protector, and soft cotton Essentials Cot Fitted Sheets.",Furniture > Baby & Toddler Furniture > Cribs & Toddler Beds,308,Tutti Bambini,103277,Furniture > Baby & Toddler Furniture > Cribs & Toddler Beds,Furniture > Baby & Toddler Furniture > Cribs & Toddler Beds,https://cdn.shopify.com/s/files/1/0892/1923/6165/files/Essentials_Alba_Mini_Cot_Bed_Mattress_Bedding_Bundle_-01_20106898-8dee-4ba5-a116-e55637237080.jpg?v=1764158569,£,308,308,https://www.tuttibambini.com/products/essentials-alba-mini-cot-bed-mattress-bedding-bundle,,,£308.00,,Tutti Bambini,in_stock,,,,,,Nursery Furniture Piece
https://www.awin1.com/cread.php?awinmid=103277&awinaffid=2771700&ued=https%3A%2F%2Fwww.tuttibambini.com%2Fproducts%2Fsupreme-alba-mini-cot-bed-mattress-bedding-bundle,"Supreme Alba Mini Cot Bed, Mattress & Bedding Bundle",53769897476421,BUN-ALB60-SUP,https://cdn.shopify.com/s/files/1/0892/1923/6165/files/Supreme_Alba_Mini_Cot_Bed_Mattress_Bedding_Bundle_-_01-23_8b7ec85e-c607-429f-b6b8-1908ba684ba1.jpg?v=1763726182,"Ready to create a dreamy slumber for your little bundle of joy? This exclusive bundle offers everything you need to ensure your little one enjoys a blissful night's rest. Featuring our 3-in-1 Alba Mini Cot Bed, a supportive Pocket Sprung Cot Mattress, a Waterproof Mattress Protector, and our soft and sustainable bamboo jersey Cot Fitted Sheets with magical woodland motifs.",Furniture > Baby & Toddler Furniture > Cribs & Toddler Beds,323,Tutti Bambini,103277,Furniture > Baby & Toddler Furniture > Cribs & Toddler Beds,Furniture > Baby & Toddler Furniture > Cribs & Toddler Beds,https://cdn.shopify.com/s/files/1/0892/1923/6165/files/Supreme_Alba_Mini_Cot_Bed_Mattress_Bedding_Bundle_-_01-23_8b7ec85e-c607-429f-b6b8-1908ba684ba1.jpg?v=1763726182,£,323,323,https://www.tuttibambini.com/products/supreme-alba-mini-cot-bed-mattress-bedding-bundle,,,£323.00,,Tutti Bambini,in_stock,,,,,,Nursery Furniture Piece
https://www.awin1.com/cread.php?awinmid=103277&awinaffid=2771700&ued=https%3A%2F%2Fwww.tuttibambini.com%2Fproducts%2Fessentials-cozee-air-bedside-crib-bedding-bundle,Essentials CoZee Air Bedside Crib & Bedding Bundle - Oak & Charcoal,53769900163397,BUN-AIR207-ESS-3590,https://cdn.shopify.com/s/files/1/0892/1923/6165/files/Essentials_CoZee_Air_Bedside_Crib_Bedding_Bundle_-_01_a49bda76-822b-44b2-aa5c-e75b913c7bfd.jpg?v=1764157577,"Create the perfect sleep environment in preparation for your little ones arrival with our exclusive Essentials CoZee Air Bedside Crib & Bedding Bundle. This thoughtfully designed bundle guarantees your baby a comfortable, safe and good night's sleep, right by your side. The bundle includes a CoZee Air Bedside Crib in Oak and Charcoal offering a safe sleep solution for your newborn baby up until approximately 6 months, a CoZee Waterproof Mattress Protector, and Essentials Crib Sheets.",Furniture > Baby & Toddler Furniture > Cribs & Toddler Beds,235,Tutti Bambini,103277,Furniture > Baby & Toddler Furniture > Cribs & Toddler Beds,Furniture > Baby & Toddler Furniture > Cribs & Toddler Beds,https://cdn.shopify.com/s/files/1/0892/1923/6165/files/Essentials_CoZee_Air_Bedside_Crib_Bedding_Bundle_-_01_a49bda76-822b-44b2-aa5c-e75b913c7bfd.jpg?v=1764157577,£,235,235,https://www.tuttibambini.com/products/essentials-cozee-air-bedside-crib-bedding-bundle,,,£235.00,,Tutti Bambini,in_stock,,,,,,Next-to-Me Crib
https://www.awin1.com/cread.php?awinmid=103277&awinaffid=2771700&ued=https%3A%2F%2Fwww.tuttibambini.com%2Fproducts%2Fessentials-alba-cot-bed-white-sand-distressed-oak,Essentials Alba Cot Bed - White Sand & Distressed Oak,53769901343045,211056/3609,https://cdn.shopify.com/s/files/1/0892/1923/6165/files/Alba-Mini-Cot-Bed-Oak-White.jpg?v=1769791415,"Featuring a modern, Scandinavian-inspired design, this Essentials Alba Cot Bed combines soft White Sand with a Distressed Oak finish, creating a calming and contemporary look that suits any décor. Crafted with safety and comfort in mind, the Alba Cot Bed adapts as your little one grows, converting from a cot to a toddler bed suitable for up to 6 years of age. With three adjustable mattress heights, you can easily access your baby during those precious early months while ensuring maximum security as they begin to stand and explore.",Furniture > Baby & Toddler Furniture > Cribs & Toddler Beds,219,Tutti Bambini,103277,Furniture > Baby & Toddler Furniture > Cribs & Toddler Beds,Furniture > Baby & Toddler Furniture > Cribs & Toddler Beds,https://cdn.shopify.com/s/files/1/0892/1923/6165/files/Alba-Mini-Cot-Bed-Oak-White.jpg?v=1769791415,£,219,219,https://www.tuttibambini.com/products/essentials-alba-cot-bed-white-sand-distressed-oak,,,£219.00,,Tutti Bambini,in_stock,,,,,,Nursery Furniture Piece
https://www.awin1.com/cread.php?awinmid=103277&awinaffid=2771700&ued=https%3A%2F%2Fwww.tuttibambini.com%2Fproducts%2Fessentials-alba-mini-cot-bed-white-sand-distressed-oak,Essentials Alba Mini Cot Bed - White Sand/Distressed Oak,53769901736261,211156/3609,https://cdn.shopify.com/s/files/1/0892/1923/6165/files/Alba-Mini-Cot-Bed-Oak-White.jpg?v=1769791415,"The Essentials Alba Mini Cot Bed combines modern design with space-saving functionality, perfect for smaller nurseries. The Alba Mini brings contemporary style to any room with its clean lines, sleek white sand, and distressed oak finish. It is designed to adapt as your baby grows and features three adjustable mattress height positions and can easily convert into a toddler bed. Compact yet practical, this cot bed offers a cosy sleep space for your little one, making it an ideal choice for a stylish and functional nursery.",Furniture > Baby & Toddler Furniture > Cribs & Toddler Beds,199,Tutti Bambini,103277,Furniture > Baby & Toddler Furniture > Cribs & Toddler Beds,Furniture > Baby & Toddler Furniture > Cribs & Toddler Beds,https://cdn.shopify.com/s/files/1/0892/1923/6165/files/Alba-Mini-Cot-Bed-Oak-White.jpg?v=1769791415,£,199,199,https://www.tuttibambini.com/products/essentials-alba-mini-cot-bed-white-sand-distressed-oak,,,£199.00,,Tutti Bambini,in_stock,,,,,,Nursery Furniture Piece
https://www.awin1.com/cread.php?awinmid=103277&awinaffid=2771700&ued=https%3A%2F%2Fwww.tuttibambini.com%2Fproducts%2Fmimi-the-woolly-mammoth-rocking-toy,Mimi the Woolly Mammoth Rocking Toy - Gray,54546570182981,511920/MIMI,https://cdn.shopify.com/s/files/1/0892/1923/6165/files/mimi-the-mammoth-rocking-toy-child-riding.jpg?v=1768235425,"Once a gentle giant of the icy tundra, Mimi the Woolly Mammoth Rocking Toy brings warmth and cuddles to your home! Crafted from high-quality plush materials, Mimi provides a comfortable ride while promoting balance, coordination, and motor skills through imaginative play.",Toys & Games > Toys > Kids Riding Vehicles > Rocking & Spring Riding Toys,99,Tutti Bambini,103277,Toys & Games > Toys > Kids Riding Vehicles > Rocking & Spring Riding Toys,Toys & Games > Toys > Kids Riding Vehicles > Rocking & Spring Riding Toys,https://cdn.shopify.com/s/files/1/0892/1923/6165/files/mimi-the-mammoth-rocking-toy-child-riding.jpg?v=1768235425,£,99,99,https://www.tuttibambini.com/products/mimi-the-woolly-mammoth-rocking-toy,,,£99.00,,Tutti Bambini,in_stock,,,,,,First Toys
https://www.awin1.com/cread.php?awinmid=103277&awinaffid=2771700&ued=https%3A%2F%2Fwww.tuttibambini.com%2Fproducts%2Fessentials-eco-fibre-cot-mattress-60-x-120,Eco Fibre Cot Mattress (60 x 120 cm) - White,54531857449285,BAM/PF60,https://cdn.shopify.com/s/files/1/0892/1923/6165/files/Eco-Fibre-Cot-Mattress-Mid-Shot-View.jpg?v=1744573409,"The Eco Fibre Cot Mattress (60 x 120 cm) is designed to provide a safe, comfortable, and supportive sleep surface for your baby. Made from breathable and hypoallergenic materials, it promotes airflow and helps regulate your babys temperature for a restful night's sleep. With its eco-friendly fibre core, this mattress is not only durable but also offers the perfect balance of comfort and support for growing babies. Ideal for standard-sized cots, its the perfect choice for parents seeking a healthy and sustainable sleep solution for their little ones.",Furniture > Beds & Accessories > Mattresses,45,Tutti Bambini,103277,Furniture > Beds & Accessories > Mattresses,Furniture > Beds & Accessories > Mattresses,https://cdn.shopify.com/s/files/1/0892/1923/6165/files/Eco-Fibre-Cot-Mattress-Mid-Shot-View.jpg?v=1744573409,£,45,45,https://www.tuttibambini.com/products/essentials-eco-fibre-cot-mattress-60-x-120,,,£45.00,,Tutti Bambini,in_stock,,,,,,Cot Mattress
https://www.awin1.com/cread.php?awinmid=103277&awinaffid=2771700&ued=https%3A%2F%2Fwww.tuttibambini.com%2Fproducts%2Fcozee-luxe-mini-me-crib-walnut-blush,CoZee Luxe Mini Me Crib - Walnut & Blush - Walnut & Blush,53769912254789,511208/6591,https://cdn.shopify.com/s/files/1/0892/1923/6165/files/cozee-luxe-mini-me-crib-walnut-blush-child-view.jpg?v=1748440442,"Encourage imaginative and creative role play with our CoZee Luxe Mini Me Play Cribs in Walnut & Blush, designed for dolls and teddies to rest after a day of fun. A premium, mini version of our popular CoZee bedside crib, its crafted with the same high-quality materials and thoughtful design. This toy promotes social skills, coordination, and independence by mirroring the childs own crib. Unlike basic wooden or plastic alternatives, the CoZee Toy Crib delivers a realistic and engaging experience that mirrors their own crib and supports your little ones development through role play.",Furniture > Baby & Toddler Furniture > Cribs & Toddler Beds,79,Tutti Bambini,103277,Furniture > Baby & Toddler Furniture > Cribs & Toddler Beds,Furniture > Baby & Toddler Furniture > Cribs & Toddler Beds,https://cdn.shopify.com/s/files/1/0892/1923/6165/files/cozee-luxe-mini-me-crib-walnut-blush-child-view.jpg?v=1748440442,£,79,79,https://www.tuttibambini.com/products/cozee-luxe-mini-me-crib-walnut-blush,,,£79.00,,Tutti Bambini,in_stock,,,,,,Next-to-Me Crib
https://www.awin1.com/cread.php?awinmid=103277&awinaffid=2771700&ued=https%3A%2F%2Fwww.tuttibambini.com%2Fproducts%2Fcozee-go-waterproof-fitted-sheet-white,CoZee Go Waterproof Fitted Sheet - White,53769913205061,211217/CGO/11,https://cdn.shopify.com/s/files/1/0892/1923/6165/files/CoZee-Go-Waterproof-Fitted-Sheet-1_1.jpg?v=1744040190,"The CoZee Go Waterproof Fitted Sheet in White is thoughtfully designed to provide the perfect fit for the CoZee Go mattress in floor bed mode. This 2-in-1 product combines the benefits of a waterproof mattress protector and a fitted sheet, with elasticated seams for a snug fit. The soft brushed cotton texture on top offers a comfortable surface, while the protective PU lining inside ensures the mattress stays dry by providing a waterproof barrier. It also features holes that align with the velcro straps on the mattress, keeping it securely attached to the base of the cot. Easy to clean, simply place it in the washing machine for a quick refresh, keeping your babys sleep space clean, dry, and comfortable.",Furniture > Baby & Toddler Furniture > Cot & Toddler Bed Accessories > Cot Bumpers & Liners,20,Tutti Bambini,103277,Furniture > Baby & Toddler Furniture > Cot & Toddler Bed Accessories > Cot Bumpers & Liners,Furniture > Baby & Toddler Furniture > Cot & Toddler Bed Accessories > Cot Bumpers & Liners,https://cdn.shopify.com/s/files/1/0892/1923/6165/files/CoZee-Go-Waterproof-Fitted-Sheet-1_1.jpg?v=1744040190,£,20,20,https://www.tuttibambini.com/products/cozee-go-waterproof-fitted-sheet-white,,,£20.00,,Tutti Bambini,in_stock,,,,,,Bedding & Sheets
https://www.awin1.com/cread.php?awinmid=103277&awinaffid=2771700&ued=https%3A%2F%2Fwww.tuttibambini.com%2Fproducts%2Fcasa-3-in-1-cot-bed-120-x-60cm-harvest-oak,Casa 3 in 1 Cot Bed 120 x 60cm - Harvest Oak - Harvest Oak,53769913565509,211121/38,https://cdn.shopify.com/s/files/1/0892/1923/6165/files/Casa-3-in-1-Cot-Bed-Distressed-Oak.jpg?v=1741295667,"The Casa 3 in 1 Cot Bed in Harvest Oak is a versatile, durable solution designed to grow with your child. It transitions from a crib to a toddler bed, sofa, and juvenile bed, promoting adaptability and independence. Crafted from high-quality materials with a removable side panel, it ensures safety and comfort throughout each stage. The low-profile design allows easy access, fostering confidence, while its design supports imaginative play, storytelling, and relaxation. A perfect blend of style, practicality, and long-term value for evolving family needs.",Furniture > Baby & Toddler Furniture > Cribs & Toddler Beds,219,Tutti Bambini,103277,Furniture > Baby & Toddler Furniture > Cribs & Toddler Beds,Furniture > Baby & Toddler Furniture > Cribs & Toddler Beds,https://cdn.shopify.com/s/files/1/0892/1923/6165/files/Casa-3-in-1-Cot-Bed-Distressed-Oak.jpg?v=1741295667,£,219,219,https://www.tuttibambini.com/products/casa-3-in-1-cot-bed-120-x-60cm-harvest-oak,,,£219.00,,Tutti Bambini,in_stock,,,,,,Nursery Furniture Piece
https://www.awin1.com/cread.php?awinmid=103277&awinaffid=2771700&ued=https%3A%2F%2Fwww.tuttibambini.com%2Fproducts%2Fmisha-cot-bed-mushroom-golden-oak,Misha Cot Bed - Mushroom & Golden Oak - Mushroom & Golden Oak,53769914712389,211023/MUS,https://cdn.shopify.com/s/files/1/0892/1923/6165/files/Misha-Cot-Bed-Mushroom-Golden-Oak-Square-2.jpg?v=1769436402,"The Misha Cot Bed in Mushroom & Golden Oak combines timeless elegance with thoughtful functionality to create the perfect centrepiece for your babys nursery. Designed to grow with your little one, it transitions seamlessly from a cot to a toddler bed and then into a stylish sofa bed, offering years of versatile use. Featuring a sleek, modern design and built with exceptional craftsmanship, the Misha Cot Bed ensures both safety and comfort while complementing any nursery décor. With three adjustable mattress positions, this cot bed adapts to suit your babys changing needs, making it a practical and enduring choice for your family.",Furniture > Baby & Toddler Furniture > Cribs & Toddler Beds,199,Tutti Bambini,103277,Furniture > Baby & Toddler Furniture > Cribs & Toddler Beds,Furniture > Baby & Toddler Furniture > Cribs & Toddler Beds,https://cdn.shopify.com/s/files/1/0892/1923/6165/files/Misha-Cot-Bed-Mushroom-Golden-Oak-Square-2.jpg?v=1769436402,£,199,199,https://www.tuttibambini.com/products/misha-cot-bed-mushroom-golden-oak,,,£199.00,,Tutti Bambini,in_stock,,,,,,Nursery Furniture Piece
https://www.awin1.com/cread.php?awinmid=103277&awinaffid=2771700&ued=https%3A%2F%2Fwww.tuttibambini.com%2Fproducts%2Fmisha-cot-bed-sage-golden-oak,Misha Cot Bed - Sage & Golden Oak - Golden Oak & Sage,53769915728197,211023/SAG,https://cdn.shopify.com/s/files/1/0892/1923/6165/files/misha-cot-bed---sage-_-golden-oak-17.jpg?v=1733423619,"The Misha Cot Bed in Sage and Golden Oak combines timeless elegance with thoughtful functionality to create the perfect centrepiece for your babys nursery. Designed to grow with your little one, it transitions seamlessly from a cot to a toddler bed and then into a stylish sofa bed, offering years of versatile use. Featuring a sleek, modern design and built with exceptional craftsmanship, the Misha Cot Bed ensures both safety and comfort while complementing any nursery décor. With three adjustable mattress positions, this cot bed adapts to suit your babys changing needs, making it a practical and enduring choice for your family.",Furniture > Baby & Toddler Furniture > Cribs & Toddler Beds,199,Tutti Bambini,103277,Furniture > Baby & Toddler Furniture > Cribs & Toddler Beds,Furniture > Baby & Toddler Furniture > Cribs & Toddler Beds,https://cdn.shopify.com/s/files/1/0892/1923/6165/files/misha-cot-bed---sage-_-golden-oak-17.jpg?v=1733423619,£,199,199,https://www.tuttibambini.com/products/misha-cot-bed-sage-golden-oak,,,£199.00,,Tutti Bambini,in_stock,,,,,,Nursery Furniture Piece
https://www.awin1.com/cread.php?awinmid=103277&awinaffid=2771700&ued=https%3A%2F%2Fwww.tuttibambini.com%2Fproducts%2Fkuba-cot-bed-golden-oak-sage-weave,Kuba Cot Bed - Golden Oak/Sage Weave - Golden Oak / Sage Weave,54529955889477,211024/OSA,https://cdn.shopify.com/s/files/1/0892/1923/6165/files/KubaCotBedinPickledOak_SageWeave1.jpg?v=1742162332,"Introducing Kuba - a practical Scandi-style cot bed, with rounded corners, sturdy block legs, and a distinctive sage weave texture on the ends and slats, all beautifully complemented by a pickled oak frame. Designed to grow with your child, it effortlessly transitions from a cosy cot to a junior bed, complete with a matching bed guard for added safety. Thoughtful details like teething rails and three adjustable mattress heights ensure both comfort and convenience. Combining modern craftsmanship and functionality, the Kuba Cot Bed creates a serene and stylish sleep space for your little one to thrive.",Furniture > Beds & Accessories > Beds & Bed Frames,249,Tutti Bambini,103277,Furniture > Beds & Accessories > Beds & Bed Frames,Furniture > Beds & Accessories > Beds & Bed Frames,https://cdn.shopify.com/s/files/1/0892/1923/6165/files/KubaCotBedinPickledOak_SageWeave1.jpg?v=1742162332,£,249,249,https://www.tuttibambini.com/products/kuba-cot-bed-golden-oak-sage-weave,,,£249.00,,Tutti Bambini,in_stock,,,,,,Nursery Furniture Piece
https://www.awin1.com/cread.php?awinmid=103277&awinaffid=2771700&ued=https%3A%2F%2Fwww.tuttibambini.com%2Fproducts%2Fcushi-baby-changing-mat-cloud,Cushi Baby Changing Mat - Cloud - Cloud,54545632788805,211250/CLO,https://cdn.shopify.com/s/files/1/0892/1923/6165/files/cushi-baby-changing-mat-cloud-lifestyle.jpg?v=1756717638,"Comfort, style, and ease — the Cushi Baby Changing Mat transforms nappy changes into a comfortable, effortless experience. With its smooth, cushioned surface and seamless, wipe-clean design, every change feels easy and stress-free. Thoughtfully designed for modern parenting, it fits beautifully into any home, whether placed on a chest changer, the floor, or securely attached to a cot bed with built-in safety straps. No crevices, no fuss — just a soft, supportive space for your little one.",Baby & Toddler > Diapering > Changing Mats & Trays,99,Tutti Bambini,103277,Baby & Toddler > Diapering > Changing Mats & Trays,Baby & Toddler > Diapering > Changing Mats & Trays,https://cdn.shopify.com/s/files/1/0892/1923/6165/files/cushi-baby-changing-mat-cloud-lifestyle.jpg?v=1756717638,£,99,99,https://www.tuttibambini.com/products/cushi-baby-changing-mat-cloud,,,£99.00,,Tutti Bambini,in_stock,,,,,,Changing Mat
https://www.awin1.com/cread.php?awinmid=103277&awinaffid=2771700&ued=https%3A%2F%2Fwww.tuttibambini.com%2Fproducts%2Fcushi-baby-changing-mat-leaf,Cushi Baby Changing Mat - Leaf - Leaf,54545627971909,211250/LEA,https://cdn.shopify.com/s/files/1/0892/1923/6165/files/cushi-baby-changing-mat-leaf-lifestyle.jpg?v=1756718482,"Comfort, style, and ease — the Cushi Baby Changing Mat transforms nappy changes into a comfortable, effortless experience. With its smooth, cushioned surface and seamless, wipe-clean design, every change feels easy and stress-free. Thoughtfully designed for modern parenting, it fits beautifully into any home, whether placed on a chest changer, the floor, or securely attached to a cot bed with built-in safety straps. No crevices, no fuss — just a soft, supportive space for your little one.",Baby & Toddler > Diapering > Changing Mats & Trays,99,Tutti Bambini,103277,Baby & Toddler > Diapering > Changing Mats & Trays,Baby & Toddler > Diapering > Changing Mats & Trays,https://cdn.shopify.com/s/files/1/0892/1923/6165/files/cushi-baby-changing-mat-leaf-lifestyle.jpg?v=1756718482,£,99,99,https://www.tuttibambini.com/products/cushi-baby-changing-mat-leaf,,,£99.00,,Tutti Bambini,in_stock,,,,,,Changing Mat
https://www.awin1.com/cread.php?awinmid=103277&awinaffid=2771700&ued=https%3A%2F%2Fwww.tuttibambini.com%2Fproducts%2Fcushi-baby-changing-mat-mushroom,Cushi Baby Changing Mat - Mushroom - Mushroom,53769922806085,211250/MUS,https://cdn.shopify.com/s/files/1/0892/1923/6165/files/cushi-baby-changing-mat-mushroom-lifestyle-view.jpg?v=1763732427,"Comfort, style, and ease — the Cushi Baby Changing Mat transforms nappy changes into a comfortable, effortless experience. With its smooth, cushioned surface and seamless, wipe-clean design, every change feels easy and stress-free. Thoughtfully designed for modern parenting, it fits beautifully into any home, whether placed on a chest changer, the floor, or securely attached to a cot bed with built-in safety straps. No crevices, no fuss — just a soft, supportive space for your little one.",Baby & Toddler > Diapering > Changing Mats & Trays,99,Tutti Bambini,103277,Baby & Toddler > Diapering > Changing Mats & Trays,Baby & Toddler > Diapering > Changing Mats & Trays,https://cdn.shopify.com/s/files/1/0892/1923/6165/files/cushi-baby-changing-mat-mushroom-lifestyle-view.jpg?v=1763732427,£,99,99,https://www.tuttibambini.com/products/cushi-baby-changing-mat-mushroom,,,£99.00,,Tutti Bambini,in_stock,,,,,,Changing Mat
https://www.awin1.com/cread.php?awinmid=103277&awinaffid=2771700&ued=https%3A%2F%2Fwww.tuttibambini.com%2Fproducts%2Fcushi-baby-changing-mat-cashmere,Cushi Baby Changing Mat - Cashmere - Cashmere,54536448606533,211250/CAS,https://cdn.shopify.com/s/files/1/0892/1923/6165/files/cushi-baby-changing-mat-cashmere-lifestyle-view.jpg?v=1756475799,"Comfort, style, and ease — the Cushi Baby Changing Mat transforms nappy changes into a comfortable, effortless experience. With its smooth, cushioned surface and seamless, wipe-clean design, every change feels easy and stress-free. Thoughtfully designed for modern parenting, it fits beautifully into any home, whether placed on a chest changer, or the floor, or securely attached to a cot bed with built-in safety straps. No crevices, no fuss — just a soft, supportive space for your little one.",Baby & Toddler > Diapering > Changing Mats & Trays,99,Tutti Bambini,103277,Baby & Toddler > Diapering > Changing Mats & Trays,Baby & Toddler > Diapering > Changing Mats & Trays,https://cdn.shopify.com/s/files/1/0892/1923/6165/files/cushi-baby-changing-mat-cashmere-lifestyle-view.jpg?v=1756475799,£,99,99,https://www.tuttibambini.com/products/cushi-baby-changing-mat-cashmere,,,£99.00,,Tutti Bambini,in_stock,,,,,,Changing Mat
https://www.awin1.com/cread.php?awinmid=103277&awinaffid=2771700&ued=https%3A%2F%2Fwww.tuttibambini.com%2Fproducts%2Fcushi-baby-changing-mat-petal,Cushi Baby Changing Mat - Petal - Petal,54402670920005,211250/PET,https://cdn.shopify.com/s/files/1/0892/1923/6165/files/cushi-baby-changing-mat-petal-lifestyle-view.jpg?v=1756475028,"Comfort, style, and ease — the Cushi Baby Changing Mat transforms nappy changes into a comfortable, effortless experience. With its smooth, cushioned surface and seamless, wipe-clean design, every change feels easy and stress-free. Thoughtfully designed for modern parenting, it fits beautifully into any home, whether placed on a chest changer, the floor, or securely attached to a cot bed with built-in safety straps. No crevices, no fuss — just a soft, supportive space for your little one",Baby & Toddler > Diapering > Changing Mats & Trays,99,Tutti Bambini,103277,Baby & Toddler > Diapering > Changing Mats & Trays,Baby & Toddler > Diapering > Changing Mats & Trays,https://cdn.shopify.com/s/files/1/0892/1923/6165/files/cushi-baby-changing-mat-petal-lifestyle-view.jpg?v=1756475028,£,99,99,https://www.tuttibambini.com/products/cushi-baby-changing-mat-petal,,,£99.00,,Tutti Bambini,in_stock,,,,,,Changing Mat
https://www.awin1.com/cread.php?awinmid=103277&awinaffid=2771700&ued=https%3A%2F%2Fwww.tuttibambini.com%2Fproducts%2Fcozee-2-in-1-crib-cot-mobile-oak-cocoon,CoZee 2 in 1 Crib & Cot Mobile - Oak & Cocoon - Oak,53769940205893,211261/35CO,https://cdn.shopify.com/s/files/1/0892/1923/6165/files/cozee-2-in-1-crib-cot-mobile-oak-cocoon.jpg?v=1747928359,"Transform your little ones sleep space with our CoZee Bunny Mobile in Oak and Cocoon, designed to guide them into sweet dreams gently. Perfectly crafted to complement our iconic CoZee bedside crib and most cot beds, this charming mobile features soft felt bunny rabbits and delicate leaves that softly twirl, creating a calming environment. While captivating your baby's attention, it also promotes early visual development. With easy attachment and a secure fit, it's the perfect companion for peaceful slumber and delightful dreams.",Baby & Toddler > Baby Toys & Activity Equipment > Baby Mobiles,39,Tutti Bambini,103277,Baby & Toddler > Baby Toys & Activity Equipment > Baby Mobiles,Baby & Toddler > Baby Toys & Activity Equipment > Baby Mobiles,https://cdn.shopify.com/s/files/1/0892/1923/6165/files/cozee-2-in-1-crib-cot-mobile-oak-cocoon.jpg?v=1747928359,£,39,39,https://www.tuttibambini.com/products/cozee-2-in-1-crib-cot-mobile-oak-cocoon,,,£39.00,,Tutti Bambini,in_stock,,,,,,Cot Mobile
https://www.awin1.com/cread.php?awinmid=103277&awinaffid=2771700&ued=https%3A%2F%2Fwww.tuttibambini.com%2Fproducts%2Fcozee-2-in-1-crib-cot-mobile-scandinavian-walnut-cocoon,CoZee 2 in 1 Crib & Cot Mobile - Scandinavian Walnut & Cocoon - Scandinavian Walnut,53769940500805,211261/75CO,https://cdn.shopify.com/s/files/1/0892/1923/6165/files/cozee-2-in-1-crib-cot-mobile-scandinavian-walnut-cocoon.jpg?v=1748005233,"Transform your little ones sleep space with our CoZee Bunny Mobile in Scandinavian Walnut and Cocoon , designed to gently guide them into sweet dreams. Perfectly crafted to complement our iconic CoZee bedside crib and most cot beds, this charming mobile features soft felt bunny rabbits and delicate leaves that softly twirl, creating a soothing and calming environment. While captivating your baby's attention, it also promotes early visual development. With easy attachment and a secure fit, it's the perfect companion for peaceful slumber and delightful dreams.",Baby & Toddler > Baby Toys & Activity Equipment > Baby Mobiles,39,Tutti Bambini,103277,Baby & Toddler > Baby Toys & Activity Equipment > Baby Mobiles,Baby & Toddler > Baby Toys & Activity Equipment > Baby Mobiles,https://cdn.shopify.com/s/files/1/0892/1923/6165/files/cozee-2-in-1-crib-cot-mobile-scandinavian-walnut-cocoon.jpg?v=1748005233,£,39,39,https://www.tuttibambini.com/products/cozee-2-in-1-crib-cot-mobile-scandinavian-walnut-cocoon,,,£39.00,,Tutti Bambini,in_stock,,,,,,Cot Mobile
https://www.awin1.com/cread.php?awinmid=103277&awinaffid=2771700&ued=https%3A%2F%2Fwww.tuttibambini.com%2Fproducts%2Friley-mini-cot-bed-with-drawer-white-maple-oak,Riley Mini Cot Bed with Drawer - White & Maple Oak - White & Maple Oak,53769981264197,211133/1135,https://cdn.shopify.com/s/files/1/0892/1923/6165/files/RileyMiniCotBedwithDrawer-White_MapleOak.jpg?v=1742506373,"The Riley Mini Cot Bed in White and Maple Oak combines modern design with practical functionality. With its clean lines and timeless aesthetic, it seamlessly complements any nursery, creating a peaceful, stylish space for your little one. Designed to grow with your child, this versatile cot bed transitions easily from a cot to a toddler bed and finally to a sofa, providing lasting comfort and value for years. Plus, the spacious under-bed drawer offers convenient storage for all your nursery essentials. Thoughtfully crafted for durability and safety, the Riley Cot Bed is backed by the Tutti Bambini 3-Year Guarantee, giving you confidence as your baby grows.",Furniture > Baby & Toddler Furniture > Cribs & Toddler Beds,199,Tutti Bambini,103277,Furniture > Baby & Toddler Furniture > Cribs & Toddler Beds,Furniture > Baby & Toddler Furniture > Cribs & Toddler Beds,https://cdn.shopify.com/s/files/1/0892/1923/6165/files/RileyMiniCotBedwithDrawer-White_MapleOak.jpg?v=1742506373,£,199,199,https://www.tuttibambini.com/products/riley-mini-cot-bed-with-drawer-white-maple-oak,,,£199.00,,Tutti Bambini,in_stock,,,,,,Nursery Furniture Piece
https://www.awin1.com/cread.php?awinmid=103277&awinaffid=2771700&ued=https%3A%2F%2Fwww.tuttibambini.com%2Fproducts%2Friley-mini-cot-bed-with-drawer-maple-oak-white,Riley Mini Cot Bed with Drawer - Maple Oak & White - Maple Oak & White,53769981559109,211133/3511,https://cdn.shopify.com/s/files/1/0892/1923/6165/files/RileyMiniCotBedwithDrawer-MapleOak_White.jpg?v=1742505200,"The Riley Mini Cot Bed in Maple Oak and White combines modern design with practical functionality. With its clean lines and timeless aesthetic, it seamlessly complements any nursery, creating a peaceful, stylish space for your little one. Designed to grow with your child, this versatile cot bed transitions easily from a cot to a toddler bed and finally to a sofa, providing lasting comfort and value for years. Plus, the spacious under-bed drawer offers convenient storage for all your nursery essentials. Thoughtfully crafted for durability and safety, the Riley Cot Bed is backed by the Tutti Bambini 3-Year Guarantee, giving you confidence as your baby grows.",Furniture > Baby & Toddler Furniture > Cribs & Toddler Beds,199,Tutti Bambini,103277,Furniture > Baby & Toddler Furniture > Cribs & Toddler Beds,Furniture > Baby & Toddler Furniture > Cribs & Toddler Beds,https://cdn.shopify.com/s/files/1/0892/1923/6165/files/RileyMiniCotBedwithDrawer-MapleOak_White.jpg?v=1742505200,£,199,199,https://www.tuttibambini.com/products/riley-mini-cot-bed-with-drawer-maple-oak-white,,,£199.00,,Tutti Bambini,in_stock,,,,,,Nursery Furniture Piece
https://www.awin1.com/cread.php?awinmid=103277&awinaffid=2771700&ued=https%3A%2F%2Fwww.tuttibambini.com%2Fproducts%2Fgrande-changing-bag-poppy,Grande Changing Bag - Poppy,54899597934917,411237/82,https://cdn.shopify.com/s/files/1/0892/1923/6165/files/grande-changing-bag-poppy-cutout-1.jpg?v=1749562329,The Grande baby changing bag in poppy is perfect for carrying all of your essentials when out and about with your little one. A versatile pram changing bag for parents on the move.,Baby & Toddler > Baby Transport Accessories > Baby Pushchair & Pram Accessories,18,Tutti Bambini,103277,Baby & Toddler > Baby Transport Accessories > Baby Pushchair & Pram Accessories,Baby & Toddler > Baby Transport Accessories > Baby Pushchair & Pram Accessories,https://cdn.shopify.com/s/files/1/0892/1923/6165/files/grande-changing-bag-poppy-cutout-1.jpg?v=1749562329,£,18,18,https://www.tuttibambini.com/products/grande-changing-bag-poppy,,,£18.00,,Tutti Bambini,in_stock,,,,,,Changing Bag
https://www.awin1.com/cread.php?awinmid=103277&awinaffid=2771700&ued=https%3A%2F%2Fwww.tuttibambini.com%2Fproducts%2Fmedio-changing-bag-poppy,Medio Changing Bag - Poppy,54900009435461,411236/82,https://cdn.shopify.com/s/files/1/0892/1923/6165/files/Medio-Changing-Bag-Poppy-1.jpg?v=1749564213,Stay organised and in control wherever you take your baby: the Medio satchel style baby changing bag in poppy red is a smart and stylish choice for parents on the go and suits mums and dads alike,Baby & Toddler > Baby Transport Accessories > Baby Pushchair & Pram Accessories,15,Tutti Bambini,103277,Baby & Toddler > Baby Transport Accessories > Baby Pushchair & Pram Accessories,Baby & Toddler > Baby Transport Accessories > Baby Pushchair & Pram Accessories,https://cdn.shopify.com/s/files/1/0892/1923/6165/files/Medio-Changing-Bag-Poppy-1.jpg?v=1749564213,£,15,15,https://www.tuttibambini.com/products/medio-changing-bag-poppy,,,£15.00,,Tutti Bambini,in_stock,,,,,,Changing Bag
https://www.awin1.com/cread.php?awinmid=103277&awinaffid=2771700&ued=https%3A%2F%2Fwww.tuttibambini.com%2Fproducts%2Fmodena-nursery-bundle-with-cozee-bedside-crib-5-piece,Modena Nursery Bundle With CoZee Bedside Crib (5 Piece),55615065882949,037RS5/1135-COZ5P,https://cdn.shopify.com/s/files/1/0892/1923/6165/files/Modena-Nursery-Bundle-With-CoZee-Bedside-Crib.jpg?v=1764233540,"Create a calm, stylish, and practical nursery with this thoughtfully curated bundle. The Modena 2-Piece Room Set in White and Oak includes a 3-in-1 cot bed and versatile chest changer, paired with a breathable, supportive sprung mattress for cosy sleep. The CoZee Bedside Crib offers a safe, snug space for those early months, keeping baby close by. Complete the setup with the Jonah Rocking Chair and Footstool — perfect for cuddles, feeds, and quiet moments. Designed for real homes, real routines, and everything in between.",Furniture > Baby & Toddler Furniture > Baby & Toddler Furniture Sets,829,Tutti Bambini,103277,Furniture > Baby & Toddler Furniture > Baby & Toddler Furniture Sets,Furniture > Baby & Toddler Furniture > Baby & Toddler Furniture Sets,https://cdn.shopify.com/s/files/1/0892/1923/6165/files/Modena-Nursery-Bundle-With-CoZee-Bedside-Crib.jpg?v=1764233540,£,829,829,https://www.tuttibambini.com/products/modena-nursery-bundle-with-cozee-bedside-crib-5-piece,,,£829.00,,Tutti Bambini,in_stock,,,,,,Nursery Furniture Set
https://www.awin1.com/cread.php?awinmid=103277&awinaffid=2771700&ued=https%3A%2F%2Fwww.tuttibambini.com%2Fproducts%2Fmodena-nursery-bundle-with-cozee-bedside-crib-6-piece,Modena Nursery Bundle With CoZee Bedside Crib (6 Piece),55631981248837,037RS6/35-COZ6P,https://cdn.shopify.com/s/files/1/0892/1923/6165/files/Modena-Nursery-Bundle-With-CoZee-Bedside-Crib-6-Piece.jpg?v=1764234570,"Create your dream nursery for your little one with the Modena Nursery Bundle. This complete set includes a cot bed with a quality sprung mattress, a chest of drawers featuring a removable top, a spacious wardrobe, the Jonah nursing chair, and a CoZee bedside crib, providing everything you need for those early years in one convenient package.",Furniture > Baby & Toddler Furniture > Baby & Toddler Furniture Sets,999,Tutti Bambini,103277,Furniture > Baby & Toddler Furniture > Baby & Toddler Furniture Sets,Furniture > Baby & Toddler Furniture > Baby & Toddler Furniture Sets,https://cdn.shopify.com/s/files/1/0892/1923/6165/files/Modena-Nursery-Bundle-With-CoZee-Bedside-Crib-6-Piece.jpg?v=1764234570,£,999,999,https://www.tuttibambini.com/products/modena-nursery-bundle-with-cozee-bedside-crib-6-piece,,,£999.00,,Tutti Bambini,in_stock,,,,,,Nursery Furniture Set
https://www.awin1.com/cread.php?awinmid=103277&awinaffid=2771700&ued=https%3A%2F%2Fwww.tuttibambini.com%2Fproducts%2Fmisha-cot-bed-cushi-changing-mat,Misha Cot Bed & Cushi Changing Mat,55714331492677,BUN-MIS-CUS,https://cdn.shopify.com/s/files/1/0892/1923/6165/files/Misha_Cot_Bed_Cushi_Changing_Mat_-_01.jpg?v=1763732427,"Bring comfort and practicality together with this nursery bundle. The Misha Cot Bed transitions smoothly from cot to toddler bed and later into a cosy sofa, offering years of use with three adjustable mattress positions. Paired with the Cushi Baby Changing Mat, featuring a cushioned, wipe-clean design that attaches securely to your cot bed, nappy changes become simple and stress-free. Thoughtfully designed to grow with your family, this bundle creates a safe, stylish, and supportive space for sleep, play, and everyday routines.",Furniture > Baby & Toddler Furniture > Baby & Toddler Furniture Sets,298,Tutti Bambini,103277,Furniture > Baby & Toddler Furniture > Baby & Toddler Furniture Sets,Furniture > Baby & Toddler Furniture > Baby & Toddler Furniture Sets,https://cdn.shopify.com/s/files/1/0892/1923/6165/files/Misha_Cot_Bed_Cushi_Changing_Mat_-_01.jpg?v=1763732427,£,298,298,https://www.tuttibambini.com/products/misha-cot-bed-cushi-changing-mat,,,£298.00,,Tutti Bambini,in_stock,,,,,,Nursery Furniture Piece
https://www.awin1.com/cread.php?awinmid=103277&awinaffid=2771700&ued=https%3A%2F%2Fwww.tuttibambini.com%2Fproducts%2Fcushi-mini-changing-mat-cloud,Cushi Mini Changing Mat - Cloud - Cloud,55796436566341,211251/CLO,https://cdn.shopify.com/s/files/1/0892/1923/6165/files/cushi-mini-changing-mat-cloud-baby-lifestyle.jpg?v=1768987709,"Meet the Cushi Mini Changing Mat in Cloud - the same practical and seamless design of our award-winning Cushi, now in a lightweight, petite version. With its smooth, cushioned surface and seamless, wipe-clean design, every change feels easy and stress-free. Thoughtfully designed for modern parenting, it fits beautifully into any home. No crevices, no fuss — just a soft, supportive space for your little one.",Baby & Toddler > Diapering > Changing Mats & Trays,59,Tutti Bambini,103277,Baby & Toddler > Diapering > Changing Mats & Trays,Baby & Toddler > Diapering > Changing Mats & Trays,https://cdn.shopify.com/s/files/1/0892/1923/6165/files/cushi-mini-changing-mat-cloud-baby-lifestyle.jpg?v=1768987709,£,59,59,https://www.tuttibambini.com/products/cushi-mini-changing-mat-cloud,,,£59.00,,Tutti Bambini,in_stock,,,,,,Changing Mat
https://www.awin1.com/cread.php?awinmid=103277&awinaffid=2771700&ued=https%3A%2F%2Fwww.tuttibambini.com%2Fproducts%2Fcushi-mini-changing-mat-leaf,Cushi Mini Changing Mat - Leaf - Leaf,55796436599109,211251/LEA,https://cdn.shopify.com/s/files/1/0892/1923/6165/files/cushi-mini-changing-mat-leaf-baby-lifestyle.jpg?v=1768987388,"Meet the Cushi Mini Changing Mat in Leaf - the same practical and seamless design of our award-winning Cushi, now in a lightweight, petite version. With its smooth, cushioned surface and seamless, wipe-clean design, every change feels easy and stress-free. Thoughtfully designed for modern parenting, it fits beautifully into any home. No crevices, no fuss — just a soft, supportive space for your little one.",Baby & Toddler > Diapering > Changing Mats & Trays,59,Tutti Bambini,103277,Baby & Toddler > Diapering > Changing Mats & Trays,Baby & Toddler > Diapering > Changing Mats & Trays,https://cdn.shopify.com/s/files/1/0892/1923/6165/files/cushi-mini-changing-mat-leaf-baby-lifestyle.jpg?v=1768987388,£,59,59,https://www.tuttibambini.com/products/cushi-mini-changing-mat-leaf,,,£59.00,,Tutti Bambini,in_stock,,,,,,Changing Mat
https://www.awin1.com/cread.php?awinmid=103277&awinaffid=2771700&ued=https%3A%2F%2Fwww.tuttibambini.com%2Fproducts%2Fcushi-mini-changing-mat-mushroom,Cushi Mini Changing Mat - Mushroom - Mushroom,55796436631877,211251/MUS,https://cdn.shopify.com/s/files/1/0892/1923/6165/files/cushi-mini-changing-mat-mushroom-baby-lifestyle.jpg?v=1768987050,"Meet the Cushi Mini Changing Mat in Mushroom - the same practical and seamless design of our award-winning Cushi, now in a lightweight, petite version. With its smooth, cushioned surface and seamless, wipe-clean design, every change feels easy and stress-free. Thoughtfully designed for modern parenting, it fits beautifully into any home. No crevices, no fuss — just a soft, supportive space for your little one.",Baby & Toddler > Diapering > Changing Mats & Trays,59,Tutti Bambini,103277,Baby & Toddler > Diapering > Changing Mats & Trays,Baby & Toddler > Diapering > Changing Mats & Trays,https://cdn.shopify.com/s/files/1/0892/1923/6165/files/cushi-mini-changing-mat-mushroom-baby-lifestyle.jpg?v=1768987050,£,59,59,https://www.tuttibambini.com/products/cushi-mini-changing-mat-mushroom,,,£59.00,,Tutti Bambini,in_stock,,,,,,Changing Mat
https://www.awin1.com/cread.php?awinmid=103277&awinaffid=2771700&ued=https%3A%2F%2Fwww.tuttibambini.com%2Fproducts%2Fcushi-mini-changing-mat-cashmere,Cushi Mini Changing Mat - Cashmere - Cashmere,55796436664645,211251/CAS,https://cdn.shopify.com/s/files/1/0892/1923/6165/files/cushi-mini-changing-mat-cashmere-baby-lifestyle.jpg?v=1768987810,"Meet the Cushi Mini Changing Mat in Cashmere - the same practical and seamless design of our award-winning Cushi, now in a lightweight, petite version. With its smooth, cushioned surface and seamless, wipe-clean design, every change feels easy and stress-free. Thoughtfully designed for modern parenting, it fits beautifully into any home. No crevices, no fuss — just a soft, supportive space for your little one.",Baby & Toddler > Diapering > Changing Mats & Trays,59,Tutti Bambini,103277,Baby & Toddler > Diapering > Changing Mats & Trays,Baby & Toddler > Diapering > Changing Mats & Trays,https://cdn.shopify.com/s/files/1/0892/1923/6165/files/cushi-mini-changing-mat-cashmere-baby-lifestyle.jpg?v=1768987810,£,59,59,https://www.tuttibambini.com/products/cushi-mini-changing-mat-cashmere,,,£59.00,,Tutti Bambini,in_stock,,,,,,Changing Mat
https://www.awin1.com/cread.php?awinmid=103277&awinaffid=2771700&ued=https%3A%2F%2Fwww.tuttibambini.com%2Fproducts%2Fcushi-mini-changing-mat-petal,Cushi Mini Changing Mat - Petal - Petal,55796436697413,211251/PET,https://cdn.shopify.com/s/files/1/0892/1923/6165/files/cushi-mini-changing-mat-petal-baby-lifestyle.jpg?v=1768986666,"Meet the Cushi Mini Changing Mat in Petal - the same practical and seamless design of our award-winning Cushi, now in a lightweight, petite version. With its smooth, cushioned surface and seamless, wipe-clean design, every change feels easy and stress-free. Thoughtfully designed for modern parenting, it fits beautifully into any home. No crevices, no fuss — just a soft, supportive space for your little one.",Baby & Toddler > Diapering > Changing Mats & Trays,59,Tutti Bambini,103277,Baby & Toddler > Diapering > Changing Mats & Trays,Baby & Toddler > Diapering > Changing Mats & Trays,https://cdn.shopify.com/s/files/1/0892/1923/6165/files/cushi-mini-changing-mat-petal-baby-lifestyle.jpg?v=1768986666,£,59,59,https://www.tuttibambini.com/products/cushi-mini-changing-mat-petal,,,£59.00,,Tutti Bambini,in_stock,,,,,,Changing Mat
https://www.awin1.com/cread.php?awinmid=103277&awinaffid=2771700&ued=https%3A%2F%2Fwww.tuttibambini.com%2Fproducts%2Fhallee-chest-changer-oak-mushroom,Hallee Chest Changer - Golden Oak/Mushroom - Mushroom / Golden Oak,56985291358533,211400/GOMUS,https://cdn.shopify.com/s/files/1/0892/1923/6165/files/1Hallee-Chest-Mushroom-GoldenOak.jpg?v=1771348767,"A timeless nursery essential designed for both beauty and function, the Hallee Chest with Removable Changer is a versatile piece that adapts as your family grows. The removable changer sits neatly on top, featuring practical compartments to keep changing essentials close at hand, making everyday routines simpler and more organised. Once no longer needed, the changer can be removed to reveal a stylish chest of drawers that transitions effortlessly beyond the nursery years. With spacious drawers for clothing and essentials, and sturdy, gently angled legs for a refined finish, the Hallee Chest is designed to offer lasting style, storage, and practicality for years to come.",Furniture > Baby & Toddler Furniture > Changing Tables,249,Tutti Bambini,103277,Furniture > Baby & Toddler Furniture > Changing Tables,Furniture > Baby & Toddler Furniture > Changing Tables,https://cdn.shopify.com/s/files/1/0892/1923/6165/files/1Hallee-Chest-Mushroom-GoldenOak.jpg?v=1771348767,£,249,249,https://www.tuttibambini.com/products/hallee-chest-changer-oak-mushroom,,,£249.00,,Tutti Bambini,in_stock,,,,,,Nursery Furniture Piece
https://www.awin1.com/cread.php?awinmid=103277&awinaffid=2771700&ued=https%3A%2F%2Fwww.tuttibambini.com%2Fproducts%2Fhallee-chest-changer-golden-oak-sage,Hallee Chest Changer - Golden Oak/Sage - Sage & Golden Oak,56984855904581,211400/GOSAG,https://cdn.shopify.com/s/files/1/0892/1923/6165/files/5Hallee-Chest-Sage-GoldenOak.jpg?v=1771350075,"A timeless nursery essential designed for both beauty and function, the Hallee Chest with Removable Changer is a versatile piece that adapts as your family grows. The removable changer sits neatly on top, featuring practical compartments to keep changing essentials close at hand, making everyday routines simpler and more organised. Once no longer needed, the changer can be removed to reveal a stylish chest of drawers that transitions effortlessly beyond the nursery years. With spacious drawers for clothing and essentials, and sturdy, gently angled legs for a refined finish, the Hallee Chest is designed to offer lasting style, storage, and practicality for years to come.",Furniture > Baby & Toddler Furniture > Changing Tables,249,Tutti Bambini,103277,Furniture > Baby & Toddler Furniture > Changing Tables,Furniture > Baby & Toddler Furniture > Changing Tables,https://cdn.shopify.com/s/files/1/0892/1923/6165/files/5Hallee-Chest-Sage-GoldenOak.jpg?v=1771350075,£,249,249,https://www.tuttibambini.com/products/hallee-chest-changer-golden-oak-sage,,,£249.00,,Tutti Bambini,in_stock,,,,,,Nursery Furniture Piece
https://www.awin1.com/cread.php?awinmid=103277&awinaffid=2771700&ued=https%3A%2F%2Fwww.tuttibambini.com%2Fproducts%2Fhallee-chest-changer-golden-oak-sage-weave,Hallee Chest Changer - Golden Oak/Sage Weave - Golden Oak / Sage Weave,56983363813701,211400/GOSW,https://cdn.shopify.com/s/files/1/0892/1923/6165/files/HalleeChest_Sage_Weave_01.jpg?v=1771350825,"A timeless nursery essential designed for both beauty and function, the Hallee Chest with Removable Changer is a versatile piece that adapts as your family grows. The removable changer sits neatly on top, featuring practical compartments to keep changing essentials close at hand, making everyday routines simpler and more organised. Once no longer needed, the changer can be removed to reveal a stylish chest of drawers that transitions effortlessly beyond the nursery years. With spacious drawers for clothing and essentials, and sturdy, gently angled legs for a refined finish, the Hallee Chest is designed to offer lasting style, storage, and practicality for years to come.",Furniture > Baby & Toddler Furniture > Changing Tables,249,Tutti Bambini,103277,Furniture > Baby & Toddler Furniture > Changing Tables,Furniture > Baby & Toddler Furniture > Changing Tables,https://cdn.shopify.com/s/files/1/0892/1923/6165/files/HalleeChest_Sage_Weave_01.jpg?v=1771350825,£,249,249,https://www.tuttibambini.com/products/hallee-chest-changer-golden-oak-sage-weave,,,£249.00,,Tutti Bambini,in_stock,,,,,,Nursery Furniture Piece
https://www.awin1.com/cread.php?awinmid=103277&awinaffid=2771700&ued=https%3A%2F%2Fwww.tuttibambini.com%2Fproducts%2Fmisha-hallee-2-piece-room-set-mushroom-golden-oak,Misha & Hallee 2 Piece Room Set - Mushroom / Golden oak,57180503114053,023RS1/MUS/GOMUS,https://cdn.shopify.com/s/files/1/0892/1923/6165/files/MishaCot_Mushroom_Golden_Oak_01.jpg?v=1771406687,"The Misha & Hallee 2 Piece Room Set blends timeless design with everyday practicality, creating a calm and stylish nursery space. Featuring the versatile Misha Cot Bed and the Hallee Chest with removable changer, this coordinated set offers a seamless balance of comfort, storage, and long-lasting appeal in soft Mushroom tones with warm Golden Oak accents. Designed to grow with your child, the Misha Cot Bed converts from cot to toddler bed and then into a sofa bed, while the Hallee Chest provides organised storage with a removable changing top that transitions into a sleek chest of drawers. Together, they deliver enduring functionality and refined style for years to come.",Furniture > Baby & Toddler Furniture > Baby & Toddler Furniture Sets,448,Tutti Bambini,103277,Furniture > Baby & Toddler Furniture > Baby & Toddler Furniture Sets,Furniture > Baby & Toddler Furniture > Baby & Toddler Furniture Sets,https://cdn.shopify.com/s/files/1/0892/1923/6165/files/MishaCot_Mushroom_Golden_Oak_01.jpg?v=1771406687,£,448,448,https://www.tuttibambini.com/products/misha-hallee-2-piece-room-set-mushroom-golden-oak,,,£448.00,,Tutti Bambini,in_stock,,,,,,Nursery Furniture Pair
https://www.awin1.com/cread.php?awinmid=103277&awinaffid=2771700&ued=https%3A%2F%2Fwww.tuttibambini.com%2Fproducts%2Fmisha-hallee-2-piece-room-set-sage-golden-oak,Misha & Hallee 2 Piece Room Set - Sage / Golden oak,57180730982725,023RS1/SAG/GOSAG,https://cdn.shopify.com/s/files/1/0892/1923/6165/files/MishaCot_Sage_Golden_Oak_Lifestyle_02_229f8451-325e-4f53-a9dd-79ec8292beae.jpg?v=1771409745,"The Misha & Hallee 2 Piece Room Set blends timeless design with everyday practicality, creating a calm and stylish nursery space. Featuring the versatile Misha Cot Bed and the Hallee Chest with removable changer, this coordinated set offers a seamless balance of comfort, storage, and long-lasting appeal in soft Sage tones with warm Golden Oak accents. Designed to grow with your child, the Misha Cot Bed converts from cot to toddler bed and then into a sofa bed, while the Hallee Chest provides organised storage with a removable changing top that transitions into a sleek chest of drawers. Together, they deliver enduring functionality and refined style for years to come.",Furniture > Baby & Toddler Furniture > Baby & Toddler Furniture Sets,448,Tutti Bambini,103277,Furniture > Baby & Toddler Furniture > Baby & Toddler Furniture Sets,Furniture > Baby & Toddler Furniture > Baby & Toddler Furniture Sets,https://cdn.shopify.com/s/files/1/0892/1923/6165/files/MishaCot_Sage_Golden_Oak_Lifestyle_02_229f8451-325e-4f53-a9dd-79ec8292beae.jpg?v=1771409745,£,448,448,https://www.tuttibambini.com/products/misha-hallee-2-piece-room-set-sage-golden-oak,,,£448.00,,Tutti Bambini,in_stock,,,,,,Nursery Furniture Pair